episode,timestep,episode_reward,episode_length,visited_rooms,explored_pct
1,182,154.3975,182,1,48.44
2,648,157.5628,466,2,49.02
3,845,2.1488,197,1,29.39
4,908,13.0569,63,1,41.6
5,1031,66.9709,123,1,42.09
6,1089,-25.1925,58,1,26.66
7,1108,-18.5346,19,1,35.64
8,1139,4.0819,31,1,35.64
9,1259,19.8017,120,1,42.19
10,1286,-19.3254,27,1,17.09
11,1313,-19.4521,27,1,17.48
12,1432,-17.0689,119,1,28.61
13,1480,-16.0644,48,1,18.46
14,1531,-31.4121,51,1,24.9
15,1619,1.734,88,1,35.94
16,1650,-1.6667,31,1,37.5
17,1704,-16.5029,54,1,36.82
18,1774,25.6603,70,1,49.8
19,1988,212.4082,214,2,49.9
20,2165,143.4204,177,2,46.68
21,2190,-12.9776,25,1,18.75
22,2224,-32.24,34,1,25.2
23,2349,-6.9887,125,1,42.38
24,2556,132.7844,207,2,50.98
25,2580,-13.0865,24,1,18.55
26,2670,-39.7932,90,1,26.17
27,2946,177.6461,276,2,63.96
28,3108,101.2858,162,2,48.24
29,3205,128.0873,97,1,49.02
30,3515,92.1429,310,1,34.86
31,3632,105.4109,117,1,47.27
32,3812,91.1652,180,2,49.51
33,3836,-12.907,24,1,36.13
34,3989,62.9727,153,1,49.32
35,4051,-5.0649,62,1,39.36
36,4231,161.8916,180,1,54.2
37,4293,42.6272,62,1,39.94
38,4355,19.8961,62,1,21.19
39,4407,19.6206,52,1,43.07
40,4868,304.572,461,2,79.59
41,4960,-9.4027,92,1,19.04
42,5214,186.6414,254,3,55.86
43,5471,152.5438,257,1,57.32
44,5518,-1.4242,47,1,41.7
45,5626,-10.5068,108,1,28.42
46,5698,-5.8763,72,1,39.45
47,5776,17.3837,78,1,41.6
48,5901,35.5622,125,1,45.61
49,5988,-7.1644,87,1,39.94
50,6231,154.3204,243,2,52.44
51,6466,127.2526,235,1,54.0
52,6493,10.9131,27,1,20.8
53,6553,51.1541,60,2,46.29
54,6642,-13.2004,89,1,26.27
55,6717,-13.0094,75,1,37.4
56,6770,-9.8932,53,1,35.84
57,6799,-24.4066,29,1,32.62
58,7054,256.5429,255,2,66.31
59,7181,53.2132,127,1,43.55
60,7323,31.7788,142,1,30.66
61,7434,-4.6061,111,1,26.66
62,7504,6.3524,70,1,20.51
63,7541,-2.5219,37,1,18.75
64,7758,135.7835,217,1,37.79
65,8103,352.0712,345,2,72.46
66,8265,51.4034,162,1,47.17
67,8436,129.0716,171,1,29.1
68,8462,7.8119,26,1,20.7
69,8503,-15.0904,41,1,34.08
70,8683,126.7292,180,1,53.42
71,8796,121.5408,113,1,53.81
72,8924,71.1755,128,1,23.54
73,9056,-40.3582,132,1,27.25
74,9170,110.7761,114,1,56.64
75,9203,-8.8646,33,1,34.28
76,9341,88.8198,138,1,46.58
77,9518,8.5585,177,1,43.75
78,9563,-1.2992,45,1,36.13
79,9668,-4.292,105,1,19.34
80,9768,70.5928,100,1,52.54
81,9809,-29.957,41,1,26.37
82,9869,-34.6836,60,1,26.27
83,10419,81.0249,550,2,48.63
84,10584,2.9274,165,1,42.87
85,10604,-24.445,20,1,16.7
86,10952,220.3485,348,2,69.14
87,11196,49.7276,244,2,46.58
88,11392,277.5813,196,2,68.16
89,11463,27.2626,71,1,43.55
90,11552,6.936,89,1,42.48
91,11792,130.9383,240,1,48.14
92,11945,183.0663,153,1,58.98
93,11995,-19.1258,50,1,25.68
94,12022,4.756,27,1,35.55
95,12103,-22.2075,81,1,18.26
96,12183,-10.6554,80,1,41.21
97,12233,11.2536,50,1,43.16
98,12276,23.5721,43,1,39.36
99,12339,38.632,63,2,46.39
100,12413,-3.3971,74,1,42.58
101,12679,346.4078,266,2,72.56
102,12772,-1.1752,93,1,45.31
103,12873,158.3377,101,2,50.2
104,12931,15.4194,58,1,19.43
105,13023,-12.3558,92,1,39.36
106,13115,-6.0416,92,1,28.03
107,13200,-16.7974,85,1,37.01
108,13445,168.2859,245,1,39.55
109,13483,-14.4547,38,1,40.72
110,13589,-9.1601,106,1,27.25
111,13670,-35.7005,81,1,25.59
112,13724,42.7048,54,1,45.61
113,13999,119.7447,275,1,42.29
114,14103,-3.778,104,1,42.38
115,14206,97.6945,103,1,43.85
116,14232,-6.8909,26,1,17.38
117,14309,-18.6024,77,1,18.85
118,14346,-20.5423,37,1,36.62
119,14440,45.4496,94,1,42.48
120,14882,502.8241,442,3,78.12
121,14919,-20.4266,37,1,25.29
122,14970,1.9212,51,1,18.95
123,15049,57.9546,79,1,43.65
124,15136,-2.4131,87,1,19.73
125,15336,198.7472,200,2,34.77
126,15368,-22.7636,32,1,16.21
127,15483,119.1077,115,1,49.32
128,15523,-11.8535,40,1,37.89
129,15563,-1.1886,40,1,39.94
130,15706,199.159,143,2,64.94
131,15762,-23.5495,56,1,17.68
132,15834,75.6788,72,1,50.29
133,15980,220.3413,146,2,66.8
134,16076,105.1274,96,1,53.42
135,16633,81.8958,557,2,59.67
136,16814,256.257,181,2,49.9
137,17089,225.4352,275,2,70.7
138,17139,-16.8496,50,1,18.26
139,17166,-5.1509,27,1,43.85
140,17270,-9.5443,104,1,27.05
141,17533,252.7396,263,2,66.99
142,17760,290.8027,227,2,57.23
143,18299,261.9609,539,2,65.23
144,18404,35.0771,105,1,39.36
145,18436,21.586,32,1,20.41
146,18822,200.4511,386,2,68.46
147,18860,-15.6197,38,1,33.69
148,19460,388.7661,600,3,79.49
149,20060,542.2994,600,4,92.97
150,20190,-26.8889,130,1,37.89
151,20387,286.3889,197,2,50.59
152,20793,207.1159,406,1,50.2
153,21319,354.754,526,3,73.14
154,21408,63.9681,89,1,32.23
155,21502,40.693,94,1,36.43
156,22102,308.3521,600,2,72.66
157,22355,160.5423,253,2,49.51
158,22396,41.5896,41,1,47.46
159,22562,223.6779,166,2,54.98
160,22647,73.8664,85,1,25.29
161,23247,670.8829,600,4,96.0
162,23287,27.2827,40,1,44.53
163,23382,-1.5704,95,1,39.75
164,23410,28.1312,28,1,23.83
165,23445,-17.3501,35,1,33.59
166,24004,437.4265,559,3,83.11
167,24103,126.7627,99,2,57.13
168,24703,525.6586,600,2,79.3
169,25303,634.3496,600,4,94.34
170,25356,-13.3187,53,1,18.36
171,25457,90.2763,101,1,50.1
172,25511,80.7488,54,1,51.17
173,26049,481.028,538,4,85.84
174,26131,58.507,82,1,43.95
175,26256,185.1673,125,2,71.58
176,26292,30.8497,36,1,47.75
177,26620,166.1509,328,3,52.25
178,27220,318.6663,600,2,69.24
179,27820,560.6317,600,4,87.6
180,27867,-21.3677,47,1,35.94
181,28402,449.4772,535,4,85.16
182,29002,510.8314,600,4,84.86
183,29079,17.6633,77,1,37.5
184,29169,93.4023,90,1,25.98
185,29295,123.0093,126,2,51.86
186,29895,532.6724,600,4,84.67
187,29983,149.0383,88,2,54.0
188,30583,353.6026,600,2,76.66
189,30607,8.0856,24,1,21.48
190,31207,330.6788,600,3,77.34
191,31588,350.934,381,2,74.51
192,32188,348.3709,600,3,78.81
193,32348,221.9545,160,2,50.98
194,32948,582.3098,600,4,84.18
195,32975,-9.9918,27,1,19.63
196,33005,-11.7004,30,1,16.7
197,33605,430.1942,600,4,85.16
198,34205,468.4678,600,3,83.2
199,34454,380.6181,249,3,83.01
200,34679,273.3187,225,2,70.02
201,35279,528.8301,600,4,86.43
202,35347,137.4499,68,2,54.0
203,35366,-18.1255,19,1,17.38
204,35966,493.817,600,4,83.89
205,36117,136.4596,151,1,49.41
206,36345,310.8939,228,2,57.81
207,36657,436.2287,312,3,76.56
208,37188,488.8463,531,3,84.96
209,37788,482.0911,600,5,87.4
210,37815,-9.9389,27,1,17.29
211,38053,351.5982,238,3,76.27
212,38653,475.6976,600,4,83.4
213,38947,290.7004,294,2,55.08
214,39547,225.4697,600,3,58.01
215,39719,131.1491,172,2,47.36
216,39749,16.4539,30,1,20.51
217,39821,84.1382,72,1,48.63
218,39903,98.3008,82,2,53.61
219,39962,57.1704,59,2,43.26
220,39997,-16.3435,35,1,18.85
221,40087,101.2012,90,2,55.57
222,40256,153.6719,169,3,51.37
223,40345,106.3994,89,1,63.67
224,40439,44.4863,94,1,47.56
225,40525,86.4457,86,1,37.01
226,40792,111.2558,267,3,50.88
227,40962,198.8329,170,1,55.37
228,41246,172.4067,284,2,56.35
229,41450,153.6767,204,2,57.13
230,41533,72.3734,83,1,34.18
231,41556,-3.4899,23,1,18.36
232,41735,123.099,179,3,51.37
233,41947,308.9669,212,2,71.88
234,41973,0.9344,26,1,38.48
235,42272,389.6041,299,2,62.11
236,42418,122.7357,146,1,50.49
237,42616,226.3954,198,2,62.99
238,42741,92.5188,125,1,26.07
239,42862,123.3406,121,2,55.18
240,42971,167.6922,109,1,44.14
241,43017,-17.6468,46,1,35.84
242,43331,257.5658,314,3,69.53
243,43403,13.3892,72,1,35.74
244,43432,18.9246,29,1,20.02
245,43549,108.2594,117,1,60.74
246,43791,149.7683,242,2,55.96
247,43812,-10.1174,21,1,40.82
248,43860,10.4476,48,1,38.57
249,43885,20.0437,25,1,46.88
250,44010,80.1713,125,2,44.43
251,44107,160.373,97,1,54.98
252,44214,73.9494,107,1,44.82
253,44419,53.1349,205,1,46.19
254,44525,138.0783,106,1,41.7
255,44983,279.9163,458,2,68.55
256,45106,130.9302,123,2,49.9
257,45124,-0.235,18,1,42.68
258,45205,57.1441,81,1,23.44
259,45233,7.2546,28,1,39.75
260,45313,14.5424,80,1,29.79
261,45381,-15.9105,68,1,19.53
262,45474,16.2815,93,1,36.91
263,45576,123.3128,102,1,54.98
264,45639,42.1151,63,1,45.41
265,45683,41.8108,44,1,21.68
266,45814,41.6333,131,1,30.08
267,45859,9.068,45,1,18.85
268,45883,-14.4482,24,1,39.36
269,45913,10.2432,30,1,19.73
270,45960,50.4167,47,1,43.26
271,46021,3.5223,61,1,40.62
272,46056,71.6381,35,2,55.08
273,46092,2.7522,36,1,33.69
274,46172,-28.6157,80,1,41.31
275,46219,-9.754,47,1,18.36
276,46243,19.9637,24,1,20.61
277,46310,-33.9406,67,1,25.2
278,46341,12.677,31,1,39.84
279,46632,132.5201,291,2,64.06
280,46661,-10.926,29,1,40.92
281,46695,0.1475,34,1,19.04
282,46776,5.0003,81,1,27.93
283,46838,63.2496,62,1,48.24
284,46869,-2.4289,31,1,20.02
285,46898,-1.8029,29,1,34.67
286,46946,5.696,48,1,19.82
287,47083,53.5726,137,1,44.34
288,47301,139.6937,218,3,52.64
289,47477,153.7791,176,2,53.71
290,47532,-15.6924,55,1,27.54
291,47590,33.5882,58,1,21.09
292,47616,4.8129,26,1,41.21
293,47700,15.8529,84,1,37.99
294,47831,51.5375,131,2,48.24
295,47888,65.0851,57,1,45.7
296,47919,19.2254,31,1,20.7
297,47954,-9.6012,35,1,17.58
298,48030,88.9667,76,1,47.95
299,48133,90.8315,103,1,49.71
300,48259,110.6399,126,1,52.44
301,48292,-16.4772,33,1,26.56
302,48352,28.9422,60,1,39.26
303,48423,18.0045,71,1,29.49
304,48436,-11.7105,13,1,42.29
305,48495,-9.0829,59,1,18.16
306,48523,20.3322,28,1,22.66
307,48651,83.9597,128,1,46.09
308,48695,9.1317,44,1,28.32
309,48850,70.5204,155,1,48.63
310,48867,2.5114,17,1,21.48
311,48930,23.4878,63,2,44.92
312,48964,-7.9393,34,1,38.18
313,49005,36.5806,41,1,45.61
314,49057,59.2224,52,1,50.98
315,49123,0.5474,66,1,26.37
316,49146,-3.753,23,1,43.55
317,49223,-8.6334,77,1,27.15
318,49256,-7.8175,33,1,27.25
319,49353,91.9269,97,1,46.68
320,49365,-26.6633,12,1,31.93
321,49436,-9.0739,71,1,40.72
322,49501,-14.2526,65,1,27.44
323,49580,87.0376,79,1,34.86
324,49596,-0.1822,16,1,43.07
325,49716,97.096,120,1,57.23
326,49824,83.8903,108,1,49.02
327,49890,19.8001,66,1,42.19
328,49934,39.0713,44,1,43.85
329,49974,-26.7057,40,1,25.59
330,50058,6.4603,84,1,28.81
331,50107,-24.0604,49,1,38.48
332,50209,69.3769,102,1,32.03
333,50251,53.3815,42,1,26.27
334,50308,39.7525,57,1,30.57
335,50398,88.7209,90,1,54.1
336,50509,53.2353,111,1,47.17
337,50581,78.8395,72,1,45.31
338,50600,-4.7073,19,1,18.36
339,50613,-2.4586,13,1,41.11
340,50695,73.2561,82,1,44.92
341,50803,69.7433,108,1,55.08
342,50840,18.2901,37,1,41.7
343,50865,-19.2431,25,1,36.72
344,50923,-29.6056,58,1,25.88
345,50959,24.7246,36,1,41.8
346,51039,34.994,80,2,45.61
347,51167,117.7655,128,2,45.02
348,51207,26.9873,40,1,22.36
349,51249,48.6846,42,1,41.8
350,51277,13.573,28,1,39.84
351,51386,38.2744,109,1,48.14
352,51418,-0.7439,32,1,21.68
353,51459,-15.216,41,1,18.85
354,51472,-8.8952,13,1,42.68
355,51502,4.0109,30,1,19.82
356,51604,98.0125,102,1,52.64
357,51671,43.9561,67,1,31.15
358,51717,48.0218,46,1,49.9
359,51736,5.4401,19,1,21.19
360,51807,11.3295,71,1,37.01
361,51927,92.0987,120,1,50.88
362,51967,3.7584,40,1,19.43
363,52084,190.4328,117,2,61.23
364,52149,-8.2454,65,1,26.27
365,52224,81.5781,75,1,45.02
366,52270,21.3351,46,1,38.96
367,52377,88.6192,107,1,45.9
368,52410,-1.4437,33,1,26.27
369,52478,73.5638,68,1,50.1
370,52590,122.3778,112,3,52.44
371,52688,75.7455,98,1,46.68
372,52741,48.2311,53,1,40.33
373,52794,37.9357,53,1,43.36
374,52833,36.91,39,1,44.04
375,52894,1.9635,61,1,37.21
376,52946,-5.8857,52,1,18.95
377,53007,-34.4191,61,1,25.78
378,53088,26.3625,81,1,41.41
379,53191,12.4248,103,1,27.64
380,53307,135.1638,116,2,51.07
381,53376,42.4255,69,1,40.53
382,53408,18.4944,32,1,40.23
383,53459,43.9283,51,1,47.95
384,53522,9.1302,63,1,28.52
385,53550,16.6186,28,1,41.21
386,53576,35.7922,26,2,43.85
387,53640,-5.0887,64,1,27.15
388,53673,6.4109,33,1,35.35
389,53703,0.3106,30,1,37.99
390,53759,25.5877,56,1,42.87
391,53824,96.2509,65,1,50.0
392,53843,-15.8964,19,1,34.86
393,53863,-10.607,20,1,18.75
394,53948,120.5365,85,2,46.09
395,54052,72.1681,104,1,44.34
396,54088,-6.115,36,1,28.12
397,54140,32.5052,52,1,42.48
398,54230,-4.2102,90,1,19.24
399,54288,-2.0845,58,1,33.98
400,54435,177.0946,147,2,56.74
401,54529,53.9824,94,1,44.34
402,54543,-21.4746,14,1,36.13
403,54590,40.4803,47,1,22.46
404,54643,-21.8192,53,1,26.56
405,54727,-28.183,84,1,42.48
406,54769,32.2114,42,1,20.9
407,54796,-4.3192,27,1,19.04
408,54900,31.8173,104,1,21.58
409,54987,82.218,87,1,50.1
410,55057,15.5654,70,1,39.16
411,55097,41.9797,40,1,21.39
412,55138,18.1422,41,1,43.75
413,55161,14.3454,23,1,37.79
414,55201,-18.9281,40,1,18.26
415,55250,58.1519,49,1,34.57
416,55307,86.2476,57,1,53.22
417,55355,-0.7462,48,1,26.95
418,55363,-23.2695,8,1,35.84
419,55388,-0.9823,25,1,40.23
420,55442,38.2677,54,1,29.98
421,55481,-15.0123,39,1,34.47
422,55574,30.0933,93,1,42.09
423,55605,19.3711,31,1,40.33
424,55646,-2.6739,41,1,28.12
425,55671,1.4216,25,1,41.11
426,55762,1.2609,91,1,40.92
427,55887,39.2426,125,1,45.9
428,55954,42.4859,67,1,44.63
429,56003,77.3346,49,1,57.13
430,56125,105.4727,122,2,47.17
431,56295,36.0733,170,2,47.66
432,56351,11.7818,56,1,42.38
433,56361,-20.7315,10,1,18.55
434,56456,48.8981,95,2,45.8
435,56501,32.5562,45,1,46.0
436,56555,55.7894,54,1,35.16
437,56615,34.1218,60,1,43.95
438,56662,30.1083,47,1,31.25
439,56772,-33.8034,110,1,18.16
440,56810,-19.936,38,1,26.66
441,56857,-8.3427,47,1,33.5
442,56893,25.3434,36,1,42.38
443,56980,19.5865,87,1,41.5
444,57015,21.4544,35,1,44.92
445,57053,-29.3384,38,1,25.39
446,57116,-12.1105,63,1,36.52
447,57179,89.9096,63,1,53.42
448,57249,113.4112,70,1,53.52
449,57299,-13.8455,50,1,35.45
450,57348,17.2697,49,1,36.62
451,57385,43.3292,37,1,44.24
452,57440,29.1736,55,1,31.35
453,57622,165.1571,182,2,51.46
454,57705,-32.5239,83,1,37.6
455,57740,27.187,35,1,40.92
456,57770,7.5183,30,1,34.18
457,57808,-8.2744,38,1,26.07
458,57919,124.8325,111,2,48.14
459,57973,38.1346,54,1,28.61
460,58043,93.2319,70,1,52.93
461,58162,143.4042,119,2,51.86
462,58209,68.8482,47,1,26.27
463,58241,9.4038,32,1,40.43
464,58261,-6.8353,20,1,41.99
465,58325,66.4885,64,1,57.23
466,58381,6.7354,56,1,38.57
467,58425,-12.0087,44,1,27.15
468,58484,36.4465,59,1,43.75
469,58520,18.6476,36,1,42.48
470,58577,-38.0403,57,1,26.86
471,58637,30.9445,60,1,41.7
472,58689,32.0953,52,1,43.75
473,58800,131.4297,111,2,51.86
474,58816,-27.4599,16,1,35.06
475,58875,-11.9603,59,1,18.26
476,58924,-10.2057,49,1,25.88
477,58963,-8.5322,39,1,28.12
478,58983,-3.5721,20,1,36.23
479,59013,-1.7311,30,1,40.23
480,59052,42.168,39,1,45.12
481,59097,2.7845,45,1,35.16
482,59185,93.619,88,2,48.54
483,59212,13.5318,27,1,41.5
484,59250,12.1048,38,1,20.61
485,59328,108.0233,78,1,54.59
486,59400,33.4283,72,1,41.5
487,59505,208.8873,105,2,65.92
488,59547,45.0953,42,1,47.46
489,59607,37.2434,60,1,44.92
490,59641,10.4436,34,1,41.5
491,59687,48.0354,46,1,47.95
492,59799,71.5122,112,1,49.22
493,59859,-42.1919,60,1,25.59
494,59879,30.7704,20,2,43.75
495,59974,51.8901,95,1,45.7
496,60026,2.081,52,1,27.25
497,60090,-33.4803,64,1,25.49
498,60152,45.8754,62,1,43.46
499,60205,52.0119,53,1,41.31
500,60253,-12.3467,48,1,27.64
501,60374,48.7167,121,1,21.97
502,60413,12.3844,39,1,38.09
503,60459,91.3208,46,2,58.01
504,60566,-14.1322,107,1,27.64
505,60645,92.8648,79,1,50.98
506,60656,-14.2779,11,1,42.09
507,60858,307.0193,202,3,68.07
508,60906,-44.3746,48,1,24.9
509,60931,-25.5865,25,1,16.41
510,60954,4.127,23,1,18.75
511,60992,3.3986,38,1,36.82
512,61028,-35.9142,36,1,24.8
513,61080,-13.1019,52,1,38.96
514,61298,167.093,218,2,62.21
515,61348,-9.6122,50,1,35.55
516,61368,-3.5275,20,1,41.99
517,61638,250.1105,270,2,69.53
518,61695,-14.3585,57,1,38.96
519,61710,-2.9894,15,1,42.58
520,61796,44.9222,86,1,45.61
521,61832,28.0834,36,1,45.61
522,61962,10.6766,130,1,28.12
523,62003,-12.2048,41,1,37.11
524,62083,2.662,80,1,39.45
525,62263,153.9673,180,2,31.64
526,62291,22.9382,28,1,40.82
527,62367,-1.7273,76,1,40.14
528,62385,5.2192,18,1,20.7
529,62441,55.305,56,1,43.65
530,62470,19.7717,29,1,21.88
531,62535,-12.348,65,1,27.05
532,62708,152.5222,173,2,46.0
533,62739,40.6009,31,1,52.83
534,63009,316.7636,270,2,59.18
535,63032,-3.6936,23,1,20.7
536,63082,29.31,50,1,38.96
537,63149,-7.0464,67,1,27.54
538,63208,-18.1652,59,1,19.04
539,63240,34.6921,32,1,45.8
540,63304,1.0026,64,1,35.74
541,63383,61.7411,79,1,34.96
542,63629,166.8218,246,2,60.74
543,63668,38.3624,39,1,23.54
544,63690,23.42,22,1,46.29
545,63731,-18.4165,41,1,36.23
546,63775,48.2603,44,1,49.12
547,63872,61.9504,97,1,36.62
548,63898,3.3651,26,1,18.46
549,64020,213.0067,122,2,67.68
550,64085,2.781,65,1,41.31
551,64135,25.5727,50,1,35.64
552,64196,76.7221,61,1,43.46
553,64264,57.4481,68,1,31.64
554,64318,37.7676,54,1,45.12
555,64356,-7.8206,38,1,33.11
556,64393,36.7925,37,1,32.42
557,64407,-15.3603,14,1,41.21
558,64455,-24.6925,48,1,25.78
559,64498,-8.8513,43,1,27.15
560,64530,-13.7603,32,1,36.13
561,64561,-29.2199,31,1,25.39
562,64641,38.4641,80,1,39.26
563,64709,94.5226,68,1,55.27
564,64762,44.3509,53,1,43.36
565,64845,90.0567,83,1,44.24
566,65117,111.016,272,2,45.8
567,65320,135.8973,203,2,55.76
568,65419,56.478,99,1,50.0
569,65487,73.4817,68,1,48.54
570,65538,50.105,51,1,44.63
571,65588,-3.4333,50,1,40.43
572,65616,4.6171,28,1,20.21
573,65732,81.7336,116,1,54.69
574,65851,38.9522,119,2,46.88
575,65989,228.5595,138,3,79.49
576,66044,78.7276,55,2,53.32
577,66443,515.4833,399,3,74.51
578,66770,434.0163,327,2,64.16
579,66793,-15.5249,23,1,17.97
580,66808,-12.6856,15,1,19.53
581,67020,341.6378,212,3,81.93
582,67186,201.3977,166,2,65.82
583,67337,79.7107,151,1,31.64
584,67519,277.6712,182,2,69.73
585,67577,64.8902,58,1,47.07
586,67678,12.4423,101,1,42.77
587,67784,67.1487,106,1,22.85
588,67990,175.2536,206,2,65.04
589,68275,162.3037,285,2,55.47
590,68542,322.6155,267,3,48.73
591,68589,86.0251,47,2,59.38
592,68732,52.0775,143,1,44.24
593,68753,8.3602,21,1,42.87
594,69021,296.5346,268,2,48.24
595,69240,276.8069,219,2,73.93
596,69476,315.245,236,3,77.44
597,69569,161.9963,93,2,64.06
598,69766,171.2542,197,2,64.36
599,69825,92.6019,59,1,28.03
600,69848,13.7217,23,1,44.53
601,70035,225.45,187,2,66.11
602,70635,506.9171,600,3,70.12
603,70682,71.5608,47,1,54.1
604,70931,376.5588,249,3,49.71
605,71041,-7.409,110,1,39.55
606,71140,81.0419,99,1,35.16
607,71207,-5.1339,67,1,39.16
608,71314,84.5718,107,1,45.51
609,71617,387.5136,303,4,79.39
610,71677,46.7859,60,1,40.92
611,71968,348.2294,291,3,67.38
612,72193,278.0073,225,2,48.83
613,72443,342.9619,250,3,79.39
614,72589,226.3734,146,2,72.85
615,72636,57.2781,47,2,43.36
616,72761,145.1145,125,2,56.45
617,73077,537.9057,316,3,80.57
618,73245,204.9693,168,2,71.29
619,73670,454.3528,425,2,63.96
620,73903,177.5564,233,2,63.18
621,74171,383.801,268,3,68.55
622,74306,44.6947,135,2,44.82
623,74871,176.3922,565,3,81.45
624,75156,308.7132,285,2,48.44
625,75307,274.3904,151,3,76.17
626,75907,294.7516,600,3,84.67
627,75956,22.7838,49,1,20.31
628,76023,76.6265,67,1,55.27
629,76082,31.9244,59,1,21.09
630,76588,202.7673,506,3,54.0
631,76761,294.0663,173,3,83.11
632,76943,433.7991,182,4,82.32
633,77006,61.3392,63,1,26.27
634,77401,345.9582,395,2,63.77
635,77596,273.0791,195,2,48.34
636,77925,377.0443,329,4,85.06
637,78181,263.4467,256,2,48.83
638,78371,240.2937,190,2,48.24
639,78381,-14.4723,10,1,38.48
640,78539,222.7749,158,2,48.05
641,78633,166.0802,94,2,66.11
642,78824,389.0478,191,4,82.42
643,78903,156.3375,79,1,64.94
644,79226,258.7537,323,4,82.03
645,79472,397.7581,246,4,81.64
646,79640,237.4907,168,2,67.77
647,79781,256.1029,141,3,76.37
648,80018,285.7417,237,2,49.12
649,80125,207.4053,107,2,57.42
650,80392,386.5571,267,4,79.79
651,80552,97.1786,160,2,49.22
652,80605,20.7614,53,1,44.14
653,80823,200.4584,218,2,67.87
654,80879,23.8539,56,1,22.36
655,81479,257.519,600,3,81.05
656,81489,-14.3352,10,1,40.53
657,81653,236.5488,164,3,81.25
658,82253,256.4965,600,3,83.89
659,82326,137.3689,73,2,64.16
660,82484,166.1177,158,2,67.09
661,82531,107.277,47,2,51.17
662,82820,414.4992,289,4,86.33
663,82877,36.2912,57,1,35.06
664,83014,314.0102,137,3,77.05
665,83614,48.5,600,2,52.64
666,84214,223.1568,600,2,48.34
667,84323,247.1236,109,3,74.32
668,84624,207.8691,301,3,55.08
669,84679,121.409,55,2,51.17
670,85054,399.879,375,4,79.98
671,85332,319.6882,278,4,83.2
672,85549,293.1038,217,3,83.5
673,85873,254.9797,324,2,49.12
674,85906,22.1665,33,1,43.07
675,86101,266.3163,195,4,83.4
676,86253,263.9803,152,3,74.41
677,86272,-9.3216,19,1,38.28
678,86872,80.4,600,2,50.98
679,87388,252.576,516,3,74.8
680,87665,276.3548,277,3,75.49
681,87752,220.0113,87,3,73.05
682,87807,118.3016,55,2,51.27
683,88407,247.6354,600,3,54.39
684,89007,400.841,600,3,79.69
685,89404,126.5882,397,2,68.36
686,89535,190.0365,131,2,76.07
687,90057,196.4945,522,2,48.05
688,90553,200.1658,496,2,46.48
689,90671,209.0204,118,2,55.27
690,91271,299.8414,600,3,53.61
691,91438,356.2868,167,4,80.37
692,91480,70.0161,42,1,63.48
693,91607,220.1528,127,2,54.1
694,91704,200.5522,97,3,73.05
695,91714,-20.4765,10,1,39.55
696,91899,195.1368,185,2,71.78
697,91958,129.4856,59,2,64.75
698,92040,125.9745,82,1,61.91
699,92640,194.9454,600,2,70.51
700,92701,34.4341,61,1,22.17
701,92792,56.1232,91,1,42.48
702,92967,275.463,175,2,57.32
703,93567,134.6393,600,2,54.1
704,93687,214.519,120,2,55.57
705,93901,368.5851,214,3,73.73
706,93970,149.3234,69,2,65.62
707,94053,113.088,83,1,63.67
708,94653,299.2046,600,3,52.54
709,95020,347.198,367,3,72.27
710,95620,385.2877,600,3,81.25
711,95750,230.4802,130,2,55.08
712,95859,197.9418,109,2,70.21
713,96239,118.6545,380,2,57.52
714,96308,141.3339,69,2,65.23
715,96384,146.9884,76,2,60.35
716,96438,83.68,54,1,62.3
717,96569,180.872,131,2,52.25
718,96678,183.3506,109,1,64.75
719,97278,344.8911,600,3,78.91
720,97396,221.6758,118,2,55.57
721,97442,45.371,46,1,44.24
722,97790,497.3179,348,4,73.93
723,97805,-6.496,15,1,38.67
724,97899,190.4155,94,2,64.65
725,97972,153.287,73,2,53.91
726,98173,303.4499,201,3,50.39
727,98773,311.5948,600,3,53.42
728,98865,146.7583,92,1,32.81
729,99465,316.1032,600,3,53.03
730,99536,144.1212,71,2,54.2
731,100136,123.9215,600,2,70.51
732,100311,245.6519,175,2,79.49
733,100449,293.2567,138,3,51.37
734,100499,48.9218,50,1,22.07
735,100645,220.9943,146,3,76.37
736,101002,561.2,357,4,76.27
737,101427,273.5592,425,3,50.78
738,101445,2.03,18,1,42.58
739,101540,157.8818,95,1,62.3
740,101679,282.9861,139,3,78.32
741,101745,134.2639,66,2,54.3
742,102200,523.6337,455,4,78.81
743,102228,22.8211,28,1,20.8
744,102244,6.0931,16,1,38.57
745,102371,96.2265,127,2,57.13
746,102461,199.9065,90,2,52.15
747,102540,158.8293,79,2,54.69
748,102858,285.8248,318,3,83.69
749,103442,543.2119,584,5,84.86
750,103586,218.129,144,2,71.48
751,104037,155.1618,451,2,74.12
752,104336,239.3962,299,3,74.8
753,104549,278.0771,213,2,71.0
754,104679,286.8614,130,3,73.83
755,104936,275.4574,257,3,70.9
756,105029,212.1315,93,2,51.46
757,105039,-11.3524,10,1,40.53
758,105351,558.0975,312,4,73.24
759,105421,143.392,70,2,54.88
760,105673,397.2719,252,3,52.64
761,105795,217.2033,122,2,71.0
762,106113,504.9833,318,4,71.29
763,106438,384.2461,325,3,77.25
764,106466,32.2332,28,1,52.34
765,106589,240.1663,123,2,68.46
766,107189,263.9806,600,2,81.54
767,107270,140.7263,81,1,64.45
768,107288,11.9853,18,1,44.53
769,107611,378.1576,323,3,53.61
770,107645,43.1102,34,1,52.15
771,107959,271.9274,314,2,76.86
772,108032,137.1787,73,2,51.86
773,108142,239.3792,110,2,75.88
774,108224,176.2039,82,2,54.59
775,108252,25.1524,28,1,52.83
776,108369,245.5621,117,2,55.08
777,108650,189.7816,281,2,74.12
778,108702,89.7733,52,1,49.61
779,108853,198.8731,151,2,74.22
780,109011,202.4935,158,2,65.72
781,109611,396.6493,600,3,78.12
782,109776,323.2767,165,3,54.79
783,109815,76.9219,39,2,56.35
784,109911,90.7452,96,1,51.66
785,110049,161.4468,138,2,67.97
786,110230,280.8657,181,3,69.04
787,110830,192.8788,600,2,52.64
788,110852,8.8518,22,1,20.21
789,110947,220.0218,95,2,53.52
790,111100,290.831,153,3,76.27
791,111700,456.1407,600,3,80.37
792,111777,49.9042,77,1,21.58
793,111961,342.9208,184,3,78.22
794,112020,114.1351,59,2,50.68
795,112107,190.5944,87,2,51.66
796,112277,112.6402,170,2,55.08
797,112390,236.1031,113,2,56.84
798,112593,113.6364,203,1,66.6
799,112608,-3.0455,15,1,41.6
800,112656,90.3792,48,2,55.66
801,113256,213.5101,600,2,74.22
802,113660,417.5771,404,3,82.52
803,113699,41.2593,39,1,22.46
804,113782,145.1998,83,2,64.94
805,114382,307.8375,600,2,75.59
806,114495,226.2237,113,2,73.63
807,114618,88.5624,123,3,55.08
808,114752,181.0003,134,2,69.82
809,114783,27.8316,31,1,49.51
810,115020,236.7593,237,2,75.68
811,115044,-12.3697,24,1,18.46
812,115638,167.3145,594,2,72.36
813,115790,262.5258,152,2,54.1
814,116390,199.9605,600,2,69.92
815,116638,201.44,248,2,68.07
816,116876,222.4228,238,2,55.27
817,116932,81.3223,56,2,57.23
818,117115,251.3372,183,2,55.86
819,117275,219.0548,160,2,76.27
820,117650,268.7266,375,2,75.98
821,117870,395.294,220,3,78.81
822,117919,116.3166,49,2,50.78
823,118224,171.7815,305,2,50.88
824,118273,74.9785,49,1,47.95
825,118873,190.4388,600,2,71.48
826,118936,121.1635,63,1,50.59
827,119428,158.5267,492,2,68.65
828,119532,99.0291,104,1,49.41
829,119657,274.0914,125,3,70.41
830,119688,4.8522,31,1,19.73
831,119746,132.8819,58,2,50.2
832,119957,218.4628,211,2,68.85
833,120557,171.3251,600,2,72.66
834,121157,184.4,600,2,72.46
835,121268,176.9417,111,1,67.09
836,121593,238.606,325,2,72.75
837,122193,217.682,600,2,69.53
838,122690,169.7086,497,2,73.83
839,122771,191.2146,81,2,51.86
840,123371,337.8327,600,4,88.28
841,123540,305.6006,169,3,73.14
842,123655,209.375,115,2,51.66
843,124018,351.0314,363,3,76.27
844,124241,200.6171,223,2,54.88
845,124513,262.7713,272,2,47.17
846,124810,141.3696,297,2,71.09
847,125041,407.172,231,3,82.03
848,125187,316.3387,146,3,78.81
849,125247,97.8162,60,1,50.1
850,125449,418.3549,202,4,93.16
851,125683,311.4613,234,3,79.79
852,125800,245.1597,117,3,77.44
853,125829,35.0913,29,1,52.83
854,126018,345.8915,189,3,77.64
855,126176,401.8494,158,4,82.23
856,126706,350.8441,530,4,82.71
857,126958,422.4109,252,3,90.92
858,127045,191.2931,87,2,72.36
859,127290,308.9324,245,2,52.15
860,127311,-0.4226,21,1,18.26
861,127380,79.0825,69,1,38.48
862,127404,8.5247,24,1,21.09
863,127427,-9.6308,23,1,18.16
864,127573,245.9969,146,2,71.78
865,127608,49.7686,35,1,50.2
866,127696,101.5596,88,1,48.83
867,127982,338.7412,286,3,80.76
868,128121,193.4227,139,2,78.52
869,128232,195.084,111,2,73.83
870,128272,18.5866,40,1,20.31
871,128423,215.1121,151,2,68.65
872,128452,-16.3029,29,1,17.97
873,128726,350.1331,274,4,84.28
874,128944,305.2453,218,3,78.22
875,129158,252.4458,214,2,76.76
876,129470,228.3386,312,2,40.82
877,129818,334.6627,348,3,77.34
878,130218,227.1316,400,2,73.63
879,130251,37.6274,33,1,49.41
880,130749,242.2496,498,2,76.27
881,131349,386.6968,600,2,77.25
882,131455,111.4239,106,1,39.45
883,131796,398.9199,341,4,86.72
884,131961,177.8399,165,2,61.72
885,132012,93.6566,51,2,56.45
886,132122,185.5668,110,2,74.8
887,132247,192.6316,125,2,67.38
888,132847,413.7575,600,4,86.23
889,133447,475.7704,600,4,97.75
890,133469,14.7114,22,1,22.17
891,133772,477.0389,303,4,84.67
892,133801,28.9552,29,1,47.07
893,133827,26.2466,26,1,49.61
894,133870,67.948,43,1,50.0
895,134113,227.5612,243,2,50.2
896,134172,106.6498,59,2,50.39
897,134269,69.3854,97,1,48.34
898,134286,8.9882,17,1,44.92
899,134369,205.529,83,2,70.12
900,134464,154.589,95,2,50.78
901,134559,85.7205,95,1,50.29
902,134622,116.4297,63,1,63.67
903,134831,288.5599,209,2,70.02
904,134856,-6.3928,25,1,19.92
905,134974,99.8798,118,2,58.89
906,135574,270.9765,600,3,73.44
907,136174,302.9765,600,3,73.14
908,136316,179.4335,142,2,50.29
909,136461,272.5681,145,3,78.91
910,136482,20.8914,21,1,52.44
911,136509,32.0331,27,1,48.34
912,136534,5.1425,25,1,20.9
913,136599,83.7401,65,1,57.71
914,136714,224.6396,115,2,77.34
915,136967,277.3427,253,3,79.0
916,136998,34.7814,31,1,46.48
917,137062,20.2498,64,1,21.58
918,137116,108.6214,54,2,53.61
919,137614,180.2929,498,3,75.29
920,137699,136.8313,85,2,53.22
921,138299,358.9347,600,4,83.89
922,138899,194.5754,600,3,76.37
923,138945,46.6757,46,1,53.52
924,139032,200.9888,87,2,69.92
925,139118,207.5076,86,2,67.68
926,139132,-15.9148,14,1,40.92
927,139344,209.7691,212,2,48.14
928,139482,106.3902,138,3,52.73
929,139658,106.4152,176,1,48.05
930,139735,140.4617,77,2,52.25
931,139865,225.9038,130,2,51.27
932,140446,492.3077,581,4,97.66
933,140596,201.1366,150,2,76.95
934,140688,109.5527,92,1,49.61
935,140741,124.7088,53,2,50.59
936,140974,347.0135,233,3,80.76
937,140983,-20.1021,9,1,42.68
938,141583,156.1462,600,2,62.21
939,141771,232.5452,188,2,50.0
940,142244,234.5629,473,2,74.51
941,142348,236.6019,104,3,78.03
942,142428,109.8512,80,1,46.68
943,142450,-6.4483,22,1,17.97
944,142558,126.0657,108,3,52.15
945,143158,163.8807,600,3,73.93
946,143556,-4.5763,398,2,47.46
947,144156,412.1927,600,4,82.91
948,144223,157.317,67,2,53.42
949,144245,-12.4656,22,1,16.8
950,144309,148.0607,64,2,50.88
951,144903,170.0705,594,2,69.04
952,144998,111.2929,95,1,25.2
953,145598,46.9798,600,2,47.17
954,146198,196.8013,600,3,77.34
955,146234,24.3827,36,1,21.39
956,146257,-1.5538,23,1,40.53
957,146809,160.3837,552,3,68.46
958,146891,115.0247,82,1,64.06
959,147034,270.2689,143,2,66.02
960,147240,256.1884,206,2,70.8
961,147840,387.3801,600,4,83.59
962,148440,304.4177,600,4,84.38
963,148588,76.1222,148,1,46.58
964,148930,386.6636,342,4,84.96
965,148946,-6.3528,16,1,41.5
966,149016,159.8402,70,2,53.61
967,149265,367.7552,249,3,74.02
968,149431,230.5336,166,3,76.27
969,150031,352.3726,600,4,87.11
970,150330,227.3029,299,3,77.34
971,150853,270.7245,523,3,74.8
972,150935,176.7248,82,2,50.88
973,151077,270.9325,142,3,82.23
974,151145,159.9712,68,2,53.42
975,151254,223.6284,109,3,52.73
976,151854,427.894,600,4,95.21
977,152454,128.2095,600,2,69.92
978,152541,101.4707,87,2,47.66
979,153141,323.3933,600,3,77.83
980,153183,53.4164,42,1,23.73
981,153511,103.1729,328,2,67.77
982,154111,199.6753,600,3,74.41
983,154224,168.4481,113,2,71.58
984,154295,-21.5357,71,1,17.58
985,154359,47.6809,64,1,22.95
986,154959,408.9034,600,3,90.04
987,155018,77.2347,59,1,56.64
988,155618,288.7265,600,3,90.23
989,155790,264.4365,172,3,78.52
990,155938,228.5421,148,3,74.22
991,155948,-14.2167,10,1,38.28
992,155967,-13.0208,19,1,39.94
993,156140,415.1398,173,4,77.15
994,156338,366.7916,198,3,79.69
995,156515,278.8781,177,4,83.4
996,156565,71.1788,50,1,25.68
997,156898,325.1346,333,3,91.6
998,157041,239.0912,143,2,62.01
999,157183,346.2032,142,3,79.1
1000,157237,66.8439,54,1,53.81
1001,157522,425.3519,285,3,80.96
1002,158122,352.3533,600,4,94.43
1003,158277,217.3564,155,3,75.59
1004,158459,322.498,182,3,82.52
1005,158480,2.4095,21,1,18.75
1006,158950,260.9695,470,3,77.05
1007,159122,345.6376,172,4,85.64
1008,159234,213.808,112,3,52.34
1009,159346,233.8499,112,3,79.88
1010,159409,-0.9762,63,1,21.0
1011,159497,168.4966,88,2,66.8
1012,160097,50.86,600,3,50.49
1013,160118,5.3535,21,1,18.46
1014,160177,23.3352,59,1,22.36
1015,160208,34.8967,31,1,47.66
1016,160808,200.83,600,3,73.05
1017,160924,253.5874,116,3,79.39
1018,161274,371.5834,350,4,92.58
1019,161874,348.4411,600,3,91.41
1020,162469,234.6477,595,3,78.22
1021,162719,330.1275,250,3,81.15
1022,162832,250.4427,113,3,78.91
1023,162960,270.0395,128,3,78.52
1024,163295,357.3456,335,4,80.27
1025,163338,66.8228,43,1,48.54
1026,163657,277.1119,319,3,72.75
1027,164257,401.8838,600,3,81.93
1028,164559,401.0643,302,5,99.22
1029,164695,253.9402,136,3,78.12
1030,165295,279.6219,600,4,84.18
1031,165462,312.8831,167,4,83.01
1032,165682,318.7775,220,3,77.34
1033,166282,234.2406,600,4,83.11
1034,166297,3.1658,15,1,42.48
1035,166383,196.6229,86,2,49.8
1036,166948,194.6382,565,3,52.73
1037,167548,379.2472,600,4,89.84
1038,167946,459.8649,398,4,95.8
1039,168206,316.0009,260,3,86.52
1040,168806,287.4958,600,3,92.77
1041,169406,534.0765,600,5,95.41
1042,169668,399.2205,262,4,91.41
1043,170268,367.0501,600,4,91.7
1044,170868,621.648,600,5,94.73
1045,171081,203.4796,213,3,58.79
1046,171115,55.9969,34,1,48.54
1047,171328,314.1175,213,4,92.29
1048,171928,368.6732,600,4,95.21
1049,172124,301.5922,196,3,82.71
1050,172534,433.9698,410,5,92.97
1051,172743,303.5394,209,3,72.75
1052,173343,626.3279,600,5,94.14
1053,173943,249.447,600,3,76.66
1054,174296,655.6244,353,6,100.0
1055,174896,314.1323,600,4,92.38
1056,175141,426.5967,245,4,95.02
1057,175689,302.9724,548,5,92.87
1058,176214,626.8113,525,6,100.0
1059,176499,232.0578,285,2,49.71
1060,177099,239.0883,600,3,84.67
1061,177461,500.7221,362,4,89.36
1062,177898,231.0057,437,3,76.86
1063,178498,344.275,600,4,96.19
1064,179098,447.5773,600,5,92.97
1065,179638,707.5283,540,6,100.0
1066,179965,280.8932,327,4,85.16
1067,180565,357.7057,600,3,82.91
1068,180680,235.1465,115,2,77.73
1069,181165,269.6567,485,3,74.8
1070,181765,380.7611,600,3,80.66
1071,181943,237.9443,178,2,50.68
1072,182301,290.8862,358,3,89.06
1073,182485,289.9425,184,3,80.96
1074,182998,320.6961,513,3,77.64
1075,183302,304.2971,304,3,79.0
1076,183638,225.6323,336,3,51.27
1077,183668,-13.4574,30,1,18.95
1078,184268,402.358,600,5,96.48
1079,184868,341.918,600,3,87.79
1080,185468,286.4406,600,3,84.86
1081,186068,348.6395,600,3,84.28
1082,186086,3.0937,18,1,21.48
1083,186664,397.3654,578,4,87.21
1084,187264,432.874,600,4,83.4
1085,187864,270.9013,600,4,84.86
1086,188041,404.7223,177,4,93.36
1087,188641,601.375,600,5,87.7
1088,189078,344.3409,437,3,72.66
1089,189566,288.6194,488,3,80.96
1090,190166,473.6991,600,4,85.74
1091,190766,447.2482,600,4,99.9
1092,190885,163.0875,119,2,66.02
1093,191169,327.5303,284,3,84.47
1094,191769,287.9129,600,3,80.86
1095,192084,394.0489,315,4,91.41
1096,192684,587.586,600,5,92.87
1097,193160,345.4654,476,3,89.45
1098,193760,306.1416,600,4,85.74
1099,194245,702.4051,485,6,100.0
1100,194700,147.1483,455,2,75.68
1101,195300,40.6442,600,2,50.29
1102,195346,75.3003,46,1,51.27
1103,195946,441.9406,600,4,92.97
1104,196546,269.0347,600,3,81.74
1105,197146,387.047,600,3,82.42
1106,197746,226.562,600,3,79.69
1107,198346,497.6104,600,4,85.94
1108,198946,436.4922,600,4,83.3
1109,199321,279.6579,375,3,73.54
1110,199653,328.8021,332,3,79.3
1111,199885,83.7921,232,2,47.66
1112,200413,677.4685,528,6,100.0
1113,201013,451.6,600,4,88.38
1114,201101,76.772,88,2,47.66
1115,201484,157.2968,383,2,76.66
1116,202047,258.786,563,4,86.04
1117,202647,322.7567,600,3,79.49
1118,202758,230.8132,111,2,49.32
1119,203019,283.1803,261,3,78.61
1120,203360,353.1157,341,3,81.54
1121,203853,349.4119,493,3,81.54
1122,204060,479.9296,207,5,87.4
1123,204609,278.6957,549,3,82.62
1124,205077,277.7972,468,3,78.03
1125,205677,527.3934,600,5,87.5
1126,205796,127.9701,119,2,60.55
1127,205813,-7.0565,17,1,41.99
1128,205940,167.709,127,2,69.92
1129,206095,334.6077,155,3,55.18
1130,206695,341.0366,600,4,90.82
1131,206762,162.7689,67,2,69.14
1132,207111,319.8167,349,3,83.2
1133,207335,392.9981,224,3,71.19
1134,207935,69.4312,600,3,52.44
1135,208535,206.4195,600,3,78.52
1136,208629,109.4012,94,1,51.37
1137,208887,234.7756,258,3,79.39
1138,209037,384.91,150,4,82.23
1139,209111,174.1264,74,2,53.32
1140,209418,382.5901,307,3,81.84
1141,210018,268.1962,600,3,84.28
1142,210618,272.1954,600,3,78.91
1143,210710,63.7264,92,2,47.36
1144,211310,313.4,600,3,75.98
1145,211409,194.7727,99,3,75.68
1146,212009,262.7839,600,3,74.71
1147,212498,173.7224,489,3,81.64
1148,212674,361.535,176,3,79.49
1149,213274,221.499,600,3,76.37
1150,213874,145.0222,600,2,63.96
1151,214474,523.1648,600,4,84.18
1152,215058,377.2481,584,4,84.08
1153,215461,196.7776,403,3,80.37
1154,215841,225.1394,380,3,74.9
1155,216441,244.5423,600,3,71.19
1156,216837,418.3223,396,4,83.4
1157,217291,418.5517,454,4,83.01
1158,217522,293.5359,231,3,83.59
1159,218122,308.4027,600,3,82.62
1160,218274,184.9218,152,2,71.97
1161,218563,206.4263,289,2,73.93
1162,219163,132.869,600,2,51.27
1163,219585,327.7615,422,4,84.67
1164,220185,333.3263,600,4,88.38
1165,220785,492.4699,600,4,84.96
1166,220835,50.6138,50,1,43.46
1167,220980,229.8882,145,3,83.01
1168,221140,291.0713,160,3,77.15
1169,221703,414.6515,563,4,90.04
1170,222303,416.9671,600,4,91.11
1171,222324,14.9634,21,1,22.56
1172,222924,192.563,600,3,75.98
1173,223352,378.038,428,4,78.03
1174,223952,91.1558,600,2,48.73
1175,224552,181.6117,600,2,75.0
1176,225102,395.6012,550,4,85.25
1177,225702,187.4798,600,3,81.93
1178,226268,399.7761,566,4,85.64
1179,226868,237.9996,600,3,75.1
1180,227227,389.3101,359,4,83.4
1181,227784,313.2254,557,4,83.98
1182,228384,-3.6594,600,2,51.46
1183,228768,185.9831,384,3,72.46
1184,229368,237.8012,600,3,71.39
1185,229622,242.7749,254,3,77.15
1186,230222,309.6361,600,4,86.13
1187,230822,367.9956,600,4,90.62
1188,231032,293.0918,210,3,71.48
1189,231324,425.6496,292,4,78.42
1190,231924,143.1836,600,3,77.44
1191,232524,305.989,600,4,87.21
1192,233124,199.8938,600,3,82.42
1193,233724,181.0028,600,2,73.73
1194,234324,536.2512,600,4,85.55
1195,234859,131.8557,535,2,71.0
1196,234875,-14.9459,16,1,17.58
1197,235475,250.1614,600,3,77.05
1198,236075,149.7054,600,3,72.56
1199,236675,71.0309,600,2,64.36
1200,236711,59.0893,36,1,62.11
1201,237151,280.9094,440,3,73.54
1202,237356,195.142,205,3,78.32
1203,237374,-2.9075,18,1,20.61
1204,237792,493.8462,418,4,81.54
1205,237968,292.5999,176,4,83.89
1206,238210,310.5506,242,3,89.16
1207,238810,147.7309,600,2,78.12
1208,238946,100.1169,136,2,48.34
1209,239546,427.4542,600,4,85.25
1210,239889,283.9892,343,3,79.98
1211,240145,470.6313,256,5,87.21
1212,240213,152.846,68,2,70.8
1213,240813,82.038,600,1,49.32
1214,241413,454.2022,600,4,86.33
1215,241796,62.1965,383,2,52.25
1216,242289,207.6031,493,3,73.34
1217,242495,211.6847,206,3,75.49
1218,243095,344.2475,600,5,94.82
1219,243637,244.4214,542,3,80.27
1220,243956,126.1345,319,2,53.61
1221,244556,250.2157,600,3,82.91
1222,244797,527.9085,241,5,87.99
1223,245397,135.5212,600,3,73.93
1224,245935,280.3463,538,3,85.55
1225,245943,-20.1287,8,1,41.6
1226,246001,127.7477,58,2,74.61
1227,246601,201.3329,600,3,82.23
1228,246785,488.057,184,5,83.69
1229,247311,355.7243,526,4,85.55
1230,247558,214.6087,247,3,78.22
1231,248158,238.6853,600,4,84.08
1232,248758,355.649,600,4,71.09
1233,248778,5.9488,20,1,22.75
1234,249378,192.6584,600,2,77.34
1235,249571,268.9974,193,3,85.94
1236,249583,-8.3997,12,1,43.26
1237,249721,339.3402,138,3,60.64
1238,249865,332.3568,144,3,60.06
1239,250053,388.0774,188,4,92.68
1240,250165,204.2785,112,2,57.81
1241,250277,261.8752,112,3,84.77
1242,250800,199.7052,523,3,79.88
1243,251036,265.8038,236,2,63.28
1244,251376,215.3334,340,3,75.49
1245,251839,399.8491,463,3,78.32
1246,251952,273.498,113,3,83.98
1247,252552,298.8329,600,4,88.18
1248,252803,296.9308,251,3,88.77
1249,252930,338.535,127,3,78.71
1250,253430,256.4541,500,3,76.07
1251,253571,142.7555,141,1,54.39
1252,253597,23.1529,26,1,21.58
1253,253730,303.335,133,3,58.2
1254,254071,479.7747,341,4,79.3
1255,254671,344.0452,600,5,96.48
1256,255215,430.4358,544,5,87.01
1257,255353,256.9845,138,3,76.76
1258,255452,177.704,99,2,70.41
1259,255624,171.6283,172,2,73.63
1260,256204,305.7938,580,5,99.8
1261,256350,294.1255,146,3,77.54
1262,256423,149.4836,73,2,64.75
1263,257023,148.1271,600,2,68.85
1264,257164,338.4013,141,3,59.28
1265,257400,491.9085,236,4,80.66
1266,257520,298.3687,120,3,77.05
1267,258003,264.2979,483,3,84.28
1268,258314,498.8685,311,5,84.77
1269,258363,65.3447,49,1,51.66
1270,258569,244.3005,206,3,79.59
1271,259169,286.1512,600,3,85.06
1272,259769,333.7092,600,5,95.61
1273,259839,72.7403,70,1,48.14
1274,260009,400.9762,170,4,86.33
1275,260609,258.3285,600,3,82.03
1276,261152,225.9141,543,4,81.64
1277,261360,468.3839,208,4,81.35
1278,261755,195.2545,395,3,80.96
1279,262355,254.9596,600,4,88.28
1280,262802,216.9145,447,3,81.45
1281,262948,294.3613,146,4,83.01
1282,263006,33.9476,58,1,23.73
1283,263606,203.6771,600,3,79.79
1284,263836,503.8171,230,5,84.47
1285,264436,282.1186,600,4,90.04
1286,264578,243.6799,142,2,75.1
1287,265178,314.6993,600,5,98.83
1288,265778,307.339,600,5,94.92
1289,266378,115.2197,600,3,75.49
1290,266978,84.4333,600,2,62.21
1291,267117,341.9696,139,3,58.89
1292,267270,242.6026,153,3,78.61
1293,267737,317.0296,467,5,95.12
1294,267758,12.103,21,1,21.09
1295,267824,140.8956,66,2,53.91
1296,268424,192.0637,600,3,78.71
1297,268645,243.9972,221,3,81.54
1298,269200,243.0855,555,4,88.96
1299,269681,261.8025,481,3,85.64
1300,270281,271.786,600,2,65.43
1301,270881,249.2339,600,3,78.61
1302,271481,396.1309,600,4,73.83
1303,272081,487.433,600,4,74.02
1304,272681,274.0951,600,3,79.98
1305,273281,637.3316,600,5,100.0
1306,273506,275.4076,225,3,78.61
1307,274106,363.1468,600,5,94.63
1308,274317,436.4771,211,4,83.59
1309,274917,63.0424,600,2,66.6
1310,274981,142.0382,64,2,53.61
1311,275581,427.8265,600,4,73.54
1312,275858,490.5954,277,4,75.1
1313,276458,319.8785,600,4,88.87
1314,276688,505.3467,230,5,84.86
1315,277288,134.4937,600,3,79.0
1316,277888,276.0226,600,4,89.94
1317,277966,100.1968,78,1,54.98
1318,278566,274.6304,600,4,90.43
1319,279166,195.9323,600,2,77.25
1320,279766,253.446,600,4,91.8
1321,280355,400.3254,589,5,94.53
1322,280925,227.2547,570,4,89.55
1323,281525,549.1614,600,5,99.32
1324,281775,505.1555,250,5,94.73
1325,281969,424.838,194,5,94.92
1326,282569,279.3136,600,4,84.77
1327,282920,215.5259,351,2,75.88
1328,283302,94.2052,382,2,68.07
1329,283601,182.5201,299,2,71.58
1330,284053,277.0896,452,3,77.44
1331,284653,255.0261,600,4,92.38
1332,284850,447.0552,197,4,74.8
1333,284868,-0.1514,18,1,23.63
1334,285434,291.5619,566,4,87.01
1335,285828,511.439,394,5,92.97
1336,286065,340.3935,237,4,82.13
1337,286665,242.6258,600,3,75.59
1338,286812,330.128,147,3,59.28
1339,287316,420.9304,504,5,95.41
1340,287916,223.0394,600,3,82.52
1341,288232,456.5552,316,4,93.85
1342,288582,212.1899,350,4,85.06
1343,288747,346.0655,165,4,81.93
1344,288929,189.3752,182,3,69.53
1345,289226,489.9004,297,4,82.62
1346,289676,194.0662,450,3,76.76
1347,289905,340.9346,229,4,84.47
1348,289952,81.5081,47,1,64.26
1349,290524,255.6301,572,3,81.25
1350,291124,137.9352,600,2,73.24
1351,291600,256.6521,476,4,96.0
1352,291753,313.8803,153,3,82.32
1353,291973,534.0629,220,5,84.38
1354,292115,313.6285,142,4,79.1
1355,292300,343.966,185,4,90.82
1356,292456,330.0843,156,4,90.53
1357,292679,248.0917,223,3,79.49
1358,293279,476.3522,600,5,95.41
1359,293817,347.467,538,5,96.0
1360,294108,574.2127,291,5,91.5
1361,294524,129.8762,416,2,69.34
1362,295124,383.0213,600,4,88.87
1363,295661,420.3276,537,4,95.41
1364,296240,466.549,579,4,80.66
1365,296585,185.1208,345,2,71.09
1366,297185,264.573,600,3,85.16
1367,297686,231.183,501,3,74.12
1368,297896,472.5952,210,4,79.98
1369,298114,451.6036,218,4,79.3
1370,298690,362.8912,576,4,74.22
1371,298712,-6.3642,22,1,18.85
1372,298879,269.8494,167,3,74.8
1373,298904,5.2225,25,1,20.21
1374,298937,15.8009,33,1,21.0
1375,299320,178.5678,383,3,79.2
1376,299920,400.2787,600,4,92.77
1377,300075,333.7333,155,4,83.69
1378,300639,241.0115,564,3,84.18
1379,301239,151.9597,600,2,75.29
1380,301839,170.6792,600,2,71.68
1381,301989,252.7138,150,3,79.49
1382,302589,530.5929,600,5,95.61
1383,302969,263.4108,380,4,91.11
1384,303344,369.3709,375,5,96.19
1385,303500,324.3262,156,3,58.2
1386,303999,199.1196,499,3,73.73
1387,304195,407.0969,196,4,85.45
1388,304700,276.2774,505,3,75.88
1389,305300,279.3791,600,2,76.56
1390,305682,257.9832,382,4,83.69
1391,305971,308.0274,289,4,88.67
1392,306354,304.508,383,4,89.36
1393,306649,173.9535,295,3,76.95
1394,307034,283.296,385,4,91.41
1395,307413,286.3091,379,4,91.5
1396,307451,31.04,38,1,48.63
1397,307596,318.836,145,4,83.11
1398,308172,164.9566,576,3,84.96
1399,308526,315.1992,354,4,84.86
1400,308986,408.9159,460,4,80.18
1401,309346,410.8862,360,5,95.9
1402,309946,416.6993,600,4,93.46
1403,310504,132.1186,558,3,77.15
1404,310861,254.3802,357,4,93.16
1405,311461,170.7093,600,2,75.0
1406,312061,361.2145,600,3,78.52
1407,312267,705.906,206,6,100.0
1408,312660,348.976,393,5,96.19
1409,313204,371.9043,544,4,78.03
1410,313437,711.5786,233,6,100.0
1411,313782,272.3939,345,4,89.16
1412,314272,430.3561,490,4,79.39
1413,314602,408.0621,330,5,96.48
1414,314790,650.939,188,6,100.0
1415,315220,113.3773,430,2,74.51
1416,315552,354.0288,332,5,96.78
1417,316152,273.0655,600,2,74.32
1418,316571,242.8859,419,3,79.2
1419,316963,291.7509,392,4,83.98
1420,317374,270.5122,411,4,90.04
1421,317714,376.4552,340,5,95.02
1422,318314,437.9016,600,4,89.94
1423,318517,657.9593,203,6,100.0
1424,318843,387.6305,326,5,96.58
1425,319443,335.9792,600,3,62.01
1426,320043,424.5843,600,4,86.23
1427,320449,310.4626,406,4,92.29
1428,320739,385.2153,290,4,86.33
1429,320847,207.3545,108,2,57.71
1430,321447,223.6188,600,4,91.7
1431,321809,302.3919,362,4,82.52
1432,322409,286.7538,600,4,90.33
1433,323009,253.355,600,4,91.02
1434,323042,31.8108,33,1,47.56
1435,323411,161.3248,369,2,74.51
1436,323436,2.2765,25,1,21.58
1437,323508,114.6793,72,2,52.34
1438,324108,201.5328,600,3,83.2
1439,324543,280.7973,435,3,84.86
1440,324905,328.8138,362,4,90.14
1441,325347,270.8794,442,4,90.92
1442,325821,355.9453,474,4,88.96
1443,326033,690.6346,212,6,100.0
1444,326057,8.6239,24,1,20.12
1445,326540,131.1125,483,2,74.8
1446,326802,276.2016,262,4,89.16
1447,327402,305.7151,600,4,83.98
1448,327440,34.1545,38,1,44.14
1449,327455,3.1905,15,1,44.63
1450,327889,341.3724,434,4,89.45
1451,328137,294.6142,248,4,88.96
1452,328737,345.3436,600,4,85.25
1453,329002,282.8981,265,4,89.26
1454,329280,427.0009,278,5,95.9
1455,329880,213.2101,600,3,76.66
1456,330341,348.055,461,4,83.2
1457,330685,180.9885,344,3,75.39
1458,330929,201.8044,244,3,77.64
1459,331082,345.6378,153,3,56.35
1460,331386,327.5822,304,4,89.94
1461,331609,319.3758,223,4,92.77
1462,332008,300.8347,399,4,90.82
1463,332240,705.0535,232,6,100.0
1464,332465,278.6583,225,4,90.82
1465,333065,205.2646,600,2,76.95
1466,333283,690.1405,218,6,100.0
1467,333712,348.7192,429,4,84.08
1468,334008,417.1307,296,4,85.64
1469,334237,295.448,229,4,91.6
1470,334263,5.6769,26,1,20.51
1471,334518,267.384,255,4,89.84
1472,334750,367.1622,232,5,97.56
1473,334961,301.9256,211,4,90.33
1474,335163,673.393,202,6,100.0
1475,335429,403.9744,266,5,95.61
1476,335722,371.7945,293,4,83.89
1477,335979,288.3665,257,4,89.55
1478,335992,-8.4227,13,1,39.75
1479,336267,716.0028,275,6,100.0
1480,336653,274.7405,386,4,89.75
1481,336910,410.2481,257,5,96.09
1482,337116,666.8475,206,6,100.0
1483,337476,330.8403,360,4,92.97
1484,337781,259.674,305,3,84.96
1485,337935,195.9412,154,2,73.83
1486,338182,314.0076,247,4,90.23
1487,338468,379.7767,286,5,96.68
1488,338480,-8.6197,12,1,41.31
1489,338753,719.0184,273,6,100.0
1490,339074,181.8548,321,3,73.54
1491,339674,233.0965,600,3,76.95
1492,339916,387.0449,242,5,94.92
1493,340169,384.8551,253,5,96.29
1494,340581,267.7283,412,3,82.62
1495,340810,298.0754,229,4,90.72
1496,340978,360.1051,168,4,91.21
1497,341296,295.2728,318,4,89.55
1498,341544,348.3435,248,4,93.16
1499,341669,192.646,125,3,51.56
1500,341902,402.7831,233,5,96.39
1501,341945,51.0221,43,1,50.59
1502,342305,300.7848,360,4,91.7
1503,342905,540.6079,600,4,87.3
1504,343154,243.5368,249,3,71.88
1505,343600,223.8888,446,3,88.67
1506,343817,308.0766,217,4,90.43
1507,344088,656.2538,271,6,100.0
1508,344559,343.3109,471,4,83.79
1509,344853,295.2233,294,4,90.92
1510,345094,409.7974,241,5,98.24
1511,345440,311.334,346,4,91.21
1512,345744,432.0904,304,4,84.96
1513,345980,303.7416,236,3,82.13
1514,346254,243.996,274,3,83.5
1515,346485,314.4183,231,4,89.94
1516,346666,372.4303,181,5,98.05
1517,347051,184.0617,385,3,75.59
1518,347384,185.539,333,3,75.39
1519,347874,385.8508,490,4,83.79
1520,348136,304.3863,262,4,85.25
1521,348460,285.3574,324,4,90.43
1522,348684,445.1372,224,5,96.97
1523,348949,749.3751,265,6,100.0
1524,349321,337.8918,372,4,85.64
1525,349640,337.5269,319,4,92.38
1526,349874,276.0896,234,4,91.11
1527,350205,237.7539,331,4,93.85
1528,350227,5.915,22,1,21.09
1529,350509,582.0627,282,5,99.12
1530,350741,313.3283,232,4,90.33
1531,351037,245.1746,296,3,81.15
1532,351276,729.564,239,6,100.0
1533,351605,280.4279,329,4,85.74
1534,351822,293.8516,217,4,95.02
1535,352087,245.8289,265,3,80.57
1536,352313,271.3046,226,3,81.45
1537,352578,392.5629,265,5,96.78
1538,352895,313.0434,317,4,94.53
1539,353089,297.3079,194,4,91.21
1540,353586,406.7418,497,4,83.4
1541,353769,377.6762,183,5,96.97
1542,354063,309.1999,294,4,86.82
1543,354188,333.2268,125,4,89.94
1544,354464,267.6082,276,3,73.34
1545,354703,359.2889,239,5,96.48
1546,354943,397.405,240,5,95.7
1547,355090,350.7812,147,4,90.04
1548,355308,292.1652,218,4,88.87
1549,355522,681.8307,214,6,100.0
1550,355749,538.9747,227,5,99.41
1551,355969,532.9352,220,5,99.22
1552,356226,553.1825,257,5,100.0
1553,356404,306.9204,178,4,89.45
1554,356550,263.0268,146,3,77.15
1555,356810,725.0848,260,6,99.9
1556,357179,425.172,369,4,85.35
1557,357444,255.8759,265,3,89.65
1558,357571,302.9383,127,4,88.96
1559,357804,711.5747,233,6,100.0
1560,358102,398.6645,298,5,99.71
1561,358390,686.8327,288,6,100.0
1562,358630,367.7139,240,5,98.54
1563,358795,353.312,165,5,97.56
1564,359004,315.407,209,4,90.33
1565,359237,626.5298,233,6,100.0
1566,359470,410.6276,233,4,83.2
1567,359679,688.8228,209,6,100.0
1568,359850,413.2002,171,5,95.51
1569,360079,422.458,229,4,85.84
1570,360358,272.2334,279,3,90.14
1571,360512,262.0678,154,3,79.69
1572,361112,349.0042,600,3,89.55
1573,361364,281.9861,252,3,72.07
1574,361545,312.5894,181,4,92.77
1575,361695,346.5745,150,4,94.04
1576,361900,273.1586,205,3,82.52
1577,362096,235.1033,196,3,84.77
1578,362119,-0.5454,23,1,21.48
1579,362139,-12.4475,20,1,18.16
1580,362276,263.8266,137,3,72.07
1581,362574,393.2678,298,4,83.5
1582,362762,355.3032,188,5,98.14
1583,363036,222.5126,274,3,87.99
1584,363268,77.2523,232,1,66.21
1585,363404,273.7472,136,3,73.44
1586,363666,333.1979,262,4,92.09
1587,363689,8.6458,23,1,21.09
1588,363913,613.36,224,6,100.0
1589,364152,297.6074,239,4,83.89
1590,364383,251.8429,231,3,90.33
1591,364577,646.0064,194,6,100.0
1592,364931,416.7408,354,4,86.33
1593,365370,89.7939,439,2,68.65
1594,365388,-14.7372,18,1,15.82
1595,365432,77.7268,44,1,31.84
1596,365626,640.2925,194,6,100.0
1597,365802,625.661,176,6,100.0
1598,366049,560.7252,247,5,97.66
1599,366235,636.3982,186,6,100.0
1600,366517,230.3591,282,3,88.77
1601,366680,313.8917,163,4,91.7
1602,366970,360.7312,290,4,96.0
1603,367184,212.4997,214,3,74.71
1604,367319,266.228,135,3,73.14
1605,367456,282.0297,137,3,72.66
1606,367656,668.6337,200,6,100.0
1607,367785,267.9659,129,3,72.46
1608,368017,385.4325,232,5,99.71
1609,368290,413.5663,273,4,82.23
1610,368687,162.2375,397,3,83.98
1611,368874,225.3124,187,3,83.5
1612,369080,357.0228,206,4,92.58
1613,369109,38.2343,29,1,48.63
1614,369355,412.0232,246,4,83.79
1615,369515,222.5994,160,3,82.71
1616,369700,379.8582,185,5,99.51
1617,369840,202.1776,140,3,83.01
1618,369868,41.4188,28,1,49.32
1619,370069,321.8351,201,5,91.99
1620,370286,274.5308,217,3,89.65
1621,370615,202.6025,329,3,76.66
1622,370918,242.4088,303,3,91.89
1623,371122,307.6495,204,4,96.19
1624,371141,12.0632,19,1,22.36
1625,371434,306.3401,293,4,89.94
1626,371974,157.1729,540,2,70.61
1627,372308,349.0232,334,4,84.18
1628,372541,256.9307,233,3,90.23
1629,372789,397.7361,248,4,84.96
1630,372973,308.4396,184,4,90.53
1631,373108,229.2621,135,3,83.5
1632,373459,214.9582,351,3,88.87
1633,373638,303.4033,179,4,89.94
1634,373886,212.0524,248,3,74.9
1635,374091,379.4412,205,5,97.17
1636,374270,273.9869,179,4,88.96
1637,374668,313.7738,398,5,95.21
1638,374685,-2.9056,17,1,21.88
1639,375150,135.0097,465,3,82.81
1640,375428,349.6079,278,5,92.48
1641,375456,35.3289,28,1,48.83
1642,375640,256.3832,184,4,82.81
1643,375822,571.7793,182,6,99.51
1644,376044,603.986,222,6,100.0
1645,376243,309.7231,199,4,91.6
1646,376422,233.4226,179,4,84.08
1647,376613,404.9855,191,5,99.41
1648,376793,246.4921,180,4,83.3
1649,376980,529.8085,187,6,100.0
1650,376999,14.6507,19,1,22.27
1651,377010,-14.474,11,1,40.92
1652,377060,84.4208,50,1,55.37
1653,377490,82.931,430,3,74.32
1654,377680,662.6595,190,6,100.0
1655,377894,691.6389,214,6,100.0
1656,378082,360.9126,188,5,97.85
1657,378523,419.2659,441,5,100.0
1658,378790,382.9564,267,5,96.58
1659,379014,697.1969,224,6,100.0
1660,379249,244.3702,235,3,84.47
1661,379849,293.5835,600,4,91.31
1662,379869,-0.3419,20,1,19.73
1663,380185,554.9677,316,6,100.0
1664,380368,303.7137,183,5,91.31
1665,380578,638.6848,210,6,100.0
1666,380784,298.0901,206,4,89.06
1667,381355,337.9143,571,5,99.71
1668,381662,223.2953,307,4,89.75
1669,382262,312.5671,600,5,96.29
1670,382477,364.4737,215,5,97.27
1671,382662,306.1947,185,4,89.75
1672,382908,262.7249,246,4,90.23
1673,382939,31.4364,31,1,48.44
1674,383134,691.0974,195,6,100.0
1675,383356,329.8975,222,4,92.97
1676,383583,255.5121,227,4,83.4
1677,383644,-0.3892,61,1,36.23
1678,383907,397.1333,263,5,96.19
1679,383929,16.6866,22,1,25.68
1680,384071,234.9863,142,3,83.11
1681,384323,622.2174,252,6,99.9
1682,384551,339.2049,228,5,90.92
1683,384743,668.504,192,6,100.0
1684,384766,5.438,23,1,21.39
1685,385000,412.5695,234,5,94.92
1686,385215,386.8199,215,5,96.09
1687,385448,357.235,233,5,92.58
1688,385699,350.0438,251,5,91.8
1689,386006,386.3005,307,5,96.78
1690,386232,392.6252,226,5,98.24
1691,386457,334.2816,225,5,90.92
1692,386726,226.0144,269,4,83.3
1693,387317,301.2278,591,5,95.8
1694,387747,328.7517,430,5,95.7
1695,387903,326.5366,156,5,92.58
1696,388194,339.5668,291,5,98.93
1697,388417,382.965,223,5,90.23
1698,388670,389.8303,253,5,95.7
1699,389270,266.012,600,4,90.82
1700,389477,694.761,207,6,100.0
1701,390077,352.5635,600,5,95.7
1702,390662,327.0091,585,5,95.31
1703,391262,250.0511,600,3,73.83
1704,391862,208.0081,600,3,84.18
1705,392053,579.5552,191,6,99.61
1706,392653,227.2591,600,3,82.42
1707,392851,672.5845,198,6,100.0
1708,393451,217.594,600,3,81.74
1709,393520,150.4422,69,2,53.61
1710,393845,282.3904,325,5,90.43
1711,394070,669.2598,225,6,99.9
1712,394670,213.1733,600,4,89.06
1713,394828,310.6005,158,5,89.84
1714,395428,455.0724,600,5,99.32
1715,395983,172.093,555,4,89.36
1716,396390,351.8718,407,4,86.04
1717,396617,615.5824,227,6,99.61
1718,397173,249.3457,556,4,91.99
1719,397346,326.4684,173,4,92.38
1720,397946,238.3583,600,4,90.53
1721,398546,172.2812,600,3,83.69
1722,398745,673.8383,199,6,100.0
1723,399094,162.0649,349,4,82.81
1724,399306,634.3403,212,6,100.0
1725,399906,194.2649,600,3,82.42
1726,400474,312.8503,568,5,95.31
1727,401074,330.8643,600,5,96.58
1728,401097,17.6803,23,1,22.27
1729,401111,-3.0306,14,1,41.7
1730,401296,663.206,185,6,100.0
1731,401505,607.6081,209,6,100.0
1732,402105,404.6296,600,5,87.89
1733,402416,201.1632,311,4,83.3
1734,402932,193.2677,516,4,89.75
1735,403307,258.0613,375,5,91.41
1736,403500,653.6783,193,6,100.0
1737,404014,241.4681,514,4,93.55
1738,404224,623.4051,210,6,99.9
1739,404824,223.0641,600,4,90.33
1740,405165,248.3692,341,3,74.9
1741,405189,5.5461,24,1,19.63
1742,405416,413.9971,227,5,96.09
1743,405617,599.4336,201,6,100.0
1744,406217,274.7787,600,5,98.44
1745,406589,193.3438,372,3,82.71
1746,407189,241.8641,600,3,76.17
1747,407789,220.3664,600,4,90.23
1748,408389,333.3735,600,5,95.61
1749,408989,403.4734,600,5,97.27
1750,409188,615.2847,199,6,99.8
1751,409336,331.7416,148,4,90.14
1752,409531,669.4784,195,6,100.0
1753,410131,264.6594,600,4,92.09
1754,410511,272.8077,380,5,90.33
1755,410722,333.7688,211,5,90.53
1756,410936,699.4154,214,6,100.0
1757,411536,150.3931,600,4,83.2
1758,412136,225.9861,600,4,92.58
1759,412347,684.4696,211,6,100.0
1760,412543,677.0206,196,6,100.0
1761,412775,350.4351,232,5,93.95
1762,413018,650.8673,243,6,99.9
1763,413618,230.7202,600,4,89.65
1764,414218,290.3079,600,4,94.63
1765,414543,418.5509,325,4,83.98
1766,415143,333.1599,600,5,95.31
1767,415743,340.5651,600,5,100.0
1768,416343,303.9711,600,4,83.79
1769,416943,246.9214,600,4,89.94
1770,417543,377.1555,600,5,100.0
1771,418084,319.2293,541,5,95.9
1772,418104,-3.2409,20,1,21.88
1773,418303,649.11,199,6,100.0
1774,418903,497.1505,600,5,100.0
1775,419108,658.3674,205,6,100.0
1776,419559,297.3133,451,4,84.18
1777,419711,256.0489,152,4,83.4
1778,419733,17.8542,22,1,37.99
1779,420333,239.832,600,4,90.14
1780,420783,237.6996,450,4,90.53
1781,421383,283.9307,600,4,89.84
1782,421983,448.8717,600,5,99.51
1783,422544,178.8394,561,4,91.89
1784,422564,-0.2796,20,1,20.02
1785,423164,335.2203,600,5,95.51
1786,423305,300.6009,141,3,72.85
1787,423494,623.9008,189,6,100.0
1788,423698,679.9383,204,6,100.0
1789,423919,628.516,221,6,100.0
1790,424185,261.2484,266,3,71.88
1791,424749,443.9186,564,5,99.71
1792,424953,700.347,204,6,100.0
1793,425529,272.7927,576,5,96.19
1794,425779,277.0761,250,4,92.29
1795,426310,248.326,531,4,93.55
1796,426807,337.1516,497,5,95.41
1797,427346,410.9124,539,5,99.71
1798,427540,670.0663,194,6,100.0
1799,427652,33.594,112,1,38.28
1800,428252,262.6896,600,4,90.04
1801,428852,235.0595,600,4,92.48
1802,429452,232.9264,600,2,71.97
1803,430036,313.6998,584,5,96.09
1804,430323,219.2406,287,4,83.79
1805,430871,260.356,548,5,99.51
1806,431147,247.7319,276,4,83.98
1807,431590,126.424,443,4,83.4
1808,431975,194.1646,385,4,83.69
1809,432145,242.4182,170,4,84.38
1810,432345,306.6338,200,5,88.87
1811,432945,212.0098,600,4,88.67
1812,433269,268.253,324,5,89.75
1813,433869,233.4651,600,4,88.96
1814,434228,440.2151,359,6,100.0
1815,434717,174.471,489,4,83.3
1816,434738,2.6997,21,1,21.68
1817,435338,342.3459,600,5,95.9
1818,435797,350.798,459,5,95.31
1819,436294,140.6155,497,4,83.11
1820,436781,243.9196,487,4,91.8
1821,437000,616.1502,219,6,100.0
1822,437207,710.0684,207,6,100.0
1823,437700,365.9977,493,5,94.63
1824,438300,331.8214,600,4,90.53
1825,438520,497.8986,220,5,100.0
1826,438761,542.305,241,5,100.0
1827,438782,12.1599,21,1,22.27
1828,438982,526.8104,200,5,99.9
1829,439399,258.1398,417,5,92.68
1830,439552,310.6163,153,5,90.14
1831,439748,640.0883,196,6,100.0
1832,440348,301.3447,600,5,100.0
1833,440948,287.9462,600,5,92.77
1834,440965,-5.6512,17,1,17.38
1835,441162,605.7639,197,6,99.71
1836,441390,480.2654,228,5,100.0
1837,441703,235.4579,313,3,83.11
1838,441901,650.32,198,6,100.0
1839,442488,215.0928,587,4,95.21
1840,442696,275.0051,208,3,75.68
1841,443296,279.1391,600,4,93.95
1842,443486,652.8082,190,6,100.0
1843,443676,332.3711,190,5,89.84
1844,443697,2.9931,21,1,21.97
1845,444297,204.8427,600,3,83.98
1846,444510,479.2608,213,5,100.0
1847,444995,344.4513,485,5,94.53
1848,445467,215.8617,472,4,90.92
1849,446067,254.6743,600,4,90.82
1850,446250,330.3119,183,5,92.38
1851,446822,203.0412,572,4,84.57
1852,447364,280.8161,542,3,76.37
1853,447767,441.7257,403,5,99.8
1854,448129,345.4148,362,4,83.5
1855,448677,144.8879,548,4,81.93
1856,449180,143.459,503,4,83.11
1857,449710,151.76,530,4,83.2
1858,449912,670.7236,202,6,100.0
1859,450497,269.9401,585,5,96.29
1860,450745,213.0521,248,4,82.81
1861,451251,243.114,506,4,89.75
1862,451498,241.8449,247,4,83.2
1863,452027,234.5376,529,4,89.16
1864,452627,277.2712,600,4,95.21
1865,453227,234.7176,600,4,91.02
1866,453757,228.7348,530,5,92.87
1867,453782,11.4033,25,1,35.55
1868,454350,235.9231,568,5,90.04
1869,454950,271.1071,600,4,89.94
1870,455550,350.5038,600,5,95.12
1871,455846,277.0144,296,4,88.96
1872,456026,638.0125,180,6,100.0
1873,456211,625.1046,185,6,100.0
1874,456459,225.6563,248,3,75.88
1875,456743,237.3086,284,3,83.01
1876,457343,355.0672,600,5,95.7
1877,457943,322.2102,600,5,96.78
1878,458543,332.0876,600,5,95.7
1879,458909,286.6701,366,4,96.48
1880,459509,228.6588,600,5,90.04
1881,459715,691.1671,206,6,100.0
1882,460315,477.4724,600,5,98.34
1883,460915,261.9857,600,4,94.34
1884,460970,41.8948,55,1,21.78
1885,461570,352.884,600,5,95.21
1886,462170,272.3939,600,4,90.82
1887,462419,313.6353,249,3,77.25
1888,462707,247.6996,288,3,76.17
1889,462721,-5.6734,14,1,44.43
1890,463321,350.3746,600,5,95.7
1891,463921,271.1125,600,4,91.8
1892,464521,275.5707,600,4,83.4
1893,465121,223.8734,600,4,88.57
1894,465323,602.5002,202,6,100.0
1895,465923,507.0081,600,5,100.0
1896,466113,646.653,190,6,100.0
1897,466713,268.539,600,4,90.72
1898,466739,35.4495,26,1,51.17
1899,467339,329.5204,600,5,95.31
1900,467939,337.124,600,5,99.71
1901,468539,317.3465,600,5,95.31
1902,468752,688.8309,213,6,100.0
1903,469254,266.1779,502,4,91.6
1904,469702,252.206,448,4,89.65
1905,470302,253.3451,600,4,91.21
1906,470902,263.8253,600,4,91.41
1907,471502,227.146,600,4,88.77
1908,471871,228.9143,369,4,83.79
1909,472260,220.8815,389,4,83.79
1910,472297,34.3946,37,1,43.16
1911,472596,306.4704,299,3,79.49
1912,472989,304.4384,393,4,83.2
1913,473016,20.4489,27,1,43.36
1914,473616,348.058,600,5,99.02
1915,474216,307.7848,600,4,90.82
1916,474816,313.3338,600,4,90.62
1917,475416,327.9686,600,5,95.41
1918,475949,282.4534,533,4,90.43
1919,476549,330.5987,600,5,95.02
1920,476773,238.6062,224,3,85.74
1921,477373,171.5615,600,4,82.23
1922,477973,328.8692,600,5,99.32
1923,478573,350.8636,600,5,95.61
1924,479123,319.1684,550,5,97.17
1925,479283,205.1027,160,2,75.59
1926,479883,233.8065,600,4,83.79
1927,479940,29.0116,57,1,21.58
1928,480540,343.0381,600,5,97.95
1929,481140,439.9851,600,5,99.32
1930,481581,276.1975,441,4,93.36
1931,482181,320.4428,600,5,95.12
1932,482781,282.6716,600,4,91.8
1933,482800,-3.0336,19,1,20.12
1934,482818,-3.0504,18,1,18.85
1935,483005,655.7718,187,6,100.0
1936,483605,209.4973,600,3,85.84
1937,484205,366.6537,600,5,100.0
1938,484702,180.5339,497,3,83.2
1939,484772,162.2947,70,2,56.25
1940,485372,232.4962,600,4,89.45
1941,485972,381.9748,600,5,95.8
1942,486219,374.5295,247,5,95.61
1943,486819,184.4437,600,3,83.5
1944,487008,373.5612,189,3,81.35
1945,487608,333.7179,600,5,95.31
1946,487815,667.4495,207,6,100.0
1947,488415,323.6081,600,4,90.33
1948,488810,531.9292,395,5,100.0
1949,489410,271.8997,600,4,92.97
1950,490010,360.931,600,5,95.8
1951,490610,269.4791,600,4,89.26
1952,491210,305.2325,600,4,90.33
1953,491810,336.5779,600,3,79.49
1954,492026,681.6634,216,6,100.0
1955,492626,331.248,600,5,95.7
1956,492933,376.585,307,5,96.29
1957,493466,194.9093,533,2,78.12
1958,494066,429.5477,600,5,100.0
1959,494666,305.1687,600,5,96.48
1960,494688,-12.3402,22,1,16.99
1961,495288,286.2268,600,3,74.71
1962,495888,208.6334,600,3,83.3
1963,496488,275.1579,600,4,90.04
1964,497088,439.2005,600,5,96.78
1965,497688,275.7727,600,4,91.21
1966,497923,327.3656,235,4,95.02
1967,498523,96.2955,600,2,51.86
1968,499123,229.5107,600,4,90.62
1969,499147,14.604,24,1,19.24
1970,499747,448.6737,600,5,99.9
1971,499980,509.1949,233,6,99.9
1972,500211,293.3842,231,3,76.07
1973,500811,331.0629,600,5,95.12
1974,501017,686.787,206,6,100.0
1975,501617,322.4889,600,3,78.52
1976,502217,412.5738,600,5,100.0
1977,502817,462.5209,600,5,100.0
1978,502838,-9.0934,21,1,38.18
1979,503438,275.932,600,3,77.25
1980,503640,694.6168,202,6,100.0
1981,504240,459.0519,600,5,99.61
1982,504840,259.2939,600,4,90.04
1983,505440,311.3005,600,4,89.75
1984,505689,688.1874,249,6,100.0
1985,506289,273.0184,600,4,84.18
1986,506889,226.3452,600,2,79.2
1987,507489,480.8266,600,5,100.0
1988,508007,249.3643,518,4,89.65
1989,508192,645.4353,185,6,100.0
1990,508419,684.5921,227,6,100.0
1991,508608,650.684,189,6,100.0
1992,509025,235.6678,417,4,89.45
1993,509625,300.917,600,4,91.11
1994,509819,643.3923,194,6,100.0
1995,510419,452.961,600,5,100.0
1996,510836,212.8654,417,3,84.18
1997,511436,350.3091,600,5,99.51
1998,512036,358.7684,600,5,96.68
1999,512186,278.2515,150,3,80.76
2000,512786,353.851,600,4,96.09
2001,513386,289.7076,600,4,94.14
2002,513959,297.3259,573,5,95.9
2003,514111,280.5287,152,3,80.66
2004,514122,-14.7289,11,1,39.84
2005,514722,118.1127,600,2,52.54
2006,514935,700.4013,213,6,100.0
2007,514954,13.9847,19,1,44.73
2008,515554,330.7529,600,4,93.36
2009,516011,235.678,457,4,88.28
2010,516611,467.6494,600,5,100.0
2011,517211,376.517,600,5,100.0
2012,517396,640.3738,185,6,100.0
2013,517584,649.9564,188,6,100.0
2014,517886,369.1528,302,5,95.21
2015,518444,267.587,558,5,95.12
2016,518669,613.35,225,6,99.71
2017,518882,708.9512,213,6,100.0
2018,519482,320.5401,600,5,94.14
2019,520082,268.5041,600,4,88.77
2020,520292,677.5763,210,6,100.0
2021,520892,600.6857,600,5,99.51
2022,521002,272.6175,110,3,82.81
2023,521602,257.8928,600,4,90.23
2024,522202,263.4829,600,4,94.24
2025,522218,-11.7128,16,1,18.16
2026,522434,680.9426,216,6,100.0
2027,522803,338.8543,369,5,95.51
2028,523021,691.5375,218,6,100.0
2029,523621,325.9715,600,5,95.41
2030,524221,327.6215,600,5,95.21
2031,524821,316.7858,600,5,94.34
2032,525421,256.3274,600,4,89.75
2033,525891,264.6222,470,4,92.87
2034,525963,177.0842,72,2,55.66
2035,526563,298.5533,600,4,90.14
2036,526750,661.9752,187,6,100.0
2037,526954,642.1797,204,6,99.9
2038,527452,220.3648,498,4,89.26
2039,527787,736.05,335,6,99.9
2040,528387,243.5505,600,4,90.33
2041,528987,270.0591,600,4,88.57
2042,529587,305.8299,600,5,97.95
2043,530187,227.0503,600,3,82.81
2044,530378,659.9902,191,6,100.0
2045,530978,295.422,600,5,90.23
2046,531578,289.5387,600,4,95.02
2047,532178,462.5988,600,5,98.34
2048,532778,322.3211,600,5,95.61
2049,532880,219.557,102,2,71.88
2050,532968,115.8497,88,1,64.75
2051,533154,647.732,186,6,100.0
2052,533754,490.8014,600,5,99.9
2053,534343,465.034,589,5,100.0
2054,534426,191.8233,83,2,72.85
2055,535026,332.5129,600,5,95.61
2056,535626,335.0962,600,5,95.61
2057,536226,319.6687,600,5,95.8
2058,536826,467.6962,600,5,100.0
2059,537058,648.3901,232,6,100.0
2060,537658,358.8494,600,5,95.31
2061,538258,332.1371,600,5,94.43
2062,538858,441.7879,600,5,100.0
2063,539458,273.3257,600,4,90.82
2064,539658,684.1227,200,6,100.0
2065,540258,233.9299,600,4,89.36
2066,540378,174.7459,120,2,64.06
2067,540491,194.4137,113,2,68.75
2068,540519,0.3828,28,1,35.16
2069,540570,75.2078,51,1,48.44
2070,541170,588.9723,600,5,100.0
2071,541453,355.9005,283,5,95.51
2072,541909,587.4419,456,6,100.0
2073,542509,262.3482,600,4,90.53
2074,542700,648.464,191,6,100.0
2075,542849,294.8203,149,4,87.89
2076,543449,327.7364,600,5,95.8
2077,544049,340.2135,600,5,95.21
2078,544649,518.9109,600,5,99.71
2079,545249,282.3901,600,3,88.57
2080,545438,661.4617,189,6,100.0
2081,546038,332.8882,600,5,94.92
2082,546638,195.3128,600,3,82.62
2083,547238,338.7956,600,5,95.21
2084,547838,229.4963,600,4,91.41
2085,548028,646.0545,190,6,100.0
2086,548628,202.2733,600,3,82.13
2087,549228,268.8131,600,4,92.97
2088,549828,191.8637,600,3,81.35
2089,550428,223.0087,600,3,82.03
2090,551028,315.094,600,5,96.19
2091,551157,353.9856,129,4,91.31
2092,551757,318.7566,600,5,96.0
2093,551947,641.8511,190,6,100.0
2094,552547,217.4727,600,4,88.38
2095,552785,298.8798,238,4,91.6
2096,552821,37.2038,36,1,45.9
2097,553421,286.4366,600,5,91.02
2098,553542,327.5663,121,4,89.55
2099,554142,367.3362,600,5,94.82
2100,554482,265.9678,340,3,77.34
2101,554663,649.2404,181,6,100.0
2102,555263,333.1427,600,5,95.7
2103,555379,286.6705,116,3,83.4
2104,555482,245.7894,103,3,83.01
2105,555774,208.2589,292,3,75.78
2106,556374,316.6,600,5,96.58
2107,556572,668.5494,198,6,100.0
2108,557172,357.5097,600,5,96.0
2109,557263,191.031,91,2,75.59
2110,557863,218.0756,600,3,82.32
2111,558069,704.5195,206,6,100.0
2112,558669,329.438,600,5,90.14
2113,558731,116.2068,62,1,65.14
2114,559331,458.0306,600,5,99.9
2115,559931,282.4388,600,4,90.14
2116,560531,334.4607,600,5,95.12
2117,560841,274.1913,310,4,87.6
2118,560867,11.5184,26,1,19.73
2119,561106,285.583,239,4,89.84
2120,561706,298.7762,600,5,96.29
2121,562306,450.7321,600,5,99.9
2122,562721,235.3581,415,4,89.55
2123,562911,645.1986,190,6,100.0
2124,563217,225.2719,306,3,81.05
2125,563387,322.6638,170,4,89.65
2126,563905,220.5588,518,4,89.45
2127,564013,269.1645,108,3,83.59
2128,564228,711.6812,215,6,100.0
2129,564616,195.3058,388,3,81.74
2130,565216,458.6814,600,5,99.9
2131,565816,188.2029,600,3,81.25
2132,566416,255.8686,600,4,88.48
2133,566621,694.7157,205,6,100.0
2134,567221,469.8144,600,5,100.0
2135,567821,322.803,600,5,95.02
2136,568390,388.4002,569,5,99.8
2137,568990,319.4955,600,5,94.73
2138,569212,662.5351,222,6,100.0
2139,569812,145.1197,600,2,72.27
2140,570000,661.0912,188,6,100.0
2141,570600,288.354,600,4,85.64
2142,570785,428.4186,185,5,98.83
2143,571385,384.5528,600,5,94.92
2144,571475,191.1381,90,2,76.66
2145,571669,660.1655,194,6,100.0
2146,572109,176.3352,440,3,82.52
2147,572310,684.9957,201,6,100.0
2148,572775,453.171,465,5,100.0
2149,573375,231.3577,600,4,91.41
2150,573474,225.6803,99,3,82.42
2151,574074,335.5809,600,5,95.12
2152,574223,244.2095,149,3,81.25
2153,574457,161.3227,234,3,81.05
2154,575057,475.5509,600,5,100.0
2155,575657,509.4288,600,5,100.0
2156,575692,42.6645,35,1,49.51
2157,576292,357.9522,600,5,98.34
2158,576315,8.8093,23,1,20.21
2159,576419,241.6976,104,3,82.62
2160,576441,8.8607,22,1,21.19
2161,577041,338.2429,600,5,95.41
2162,577148,260.4243,107,3,82.91
2163,577185,40.1826,37,1,44.73
2164,577350,248.552,165,3,83.59
2165,577893,444.8169,543,5,100.0
2166,577911,6.2286,18,1,22.07
2167,578120,670.8401,209,6,100.0
2168,578720,361.4861,600,5,95.41
2169,578912,646.0209,192,6,100.0
2170,579174,369.0069,262,4,81.74
2171,579397,639.7063,223,6,100.0
2172,579997,316.3167,600,4,90.62
2173,580597,272.4577,600,4,90.33
2174,580714,271.3412,117,4,91.99
2175,580910,672.2221,196,6,100.0
2176,581333,241.1725,423,4,89.75
2177,581933,450.3448,600,5,99.9
2178,582533,371.4126,600,5,98.24
2179,583133,373.4,600,5,95.51
2180,583720,175.4998,587,3,83.59
2181,584103,271.8273,383,4,91.02
2182,584453,207.4717,350,3,83.3
2183,584692,488.6739,239,5,100.0
2184,584877,624.4537,185,6,100.0
2185,585026,387.7153,149,4,81.45
2186,585561,344.9052,535,4,82.23
2187,585742,623.6455,181,6,100.0
2188,586342,367.0,600,5,95.61
2189,586942,236.3553,600,3,85.94
2190,587542,422.8296,600,5,98.63
2191,587737,666.6206,195,6,100.0
2192,588337,320.5566,600,5,94.53
2193,588762,217.0944,425,3,83.59
2194,589051,484.8397,289,5,100.0
2195,589210,231.7982,159,3,82.62
2196,589393,669.7537,183,6,100.0
2197,589993,356.7848,600,5,99.61
2198,590447,424.249,454,5,99.8
2199,591047,344.1476,600,5,99.8
2200,591307,362.9729,260,5,95.61
2201,591907,364.7043,600,5,95.51
2202,592507,491.7893,600,5,100.0
2203,592691,630.7075,184,6,100.0
2204,592893,233.5189,202,3,86.23
2205,593493,279.1469,600,4,90.33
2206,594093,256.0467,600,3,88.87
2207,594693,299.6123,600,4,84.38
2208,595048,303.3117,355,4,90.04
2209,595648,458.0845,600,5,100.0
2210,596248,333.0901,600,5,95.61
2211,596848,496.5401,600,5,100.0
2212,597448,402.9009,600,5,100.0
2213,597633,658.2421,185,6,100.0
2214,598233,366.0919,600,5,95.61
2215,598833,331.9256,600,5,95.8
2216,598979,238.7492,146,3,80.86
2217,599579,330.7589,600,5,95.51
2218,599741,384.6843,162,4,82.23
2219,599913,615.2905,172,6,100.0
2220,599930,8.3112,17,1,39.94
2221,600530,309.3958,600,5,95.41
2222,601060,425.9899,530,5,100.0
2223,601660,323.5922,600,5,100.0
2224,602260,215.1139,600,3,83.89
2225,602860,248.797,600,4,94.82
2226,602884,11.9767,24,1,19.92
2227,603118,577.0134,234,6,100.0
2228,603718,360.5652,600,5,96.0
2229,604318,471.082,600,5,100.0
2230,604918,280.8356,600,5,96.0
2231,605518,321.0877,600,5,97.85
2232,606118,446.7397,600,5,100.0
2233,606718,339.4426,600,5,95.21
2234,607091,441.872,373,4,83.11
2235,607691,243.352,600,4,90.23
2236,608051,466.8096,360,5,100.0
2237,608233,657.7547,182,6,100.0
2238,608689,172.4531,456,3,83.59
2239,608882,658.6721,193,6,100.0
2240,609206,252.6733,324,3,83.79
2241,609806,294.8942,600,4,89.94
2242,610308,271.5831,502,4,87.4
2243,610771,254.6786,463,4,90.72
2244,611371,235.4352,600,3,82.71
2245,611971,178.733,600,3,81.54
2246,612152,654.2244,181,6,100.0
2247,612348,672.1083,196,6,100.0
2248,612825,189.1808,477,3,82.71
2249,613425,219.4734,600,3,84.96
2250,613786,283.6481,361,3,81.64
2251,614386,270.9128,600,4,90.43
2252,614578,665.4174,192,6,100.0
2253,614850,225.4417,272,3,83.01
2254,615450,288.4029,600,4,95.21
2255,616050,325.0257,600,3,81.05
2256,616317,241.0689,267,3,85.06
2257,616917,263.4141,600,4,90.62
2258,617517,399.4691,600,4,83.4
2259,617907,330.3695,390,4,93.95
2260,618507,237.4828,600,3,75.98
2261,618784,242.5739,277,3,80.86
2262,618948,434.6434,164,4,79.88
2263,619171,328.2613,223,4,89.26
2264,619374,576.3603,203,6,100.0
2265,619385,-11.4509,11,1,41.8
2266,619985,350.9951,600,5,97.56
2267,620255,261.352,270,3,85.84
2268,620514,718.3409,259,6,99.8
2269,620738,240.2058,224,3,83.79
2270,621338,351.8901,600,4,92.38
2271,621938,388.9703,600,4,91.89
2272,622186,319.4706,248,4,87.7
2273,622786,297.9824,600,4,91.02
2274,623046,332.1501,260,4,90.53
2275,623295,310.1177,249,4,87.89
2276,623494,674.9144,199,6,100.0
2277,624051,164.9788,557,3,81.64
2278,624279,248.9843,228,3,83.69
2279,624297,-6.1332,18,1,18.65
2280,624319,2.5299,22,1,18.65
2281,624348,1.8675,29,1,43.55
2282,624605,224.4842,257,3,81.54
2283,624910,304.3684,305,4,91.02
2284,625154,363.8527,244,4,83.01
2285,625403,330.429,249,4,88.28
2286,625747,257.1296,344,3,83.3
2287,625906,401.845,159,4,82.03
2288,626212,270.6572,306,4,92.29
2289,626812,234.2281,600,3,84.67
2290,627068,208.7729,256,3,82.23
2291,627193,334.6445,125,3,81.74
2292,627403,535.1784,210,5,95.9
2293,628003,276.9438,600,4,91.6
2294,628603,363.6998,600,5,96.39
2295,628945,462.5264,342,5,92.38
2296,629191,354.3189,246,4,87.21
2297,629496,230.387,305,3,84.47
2298,630096,264.7492,600,4,91.7
2299,630226,359.3446,130,4,82.03
2300,630826,265.1788,600,3,83.79
2301,630845,0.0121,19,1,20.61
2302,631445,435.0979,600,5,99.8
2303,632045,234.0691,600,3,81.84
2304,632645,218.6277,600,3,81.93
2305,632678,25.4097,33,1,43.26
2306,632995,227.85,317,3,81.74
2307,633201,676.9221,206,6,100.0
2308,633591,278.735,390,4,90.53
2309,634104,213.0372,513,3,81.74
2310,634653,278.5962,549,4,91.8
2311,634851,653.7496,198,6,100.0
2312,635451,448.3361,600,5,100.0
2313,636051,186.0726,600,3,78.32
2314,636068,-15.3392,17,1,14.16
2315,636286,241.6293,218,3,81.25
2316,636886,333.393,600,4,90.92
2317,637061,567.0368,175,6,99.61
2318,637456,306.2277,395,4,89.75
2319,638056,324.8996,600,5,95.9
2320,638085,20.1572,29,1,43.85
2321,638685,356.0591,600,5,98.24
2322,639254,406.0543,569,5,100.0
2323,639272,0.1049,18,1,20.8
2324,639457,648.4361,185,6,100.0
2325,640057,477.3515,600,5,91.5
2326,640294,338.785,237,4,91.31
2327,640894,267.2158,600,4,90.92
2328,641300,216.3048,406,3,81.64
2329,641900,277.0065,600,4,89.26
2330,642181,311.3842,281,4,92.29
2331,642781,267.1706,600,3,81.93
2332,642986,205.0868,205,3,81.05
2333,643586,419.3815,600,5,100.0
2334,644186,442.5122,600,5,100.0
2335,644786,336.7007,600,5,95.9
2336,645273,317.3648,487,5,95.61
2337,645851,212.5999,578,3,84.28
2338,645888,31.2115,37,1,43.16
2339,646072,650.44,184,6,100.0
2340,646672,346.1284,600,5,95.7
2341,646959,269.899,287,4,88.67
2342,647153,602.8604,194,6,100.0
2343,647392,230.0865,239,3,81.84
2344,647408,-8.6152,16,1,20.51
2345,647645,712.1802,237,6,100.0
2346,648245,275.5701,600,4,89.16
2347,648675,419.1195,430,5,100.0
2348,648880,671.6913,205,6,100.0
2349,649052,629.5441,172,6,100.0
2350,649264,669.8309,212,6,100.0
2351,649595,245.4937,331,4,90.14
2352,649823,267.8097,228,3,83.5
2353,650015,469.53,192,5,99.61
2354,650272,226.1285,257,3,81.64
2355,650872,183.2793,600,3,81.45
2356,651086,263.64,214,3,81.45
2357,651310,385.485,224,5,96.09
2358,651910,360.1892,600,5,95.51
2359,652123,676.4584,213,6,100.0
2360,652138,3.1282,15,1,44.04
2361,652342,594.4114,204,6,100.0
2362,652942,330.9698,600,5,95.51
2363,653135,585.8773,193,6,99.9
2364,653392,250.884,257,3,85.16
2365,653774,226.3344,382,3,83.59
2366,654028,231.8945,254,3,82.42
2367,654628,302.233,600,4,92.77
2368,655148,254.9457,520,4,90.23
2369,655748,200.3818,600,3,82.13
2370,656348,329.5861,600,5,95.31
2371,656523,638.8851,175,6,100.0
2372,656681,234.3969,158,3,81.64
2373,656853,242.6887,172,3,83.01
2374,657143,223.5328,290,3,82.62
2375,657743,262.5493,600,4,90.33
2376,658343,186.5482,600,3,83.59
2377,658535,657.9203,192,6,100.0
2378,659135,282.2344,600,4,93.26
2379,659557,451.4998,422,5,100.0
2380,660038,330.4694,481,5,93.36
2381,660063,-12.5888,25,1,16.99
2382,660439,364.2645,376,5,96.39
2383,660783,374.9688,344,5,96.0
2384,660978,650.6466,195,6,100.0
2385,661138,264.9051,160,3,83.11
2386,661375,291.3213,237,4,91.02
2387,661975,283.2505,600,4,89.55
2388,662506,176.4442,531,3,81.25
2389,662712,625.6791,206,6,100.0
2390,663312,347.6928,600,5,96.29
2391,663332,-12.0785,20,1,18.07
2392,663512,639.7845,180,6,100.0
2393,663879,358.4764,367,5,96.09
2394,664082,680.9666,203,6,100.0
2395,664276,583.8534,194,6,100.0
2396,664534,227.1833,258,3,85.64
2397,664770,267.5814,236,3,83.59
2398,664962,672.531,192,6,100.0
2399,665334,238.2326,372,3,81.54
2400,665531,629.9917,197,6,100.0
2401,665809,271.8862,278,4,89.94
2402,666409,338.7,600,5,95.31
2403,666946,163.7819,537,3,84.28
2404,667546,344.2587,600,5,96.09
2405,668146,248.973,600,4,90.82
2406,668329,579.9563,183,6,99.61
2407,668929,364.8893,600,5,95.21
2408,669529,332.3133,600,5,95.7
2409,669713,637.1105,184,6,100.0
2410,669945,610.9353,232,6,100.0
2411,670209,324.7735,264,4,91.6
2412,670789,288.9908,580,5,95.21
2413,670983,350.1261,194,5,91.11
2414,671005,16.7689,22,1,44.73
2415,671503,251.1857,498,4,90.23
2416,671946,451.3839,443,5,100.0
2417,672546,271.798,600,4,90.53
2418,672723,614.8161,177,6,100.0
2419,673323,305.4919,600,5,94.43
2420,673870,186.1655,547,3,81.74
2421,674054,561.6258,184,6,100.0
2422,674582,266.6025,528,5,90.04
2423,675182,330.2684,600,5,95.61
2424,675340,258.5263,158,3,81.35
2425,675940,397.8471,600,5,99.71
2426,676115,566.3364,175,6,99.51
2427,676715,344.0808,600,5,95.8
2428,677315,326.8504,600,5,95.61
2429,677700,234.0454,385,3,80.47
2430,678300,364.1077,600,5,95.8
2431,678322,-9.4499,22,1,18.07
2432,678600,561.1757,278,6,100.0
2433,679200,337.576,600,5,95.31
2434,679414,210.7244,214,3,80.96
2435,679649,273.5513,235,3,83.11
2436,679951,236.0171,302,3,80.66
2437,680191,227.7553,240,3,79.79
2438,680458,240.7235,267,3,83.01
2439,680652,632.6096,194,6,100.0
2440,680671,14.6804,19,1,23.24
2441,680696,5.0084,25,1,21.97
2442,681296,278.0348,600,4,91.31
2443,681647,218.2626,351,3,85.55
2444,681827,639.0283,180,6,100.0
2445,682040,339.2847,213,5,91.8
2446,682640,233.1067,600,3,84.86
2447,682838,600.5745,198,6,100.0
2448,683349,197.5705,511,3,81.64
2449,683949,196.8986,600,3,81.84
2450,684287,293.5689,338,4,90.92
2451,684471,646.5547,184,6,100.0
2452,684840,367.172,369,5,96.39
2453,685074,368.0517,234,5,96.78
2454,685255,640.4074,181,6,100.0
2455,685445,653.8587,190,6,100.0
2456,685671,600.1274,226,6,100.0
2457,685891,451.8995,220,5,99.9
2458,686491,210.7309,600,3,84.08
2459,686664,631.7019,173,6,100.0
2460,687264,352.68,600,5,96.39
2461,687416,271.5787,152,3,80.96
2462,688016,185.0382,600,3,83.4
2463,688616,222.479,600,3,81.74
2464,689216,302.0173,600,4,90.92
2465,689816,332.638,600,5,96.29
2466,690416,231.8839,600,3,82.91
2467,690577,222.5698,161,3,80.86
2468,690587,-11.6069,10,1,40.43
2469,691187,368.0529,600,5,95.21
2470,691407,585.4849,220,6,100.0
2471,691809,697.9249,402,6,99.9
2472,692215,326.2464,406,5,96.78
2473,692815,219.1889,600,3,83.69
2474,693008,653.9926,193,6,100.0
2475,693608,209.581,600,3,81.05
2476,694086,336.438,478,5,97.27
2477,694686,337.1135,600,5,95.51
2478,695286,277.3349,600,4,90.23
2479,695886,357.3581,600,5,95.61
2480,696486,407.2026,600,5,100.0
2481,696782,305.5331,296,4,91.21
2482,697382,395.7991,600,5,100.0
2483,697555,219.3645,173,3,83.3
2484,698155,253.211,600,4,90.23
2485,698755,240.2289,600,3,83.4
2486,698934,637.5204,179,6,99.9
2487,699534,349.8029,600,5,95.31
2488,699554,2.9729,20,1,19.63
2489,699822,306.3969,268,4,92.97
2490,700422,273.3836,600,4,91.11
2491,700907,297.6045,485,4,91.11
2492,701079,456.8607,172,5,99.71
2493,701261,468.8305,182,5,100.0
2494,701861,246.8972,600,3,84.28
2495,702049,671.9051,188,6,100.0
2496,702323,228.9454,274,3,86.04
2497,702923,332.1277,600,5,96.0
2498,703386,202.6602,463,3,82.81
2499,703667,244.7375,281,3,80.86
2500,703687,0.0584,20,1,20.41
2501,704125,322.8647,438,4,91.21
2502,704722,233.4443,597,4,90.33
2503,705096,281.8666,374,4,89.45
2504,705578,203.8556,482,4,91.02
2505,706178,314.1399,600,5,95.41
2506,706561,321.869,383,4,91.21
2507,706982,264.5842,421,4,91.6
2508,707582,284.6257,600,4,91.11
2509,707782,449.0185,200,5,99.9
2510,708382,331.9236,600,5,96.29
2511,708982,239.0213,600,3,86.13
2512,709582,247.7577,600,3,81.35
2513,710182,343.0931,600,5,97.27
2514,710782,209.4275,600,2,79.98
2515,711347,185.2672,565,3,83.4
2516,711530,666.4707,183,6,100.0
2517,712130,237.488,600,3,82.62
2518,712322,591.78,192,6,99.41
2519,712509,636.0455,187,6,100.0
2520,712691,195.6077,182,3,81.74
2521,713291,275.5875,600,4,89.75
2522,713891,284.4767,600,4,89.45
2523,714491,312.3967,600,4,90.53
2524,715091,212.1609,600,3,80.76
2525,715276,459.798,185,5,99.41
2526,715457,625.4453,181,6,100.0
2527,716057,298.2624,600,4,90.72
2528,716326,271.8079,269,3,83.79
2529,716514,472.4176,188,5,99.71
2530,717114,315.2229,600,5,97.36
2531,717714,325.1144,600,5,96.48
2532,717890,627.5225,176,6,100.0
2533,718280,302.4261,390,4,91.6
2534,718545,475.0944,265,5,99.9
2535,718714,602.9172,169,6,100.0
2536,719314,349.7557,600,5,96.39
2537,719914,304.8546,600,5,97.66
2538,719950,39.9288,36,1,48.44
2539,720550,224.1114,600,4,92.48
2540,721150,323.5791,600,5,95.9
2541,721374,570.1838,224,6,100.0
2542,721974,368.9861,600,5,96.78
2543,722431,419.121,457,5,100.0
2544,722635,581.0435,204,6,99.8
2545,722810,632.2618,175,6,100.0
2546,723410,223.8232,600,3,83.89
2547,723590,301.1218,180,4,90.14
2548,723774,652.3117,184,6,100.0
2549,724374,354.8,600,5,96.19
2550,724974,322.0753,600,5,96.48
2551,725574,354.9659,600,5,97.27
2552,726174,307.5864,600,5,96.58
2553,726774,483.207,600,5,99.9
2554,726803,10.4835,29,1,20.7
2555,726992,657.0948,189,6,100.0
2556,727161,629.714,169,6,100.0
2557,727528,304.9455,367,3,89.94
2558,728128,366.9534,600,5,95.9
2559,728505,422.3145,377,5,100.0
2560,728738,395.8454,233,5,95.9
2561,729039,241.4576,301,3,83.79
2562,729495,255.5951,456,3,83.4
2563,729740,616.35,245,6,100.0
2564,730340,205.7889,600,3,82.91
2565,730940,219.9781,600,3,81.93
2566,731141,459.4215,201,5,99.8
2567,731317,634.1182,176,6,100.0
2568,731917,270.539,600,4,93.75
2569,732129,594.9798,212,6,100.0
2570,732149,17.84,20,1,24.02
2571,732749,301.1196,600,5,96.58
2572,733079,306.3281,330,4,90.82
2573,733679,312.4197,600,5,96.88
2574,734279,323.2904,600,5,96.29
2575,734503,230.6238,224,3,82.03
2576,734757,639.0139,254,6,100.0
2577,734768,-8.5954,11,1,43.95
2578,734948,307.5232,180,4,91.7
2579,735127,631.6102,179,6,100.0
2580,735160,24.8379,33,1,43.75
2581,735372,505.4427,212,5,99.9
2582,735607,301.8498,235,4,90.82
2583,735790,309.2187,183,4,89.65
2584,736275,344.862,485,5,96.19
2585,736875,272.1646,600,4,90.53
2586,737251,282.1175,376,4,90.33
2587,737851,286.8028,600,3,84.18
2588,738032,251.8421,181,3,79.3
2589,738632,367.7,600,5,96.48
2590,739232,351.0088,600,5,96.68
2591,739832,229.3127,600,3,83.11
2592,740432,352.8955,600,5,96.58
2593,740594,358.35,162,5,96.09
2594,741194,235.8256,600,3,86.04
2595,741794,254.3984,600,4,89.65
2596,742394,321.6508,600,5,96.39
2597,742801,290.8468,407,4,89.65
2598,742855,19.5945,54,1,21.97
2599,743455,351.7621,600,5,97.17
2600,743639,645.6638,184,6,100.0
2601,744015,278.5604,376,4,90.62
2602,744615,252.0668,600,3,82.03
2603,745215,213.0507,600,3,82.42
2604,745815,458.2807,600,5,100.0
2605,746056,583.79,241,6,99.61
2606,746469,335.1801,413,5,90.53
2607,747069,303.456,600,4,90.04
2608,747337,656.5155,268,6,100.0
2609,747937,344.5,600,5,96.09
2610,748537,290.8689,600,3,83.59
2611,748825,366.4258,288,5,96.09
2612,749425,245.4685,600,3,81.45
2613,750025,315.5,600,4,91.5
2614,750218,648.7649,193,6,100.0
2615,750452,285.1832,234,3,82.52
2616,751052,207.8564,600,3,80.47
2617,751326,652.5638,274,6,100.0
2618,751926,358.6,600,4,90.82
2619,752119,671.5928,193,6,100.0
2620,752719,213.1162,600,3,87.79
2621,752898,631.4906,179,6,100.0
2622,753498,329.6733,600,5,96.39
2623,754098,224.4,600,3,82.81
2624,754698,212.1287,600,2,73.54
2625,755298,296.255,600,4,92.48
2626,755840,169.0312,542,3,81.84
2627,756221,194.8312,381,2,73.93
2628,756446,166.8744,225,2,74.71
2629,757046,328.133,600,5,95.8
2630,757240,273.6252,194,3,82.32
2631,757840,269.3164,600,4,93.85
2632,758125,636.2974,285,6,99.9
2633,758725,261.4737,600,3,83.59
2634,758911,655.6523,186,6,100.0
2635,759511,214.6026,600,3,86.52
2636,759673,270.725,162,3,82.03
2637,759865,313.8386,192,4,90.23
2638,760074,608.51,209,6,100.0
2639,760674,325.6766,600,5,96.19
2640,760702,-15.0456,28,1,14.06
2641,760939,253.6659,237,3,83.2
2642,761539,268.9395,600,3,83.79
2643,762139,287.2,600,3,83.69
2644,762319,347.1537,180,5,91.41
2645,762919,272.8824,600,3,82.52
2646,763270,200.5377,351,3,82.91
2647,763494,582.357,224,6,100.0
2648,763751,190.9948,257,2,75.1
2649,763947,669.4391,196,6,100.0
2650,764346,314.5255,399,4,92.87
2651,764924,280.2962,578,4,93.26
2652,765151,211.2073,227,2,77.05
2653,765329,327.5153,178,4,94.24
2654,765532,596.8528,203,6,99.61
2655,766132,321.8114,600,5,89.94
2656,766370,616.9133,238,6,100.0
2657,766970,253.7294,600,4,89.75
2658,767179,632.31,209,6,99.8
2659,767403,636.3885,224,6,100.0
2660,767624,256.2264,221,3,79.49
2661,767923,365.5723,299,5,92.29
2662,768093,596.4734,170,6,100.0
2663,768693,289.5465,600,4,91.21
2664,769293,351.9,600,5,96.19
2665,769812,209.4063,519,3,83.11
2666,770412,350.7394,600,5,96.88
2667,770622,338.6243,210,5,92.68
2668,771113,275.3831,491,4,90.14
2669,771289,629.4407,176,6,100.0
2670,771626,355.3302,337,5,95.51
2671,772103,283.2546,477,4,92.09
2672,772703,343.0,600,5,96.09
2673,773303,239.1581,600,4,89.65
2674,773903,331.0182,600,4,93.36
2675,774198,312.1601,295,4,90.04
2676,774442,658.3083,244,6,100.0
2677,775042,267.7423,600,3,83.59
2678,775257,342.3635,215,5,90.82
2679,775442,303.2645,185,4,90.82
2680,775598,387.7793,156,4,87.21
2681,776145,285.2959,547,5,92.87
2682,776745,307.3213,600,4,90.23
2683,776981,632.4344,236,6,100.0
2684,777168,635.7145,187,6,100.0
2685,777415,640.2371,247,6,99.9
2686,777899,322.682,484,4,89.84
2687,778087,295.3236,188,4,90.72
2688,778687,285.7004,600,4,92.58
2689,779287,237.3557,600,3,84.28
2690,779745,323.1159,458,5,96.29
2691,779954,306.4046,209,4,90.14
2692,780411,242.2521,457,3,83.5
2693,781011,336.1787,600,5,96.0
2694,781611,290.7899,600,5,90.72
2695,781791,268.105,180,3,90.23
2696,781811,-3.2749,20,1,21.48
2697,782244,313.3051,433,5,91.31
2698,782421,349.108,177,5,93.16
2699,782575,223.274,154,3,79.98
2700,782957,331.554,382,5,91.11
2701,783557,242.3,600,3,82.91
2702,783741,628.2428,184,6,100.0
2703,783939,667.9211,198,6,100.0
2704,784171,372.0329,232,5,93.75
2705,784288,333.9946,117,4,94.92
2706,784752,311.2083,464,5,91.5
2707,784962,310.3069,210,5,90.14
2708,785562,279.3541,600,4,91.02
2709,786162,319.9,600,5,92.77
2710,786382,231.5352,220,3,81.93
2711,786982,342.3539,600,5,96.88
2712,787582,295.3896,600,3,83.5
2713,788182,241.6581,600,3,89.45
2714,788506,323.2942,324,5,90.33
2715,788728,585.652,222,6,99.8
2716,788907,637.4917,179,6,100.0
2717,789089,640.4745,182,6,100.0
2718,789689,270.5831,600,4,82.91
2719,790289,208.0743,600,3,83.11
2720,790889,233.4226,600,3,83.59
2721,791314,287.0591,425,5,90.72
2722,791914,248.8273,600,4,91.5
2723,792514,282.4996,600,3,82.91
2724,792652,309.5543,138,4,89.06
2725,793252,467.7021,600,5,89.16
2726,793437,617.8851,185,6,100.0
2727,793454,9.5633,17,1,21.39
2728,793486,38.8562,32,1,46.29
2729,794086,272.3,600,3,84.28
2730,794686,350.4982,600,4,95.9
2731,794858,483.1447,172,5,96.97
2732,795280,307.2949,422,5,91.41
2733,795486,593.2273,206,6,100.0
2734,796086,306.5947,600,5,89.94
2735,796110,-6.6784,24,1,18.85
2736,796702,177.6709,592,3,90.14
2737,796966,628.96,264,6,100.0
2738,797429,253.0641,463,3,82.32
2739,797678,600.7001,249,6,100.0
2740,798246,292.9027,568,4,90.33
2741,798846,215.7701,600,4,89.45
2742,799446,312.3268,600,5,95.21
2743,799633,604.3114,187,6,99.51
2744,800233,366.6605,600,5,96.0
2745,800427,642.9388,194,6,99.9
2746,800640,306.5946,213,5,89.94
2747,800836,664.5007,196,6,100.0
2748,800983,198.2144,147,2,75.68
2749,801583,317.8477,600,5,95.8
2750,802183,356.7089,600,5,95.8
2751,802409,227.6418,226,3,81.54
2752,802989,265.5494,580,4,92.29
2753,803589,260.7917,600,4,92.97
2754,803646,25.6397,57,1,22.07
2755,803832,598.2473,186,6,100.0
2756,803949,182.6138,117,2,79.49
2757,804549,313.9401,600,5,96.29
2758,804917,282.4891,368,4,94.14
2759,805517,217.4068,600,4,89.16
2760,805699,654.972,182,6,100.0
2761,805719,2.8526,20,1,18.55
2762,806176,322.8972,457,5,89.75
2763,806776,271.2889,600,4,90.04
2764,807376,343.5695,600,5,95.9
2765,807976,314.6842,600,5,95.7
2766,808576,346.6599,600,5,92.48
2767,808716,187.0317,140,2,74.61
2768,808928,584.68,212,6,99.9
2769,809422,310.2461,494,5,96.0
2770,810022,330.1,600,5,96.48
2771,810622,254.304,600,4,90.62
2772,811222,299.9214,600,4,91.02
2773,811403,590.0344,181,6,99.41
2774,811634,290.6995,231,4,92.97
2775,812108,267.5249,474,5,91.6
2776,812708,226.5063,600,3,83.01
2777,813308,256.2797,600,4,95.31
2778,813493,591.8633,185,6,99.71
2779,814093,310.8892,600,5,98.44
2780,814332,602.0652,239,6,100.0
2781,814892,254.8097,560,5,92.38
2782,815492,227.7935,600,3,83.11
2783,816092,249.4879,600,3,82.62
2784,816132,53.1305,40,1,46.29
2785,816260,360.5641,128,4,92.87
2786,816469,331.8217,209,5,90.92
2787,816516,59.8301,47,1,48.44
2788,816608,237.132,92,3,81.25
2789,817208,213.5617,600,3,83.89
2790,817808,341.9415,600,5,96.29
2791,817832,2.3309,24,1,20.9
2792,818172,291.1418,340,5,90.23
2793,818772,330.0,600,5,95.31
2794,818793,-0.5936,21,1,20.51
2795,819393,353.2,600,5,95.61
2796,819417,-0.6745,24,1,17.09
2797,819606,666.4408,189,6,100.0
2798,820206,240.0865,600,4,90.43
2799,820429,706.5489,223,6,100.0
2800,820562,353.1723,133,4,92.87
2801,821162,234.3755,600,3,83.4
2802,821348,565.4308,186,6,99.51
2803,821948,320.7745,600,5,96.58
2804,822548,369.8272,600,5,96.0
2805,822761,676.7146,213,6,100.0
2806,822780,-11.9033,19,1,17.77
2807,822805,-3.8159,25,1,21.29
2808,823405,278.8541,600,4,89.65
2809,823618,627.8802,213,6,99.71
2810,823811,666.509,193,6,100.0
2811,824011,678.0075,200,6,100.0
2812,824611,198.7077,600,3,83.2
2813,825211,254.7326,600,3,82.91
2814,825411,652.4278,200,6,100.0
2815,825943,261.6247,532,3,83.01
2816,826294,312.2734,351,5,91.6
2817,826517,601.07,223,6,100.0
2818,826704,583.33,187,6,99.51
2819,826730,23.2362,26,1,40.82
2820,827266,286.5871,536,5,92.38
2821,827352,165.3627,86,2,64.36
2822,827677,224.8321,325,2,74.9
2823,827943,677.04,266,6,99.41
2824,828543,365.5053,600,5,95.21
2825,828757,607.2036,214,6,99.8
2826,829357,251.6413,600,3,83.3
2827,829957,222.65,600,4,89.16
2828,830309,261.6808,352,5,88.77
2829,830733,288.2083,424,5,89.45
2830,830980,275.2723,247,3,83.2
2831,831163,643.4644,183,6,100.0
2832,831763,367.5,600,5,95.8
2833,832363,326.9298,600,5,95.61
2834,832963,346.2469,600,5,100.0
2835,832985,11.594,22,1,21.97
2836,833158,630.0258,173,6,100.0
2837,833758,432.6327,600,5,90.92
2838,834358,252.677,600,4,90.04
2839,834958,276.213,600,4,93.26
2840,835235,352.3693,277,5,96.58
2841,835835,282.25,600,4,93.75
2842,836435,239.5098,600,4,89.55
2843,836621,660.607,186,6,100.0
2844,836872,324.9626,251,5,92.48
2845,837097,576.2223,225,6,100.0
2846,837697,199.6626,600,3,82.81
2847,838297,320.5158,600,5,96.68
2848,838318,-0.2181,21,1,19.34
2849,838542,608.8693,224,6,100.0
2850,839064,299.6578,522,5,96.68
2851,839265,578.644,201,6,99.8
2852,839865,364.615,600,5,95.21
2853,840465,274.5454,600,4,92.87
2854,841065,97.4892,600,2,55.86
2855,841288,626.4612,223,6,99.61
2856,841888,315.1358,600,4,90.62
2857,842069,606.1426,181,6,100.0
2858,842669,331.7188,600,5,96.09
2859,843269,259.8592,600,4,93.85
2860,843869,319.193,600,5,96.39
2861,844469,355.6423,600,5,99.8
2862,844657,580.2533,188,6,99.41
2863,844867,320.7263,210,5,93.07
2864,844885,-2.7384,18,1,20.9
2865,845075,583.3458,190,6,99.8
2866,845278,591.5461,203,6,100.0
2867,845677,241.4633,399,3,83.11
2868,846215,290.1366,538,5,92.19
2869,846433,224.8853,218,3,81.74
2870,846641,700.9826,208,6,100.0
2871,846820,608.3835,179,6,100.0
2872,846993,554.0821,173,6,100.0
2873,847152,247.561,159,3,81.74
2874,847330,575.32,178,6,100.0
2875,847520,665.2376,190,6,100.0
2876,847697,535.4442,177,6,99.41
2877,848297,228.6634,600,4,91.5
2878,848897,368.5417,600,5,95.7
2879,849079,580.0703,182,6,99.51
2880,849270,651.6574,191,6,100.0
2881,849291,5.8546,21,1,20.7
2882,849474,586.81,183,6,99.41
2883,849652,545.12,178,6,99.8
2884,849949,290.2375,297,5,90.23
2885,850488,211.1112,539,3,83.01
2886,850675,577.724,187,6,99.51
2887,851219,251.5914,544,5,92.19
2888,851819,285.4311,600,4,91.02
2889,852419,330.1,600,5,97.17
2890,852746,311.4519,327,5,90.62
2891,852922,629.2186,176,6,100.0
2892,853097,331.8381,175,5,90.92
2893,853406,219.4882,309,3,83.79
2894,853576,617.2869,170,6,100.0
2895,853758,649.0682,182,6,100.0
2896,853947,597.9295,189,6,99.9
2897,854160,348.2121,213,5,90.23
2898,854760,329.1,600,5,96.68
2899,855360,308.8145,600,4,91.41
2900,855538,569.2967,178,6,99.32
2901,855729,607.0153,191,6,100.0
2902,855916,559.4259,187,6,99.51
2903,856096,320.6085,180,5,91.7
2904,856696,256.0798,600,3,82.81
2905,856881,630.827,185,6,100.0
2906,857481,197.361,600,3,83.4
2907,857661,630.2669,180,6,100.0
2908,857961,244.884,300,3,83.4
2909,858168,605.602,207,6,99.9
2910,858768,272.3626,600,4,91.11
2911,858944,569.84,176,6,99.8
2912,859544,260.5898,600,4,92.48
2913,859564,11.8284,20,1,22.36
2914,860164,328.3171,600,5,96.48
2915,860524,248.5905,360,4,83.2
2916,861086,169.0254,562,3,83.4
2917,861334,254.621,248,3,84.08
2918,861789,200.8046,455,3,83.79
2919,861965,623.5923,176,6,100.0
2920,862565,343.606,600,5,96.09
2921,863165,352.288,600,5,96.39
2922,863765,296.9896,600,4,89.26
2923,864280,274.7694,515,5,90.04
2924,864880,343.99,600,5,95.41
2925,865480,266.531,600,4,90.04
2926,866080,248.2433,600,4,91.41
2927,866252,616.5791,172,6,100.0
2928,866433,565.69,181,6,99.61
2929,866622,671.2399,189,6,100.0
2930,867222,270.9386,600,3,84.28
2931,867408,643.106,186,6,100.0
2932,868008,226.3843,600,3,83.59
2933,868197,601.11,189,6,99.51
2934,868374,639.7409,177,6,100.0
2935,868781,300.6632,407,5,90.72
2936,869005,269.6863,224,4,90.04
2937,869037,37.2955,32,1,44.14
2938,869223,646.7717,186,6,100.0
2939,869404,645.3042,181,6,100.0
2940,870004,252.647,600,4,91.5
2941,870604,279.0157,600,4,90.82
2942,870857,310.9855,253,3,83.4
2943,871314,224.1667,457,3,84.18
2944,871506,267.5258,192,3,84.57
2945,871694,672.2031,188,6,100.0
2946,872294,308.9571,600,3,91.8
2947,872894,326.5641,600,3,77.05
2948,873081,254.1864,187,3,82.71
2949,873681,222.5144,600,3,84.08
2950,873876,579.45,195,6,100.0
2951,874476,222.6175,600,3,81.74
2952,874731,323.3609,255,5,89.94
2953,875196,317.0935,465,5,96.68
2954,875393,609.53,197,6,99.9
2955,875579,574.585,186,6,99.41
2956,876179,261.3129,600,4,91.6
2957,876488,228.7082,309,3,82.62
2958,876849,341.9805,361,5,96.09
2959,877449,280.7354,600,4,89.55
2960,877757,241.2628,308,3,82.81
2961,878357,257.0787,600,4,90.43
2962,878559,626.3019,202,6,99.9
2963,878752,663.6131,193,6,100.0
2964,878942,606.7085,190,6,99.71
2965,879542,375.7469,600,5,99.32
2966,879735,615.87,193,6,100.0
2967,879924,644.1545,189,6,100.0
2968,880138,308.4093,214,5,90.72
2969,880738,215.3283,600,3,80.76
2970,881058,296.8916,320,5,90.33
2971,881248,585.8,190,6,99.41
2972,881396,388.279,148,4,92.77
2973,881600,566.0786,204,6,99.8
2974,882200,337.8,600,5,97.17
2975,882427,548.688,227,6,100.0
2976,882803,240.9955,376,3,83.59
2977,882982,264.8581,179,3,87.99
2978,882998,-14.8101,16,1,19.34
2979,883598,348.9824,600,5,95.61
2980,883890,635.0237,292,6,99.71
2981,884490,334.6884,600,5,95.7
2982,885090,339.4497,600,5,95.7
2983,885307,229.0921,217,3,81.54
2984,885907,208.5427,600,3,81.74
2985,886507,316.1618,600,5,96.68
2986,886960,488.0394,453,6,99.9
2987,887431,375.432,471,4,94.24
2988,888031,228.2447,600,3,83.01
2989,888222,618.1515,191,6,100.0
2990,888822,229.337,600,3,82.81
2991,889171,462.3681,349,5,99.61
2992,889296,298.1594,125,3,92.87
2993,889476,556.9989,180,6,99.32
2994,889816,339.8354,340,5,96.68
2995,890108,296.9667,292,4,90.72
2996,890577,311.7403,469,5,97.17
2997,890810,257.8548,233,3,83.01
2998,891410,280.8672,600,4,90.82
2999,891721,247.8035,311,3,83.01
3000,892321,247.4259,600,3,81.64
3001,892921,382.5946,600,5,95.9
3002,893521,281.1334,600,3,85.94
3003,894121,243.4761,600,3,82.52
3004,894495,322.3184,374,5,90.92
3005,894722,254.755,227,3,83.5
3006,895322,277.4706,600,4,90.92
3007,895922,221.6474,600,3,83.3
3008,896103,569.09,181,6,99.41
3009,896703,419.761,600,3,79.39
3010,897303,427.8878,600,5,100.0
3011,897903,242.9194,600,3,85.55
3012,898503,305.8912,600,5,95.61
3013,899103,357.6,600,5,96.0
3014,899273,617.0563,170,6,100.0
3015,899873,289.0734,600,4,90.04
3016,900455,270.4282,582,5,89.94
3017,901055,295.8993,600,4,91.21
3018,901389,283.3201,334,5,90.33
3019,901989,293.8928,600,4,91.11
3020,902589,322.2331,600,5,95.7
3021,903189,353.8723,600,5,97.27
3022,903372,651.803,183,6,100.0
3023,903703,252.3121,331,4,83.98
3024,904303,229.2666,600,3,74.8
3025,904531,593.2964,228,6,100.0
3026,905131,246.4233,600,3,83.98
3027,905731,362.7683,600,5,95.21
3028,905924,662.0242,193,6,99.9
3029,906108,632.841,184,6,100.0
3030,906352,251.2976,244,3,83.3
3031,906527,623.6416,175,6,100.0
3032,907127,276.6571,600,5,90.62
3033,907727,240.9326,600,4,84.47
3034,907941,613.8107,214,6,100.0
3035,908129,658.2127,188,6,100.0
3036,908729,343.5276,600,5,95.31
3037,908930,589.0287,201,6,100.0
3038,909120,313.4631,190,4,92.87
3039,909416,249.8521,296,3,83.98
3040,909593,623.1237,177,6,100.0
3041,910193,344.5,600,5,96.97
3042,910651,263.5654,458,5,90.72
3043,910841,634.4156,190,6,100.0
3044,911424,221.4896,583,5,90.53
3045,911659,297.3801,235,4,91.6
3046,912259,308.0996,600,5,96.39
3047,912859,233.2957,600,3,82.91
3048,913353,249.9505,494,5,91.7
3049,913953,381.3463,600,5,95.8
3050,914397,311.7904,444,5,92.48
3051,914593,627.64,196,6,99.71
3052,915193,317.9473,600,5,95.9
3053,915371,621.0801,178,6,100.0
3054,915971,284.2914,600,4,90.43
3055,916571,267.6998,600,4,91.8
3056,916768,573.8206,197,6,99.8
3057,917368,321.1542,600,5,95.8
3058,917968,298.1179,600,4,92.58
3059,918568,235.6998,600,3,84.18
3060,918783,637.75,215,6,99.9
3061,919237,294.6486,454,5,90.23
3062,919434,603.813,197,6,99.8
3063,919613,620.3124,179,6,100.0
3064,919909,258.4152,296,4,83.5
3065,920212,210.1425,303,3,82.81
3066,920227,-2.8972,15,1,42.09
3067,920827,282.8395,600,4,91.89
3068,921012,341.5125,185,4,90.62
3069,921185,629.7148,173,6,100.0
3070,921524,302.7826,339,5,89.84
3071,921790,278.1006,266,4,91.7
3072,922191,208.1759,401,3,83.11
3073,922382,655.4393,191,6,100.0
3074,922573,603.1218,191,6,99.9
3075,922754,637.8825,181,6,100.0
3076,922994,271.5482,240,3,83.01
3077,923468,213.8024,474,2,80.18
3078,923536,159.7505,68,2,55.66
3079,923773,262.1792,237,3,83.98
3080,923990,631.63,217,6,99.9
3081,924590,236.5809,600,3,83.5
3082,925190,361.5428,600,5,95.7
3083,925790,287.7457,600,5,91.11
3084,926248,304.2914,458,4,90.43
3085,926848,291.9189,600,5,93.26
3086,926925,179.8266,77,2,54.79
3087,927106,644.2113,181,6,100.0
3088,927292,500.3296,186,5,98.93
3089,927502,602.3,210,6,100.0
3090,928102,289.2746,600,4,92.48
3091,928702,261.5799,600,4,90.04
3092,928930,272.9763,228,3,83.11
3093,929159,605.3034,229,6,100.0
3094,929759,235.5676,600,3,83.5
3095,930359,244.8983,600,3,84.08
3096,930546,585.728,187,6,100.0
3097,930565,-2.8533,19,1,17.87
3098,930780,621.8919,215,6,100.0
3099,931177,290.3779,397,4,90.82
3100,931195,-2.8701,18,1,18.85
3101,931795,302.8779,600,4,90.43
3102,931972,626.7889,177,6,100.0
3103,932572,205.2989,600,3,80.57
3104,933172,293.5318,600,5,94.92
3105,933772,225.5668,600,3,83.2
3106,934153,283.7207,381,5,91.8
3107,934710,282.0691,557,5,89.94
3108,934893,623.6469,183,6,100.0
3109,935442,243.0072,549,5,90.04
3110,936042,246.387,600,4,89.26
3111,936642,365.5515,600,5,95.7
3112,936859,353.815,217,5,92.29
3113,937082,339.9956,223,5,91.21
3114,937404,287.7089,322,3,83.01
3115,938004,317.8393,600,5,96.09
3116,938604,293.2267,600,4,89.45
3117,939204,344.9077,600,5,96.48
3118,939517,543.8641,313,6,100.0
3119,940117,334.959,600,5,95.9
3120,940717,321.8869,600,5,95.9
3121,940903,603.7617,186,6,99.41
3122,941343,237.4455,440,4,88.87
3123,941547,605.3655,204,6,99.8
3124,941781,242.7102,234,3,83.2
3125,942381,512.464,600,5,99.32
3126,942580,603.61,199,6,99.9
3127,942774,582.5048,194,6,100.0
3128,942961,625.0073,187,6,100.0
3129,943561,237.6442,600,4,90.92
3130,944161,263.1593,600,4,90.72
3131,944526,254.7999,365,5,91.41
3132,945126,249.1212,600,3,83.89
3133,945146,-8.9944,20,1,19.34
3134,945330,577.7862,184,6,99.51
3135,945519,648.2181,189,6,100.0
3136,945687,589.891,168,6,99.9
3137,946287,335.087,600,4,90.62
3138,946887,309.5031,600,5,91.31
3139,947066,618.1795,179,6,100.0
3140,947666,333.236,600,5,96.48
3141,948266,329.3637,600,5,91.99
3142,948866,246.2481,600,3,83.89
3143,949466,260.0505,600,4,90.04
3144,949621,126.0156,155,1,59.08
3145,949952,359.2992,331,4,90.92
3146,950552,317.3711,600,5,90.72
3147,950727,608.3815,175,6,100.0
3148,950928,592.4769,201,6,100.0
3149,951528,367.6213,600,5,100.0
3150,951718,609.3368,190,6,99.41
3151,952035,557.5083,317,6,100.0
3152,952215,475.4992,180,5,98.93
3153,952414,602.5648,199,6,100.0
3154,953014,330.6571,600,5,95.9
3155,953614,343.2151,600,5,96.09
3156,953936,342.9488,322,5,96.0
3157,954108,579.9826,172,6,100.0
3158,954294,580.5354,186,6,99.61
3159,954465,617.1672,171,6,100.0
3160,954675,298.133,210,5,89.75
3161,954959,308.038,284,5,90.14
3162,955559,210.1288,600,3,83.2
3163,955575,-23.3971,16,1,19.04
3164,955752,632.5485,177,6,100.0
3165,956352,325.5394,600,5,96.58
3166,956952,324.8849,600,5,95.61
3167,957129,626.7067,177,6,100.0
3168,957334,605.088,205,6,99.8
3169,957526,624.7143,192,6,100.0
3170,958126,320.5355,600,5,95.7
3171,958657,557.3969,531,6,99.8
3172,959257,230.8869,600,3,83.59
3173,959449,615.9669,192,6,100.0
3174,960049,222.4513,600,3,82.91
3175,960649,201.9027,600,3,83.5
3176,960861,589.145,212,6,100.0
3177,961461,256.4265,600,4,92.38
3178,962061,292.8049,600,5,92.68
3179,962661,335.6078,600,4,92.58
3180,963261,332.0384,600,5,96.09
3181,963861,303.744,600,5,96.29
3182,964461,330.27,600,5,96.09
3183,964640,614.8376,179,6,100.0
3184,965240,335.4192,600,5,95.8
3185,965840,326.5303,600,5,95.9
3186,966439,255.0143,599,4,91.21
3187,966854,258.9519,415,4,90.14
3188,967454,304.6741,600,5,96.68
3189,968054,242.3431,600,3,82.91
3190,968320,641.2056,266,6,99.71
3191,968920,236.4309,600,4,91.41
3192,969520,245.0457,600,3,82.52
3193,969544,11.5344,24,1,21.09
3194,970144,275.9558,600,5,90.43
3195,970744,249.4552,600,4,91.02
3196,970961,365.1044,217,5,91.21
3197,970988,13.6317,27,1,21.0
3198,971419,610.2082,431,6,100.0
3199,972019,320.9384,600,5,96.48
3200,972591,200.7707,572,3,83.5
3201,972787,609.3807,196,6,99.71
3202,972965,243.2256,178,3,83.59
3203,973149,577.6498,184,6,99.51
3204,973365,586.14,216,6,99.41
3205,973965,245.2534,600,3,83.59
3206,973984,-15.1175,19,1,17.97
3207,974584,194.162,600,3,83.5
3208,975184,324.3512,600,5,92.77
3209,975395,589.0193,211,6,99.8
3210,975995,299.3037,600,5,96.68
3211,976595,261.9326,600,4,89.94
3212,977195,300.5906,600,5,96.0
3213,977795,270.8827,600,4,89.94
3214,978040,296.3702,245,3,83.4
3215,978640,223.2835,600,3,83.89
3216,979240,277.1409,600,3,83.59
3217,979840,287.024,600,4,91.02
3218,980440,304.4542,600,5,96.09
3219,981040,234.8872,600,3,83.98
3220,981640,231.5094,600,3,83.4
3221,982240,346.0212,600,5,95.21
3222,982830,155.5367,590,3,83.5
3223,983001,608.4455,171,6,100.0
3224,983282,312.9634,281,5,90.14
3225,983508,565.2391,226,6,99.9
3226,984108,252.2601,600,4,90.62
3227,984297,579.2108,189,6,100.0
3228,984467,539.5091,170,6,99.61
3229,985067,227.0609,600,4,88.96
3230,985667,303.1011,600,5,95.51
3231,985854,565.3826,187,6,100.0
3232,986042,339.7004,188,5,92.19
3233,986642,239.1015,600,4,91.41
3234,987242,313.9986,600,4,89.94
3235,987842,323.0037,600,5,96.0
3236,988042,606.3,200,6,100.0
3237,988642,318.2026,600,5,95.9
3238,988759,324.8973,117,4,93.36
3239,988792,33.3371,33,1,45.12
3240,989392,302.0817,600,5,96.48
3241,989573,615.2356,181,6,100.0
3242,989825,340.8053,252,5,90.14
3243,989844,2.8899,19,1,22.56
3244,989874,0.807,30,1,20.7
3245,990050,486.6726,176,5,99.32
3246,990245,603.4834,195,6,100.0
3247,990437,615.3903,192,6,99.9
3248,990623,591.7759,186,6,99.61
3249,991223,277.9136,600,4,91.31
3250,991411,334.9139,188,5,90.43
3251,991635,316.922,224,5,90.53
3252,992235,244.3194,600,4,90.62
3253,992272,32.8816,37,1,44.34
3254,992872,256.6723,600,3,84.38
3255,993055,642.5955,183,6,100.0
3256,993655,242.5455,600,4,90.53
3257,993858,313.1449,203,5,89.16
3258,994458,204.7124,600,3,83.98
3259,995058,332.6588,600,5,98.83
3260,995658,308.0518,600,5,95.61
3261,995777,342.6479,119,4,94.92
3262,996377,298.0159,600,5,96.09
3263,996577,636.3,200,6,99.9
3264,996760,585.5746,183,6,99.71
3265,997148,263.419,388,3,83.3
3266,997748,295.0037,600,4,93.65
3267,998348,241.1276,600,4,91.7
3268,998948,311.7748,600,5,96.78
3269,999548,337.1712,600,5,96.39
