episode,timestep,ep_return,steps,explored_voxels,coverage_pct,visited_rooms,success,crashed,min_lidar,ent_coef,actor_loss,critic_loss
1,248,-11.12,31,358,35.0,1,0,1,0.189,0.005,0.0,0.0
2,272,31.2,34,485,47.4,1,0,1,0.077,0.005,0.0,0.0
3,944,16.34,118,406,39.6,1,0,1,0.181,0.005,0.0,0.0
4,960,2.69,120,376,36.7,1,0,1,0.141,0.005,0.0,0.0
5,1072,29.41,134,409,39.9,1,0,1,0.163,0.005,0.0,0.0
6,1416,20.88,143,469,45.8,1,0,1,0.118,0.005,0.0,0.0
7,1552,-2.24,74,214,20.9,1,0,1,0.152,0.005,0.0,0.0
8,2520,55.68,315,473,46.2,1,0,1,0.168,0.005,0.0,0.0
9,3120,-32.83,390,287,28.0,1,0,1,0.125,0.005,0.0,0.0
10,3184,-4.78,83,356,34.8,1,0,1,0.163,0.005,0.0,0.0
11,3456,27.25,255,332,32.4,1,0,1,0.174,0.005,0.0,0.0
12,3456,20.52,42,214,20.9,1,0,1,0.141,0.005,0.0,0.0
13,3736,-32.3,273,211,20.6,1,0,1,0.144,0.005,0.0,0.0
14,3872,-13.44,86,329,32.1,1,0,1,0.187,0.005,0.0,0.0
15,4152,78.34,385,493,48.1,1,0,1,0.22,0.005,0.0,0.0
16,4152,-16.75,35,404,39.5,1,0,1,0.151,0.005,0.0,0.0
17,4528,-27.36,134,263,25.7,1,0,1,0.202,0.005,0.0,0.0
18,4800,75.72,600,373,36.4,1,0,0,2.841,0.005,0.0,0.0
19,5048,213.95,600,534,52.1,2,0,0,1.085,0.005,0.0,0.0
20,5608,-13.08,182,370,36.1,1,0,1,0.151,0.005,0.0,0.0
21,5744,185.8,600,577,56.3,1,0,0,1.655,0.005,0.0,0.0
22,5896,-59.67,270,427,41.7,1,0,1,0.192,0.005,0.0,0.0
23,6416,-58.31,202,268,26.2,1,0,1,0.193,0.005,0.0,0.0
24,6992,20.45,355,300,29.3,1,0,1,0.1,0.005,0.0,0.0
25,7568,31.23,144,410,40.0,1,0,1,0.132,0.005,0.0,0.0
26,8256,127.6,600,388,37.9,1,0,0,2.053,0.005,-0.0145,68.7211
27,9232,-16.2,122,203,19.8,1,0,1,0.017,0.005,-0.0145,68.7211
28,9328,57.87,600,466,45.5,1,0,0,2.498,0.005,-0.0145,68.7211
29,9720,60.01,269,499,48.7,1,0,1,0.079,0.005,-0.0145,68.7211
30,9848,115.5,600,360,35.2,1,0,0,2.508,0.005,-0.0145,68.7211
31,9968,-2.86,15,441,43.1,1,0,1,0.039,0.005,-0.0145,68.7211
32,9992,90.24,95,527,51.5,1,0,1,0.169,0.005,-0.0145,68.7211
33,10328,63.04,76,461,45.0,1,0,1,0.185,0.005,-0.0145,68.7211
34,10408,185.6,600,407,39.7,1,0,0,1.526,0.005,-0.0145,68.7211
35,10544,364.38,600,533,52.1,2,0,0,0.989,0.005,-0.0145,68.7211
36,10696,62.65,600,331,32.3,1,0,0,2.141,0.005,-0.0145,68.7211
37,11792,322.5,600,684,66.8,1,0,0,1.912,0.005,-0.0145,68.7211
38,12560,10.09,233,404,39.5,1,0,1,0.079,0.005,-0.0145,68.7211
39,13320,300.21,364,507,49.5,2,0,1,0.105,0.005,-0.0145,68.7211
40,13368,335.68,505,674,65.8,2,0,1,0.203,0.005,-0.0145,68.7211
41,13392,273.83,383,563,55.0,2,0,1,0.178,0.005,-0.0145,68.7211
42,13424,49.21,432,325,31.7,1,0,1,0.149,0.005,-0.0145,68.7211
43,13488,5.01,21,435,42.5,1,0,1,0.089,0.005,-0.0145,68.7211
44,13728,231.1,398,556,54.3,2,0,1,0.198,0.005,-0.0145,68.7211
45,14792,251.39,600,592,57.8,2,0,0,0.638,0.005,-0.0145,68.7211
46,15504,118.38,267,293,28.6,1,0,1,0.051,0.005,-0.0145,68.7211
47,16592,238.1,600,662,64.6,1,0,0,1.664,0.005,-0.0128,88.6133
48,16616,18.09,228,469,45.8,1,0,1,0.089,0.005,-0.0128,88.6133
49,17360,134.2,600,378,36.9,1,0,0,2.271,0.005,-0.0128,88.6133
50,18192,404.92,600,679,66.3,2,0,0,0.801,0.005,-0.0128,88.6133
51,18224,104.2,600,376,36.7,1,0,0,2.537,0.005,-0.0128,88.6133
52,18288,335.74,600,632,61.7,2,0,0,1.172,0.005,-0.0128,88.6133
53,18528,301.06,600,590,57.6,2,0,0,1.656,0.005,-0.0128,88.6133
54,18680,35.13,57,224,21.9,1,0,1,0.128,0.005,-0.0128,88.6133
55,18896,224.0,288,520,50.8,1,0,1,0.088,0.005,-0.0128,88.6133
56,20304,267.0,600,647,63.2,1,0,0,1.456,0.005,-0.0128,88.6133
57,20936,-7.98,447,216,21.1,1,0,1,0.199,0.005,-0.0128,88.6133
58,21160,10.75,28,215,21.0,1,0,1,0.125,0.005,-0.0128,88.6133
59,21200,16.89,364,231,22.6,1,0,1,0.031,0.005,-0.0128,88.6133
60,21416,477.85,600,819,80.0,3,0,0,2.483,0.005,-0.0128,88.6133
61,21560,2.74,333,237,23.1,1,0,1,0.212,0.005,-0.0128,88.6133
62,22640,167.85,153,559,54.6,2,0,1,0.195,0.005,-0.0128,88.6133
63,22992,389.87,600,719,70.2,2,0,0,1.548,0.005,-0.0128,88.6133
64,23328,338.4,600,703,68.7,2,0,0,1.77,0.005,-0.0128,88.6133
65,23400,108.47,95,506,49.4,1,0,1,0.112,0.005,-0.0128,88.6133
66,23480,203.3,600,645,63.0,1,0,0,2.514,0.005,-0.0128,88.6133
67,25104,177.8,600,448,43.8,1,0,0,2.362,0.005,-0.0083,94.7782
68,25144,213.59,208,512,50.0,2,0,1,0.061,0.005,-0.0083,94.7782
69,25624,269.65,278,663,64.7,1,0,1,0.197,0.005,-0.0083,94.7782
70,25752,278.94,303,565,55.2,2,0,1,0.172,0.005,-0.0083,94.7782
71,25960,332.1,600,688,67.2,1,0,0,1.589,0.005,-0.0083,94.7782
72,26000,295.69,600,697,68.1,2,0,0,2.308,0.005,-0.0083,94.7782
73,26016,39.91,33,453,44.2,1,0,1,0.169,0.005,-0.0083,94.7782
74,26360,284.3,600,686,67.0,1,0,0,1.521,0.005,-0.0083,94.7782
75,26560,95.84,75,502,49.0,1,0,1,0.171,0.005,-0.0083,94.7782
76,26560,32.29,68,230,22.5,1,0,1,0.153,0.005,-0.0083,94.7782
77,26584,16.67,73,211,20.6,1,0,1,0.141,0.005,-0.0083,94.7782
78,27464,20.07,110,210,20.5,1,0,1,0.104,0.005,-0.0083,94.7782
79,27792,285.5,600,690,67.4,2,0,0,1.52,0.005,-0.0083,94.7782
80,28088,17.26,37,224,21.9,1,0,1,0.204,0.005,-0.0083,94.7782
81,29904,403.9,600,778,76.0,3,0,0,1.516,0.005,-0.0083,94.7782
82,29944,260.26,600,584,57.0,2,0,0,0.998,0.005,-0.0083,94.7782
83,30424,420.52,600,728,71.1,2,0,0,0.896,0.005,-0.0083,94.7782
84,31160,511.2,600,889,86.8,4,0,0,1.501,0.005,-0.0083,94.7782
85,31176,206.88,159,557,54.4,2,0,1,0.0,0.005,-0.0083,94.7782
86,31360,389.26,600,758,74.0,2,0,0,1.792,0.005,-0.0083,94.7782
87,31360,348.9,600,690,67.4,2,0,0,1.222,0.005,-0.0083,94.7782
88,31376,1.73,27,210,20.5,1,0,1,0.021,0.005,-0.0083,94.7782
89,31912,-2.34,69,208,20.3,1,0,1,0.134,0.005,-0.0083,94.7782
90,32264,213.7,600,480,46.9,1,0,0,1.956,0.005,-0.0083,94.7782
91,32888,336.4,600,728,71.1,2,0,0,1.606,0.005,-0.008,116.8117
92,33152,172.48,222,657,64.2,1,0,1,0.156,0.005,-0.008,116.8117
93,34256,157.84,138,602,58.8,1,0,1,0.155,0.005,-0.008,116.8117
94,34280,293.72,542,758,74.0,2,0,1,0.208,0.005,-0.008,116.8117
95,34528,299.94,327,536,52.3,2,0,1,0.102,0.005,-0.008,116.8117
96,34544,-11.02,33,199,19.4,1,0,1,0.175,0.005,-0.008,116.8117
97,35224,249.5,600,709,69.2,2,0,0,1.816,0.005,-0.008,116.8117
98,35408,-3.24,23,209,20.4,1,0,1,0.172,0.005,-0.008,116.8117
99,35976,542.19,600,830,81.1,3,0,0,1.85,0.005,-0.008,116.8117
100,36160,256.76,600,692,67.6,2,0,0,1.521,0.005,-0.008,116.8117
101,36216,10.16,30,225,22.0,1,0,1,0.182,0.005,-0.008,116.8117
102,36856,64.64,87,460,44.9,1,0,1,0.127,0.005,-0.008,116.8117
103,37064,304.22,600,558,54.5,2,0,0,1.067,0.005,-0.008,116.8117
104,37688,226.11,600,694,67.8,2,0,0,1.936,0.005,-0.008,116.8117
105,39056,376.03,600,750,73.2,2,0,0,1.995,0.005,-0.008,116.8117
106,39328,296.25,600,573,56.0,2,0,0,0.865,0.005,-0.008,116.8117
107,39344,473.46,600,809,79.0,3,0,0,1.635,0.005,-0.008,116.8117
108,40208,192.59,600,701,68.5,2,0,0,1.644,0.005,-0.008,116.8117
109,40896,64.45,86,488,47.7,1,0,1,0.178,0.005,-0.008,116.8117
110,41016,436.68,600,752,73.4,2,0,0,1.039,0.005,-0.0084,114.6003
111,41088,326.47,218,713,69.6,2,0,1,0.158,0.005,-0.0084,114.6003
112,41656,514.74,600,799,78.0,3,0,0,1.086,0.005,-0.0084,114.6003
113,41864,364.37,600,750,73.2,2,0,0,0.958,0.005,-0.0084,114.6003
114,42488,460.14,600,822,80.3,3,0,0,1.774,0.005,-0.0084,114.6003
115,42488,299.6,395,755,73.7,2,0,1,0.173,0.005,-0.0084,114.6003
116,43856,425.55,600,811,79.2,3,0,0,1.592,0.005,-0.0084,114.6003
117,44992,243.04,313,545,53.2,2,0,1,0.23,0.005,-0.0084,114.6003
118,45696,527.88,600,841,82.1,3,0,0,1.435,0.005,-0.0084,114.6003
119,45816,240.3,600,684,66.8,2,0,0,1.261,0.005,-0.0084,114.6003
120,45888,382.53,600,798,77.9,3,0,0,1.229,0.005,-0.0084,114.6003
121,46456,389.44,600,795,77.6,2,0,0,1.307,0.005,-0.0084,114.6003
122,46664,250.46,600,735,71.8,2,0,0,0.871,0.005,-0.0084,114.6003
123,47064,300.86,401,754,73.6,2,0,1,0.151,0.005,-0.0084,114.6003
124,47288,361.9,600,726,70.9,2,0,0,2.059,0.005,-0.0084,114.6003
125,47616,23.47,69,208,20.3,1,0,1,0.165,0.005,-0.0084,114.6003
126,48096,240.16,205,721,70.4,2,0,1,0.135,0.005,-0.0084,114.6003
127,48112,216.89,278,532,52.0,2,0,1,0.076,0.005,-0.0084,114.6003
128,48944,29.33,106,219,21.4,1,0,1,0.0,0.005,-0.0084,114.6003
129,49792,424.46,600,791,77.2,3,0,0,2.07,0.005,-0.006,104.5707
130,50496,228.77,600,684,66.8,2,0,0,1.939,0.005,-0.006,104.5707
131,50616,282.74,600,723,70.6,2,0,0,1.017,0.005,-0.006,104.5707
132,50744,-2.43,31,434,42.4,1,0,1,0.172,0.005,-0.006,104.5707
133,50824,11.2,26,214,20.9,1,0,1,0.125,0.005,-0.006,104.5707
134,51448,163.49,88,524,51.2,1,0,1,0.174,0.005,-0.006,104.5707
135,51464,234.23,600,705,68.8,2,0,0,1.542,0.005,-0.006,104.5707
136,52088,308.11,600,752,73.4,2,0,0,1.516,0.005,-0.006,104.5707
137,52416,374.69,600,768,75.0,2,0,0,1.391,0.005,-0.006,104.5707
138,52912,399.41,600,832,81.2,3,0,0,1.269,0.005,-0.006,104.5707
139,53744,484.98,600,862,84.2,4,0,0,1.286,0.005,-0.006,104.5707
140,54592,296.6,600,739,72.2,2,0,0,1.952,0.005,-0.006,104.5707
141,55624,300.29,600,758,74.0,2,0,0,1.837,0.005,-0.006,104.5707
142,56248,192.9,600,724,70.7,2,0,0,1.907,0.005,-0.006,104.5707
143,56264,282.3,600,774,75.6,2,0,0,1.951,0.005,-0.006,104.5707
144,56888,481.22,600,841,82.1,3,0,0,2.043,0.005,-0.006,104.5707
145,57216,364.74,600,783,76.5,2,0,0,1.748,0.005,-0.006,104.5707
146,57712,401.83,600,801,78.2,3,0,0,1.758,0.005,-0.0042,85.5389
147,58088,220.5,150,518,50.6,2,0,1,0.187,0.005,-0.0042,85.5389
148,58544,158.72,600,701,68.5,2,0,0,2.31,0.005,-0.0042,85.5389
149,58672,2.2,73,206,20.1,1,0,1,0.143,0.005,-0.0042,85.5389
150,58896,28.92,28,456,44.5,1,0,1,0.212,0.005,-0.0042,85.5389
151,59392,367.71,600,747,72.9,2,0,0,1.444,0.005,-0.0042,85.5389
152,60424,224.39,600,733,71.6,2,0,0,1.208,0.005,-0.0042,85.5389
153,61048,261.1,600,694,67.8,1,0,0,1.689,0.005,-0.0042,85.5389
154,61064,273.8,600,751,73.3,3,0,0,1.127,0.005,-0.0042,85.5389
155,62016,245.22,600,763,74.5,2,0,0,1.332,0.005,-0.0042,85.5389
156,62512,282.2,600,774,75.6,2,0,0,1.45,0.005,-0.0042,85.5389
157,63344,494.31,600,843,82.3,4,0,0,1.545,0.005,-0.0042,85.5389
158,63696,267.62,600,800,78.1,2,0,0,2.16,0.005,-0.0042,85.5389
159,64192,190.1,600,685,66.9,1,0,0,2.105,0.005,-0.0042,85.5389
160,65224,267.6,600,753,73.5,2,0,0,1.72,0.005,-0.0042,85.5389
161,65848,497.82,600,831,81.2,3,0,0,1.983,0.005,-0.0076,85.5167
162,65864,241.38,600,696,68.0,2,0,0,2.09,0.005,-0.0076,85.5167
163,66816,471.34,600,830,81.1,3,0,0,2.065,0.005,-0.0076,85.5167
164,67312,283.6,600,695,67.9,2,0,0,2.048,0.005,-0.0076,85.5167
165,68144,542.43,600,842,82.2,4,0,0,2.002,0.005,-0.0076,85.5167
166,68496,331.81,600,831,81.2,3,0,0,1.987,0.005,-0.0076,85.5167
167,68992,339.58,600,758,74.0,2,0,0,1.499,0.005,-0.0076,85.5167
168,70024,234.6,600,716,69.9,2,0,0,1.677,0.005,-0.0076,85.5167
169,70224,-3.81,25,206,20.1,1,0,1,0.069,0.005,-0.0076,85.5167
170,70440,2.01,27,213,20.8,1,0,1,0.088,0.005,-0.0076,85.5167
171,70648,341.56,600,832,81.2,3,0,0,1.651,0.005,-0.0076,85.5167
172,70664,420.39,600,896,87.5,4,0,0,1.986,0.005,-0.0076,85.5167
173,71616,484.31,600,841,82.1,3,0,0,1.235,0.005,-0.0076,85.5167
174,72112,442.79,600,854,83.4,4,0,0,1.066,0.005,-0.0076,85.5167
175,72944,395.26,600,788,77.0,2,0,0,1.505,0.005,-0.0076,85.5167
176,73296,506.07,600,850,83.0,4,0,0,1.662,0.005,-0.0076,85.5167
177,73456,20.84,64,215,21.0,1,0,1,0.041,0.005,-0.0076,85.5167
178,73792,278.2,600,759,74.1,3,0,0,1.545,0.005,-0.005,103.5509
179,75240,226.07,600,694,67.8,2,0,0,1.975,0.005,-0.005,103.5509
180,75448,376.2,600,794,77.5,3,0,0,1.605,0.005,-0.005,103.5509
181,75464,365.99,600,820,80.1,3,0,0,1.111,0.005,-0.005,103.5509
182,76416,289.56,600,710,69.3,2,0,0,1.909,0.005,-0.005,103.5509
183,76912,352.78,600,801,78.2,3,0,0,1.611,0.005,-0.005,103.5509
184,77136,-4.34,28,186,18.2,1,0,1,0.213,0.005,-0.005,103.5509
185,78096,328.41,600,780,76.2,3,0,0,1.758,0.005,-0.005,103.5509
186,78256,336.5,600,815,79.6,3,0,0,1.542,0.005,-0.005,103.5509
187,78592,426.9,600,877,85.6,4,0,0,1.543,0.005,-0.005,103.5509
188,80040,567.92,600,892,87.1,4,0,0,1.648,0.005,-0.005,103.5509
189,80248,384.73,600,876,85.5,3,0,0,2.337,0.005,-0.005,103.5509
190,80264,375.69,600,871,85.1,4,0,0,2.051,0.005,-0.005,103.5509
191,81216,263.5,600,737,72.0,2,0,0,1.217,0.005,-0.005,103.5509
192,81936,225.3,600,696,68.0,2,0,0,1.654,0.005,-0.0084,80.4182
193,82896,540.62,600,844,82.4,3,0,0,1.252,0.005,-0.0084,80.4182
194,83056,536.48,600,857,83.7,4,0,0,2.045,0.005,-0.0084,80.4182
195,83392,353.85,600,862,84.2,4,0,0,1.579,0.005,-0.0084,80.4182
196,84840,436.38,600,917,89.6,4,0,0,1.836,0.005,-0.0084,80.4182
197,85048,432.77,600,856,83.6,4,0,0,1.613,0.005,-0.0084,80.4182
198,85064,331.27,600,800,78.1,3,0,0,1.289,0.005,-0.0084,80.4182
199,86016,243.3,600,716,69.9,3,0,0,1.662,0.005,-0.0084,80.4182
200,86736,310.3,600,724,70.7,3,0,0,1.652,0.005,-0.0084,80.4182
201,86856,276.86,433,806,78.7,3,0,1,0.208,0.005,-0.0084,80.4182
202,87696,323.39,600,784,76.6,3,0,0,1.668,0.005,-0.0084,80.4182
203,87856,411.56,600,804,78.5,3,0,0,1.679,0.005,-0.0084,80.4182
204,88472,243.16,202,739,72.2,2,0,1,0.183,0.005,-0.0084,80.4182
205,89640,224.39,600,736,71.9,3,0,0,1.686,0.005,-0.0084,80.4182
206,89736,623.9,586,1018,99.4,5,0,1,0.182,0.005,-0.0084,80.4182
207,89864,302.22,600,790,77.1,3,0,0,1.84,0.005,-0.0084,80.4182
208,90816,440.52,600,839,81.9,3,0,0,1.431,0.005,-0.0081,75.8053
209,91536,338.19,600,738,72.1,3,0,0,1.118,0.005,-0.0081,75.8053
210,92496,401.17,600,886,86.5,4,0,0,1.702,0.005,-0.0081,75.8053
211,92656,322.97,600,830,81.1,3,0,0,1.376,0.005,-0.0081,75.8053
212,92720,-3.78,28,179,17.5,1,0,1,0.176,0.005,-0.0081,75.8053
213,93272,383.6,600,822,80.3,3,0,0,1.47,0.005,-0.0081,75.8053
214,94440,497.69,600,980,95.7,4,0,0,1.312,0.005,-0.0081,75.8053
215,94536,318.89,600,787,76.9,3,0,0,1.659,0.005,-0.0081,75.8053
216,94664,386.79,600,957,93.5,4,0,0,0.56,0.005,-0.0081,75.8053
217,95616,262.44,600,788,77.0,3,0,0,1.74,0.005,-0.0081,75.8053
218,96336,364.72,600,797,77.8,3,0,0,1.836,0.005,-0.0081,75.8053
219,96864,27.93,66,218,21.3,1,0,1,0.14,0.005,-0.0081,75.8053
220,96952,393.41,460,991,96.8,4,0,1,0.148,0.005,-0.0081,75.8053
221,97080,2.66,16,426,41.6,1,0,1,0.125,0.005,-0.0081,75.8053
222,97456,470.68,600,874,85.4,4,0,0,0.642,0.005,-0.0081,75.8053
223,97520,233.82,600,743,72.6,3,0,0,1.975,0.005,-0.0081,75.8053
224,98968,411.37,263,943,92.1,4,0,1,0.149,0.005,-0.0059,100.4731
225,99240,192.99,600,744,72.7,2,0,0,1.896,0.005,-0.0059,100.4731
226,99336,550.24,600,1015,99.1,5,0,0,1.028,0.005,-0.0059,100.4731
227,99464,271.83,600,789,77.1,3,0,0,1.807,0.005,-0.0059,100.4731
228,99632,73.88,83,520,50.8,1,0,1,0.172,0.005,-0.0059,100.4731
229,100376,317.14,365,796,77.7,3,0,1,0.213,0.005,-0.0059,100.4731
230,100416,264.57,600,809,79.0,2,0,0,1.69,0.005,-0.0059,100.4731
231,101880,578.7,600,861,84.1,4,0,0,2.045,0.005,-0.0059,100.4731
232,102320,280.63,600,802,78.3,3,0,0,1.088,0.005,-0.0059,100.4731
233,103640,336.75,538,968,94.5,4,0,1,0.174,0.005,-0.0059,100.4731
234,104040,466.38,600,899,87.8,4,0,0,1.662,0.005,-0.0059,100.4731
235,104264,314.08,600,850,83.0,4,0,0,0.799,0.005,-0.0059,100.4731
236,104432,353.96,600,834,81.4,3,0,0,1.472,0.005,-0.0059,100.4731
237,105176,295.9,600,773,75.5,3,0,0,1.376,0.005,-0.0059,100.4731
238,105216,371.95,600,904,88.3,4,0,0,1.112,0.005,-0.0059,100.4731
239,106680,399.66,600,983,96.0,4,0,0,1.556,0.005,-0.0079,118.6537
240,106824,-11.85,18,188,18.4,1,0,1,0.213,0.005,-0.0079,118.6537
241,107120,361.45,600,854,83.4,3,0,0,2.255,0.005,-0.0079,118.6537
242,108440,520.54,600,891,87.0,4,0,0,1.682,0.005,-0.0079,118.6537
243,108656,290.37,435,827,80.8,3,0,1,0.195,0.005,-0.0079,118.6537
244,108840,608.38,600,905,88.4,5,0,0,1.711,0.005,-0.0079,118.6537
245,109064,596.07,600,951,92.9,5,0,0,1.934,0.005,-0.0079,118.6537
246,109232,447.93,600,956,93.4,4,0,0,1.196,0.005,-0.0079,118.6537
247,110016,583.12,600,1018,99.4,5,0,0,0.279,0.005,-0.0079,118.6537
248,110144,2.04,16,439,42.9,1,0,1,0.189,0.005,-0.0079,118.6537
249,110192,319.93,384,913,89.2,4,0,1,0.183,0.005,-0.0079,118.6537
250,110376,-6.43,23,178,17.4,1,0,1,0.171,0.005,-0.0079,118.6537
251,110416,43.02,34,483,47.2,1,0,1,0.223,0.005,-0.0079,118.6537
252,110568,-11.76,19,175,17.1,1,0,1,0.179,0.005,-0.0079,118.6537
253,111624,535.43,600,918,89.6,5,0,0,1.763,0.005,-0.0079,118.6537
254,111816,-6.85,24,174,17.0,1,0,1,0.091,0.005,-0.0079,118.6537
255,112152,58.05,42,476,46.5,1,0,1,0.108,0.005,-0.0079,118.6537
256,113240,372.43,600,920,89.8,4,0,0,1.596,0.005,-0.0079,118.6537
257,113456,457.06,600,936,91.4,4,0,0,1.998,0.005,-0.0079,118.6537
258,113640,355.2,600,895,87.4,4,0,0,1.793,0.005,-0.0079,118.6537
259,113688,308.55,578,990,96.7,4,0,1,0.173,0.005,-0.0079,118.6537
260,114032,281.92,600,862,84.2,4,0,0,1.56,0.005,-0.0079,118.6537
261,115176,417.51,600,966,94.3,4,0,0,1.612,0.005,-0.0042,129.8929
262,115368,396.46,600,981,95.8,5,0,0,1.428,0.005,-0.0042,129.8929
263,115528,75.69,44,515,50.3,1,0,1,0.22,0.005,-0.0042,129.8929
264,115944,430.35,239,841,82.1,4,0,1,0.181,0.005,-0.0042,129.8929
265,116832,312.31,163,562,54.9,3,0,1,0.187,0.005,-0.0042,129.8929
266,116952,457.36,600,1002,97.9,5,0,0,2.363,0.005,-0.0042,129.8929
267,117336,250.79,174,843,82.3,3,0,1,0.199,0.005,-0.0042,129.8929
268,118040,624.77,600,1003,97.9,5,0,0,1.601,0.005,-0.0042,129.8929
269,118256,488.03,600,986,96.3,4,0,0,1.115,0.005,-0.0042,129.8929
270,118424,339.91,382,886,86.5,4,0,1,0.19,0.005,-0.0042,129.8929
271,118440,447.26,600,1008,98.4,5,0,0,2.678,0.005,-0.0042,129.8929
272,118488,388.91,600,1012,98.8,5,0,0,2.158,0.005,-0.0042,129.8929
273,118600,320.99,206,848,82.8,3,0,1,0.163,0.005,-0.0042,129.8929
274,118944,10.23,63,208,20.3,1,0,1,0.159,0.005,-0.0042,129.8929
275,119592,767.97,345,1024,100.0,6,1,0,0.786,0.005,-0.0042,129.8929
276,120464,376.14,247,838,81.8,3,0,1,0.163,0.005,-0.0042,129.8929
277,121032,23.61,71,222,21.7,1,0,1,0.192,0.005,-0.0042,129.8929
278,121064,525.39,308,1003,97.9,5,0,1,0.031,0.005,-0.0042,129.8929
279,121216,-9.48,23,191,18.7,1,0,1,0.149,0.005,-0.0042,129.8929
280,121536,311.85,410,894,87.3,4,0,1,0.109,0.005,-0.0042,129.8929
281,122136,475.3,600,966,94.3,4,0,0,0.401,0.005,-0.0042,129.8929
282,122808,119.08,218,566,55.3,3,0,1,0.132,0.005,-0.0042,129.8929
283,122840,420.71,600,914,89.3,5,0,0,1.252,0.005,-0.0042,129.8929
284,123168,50.99,41,464,45.3,1,0,1,0.175,0.005,-0.0041,164.8543
285,123224,645.64,600,1016,99.2,5,0,0,1.525,0.005,-0.0041,164.8543
286,123744,415.8,600,984,96.1,5,0,0,1.209,0.005,-0.0041,164.8543
287,124344,449.36,351,971,94.8,4,0,1,0.184,0.005,-0.0041,164.8543
288,124392,411.48,600,994,97.1,5,0,0,0.964,0.005,-0.0041,164.8543
289,125240,-0.69,112,202,19.7,1,0,1,0.2,0.005,-0.0041,164.8543
290,125312,277.39,115,750,73.2,3,0,1,0.19,0.005,-0.0041,164.8543
291,126016,305.48,600,878,85.7,4,0,0,1.372,0.005,-0.0041,164.8543
292,126032,65.69,90,506,49.4,1,0,1,0.148,0.005,-0.0041,164.8543
293,126504,25.61,61,205,20.0,1,0,1,0.051,0.005,-0.0041,164.8543
294,126936,480.84,600,980,95.7,5,0,0,0.884,0.005,-0.0041,164.8543
295,127608,445.5,600,966,94.3,4,0,0,0.658,0.005,-0.0041,164.8543
296,127840,380.69,167,967,94.4,4,0,1,0.088,0.005,-0.0041,164.8543
297,127968,526.57,600,954,93.2,5,0,0,1.072,0.005,-0.0041,164.8543
298,128024,613.42,600,987,96.4,5,0,0,1.776,0.005,-0.0041,164.8543
299,128160,8.47,24,219,21.4,1,0,1,0.052,0.005,-0.0041,164.8543
300,128544,510.2,600,955,93.3,4,0,0,2.818,0.005,-0.0041,164.8543
301,130040,483.09,600,971,94.8,4,0,0,2.138,0.005,-0.0041,164.8543
302,130544,531.21,315,933,91.1,4,0,1,0.124,0.005,-0.0041,164.8543
303,130832,485.04,600,980,95.7,4,0,0,1.757,0.005,-0.0041,164.8543
304,131672,245.41,105,755,73.7,3,0,1,0.222,0.005,-0.0055,121.6513
305,131736,419.79,600,993,97.0,4,0,0,0.568,0.005,-0.0055,121.6513
306,132048,484.17,486,952,93.0,4,0,1,0.191,0.005,-0.0055,121.6513
307,132408,306.78,600,854,83.4,4,0,0,1.694,0.005,-0.0055,121.6513
308,132640,397.39,600,1000,97.7,5,0,0,1.162,0.005,-0.0055,121.6513
309,132664,36.86,32,463,45.2,1,0,1,0.109,0.005,-0.0055,121.6513
310,132840,51.31,146,230,22.5,1,0,1,0.202,0.005,-0.0055,121.6513
311,132856,-12.68,24,200,19.5,1,0,1,0.186,0.005,-0.0055,121.6513
312,133344,378.49,600,1006,98.2,5,0,0,1.735,0.005,-0.0055,121.6513
313,134840,440.59,600,1000,97.7,5,0,0,1.044,0.005,-0.0055,121.6513
314,135256,670.24,239,1023,99.9,6,1,0,0.478,0.005,-0.0055,121.6513
315,135344,434.78,600,1015,99.1,5,0,0,1.992,0.005,-0.0055,121.6513
316,135520,-3.32,22,193,18.8,1,0,1,0.118,0.005,-0.0055,121.6513
317,135704,331.96,383,888,86.7,4,0,1,0.16,0.005,-0.0055,121.6513
318,135736,35.17,60,216,21.1,1,0,1,0.0,0.005,-0.0055,121.6513
319,136024,39.92,36,475,46.4,1,0,1,0.17,0.005,-0.0055,121.6513
320,136536,454.74,600,1004,98.0,5,0,0,1.614,0.005,-0.0055,121.6513
321,136848,529.93,600,1011,98.7,5,0,0,1.53,0.005,-0.0055,121.6513
322,137016,1.54,21,447,43.7,1,0,1,0.212,0.005,-0.0055,121.6513
323,137208,505.49,546,1024,100.0,6,1,0,0.48,0.005,-0.0055,121.6513
324,137592,74.58,72,480,46.9,1,0,1,0.189,0.005,-0.0055,121.6513
325,137656,518.48,600,1010,98.6,5,0,0,0.534,0.005,-0.0055,121.6513
326,138136,675.69,304,1022,99.8,6,1,0,1.161,0.005,-0.0055,121.6513
327,138336,-6.87,25,186,18.2,1,0,1,0.165,0.005,-0.0055,121.6513
328,139592,300.35,250,852,83.2,4,0,1,0.165,0.005,-0.0046,170.989
329,139640,498.1,600,993,97.0,5,0,0,1.606,0.005,-0.0046,170.989
330,140016,563.57,499,1024,100.0,6,1,0,0.87,0.005,-0.0046,170.989
331,140112,-5.42,12,452,44.1,1,0,1,0.198,0.005,-0.0046,170.989
332,140152,2.19,70,208,20.3,1,0,1,0.12,0.005,-0.0046,170.989
333,140264,0.35,14,428,41.8,1,0,1,0.093,0.005,-0.0046,170.989
334,140320,379.58,600,912,89.1,4,0,0,1.756,0.005,-0.0046,170.989
335,140768,83.77,82,565,55.2,1,0,1,0.113,0.005,-0.0046,170.989
336,141056,50.94,99,226,22.1,1,0,1,0.118,0.005,-0.0046,170.989
337,141216,4.94,112,202,19.7,1,0,1,0.115,0.005,-0.0046,170.989
338,141336,423.72,600,938,91.6,4,0,0,0.599,0.005,-0.0046,170.989
339,141560,34.98,28,532,52.0,1,0,1,0.132,0.005,-0.0046,170.989
340,141576,352.79,546,987,96.4,5,0,1,0.167,0.005,-0.0046,170.989
341,142024,740.41,298,1024,100.0,6,1,0,0.415,0.005,-0.0046,170.989
342,142160,635.65,563,1024,100.0,6,1,0,1.146,0.005,-0.0046,170.989
343,142296,5.4,17,458,44.7,1,0,1,0.214,0.005,-0.0046,170.989
344,142456,392.34,515,1009,98.5,5,0,1,0.251,0.005,-0.0046,170.989
345,143064,705.95,251,1023,99.9,6,1,0,0.369,0.005,-0.0046,170.989
346,143840,715.9,285,1024,100.0,6,1,0,1.482,0.005,-0.0046,170.989
347,144232,453.51,332,980,95.7,5,0,1,0.205,0.005,-0.0046,170.989
348,145568,461.36,600,1000,97.7,5,0,0,2.614,0.005,-0.0046,170.989
349,146016,393.85,600,994,97.1,5,0,0,2.053,0.005,-0.0046,170.989
350,146248,-16.37,29,183,17.9,1,0,1,0.134,0.005,-0.0046,170.989
351,146824,412.99,600,1005,98.1,5,0,0,1.693,0.005,-0.0046,170.989
352,146872,426.61,476,1011,98.7,5,0,1,0.073,0.005,-0.0046,170.989
353,147096,497.96,600,1003,97.9,5,0,0,2.029,0.005,-0.0046,170.989
354,147232,-0.53,17,460,44.9,1,0,1,0.174,0.005,-0.0046,170.989
355,147256,340.36,600,906,88.5,4,0,0,1.358,0.005,-0.0046,170.989
356,148616,260.48,173,830,81.1,3,0,1,0.214,0.005,-0.0056,217.3687
357,148640,484.04,600,1010,98.6,5,0,0,2.295,0.005,-0.0056,217.3687
358,149032,412.72,600,1007,98.3,5,0,0,0.753,0.005,-0.0056,217.3687
359,149400,383.22,322,965,94.2,3,0,1,0.205,0.005,-0.0056,217.3687
360,150248,655.29,500,1024,100.0,6,1,0,0.911,0.005,-0.0056,217.3687
361,150368,420.54,600,987,96.4,5,0,0,2.619,0.005,-0.0056,217.3687
362,150384,473.12,439,944,92.2,5,0,1,0.174,0.005,-0.0056,217.3687
363,150608,413.51,419,930,90.8,5,0,1,0.128,0.005,-0.0056,217.3687
364,150624,355.47,199,922,90.0,4,0,1,0.102,0.005,-0.0056,217.3687
365,152360,557.96,370,976,95.3,5,0,1,0.211,0.005,-0.0056,217.3687
366,152776,570.53,520,1023,99.9,6,1,0,1.724,0.005,-0.0056,217.3687
367,153440,505.03,600,995,97.2,5,0,0,1.109,0.005,-0.0056,217.3687
368,154672,427.67,508,958,93.6,4,0,1,0.192,0.005,-0.0056,217.3687
369,154784,-2.57,14,396,38.7,1,0,1,0.204,0.005,-0.0056,217.3687
370,155048,368.1,600,1007,98.3,5,0,0,0.639,0.005,-0.0056,217.3687
371,155168,392.34,600,957,93.5,4,0,0,1.221,0.005,-0.0056,217.3687
372,155184,543.39,600,981,95.8,4,0,0,1.426,0.005,-0.0056,217.3687
373,155288,-12.74,15,433,42.3,1,0,1,0.093,0.005,-0.0056,217.3687
374,155424,487.67,600,995,97.2,5,0,0,1.812,0.005,-0.0056,217.3687
375,156440,262.05,157,844,82.4,3,0,1,0.176,0.005,-0.0043,148.781
376,156536,463.4,387,946,92.4,4,0,1,0.159,0.005,-0.0043,148.781
377,156584,264.3,162,763,74.5,3,0,1,0.181,0.005,-0.0043,148.781
378,157056,723.3,251,1024,100.0,6,1,0,0.482,0.005,-0.0043,148.781
379,157160,474.84,600,991,96.8,5,0,0,1.967,0.005,-0.0043,148.781
380,157576,342.73,600,1005,98.1,5,0,0,1.97,0.005,-0.0043,148.781
381,157984,414.94,175,999,97.6,4,0,1,0.118,0.005,-0.0043,148.781
382,158112,24.85,67,217,21.2,1,0,1,0.146,0.005,-0.0043,148.781
383,158376,680.57,230,1024,100.0,6,1,0,0.361,0.005,-0.0043,148.781
384,158672,544.25,406,999,97.6,5,0,1,0.131,0.005,-0.0043,148.781
385,159584,398.4,600,1010,98.6,5,0,0,2.145,0.005,-0.0043,148.781
386,161240,412.52,600,979,95.6,4,0,0,1.836,0.005,-0.0043,148.781
387,161432,14.38,24,230,22.5,1,0,1,0.187,0.005,-0.0043,148.781
388,161608,-9.27,22,173,16.9,1,0,1,0.158,0.005,-0.0043,148.781
389,161856,444.19,600,996,97.3,5,0,0,0.94,0.005,-0.0043,148.781
390,161960,412.86,600,1005,98.1,5,0,0,1.476,0.005,-0.0043,148.781
391,162200,520.86,527,1023,99.9,6,1,0,1.6,0.005,-0.0043,148.781
392,162912,407.69,600,1013,98.9,5,0,0,1.076,0.005,-0.0043,148.781
393,163008,5.86,144,215,21.0,1,0,1,0.184,0.005,-0.0043,148.781
394,163176,519.7,600,1022,99.8,5,0,0,1.789,0.005,-0.0043,148.781
395,163472,386.81,600,989,96.6,5,0,0,1.909,0.005,-0.0043,148.781
396,164384,440.54,600,1011,98.7,5,0,0,2.012,0.005,-0.0051,136.3193
397,164592,-4.55,26,193,18.8,1,0,1,0.037,0.005,-0.0051,136.3193
398,165952,375.29,310,981,95.8,4,0,1,0.179,0.005,-0.0051,136.3193
399,166408,403.14,600,1009,98.5,5,0,0,1.23,0.005,-0.0051,136.3193
400,166760,382.95,600,1002,97.9,5,0,0,1.721,0.005,-0.0051,136.3193
401,166912,-5.94,19,196,19.1,1,0,1,0.149,0.005,-0.0051,136.3193
402,167000,389.29,600,940,91.8,4,0,0,1.678,0.005,-0.0051,136.3193
403,167504,564.82,574,1024,100.0,6,1,0,1.78,0.005,-0.0051,136.3193
404,167808,349.16,600,935,91.3,4,0,0,1.157,0.005,-0.0051,136.3193
405,167976,402.54,600,1005,98.1,5,0,0,1.755,0.005,-0.0051,136.3193
406,168352,451.05,243,961,93.8,4,0,1,0.123,0.005,-0.0051,136.3193
407,169072,313.28,158,882,86.1,3,0,1,0.045,0.005,-0.0051,136.3193
408,169392,433.71,600,993,97.0,5,0,0,1.925,0.005,-0.0051,136.3193
409,169536,359.1,317,992,96.9,5,0,1,0.192,0.005,-0.0051,136.3193
410,169576,492.18,453,1024,100.0,6,1,0,1.56,0.005,-0.0051,136.3193
411,170000,690.92,253,1024,100.0,6,1,0,1.359,0.005,-0.0051,136.3193
412,170400,668.95,256,1024,100.0,6,1,0,0.614,0.005,-0.0051,136.3193
413,170584,288.61,189,892,87.1,3,0,1,0.188,0.005,-0.0051,136.3193
414,170640,251.62,466,869,84.9,4,0,1,0.124,0.005,-0.0051,136.3193
415,171432,362.52,255,933,91.1,5,0,1,0.063,0.005,-0.0051,136.3193
416,171704,276.3,213,857,83.7,4,0,1,0.192,0.005,-0.0051,136.3193
417,171760,345.96,273,935,91.3,4,0,1,0.185,0.005,-0.0051,136.3193
418,171896,9.05,17,456,44.5,1,0,1,0.183,0.005,-0.0051,136.3193
419,171976,16.02,34,454,44.3,1,0,1,0.22,0.005,-0.0051,136.3193
420,172304,401.32,600,1014,99.0,5,0,0,1.596,0.005,-0.0046,183.1601
421,172320,328.38,240,950,92.8,4,0,1,0.18,0.005,-0.0046,183.1601
422,172480,17.47,22,237,23.1,1,0,1,0.15,0.005,-0.0046,183.1601
423,172640,320.77,257,856,83.6,4,0,1,0.169,0.005,-0.0046,183.1601
424,172808,347.44,172,919,89.7,4,0,1,0.122,0.005,-0.0046,183.1601
425,173264,411.61,466,1003,97.9,5,0,1,0.065,0.005,-0.0046,183.1601
426,173624,23.29,102,226,22.1,1,0,1,0.081,0.005,-0.0046,183.1601
427,173912,52.05,36,487,47.6,1,0,1,0.19,0.005,-0.0046,183.1601
428,174520,292.34,255,860,84.0,4,0,1,0.175,0.005,-0.0046,183.1601
429,174664,495.89,503,1017,99.3,5,0,1,0.192,0.005,-0.0046,183.1601
430,176344,565.08,503,1023,99.9,6,1,0,0.943,0.005,-0.0046,183.1601
431,176360,649.71,212,1024,100.0,6,1,0,0.785,0.005,-0.0046,183.1601
432,176376,311.15,389,945,92.3,4,0,1,0.143,0.005,-0.0046,183.1601
433,176696,356.62,600,1010,98.6,5,0,0,1.817,0.005,-0.0046,183.1601
434,176776,434.09,600,1019,99.5,5,0,0,1.703,0.005,-0.0046,183.1601
435,177008,354.84,546,897,87.6,5,0,1,0.051,0.005,-0.0046,183.1601
436,178480,650.29,263,1023,99.9,6,1,0,1.606,0.005,-0.0046,183.1601
437,178712,356.74,600,966,94.3,4,0,0,1.488,0.005,-0.0046,183.1601
438,179320,498.41,600,1019,99.5,5,0,0,2.054,0.005,-0.0046,183.1601
439,179824,383.41,381,900,87.9,5,0,1,0.118,0.005,-0.0046,183.1601
440,180096,324.68,386,992,96.9,5,0,1,0.061,0.005,-0.0046,183.1601
441,181144,450.4,600,1011,98.7,5,0,0,2.853,0.005,-0.0048,147.2257
442,181160,484.58,600,1013,98.9,5,0,0,1.825,0.005,-0.0048,147.2257
443,181496,394.93,600,1003,97.9,5,0,0,1.73,0.005,-0.0048,147.2257
444,182264,559.02,473,1024,100.0,6,1,0,1.845,0.005,-0.0048,147.2257
445,182984,535.51,534,1024,100.0,6,1,0,1.546,0.005,-0.0048,147.2257
446,183840,512.31,468,1024,100.0,6,1,0,1.34,0.005,-0.0048,147.2257
447,184016,8.59,22,215,21.0,1,0,1,0.05,0.005,-0.0048,147.2257
448,184120,508.47,600,988,96.5,5,0,0,1.26,0.005,-0.0048,147.2257
449,184312,302.85,256,855,83.5,4,0,1,0.2,0.005,-0.0048,147.2257
450,184624,390.11,600,1013,98.9,5,0,0,2.074,0.005,-0.0048,147.2257
451,185128,405.65,454,970,94.7,4,0,1,0.198,0.005,-0.0048,147.2257
452,185168,487.43,501,1024,100.0,6,1,0,1.863,0.005,-0.0048,147.2257
453,185944,393.78,600,1006,98.2,5,0,0,2.704,0.005,-0.0048,147.2257
454,186648,315.36,253,856,83.6,4,0,1,0.161,0.005,-0.0048,147.2257
455,187784,327.29,600,970,94.7,4,0,0,0.441,0.005,-0.0048,147.2257
456,188440,370.36,516,1003,97.9,5,0,1,0.173,0.005,-0.005,86.6341
457,188728,674.51,260,1024,100.0,6,1,0,1.633,0.005,-0.005,86.6341
458,188816,356.03,600,1005,98.1,5,0,0,1.148,0.005,-0.005,86.6341
459,188920,412.99,600,1010,98.6,5,0,0,1.895,0.005,-0.005,86.6341
460,189064,556.11,487,1024,100.0,6,1,0,1.686,0.005,-0.005,86.6341
461,189088,532.66,495,1024,100.0,6,1,0,1.742,0.005,-0.005,86.6341
462,189736,513.93,474,1024,100.0,6,1,0,1.784,0.005,-0.005,86.6341
463,189824,318.85,255,859,83.9,4,0,1,0.131,0.005,-0.005,86.6341
464,190800,306.72,214,857,83.7,4,0,1,0.129,0.005,-0.005,86.6341
465,191376,466.94,205,1015,99.1,5,0,1,0.156,0.005,-0.005,86.6341
466,191512,314.79,211,854,83.4,4,0,1,0.134,0.005,-0.005,86.6341
467,191944,526.52,438,1024,100.0,6,1,0,1.661,0.005,-0.005,86.6341
468,192712,527.54,498,1024,100.0,6,1,0,1.235,0.005,-0.005,86.6341
469,192720,564.16,475,1024,100.0,6,1,0,1.253,0.005,-0.005,86.6341
470,193160,673.17,206,1024,100.0,6,1,0,0.503,0.005,-0.005,86.6341
471,193616,425.25,600,1006,98.2,5,0,0,1.588,0.005,-0.005,86.6341
472,193864,432.56,600,1011,98.7,5,0,0,1.623,0.005,-0.005,86.6341
473,194408,654.79,212,1024,100.0,6,1,0,0.418,0.005,-0.005,86.6341
474,195096,572.11,465,1024,100.0,6,1,0,1.863,0.005,-0.005,86.6341
475,195336,291.93,215,850,83.0,4,0,1,0.166,0.005,-0.005,86.6341
476,195600,421.01,600,1008,98.4,5,0,0,2.844,0.005,-0.005,86.6341
477,195696,557.65,317,1024,100.0,6,1,0,0.413,0.005,-0.005,86.6341
478,196064,537.72,418,1020,99.6,6,1,0,1.488,0.005,-0.005,86.6341
479,196224,298.19,227,855,83.5,4,0,1,0.111,0.005,-0.005,86.6341
480,196408,499.81,558,1024,100.0,6,1,0,1.753,0.005,-0.005,86.6341
481,196544,39.22,40,506,49.4,1,0,1,0.123,0.005,-0.005,86.6341
482,196896,18.53,61,212,20.7,1,0,1,0.068,0.005,-0.004,167.224
483,197128,303.48,254,857,83.7,4,0,1,0.186,0.005,-0.004,167.224
484,197776,572.25,489,1021,99.7,6,1,0,1.529,0.005,-0.004,167.224
485,198568,356.36,313,937,91.5,5,0,1,0.19,0.005,-0.004,167.224
486,198800,290.77,209,851,83.1,4,0,1,0.042,0.005,-0.004,167.224
487,198872,358.84,137,943,92.1,4,0,1,0.17,0.005,-0.004,167.224
488,199072,545.78,422,1023,99.9,6,1,0,0.916,0.005,-0.004,167.224
489,199232,-2.95,20,216,21.1,1,0,1,0.15,0.005,-0.004,167.224
490,199376,506.56,472,1023,99.9,6,1,0,1.878,0.005,-0.004,167.224
491,200136,441.21,600,1005,98.1,5,0,0,1.025,0.005,-0.004,167.224
492,200888,234.4,94,555,54.2,3,0,1,0.18,0.005,-0.004,167.224
493,201152,543.5,532,1023,99.9,6,1,0,1.862,0.005,-0.004,167.224
494,201344,502.25,600,1014,99.0,5,0,0,1.242,0.005,-0.004,167.224
495,201432,398.13,257,942,92.0,5,0,1,0.2,0.005,-0.004,167.224
496,201672,526.91,388,1023,99.9,6,1,0,0.487,0.005,-0.004,167.224
497,201776,654.78,318,1022,99.8,6,1,0,1.591,0.005,-0.004,167.224
498,202256,484.13,423,1024,100.0,6,1,0,1.477,0.005,-0.004,167.224
499,202576,-18.7,154,213,20.8,1,0,1,0.183,0.005,-0.004,167.224
500,202904,649.26,252,1021,99.7,6,1,0,1.821,0.005,-0.004,167.224
501,203224,622.06,224,1024,100.0,6,1,0,1.33,0.005,-0.004,167.224
502,203312,576.2,564,1024,100.0,6,1,0,1.831,0.005,-0.004,167.224
503,203752,657.67,260,1023,99.9,6,1,0,1.706,0.005,-0.004,167.224
504,203896,510.81,343,1023,99.9,6,1,0,1.043,0.005,-0.004,167.224
505,204392,-8.74,62,213,20.8,1,0,1,0.166,0.005,-0.004,167.224
506,205112,533.04,417,1021,99.7,6,1,0,1.746,0.005,-0.0036,166.1288
507,205304,335.51,249,935,91.3,5,0,1,0.186,0.005,-0.0036,166.1288
508,205680,538.09,388,1024,100.0,6,1,0,0.973,0.005,-0.0036,166.1288
509,206088,504.75,479,1020,99.6,6,1,0,1.622,0.005,-0.0036,166.1288
510,207320,649.58,252,1021,99.7,6,1,0,1.201,0.005,-0.0036,166.1288
511,207568,570.35,543,1024,100.0,6,1,0,1.765,0.005,-0.0036,166.1288
512,207704,470.43,600,1022,99.8,5,0,0,1.548,0.005,-0.0036,166.1288
513,207800,275.54,214,854,83.4,4,0,1,0.02,0.005,-0.0036,166.1288
514,208000,2.39,25,217,21.2,1,0,1,0.163,0.005,-0.0036,166.1288
515,208544,490.62,429,1019,99.5,6,1,0,1.812,0.005,-0.0036,166.1288
516,208552,570.24,600,1023,99.9,5,0,0,1.858,0.005,-0.0036,166.1288
517,209040,354.7,420,944,92.2,5,0,1,0.099,0.005,-0.0036,166.1288
518,209192,405.83,600,1010,98.6,5,0,0,1.627,0.005,-0.0036,166.1288
519,209472,677.26,238,1024,100.0,6,1,0,1.421,0.005,-0.0036,166.1288
520,210144,317.2,268,856,83.6,4,0,1,0.201,0.005,-0.0036,166.1288
521,210208,286.37,207,860,84.0,4,0,1,0.161,0.005,-0.0036,166.1288
522,210408,34.49,33,474,46.3,1,0,1,0.134,0.005,-0.0036,166.1288
523,210416,392.82,172,881,86.0,4,0,1,0.173,0.005,-0.0036,166.1288
524,210496,297.86,128,847,82.7,3,0,1,0.129,0.005,-0.0036,166.1288
525,210864,529.24,395,1024,100.0,6,1,0,1.842,0.005,-0.0036,166.1288
526,211192,284.2,484,892,87.1,5,0,1,0.085,0.005,-0.0036,166.1288
527,211240,368.58,256,944,92.2,5,0,1,0.158,0.005,-0.0036,166.1288
528,211576,245.09,146,753,73.5,3,0,1,0.19,0.005,-0.0036,166.1288
529,212728,509.95,523,1023,99.9,6,1,0,1.575,0.005,-0.0036,166.1288
530,212920,8.56,24,206,20.1,1,0,1,0.173,0.005,-0.0036,166.1288
531,212960,672.5,262,1022,99.8,6,1,0,1.34,0.005,-0.0036,166.1288
532,213280,396.93,255,942,92.0,5,0,1,0.077,0.005,-0.0052,179.5396
533,213504,637.8,241,1022,99.8,6,1,0,1.639,0.005,-0.0052,179.5396
534,213720,531.64,403,1024,100.0,6,1,0,0.555,0.005,-0.0052,179.5396
535,213864,527.68,457,1024,100.0,6,1,0,1.462,0.005,-0.0052,179.5396
536,213992,392.12,447,1005,98.1,5,0,1,0.165,0.005,-0.0052,179.5396
537,214824,609.3,233,1022,99.8,6,1,0,1.647,0.005,-0.0052,179.5396
538,215320,249.56,255,554,54.1,3,0,1,0.103,0.005,-0.0052,179.5396
539,215632,33.29,39,246,24.0,1,0,1,0.11,0.005,-0.0052,179.5396
540,215944,585.12,594,1022,99.8,6,1,0,1.825,0.005,-0.0052,179.5396
541,216272,329.09,301,933,91.1,5,0,1,0.175,0.005,-0.0052,179.5396
542,216496,523.12,447,1021,99.7,6,1,0,1.473,0.005,-0.0052,179.5396
543,217208,383.57,402,1012,98.8,5,0,1,0.188,0.005,-0.0052,179.5396
544,217696,652.2,359,1023,99.9,6,1,0,1.534,0.005,-0.0052,179.5396
545,218000,257.98,257,859,83.9,4,0,1,0.17,0.005,-0.0052,179.5396
546,218224,589.62,216,1023,99.9,6,1,0,1.8,0.005,-0.0052,179.5396
547,218304,351.85,600,991,96.8,5,0,0,0.452,0.005,-0.0052,179.5396
548,218520,392.29,600,1007,98.3,5,0,0,1.177,0.005,-0.0052,179.5396
549,218936,638.14,216,1023,99.9,6,1,0,1.284,0.005,-0.0052,179.5396
550,219576,509.27,413,1023,99.9,6,1,0,0.792,0.005,-0.0052,179.5396
551,220104,482.52,559,1023,99.9,6,1,0,1.629,0.005,-0.0052,179.5396
552,220912,480.18,402,1024,100.0,6,1,1,0.187,0.005,-0.0052,179.5396
553,221168,552.11,396,1024,100.0,6,1,0,1.087,0.005,-0.0052,179.5396
554,221312,-8.91,18,194,18.9,1,0,1,0.199,0.005,-0.005,143.4087
555,221320,568.61,377,1023,99.9,6,1,0,0.893,0.005,-0.005,143.4087
556,221816,466.92,449,1024,100.0,6,1,0,1.584,0.005,-0.005,143.4087
557,221848,541.79,416,1023,99.9,6,1,0,1.689,0.005,-0.005,143.4087
558,223056,554.18,515,1022,99.8,6,1,0,1.815,0.005,-0.005,143.4087
559,223304,515.07,466,1024,100.0,6,1,0,1.23,0.005,-0.005,143.4087
560,223680,617.43,296,1024,100.0,6,1,0,1.859,0.005,-0.005,143.4087
561,224112,121.71,132,547,53.4,3,0,1,0.142,0.005,-0.005,143.4087
562,224152,542.47,506,1022,99.8,6,1,0,1.47,0.005,-0.005,143.4087
563,225168,497.59,481,1021,99.7,6,1,0,1.092,0.005,-0.005,143.4087
564,225208,493.47,420,1024,100.0,6,1,0,1.453,0.005,-0.005,143.4087
565,225712,360.79,600,995,97.2,5,0,0,2.559,0.005,-0.005,143.4087
566,225872,-4.53,20,429,41.9,1,0,1,0.128,0.005,-0.005,143.4087
567,226616,463.73,600,1021,99.7,5,0,0,1.707,0.005,-0.005,143.4087
568,226752,330.07,384,909,88.8,5,0,1,0.137,0.005,-0.005,143.4087
569,226960,350.38,457,991,96.8,5,0,1,0.143,0.005,-0.005,143.4087
570,227048,634.19,230,1024,100.0,6,1,0,1.624,0.005,-0.005,143.4087
571,227256,324.2,388,1002,97.9,5,0,1,0.211,0.005,-0.005,143.4087
572,227336,528.48,403,1023,99.9,6,1,0,1.812,0.005,-0.005,143.4087
573,227592,37.72,32,472,46.1,1,0,1,0.167,0.005,-0.005,143.4087
574,228200,550.78,379,1024,100.0,6,1,0,0.382,0.005,-0.005,143.4087
575,228592,643.2,204,1024,100.0,6,1,0,1.095,0.005,-0.005,143.4087
576,228640,293.39,253,853,83.3,4,0,1,0.18,0.005,-0.005,143.4087
577,228648,383.29,174,880,85.9,4,0,1,0.159,0.005,-0.005,143.4087
578,228712,631.75,245,1024,100.0,6,1,0,1.644,0.005,-0.005,143.4087
579,228832,29.43,24,556,54.3,1,0,1,0.136,0.005,-0.005,143.4087
580,228928,25.31,35,482,47.1,1,0,1,0.125,0.005,-0.005,143.4087
581,229032,-12.71,25,205,20.0,1,0,1,0.135,0.005,-0.005,143.4087
582,229240,584.44,206,1024,100.0,6,1,0,1.651,0.005,-0.005,143.4087
583,229816,-11.72,153,205,20.0,1,0,1,0.105,0.005,-0.0052,224.8776
584,230032,34.71,27,544,53.1,1,0,1,0.133,0.005,-0.0052,224.8776
585,230296,493.63,406,1020,99.6,6,1,0,1.547,0.005,-0.0052,224.8776
586,230560,304.55,295,857,83.7,4,0,1,0.194,0.005,-0.0052,224.8776
587,230672,457.35,600,1013,98.9,5,0,0,0.988,0.005,-0.0052,224.8776
588,230704,359.6,249,939,91.7,5,0,1,0.198,0.005,-0.0052,224.8776
589,231064,283.54,254,859,83.9,4,0,1,0.121,0.005,-0.0052,224.8776
590,231616,1.73,118,212,20.7,1,0,1,0.162,0.005,-0.0052,224.8776
591,233240,301.84,335,855,83.5,4,0,1,0.118,0.005,-0.0052,224.8776
592,233528,359.63,536,1015,99.1,5,0,1,0.175,0.005,-0.0052,224.8776
593,233640,497.18,451,1022,99.8,6,1,0,1.504,0.005,-0.0052,224.8776
594,233728,407.01,600,999,97.6,5,0,0,2.478,0.005,-0.0052,224.8776
595,233760,334.33,382,992,96.9,5,0,1,0.2,0.005,-0.0052,224.8776
596,233792,508.01,437,1021,99.7,6,1,0,1.565,0.005,-0.0052,224.8776
597,233912,8.86,19,236,23.0,1,0,1,0.139,0.005,-0.0052,224.8776
598,235208,329.93,210,943,92.1,5,0,1,0.199,0.005,-0.0052,224.8776
599,235728,615.73,227,1020,99.6,6,1,0,1.476,0.005,-0.0052,224.8776
600,235784,639.97,249,1024,100.0,6,1,0,1.374,0.005,-0.0052,224.8776
601,235864,351.26,600,991,96.8,5,0,0,2.218,0.005,-0.0052,224.8776
602,236416,371.95,600,1015,99.1,5,0,0,0.87,0.005,-0.0052,224.8776
603,236992,509.04,408,1024,100.0,6,1,0,0.756,0.005,-0.0052,224.8776
604,237384,632.47,200,1024,100.0,6,1,0,0.705,0.005,-0.0052,224.8776
605,237392,591.12,208,1022,99.8,6,1,0,1.494,0.005,-0.0052,224.8776
606,237632,624.13,549,1024,100.0,6,1,0,1.535,0.005,-0.0058,162.2251
607,237824,-1.22,24,219,21.4,1,0,1,0.138,0.005,-0.0058,162.2251
608,238296,479.11,235,997,97.4,5,0,1,0.092,0.005,-0.0058,162.2251
609,238440,407.26,600,1002,97.9,5,0,0,2.306,0.005,-0.0058,162.2251
610,238752,275.3,116,928,90.6,3,0,1,0.179,0.005,-0.0058,162.2251
611,239120,617.97,407,1021,99.7,6,1,0,1.564,0.005,-0.0058,162.2251
612,240008,432.91,600,995,97.2,5,0,0,2.294,0.005,-0.0058,162.2251
613,240328,254.4,254,854,83.4,4,0,1,0.105,0.005,-0.0058,162.2251
614,240624,586.82,188,1016,99.2,6,1,0,1.662,0.005,-0.0058,162.2251
615,240968,522.93,497,1023,99.9,6,1,0,1.485,0.005,-0.0058,162.2251
616,241896,536.93,393,1024,100.0,6,1,0,0.961,0.005,-0.0058,162.2251
617,242024,614.36,212,1024,100.0,6,1,0,1.858,0.005,-0.0058,162.2251
618,242184,372.76,600,1012,98.8,5,0,0,2.46,0.005,-0.0058,162.2251
619,242192,327.84,600,960,93.8,5,0,0,0.719,0.005,-0.0058,162.2251
620,242352,-6.17,20,171,16.7,1,0,1,0.052,0.005,-0.0058,162.2251
621,243240,346.05,600,992,96.9,5,0,0,2.503,0.005,-0.0058,162.2251
622,243640,526.12,454,1024,100.0,6,1,0,0.864,0.005,-0.0058,162.2251
623,243952,530.9,416,1021,99.7,6,1,0,1.111,0.005,-0.0058,162.2251
624,244216,314.29,406,968,94.5,5,0,1,0.114,0.005,-0.0058,162.2251
625,244592,320.67,337,888,86.7,5,0,1,0.165,0.005,-0.0058,162.2251
626,245288,524.2,408,1024,100.0,6,1,0,1.67,0.005,-0.0058,162.2251
627,245544,497.9,399,1020,99.6,6,1,0,1.874,0.005,-0.0058,162.2251
628,245552,485.61,421,1019,99.5,6,1,0,1.866,0.005,-0.0058,162.2251
629,245728,2.79,22,199,19.4,1,0,1,0.039,0.005,-0.0058,162.2251
630,246320,352.01,296,946,92.4,5,0,1,0.066,0.005,-0.0058,139.6309
631,247824,533.77,451,1023,99.9,6,1,0,1.382,0.005,-0.0058,139.6309
632,248040,362.68,600,993,97.0,5,0,0,2.837,0.005,-0.0058,139.6309
633,248328,546.93,467,1024,100.0,6,1,0,1.103,0.005,-0.0058,139.6309
634,248440,386.7,600,994,97.1,5,0,0,2.826,0.005,-0.0058,139.6309
635,248528,509.27,405,1021,99.7,6,1,0,1.625,0.005,-0.0058,139.6309
636,248792,528.85,383,1024,100.0,6,1,0,1.145,0.005,-0.0058,139.6309
637,248840,252.95,315,854,83.4,4,0,1,0.08,0.005,-0.0058,139.6309
638,248864,18.04,67,215,21.0,1,0,1,0.171,0.005,-0.0058,139.6309
639,248944,525.95,425,1022,99.8,6,1,0,1.403,0.005,-0.0058,139.6309
640,249024,-0.39,20,217,21.2,1,0,1,0.0,0.005,-0.0058,139.6309
641,249040,-7.02,25,189,18.5,1,0,1,0.022,0.005,-0.0058,139.6309
642,249424,567.31,200,1024,100.0,6,1,0,1.471,0.005,-0.0058,139.6309
643,249592,-12.25,21,178,17.4,1,0,1,0.112,0.005,-0.0058,139.6309
644,250400,610.93,182,1024,100.0,6,1,0,0.995,0.005,-0.0058,139.6309
645,250728,500.28,336,1023,99.9,6,1,0,0.412,0.005,-0.0058,139.6309
646,250848,561.39,290,1024,100.0,6,1,0,1.115,0.005,-0.0058,139.6309
647,251016,8.96,21,217,21.2,1,0,1,0.206,0.005,-0.0058,139.6309
648,251272,8.97,68,213,20.8,1,0,1,0.077,0.005,-0.0058,139.6309
649,251616,500.16,353,1024,100.0,6,1,0,0.86,0.005,-0.0058,139.6309
650,251888,570.66,431,1023,99.9,6,1,0,1.656,0.005,-0.0058,139.6309
651,252216,416.71,399,1012,98.8,5,0,1,0.163,0.005,-0.0058,139.6309
652,252856,511.63,408,1024,100.0,6,1,0,1.512,0.005,-0.0058,139.6309
653,252984,620.19,214,1024,100.0,6,1,0,1.826,0.005,-0.0058,139.6309
654,253264,424.18,528,1006,98.2,5,0,1,0.154,0.005,-0.0058,139.6309
655,253576,486.64,397,1022,99.8,6,1,0,1.096,0.005,-0.0058,139.6309
656,253576,445.81,170,1015,99.1,5,0,1,0.166,0.005,-0.0058,139.6309
657,254480,278.48,113,857,83.7,3,0,1,0.119,0.005,-0.0051,163.476
658,254584,516.97,371,1024,100.0,6,1,0,0.975,0.005,-0.0051,163.476
659,254896,514.61,376,1024,100.0,6,1,0,0.729,0.005,-0.0051,163.476
660,255040,342.88,222,942,92.0,5,0,1,0.183,0.005,-0.0051,163.476
661,255168,603.11,199,1021,99.7,6,1,0,1.369,0.005,-0.0051,163.476
662,255712,577.2,587,1022,99.8,6,1,0,1.63,0.005,-0.0051,163.476
663,256392,539.55,442,1022,99.8,6,1,0,1.678,0.005,-0.0051,163.476
664,257568,559.09,573,1024,100.0,6,1,0,1.719,0.005,-0.0051,163.476
665,257600,495.77,390,1021,99.7,6,1,0,1.556,0.005,-0.0051,163.476
666,258008,480.88,371,1024,100.0,6,1,0,1.631,0.005,-0.0051,163.476
667,258584,512.36,500,1024,100.0,6,1,0,1.252,0.005,-0.0051,163.476
668,258760,-6.66,22,182,17.8,1,0,1,0.016,0.005,-0.0051,163.476
669,259040,509.3,518,1023,99.9,6,1,0,1.52,0.005,-0.0051,163.476
670,259160,603.75,195,1019,99.5,6,1,0,1.835,0.005,-0.0051,163.476
671,259456,517.52,536,1024,100.0,6,1,0,1.133,0.005,-0.0051,163.476
672,259528,514.84,392,1024,100.0,6,1,0,1.252,0.005,-0.0051,163.476
673,259736,272.44,216,853,83.3,4,0,1,0.1,0.005,-0.0051,163.476
674,259960,261.17,299,862,84.2,4,0,1,0.013,0.005,-0.0051,163.476
675,260456,581.49,177,1024,100.0,6,1,0,1.101,0.005,-0.0051,163.476
676,260512,393.12,600,999,97.6,5,0,0,1.398,0.005,-0.0051,163.476
677,262240,516.54,385,1024,100.0,6,1,0,0.891,0.005,-0.004,147.5968
678,262512,543.45,382,1024,100.0,6,1,0,0.848,0.005,-0.004,147.5968
679,262992,497.49,407,1024,100.0,6,1,0,1.81,0.005,-0.004,147.5968
680,263208,481.57,460,1024,100.0,6,1,0,1.031,0.005,-0.004,147.5968
681,263352,3.09,18,206,20.1,1,0,1,0.068,0.005,-0.004,147.5968
682,263560,464.84,600,1024,100.0,5,0,0,1.62,0.005,-0.004,147.5968
683,263560,501.06,450,1024,100.0,6,1,0,1.069,0.005,-0.004,147.5968
684,263640,352.4,391,995,97.2,5,0,1,0.159,0.005,-0.004,147.5968
685,263736,535.63,410,1022,99.8,6,1,0,1.562,0.005,-0.004,147.5968
686,265408,627.52,231,1022,99.8,6,1,0,1.431,0.005,-0.004,147.5968
687,265672,513.62,395,1024,100.0,6,1,0,1.377,0.005,-0.004,147.5968
688,265680,494.83,430,1024,100.0,6,1,0,1.079,0.005,-0.004,147.5968
689,266176,524.66,398,1024,100.0,6,1,0,1.06,0.005,-0.004,147.5968
690,266504,510.62,368,1023,99.9,6,1,0,1.298,0.005,-0.004,147.5968
691,266632,495.65,362,1024,100.0,6,1,0,0.985,0.005,-0.004,147.5968
692,266632,523.97,410,1024,100.0,6,1,0,1.704,0.005,-0.004,147.5968
693,267232,598.36,194,1020,99.6,6,1,0,1.221,0.005,-0.004,147.5968
694,268176,539.11,250,1024,100.0,6,1,0,1.097,0.005,-0.004,147.5968
695,268248,531.95,355,1024,100.0,6,1,0,1.038,0.005,-0.004,147.5968
696,268272,579.25,205,1020,99.6,6,1,0,1.409,0.005,-0.004,147.5968
697,268424,5.53,22,236,23.0,1,0,1,0.207,0.005,-0.004,147.5968
698,268440,315.66,600,988,96.5,5,0,0,1.848,0.005,-0.004,147.5968
699,269024,8.32,73,211,20.6,1,0,1,0.189,0.005,-0.004,147.5968
700,269176,518.4,438,1020,99.6,6,1,0,1.473,0.005,-0.004,147.5968
701,269768,520.97,392,1020,99.6,6,1,0,1.531,0.005,-0.004,147.5968
702,269864,13.92,105,212,20.7,1,0,1,0.186,0.005,-0.004,147.5968
703,269880,217.39,88,804,78.5,3,0,1,0.105,0.005,-0.004,147.5968
704,270032,6.05,19,180,17.6,1,0,1,0.116,0.005,-0.004,147.5968
705,270040,603.3,233,1019,99.5,6,1,0,1.386,0.005,-0.004,147.5968
706,270184,-6.13,19,168,16.4,1,0,1,0.16,0.005,-0.004,147.5968
707,270184,0.37,18,233,22.8,1,0,1,0.164,0.005,-0.004,147.5968
708,270336,500.62,479,1020,99.6,6,1,0,1.708,0.005,-0.004,147.5968
709,270560,509.63,416,1024,100.0,6,1,0,1.855,0.005,-0.0039,154.0994
710,270920,240.49,92,549,53.6,3,0,1,0.132,0.005,-0.0039,154.0994
711,271912,479.24,455,1024,100.0,6,1,0,1.391,0.005,-0.0039,154.0994
712,272080,2.75,21,222,21.7,1,0,1,0.175,0.005,-0.0039,154.0994
713,272136,588.73,197,1022,99.8,6,1,0,1.506,0.005,-0.0039,154.0994
714,272792,338.84,378,999,97.6,5,0,1,0.13,0.005,-0.0039,154.0994
715,273024,-1.56,29,212,20.7,1,0,1,0.149,0.005,-0.0039,154.0994
716,273032,532.44,396,1020,99.6,6,1,0,1.189,0.005,-0.0039,154.0994
717,273168,-8.89,17,205,20.0,1,0,1,0.119,0.005,-0.0039,154.0994
718,273184,530.47,375,1024,100.0,6,1,0,1.323,0.005,-0.0039,154.0994
719,273224,270.96,600,879,85.8,5,0,0,0.882,0.005,-0.0039,154.0994
720,273568,619.59,186,1024,100.0,6,1,0,1.124,0.005,-0.0039,154.0994
721,273768,496.63,356,1024,100.0,6,1,0,1.401,0.005,-0.0039,154.0994
722,273888,608.51,219,1023,99.9,6,1,0,1.314,0.005,-0.0039,154.0994
723,274072,461.87,467,1020,99.6,6,1,0,1.624,0.005,-0.0039,154.0994
724,274232,-0.18,20,213,20.8,1,0,1,0.106,0.005,-0.0039,154.0994
725,275424,31.9,149,233,22.8,1,0,1,0.17,0.005,-0.0039,154.0994
726,275592,-3.18,21,206,20.1,1,0,1,0.18,0.005,-0.0039,154.0994
727,275656,609.76,221,1023,99.9,6,1,0,1.699,0.005,-0.0039,154.0994
728,275712,494.43,316,1024,100.0,6,1,0,1.093,0.005,-0.0039,154.0994
729,276296,516.07,384,1024,100.0,6,1,0,1.597,0.005,-0.0039,154.0994
730,276312,507.97,411,1024,100.0,6,1,0,1.471,0.005,-0.0039,154.0994
731,277216,472.64,456,1024,100.0,6,1,0,1.005,0.005,-0.0039,154.0994
732,277280,648.69,196,1024,100.0,6,1,0,0.885,0.005,-0.0039,154.0994
733,277968,371.52,600,999,97.6,5,0,0,1.921,0.005,-0.0039,154.0994
734,278008,621.08,212,1023,99.9,6,1,0,1.695,0.005,-0.0039,154.0994
735,278568,362.74,600,994,97.1,5,0,0,1.424,0.005,-0.0064,166.2614
736,278752,505.23,395,1023,99.9,6,1,0,1.758,0.005,-0.0064,166.2614
737,279432,492.24,392,1024,100.0,6,1,0,1.301,0.005,-0.0064,166.2614
738,279456,627.72,186,1024,100.0,6,1,0,1.109,0.005,-0.0064,166.2614
739,280280,483.5,383,1024,100.0,6,1,0,1.256,0.005,-0.0064,166.2614
740,280456,483.97,600,1009,98.5,5,0,0,1.311,0.005,-0.0064,166.2614
741,280520,554.35,405,1024,100.0,6,1,0,1.031,0.005,-0.0064,166.2614
742,280672,1.82,27,205,20.0,1,0,1,0.106,0.005,-0.0064,166.2614
743,280704,8.25,23,220,21.5,1,0,1,0.124,0.005,-0.0064,166.2614
744,281176,499.02,396,1023,99.9,6,1,0,1.212,0.005,-0.0064,166.2614
745,281208,625.97,219,1024,100.0,6,1,0,1.596,0.005,-0.0064,166.2614
746,281472,42.33,37,512,50.0,1,0,1,0.097,0.005,-0.0064,166.2614
747,281552,524.14,373,1022,99.8,6,1,0,0.714,0.005,-0.0064,166.2614
748,281816,469.13,383,1023,99.9,6,1,0,1.283,0.005,-0.0064,166.2614
749,282384,13.29,114,218,21.3,1,0,1,0.165,0.005,-0.0064,166.2614
750,282656,513.25,403,1024,100.0,6,1,0,1.099,0.005,-0.0064,166.2614
751,283184,600.76,204,1021,99.7,6,1,0,1.823,0.005,-0.0064,166.2614
752,283384,606.31,196,1023,99.9,6,1,0,1.136,0.005,-0.0064,166.2614
753,283464,632.63,345,1023,99.9,6,1,0,1.601,0.005,-0.0064,166.2614
754,283672,508.36,424,1022,99.8,6,1,0,1.483,0.005,-0.0064,166.2614
755,283896,505.91,403,1024,100.0,6,1,0,1.216,0.005,-0.0064,166.2614
756,284368,335.07,214,937,91.5,5,0,1,0.176,0.005,-0.0064,166.2614
757,284712,477.58,438,1021,99.7,6,1,0,1.681,0.005,-0.0064,166.2614
758,285448,540.02,383,1021,99.7,6,1,0,1.737,0.005,-0.0064,166.2614
759,285872,562.11,188,1023,99.9,6,1,0,1.113,0.005,-0.0064,166.2614
760,286024,461.7,355,1020,99.6,6,1,0,1.725,0.005,-0.0064,166.2614
761,286328,515.52,368,1024,100.0,6,1,0,0.833,0.005,-0.0064,166.2614
762,286472,0.19,18,206,20.1,1,0,1,0.155,0.005,-0.0064,166.2614
763,286744,512.17,384,1023,99.9,6,1,0,1.46,0.005,-0.0048,147.2068
764,286904,480.38,376,1022,99.8,6,1,0,1.421,0.005,-0.0048,147.2068
765,286976,481.21,439,1023,99.9,6,1,0,1.633,0.005,-0.0048,147.2068
766,287976,489.06,408,1024,100.0,6,1,0,1.125,0.005,-0.0048,147.2068
767,288464,580.94,186,1021,99.7,6,1,0,1.839,0.005,-0.0048,147.2068
768,288568,527.87,337,1021,99.7,6,1,0,1.12,0.005,-0.0048,147.2068
769,288592,483.81,393,1022,99.8,6,1,0,1.518,0.005,-0.0048,147.2068
770,288712,-14.98,18,178,17.4,1,0,1,0.131,0.005,-0.0048,147.2068
771,289640,496.27,452,1024,100.0,6,1,0,0.97,0.005,-0.0048,147.2068
772,289728,505.67,373,1022,99.8,6,1,0,1.12,0.005,-0.0048,147.2068
773,290032,624.28,196,1024,100.0,6,1,0,1.03,0.005,-0.0048,147.2068
774,290312,471.89,426,1023,99.9,6,1,0,1.757,0.005,-0.0048,147.2068
775,290584,13.48,69,219,21.4,1,0,1,0.134,0.005,-0.0048,147.2068
776,291208,224.37,112,842,82.2,3,0,1,0.169,0.005,-0.0048,147.2068
777,291272,335.73,600,1008,98.4,5,0,0,0.716,0.005,-0.0048,147.2068
778,291464,527.57,344,1024,100.0,6,1,0,1.161,0.005,-0.0048,147.2068
779,291472,477.56,360,1024,100.0,6,1,0,1.106,0.005,-0.0048,147.2068
780,291704,631.43,247,1023,99.9,6,1,0,1.184,0.005,-0.0048,147.2068
781,291944,530.8,496,1024,100.0,6,1,0,1.408,0.005,-0.0048,147.2068
782,292576,505.47,367,1024,100.0,6,1,0,1.077,0.005,-0.0048,147.2068
783,293448,496.01,358,1023,99.9,6,1,0,1.625,0.005,-0.0048,147.2068
784,293544,618.6,200,1022,99.8,6,1,0,1.243,0.005,-0.0048,147.2068
785,293608,8.79,20,241,23.5,1,0,1,0.205,0.005,-0.0048,147.2068
786,293688,308.12,139,934,91.2,4,0,1,0.156,0.005,-0.0048,147.2068
787,293880,508.24,334,1024,100.0,6,1,0,0.932,0.005,-0.0048,147.2068
788,294440,490.29,372,1024,100.0,6,1,0,0.697,0.005,-0.0048,147.2068
789,294512,514.63,405,1018,99.4,6,1,0,0.884,0.005,-0.0048,147.2068
790,294568,510.49,358,1017,99.3,6,1,0,1.306,0.005,-0.0048,147.2068
791,295056,22.08,77,217,21.2,1,0,1,0.144,0.005,-0.0062,152.2183
792,295144,477.58,459,1024,100.0,6,1,0,1.25,0.005,-0.0062,152.2183
793,296032,236.66,111,847,82.7,3,0,1,0.172,0.005,-0.0062,152.2183
794,296296,501.16,336,1024,100.0,6,1,0,1.289,0.005,-0.0062,152.2183
795,296592,509.77,363,1021,99.7,6,1,0,1.573,0.005,-0.0062,152.2183
796,296880,513.17,375,1023,99.9,6,1,0,1.643,0.005,-0.0062,152.2183
797,297000,538.28,432,1023,99.9,6,1,0,1.089,0.005,-0.0062,152.2183
798,297568,462.21,382,1023,99.9,6,1,0,1.216,0.005,-0.0062,152.2183
799,297952,485.68,362,1024,100.0,6,1,0,0.816,0.005,-0.0062,152.2183
800,298216,495.49,456,1024,100.0,6,1,0,1.671,0.005,-0.0062,152.2183
801,299120,528.33,386,1024,100.0,6,1,0,1.514,0.005,-0.0062,152.2183
802,299272,518.05,372,1024,100.0,6,1,0,1.632,0.005,-0.0062,152.2183
803,299592,479.43,339,1024,100.0,6,1,0,1.218,0.005,-0.0062,152.2183
804,299696,677.85,218,1024,100.0,6,1,0,0.943,0.005,-0.0062,152.2183
805,299832,354.41,354,1012,98.8,5,0,1,0.206,0.005,-0.0062,152.2183
806,299904,617.29,211,1023,99.9,6,1,0,1.671,0.005,-0.0062,152.2183
807,300232,491.53,455,1021,99.7,6,1,0,1.586,0.005,-0.0062,152.2183
808,300456,11.74,69,209,20.4,1,0,1,0.129,0.005,-0.0062,152.2183
809,300704,488.77,392,1020,99.6,6,1,0,1.643,0.005,-0.0062,152.2183
810,300832,0.13,16,196,19.1,1,0,1,0.156,0.005,-0.0062,152.2183
811,301168,583.71,184,1018,99.4,6,1,0,1.473,0.005,-0.0062,152.2183
812,301176,615.82,198,1022,99.8,6,1,0,1.318,0.005,-0.0062,152.2183
813,301384,-1.14,27,197,19.2,1,0,1,0.204,0.005,-0.0062,152.2183
814,301584,662.25,219,1024,100.0,6,1,0,0.659,0.005,-0.0062,152.2183
815,302008,478.91,342,1024,100.0,6,1,0,0.738,0.005,-0.0062,152.2183
816,302056,500.5,367,1023,99.9,6,1,0,1.18,0.005,-0.0062,152.2183
817,303088,583.42,188,1016,99.2,6,1,0,1.44,0.005,-0.0062,152.2183
818,303408,477.74,369,1024,100.0,6,1,0,1.446,0.005,-0.006,149.4556
819,303424,566.21,399,1023,99.9,6,1,0,1.878,0.005,-0.006,149.4556
820,303696,495.31,358,1019,99.5,6,1,0,1.642,0.005,-0.006,149.4556
821,304096,478.22,365,1021,99.7,6,1,0,1.345,0.005,-0.006,149.4556
822,304248,6.07,19,238,23.2,1,0,1,0.179,0.005,-0.006,149.4556
823,304440,478.73,382,1023,99.9,6,1,0,1.609,0.005,-0.006,149.4556
824,304504,570.09,177,1024,100.0,6,1,1,0.195,0.005,-0.006,149.4556
825,304712,477.71,338,1022,99.8,6,1,0,1.6,0.005,-0.006,149.4556
826,304840,578.41,179,1020,99.6,6,1,0,1.512,0.005,-0.006,149.4556
827,305040,526.66,373,1022,99.8,6,1,0,1.387,0.005,-0.006,149.4556
828,305800,607.64,194,1023,99.9,6,1,0,1.902,0.005,-0.006,149.4556
829,306280,483.07,357,1021,99.7,6,1,0,1.51,0.005,-0.006,149.4556
830,306560,565.5,190,1018,99.4,6,1,0,1.443,0.005,-0.006,149.4556
831,306608,476.57,364,1021,99.7,6,1,0,1.624,0.005,-0.006,149.4556
832,307320,502.55,352,1024,100.0,6,1,0,1.348,0.005,-0.006,149.4556
833,307480,492.29,346,1022,99.8,6,1,0,1.616,0.005,-0.006,149.4556
834,307880,539.94,380,1024,100.0,6,1,0,0.944,0.005,-0.006,149.4556
835,309016,580.28,192,1020,99.6,6,1,0,1.643,0.005,-0.006,149.4556
836,309128,498.24,416,1024,100.0,6,1,0,1.442,0.005,-0.006,149.4556
837,309240,327.5,600,983,96.0,5,0,0,1.935,0.005,-0.006,149.4556
838,309248,463.97,371,1024,100.0,6,1,0,1.449,0.005,-0.006,149.4556
839,309272,504.7,333,1024,100.0,6,1,0,1.019,0.005,-0.006,149.4556
840,309752,530.04,399,1024,100.0,6,1,0,1.306,0.005,-0.006,149.4556
841,310496,511.33,397,1020,99.6,6,1,0,1.229,0.005,-0.006,149.4556
842,310792,597.86,194,1019,99.5,6,1,0,1.461,0.005,-0.006,149.4556
843,310864,508.53,373,1024,100.0,6,1,0,1.129,0.005,-0.006,149.4556
844,311064,670.35,242,1024,100.0,6,1,0,0.883,0.005,-0.006,149.4556
845,311984,480.91,339,1021,99.7,6,1,0,1.746,0.005,-0.0061,124.5046
846,312040,537.71,349,1019,99.5,6,1,0,1.69,0.005,-0.0061,124.5046
847,312056,610.55,195,1018,99.4,6,1,0,1.503,0.005,-0.0061,124.5046
848,312192,2.99,19,222,21.7,1,0,1,0.002,0.005,-0.0061,124.5046
849,312232,494.54,402,1020,99.6,6,1,0,1.878,0.005,-0.0061,124.5046
850,312400,498.06,331,1024,100.0,6,1,0,1.562,0.005,-0.0061,124.5046
851,312448,612.18,198,1024,100.0,6,1,0,1.715,0.005,-0.0061,124.5046
852,313592,506.3,350,1022,99.8,6,1,0,1.448,0.005,-0.0061,124.5046
853,313712,595.85,185,1020,99.6,6,1,0,1.69,0.005,-0.0061,124.5046
854,314352,543.59,411,1022,99.8,6,1,0,1.726,0.005,-0.0061,124.5046
855,314512,506.59,316,1020,99.6,6,1,0,0.564,0.005,-0.0061,124.5046
856,314520,663.27,265,1024,100.0,6,1,0,0.749,0.005,-0.0061,124.5046
857,315040,502.48,373,1024,100.0,6,1,0,1.573,0.005,-0.0061,124.5046
858,315296,508.05,356,1022,99.8,6,1,0,1.472,0.005,-0.0061,124.5046
859,316136,505.28,318,1024,100.0,6,1,0,1.05,0.005,-0.0061,124.5046
860,316352,504.07,330,1024,100.0,6,1,0,0.874,0.005,-0.0061,124.5046
861,316472,607.63,179,1024,100.0,6,1,0,1.301,0.005,-0.0061,124.5046
862,316992,333.89,600,948,92.6,5,0,0,1.99,0.005,-0.0061,124.5046
863,317224,513.09,338,1021,99.7,6,1,0,0.726,0.005,-0.0061,124.5046
864,317232,526.58,360,1020,99.6,6,1,0,1.812,0.005,-0.0061,124.5046
865,317416,470.55,363,1020,99.6,6,1,0,1.044,0.005,-0.0061,124.5046
866,317744,579.79,201,1024,100.0,6,1,0,1.61,0.005,-0.0061,124.5046
867,317968,482.76,334,1024,100.0,6,1,0,1.012,0.005,-0.0061,124.5046
868,318456,572.16,183,1018,99.4,6,1,0,1.852,0.005,-0.0061,124.5046
869,319160,528.49,351,1020,99.6,6,1,0,1.531,0.005,-0.0061,124.5046
870,319280,488.29,351,1023,99.9,6,1,0,1.716,0.005,-0.0061,124.5046
871,319904,511.58,334,1024,100.0,6,1,0,0.951,0.005,-0.0053,132.4016
872,320240,496.14,353,1017,99.3,6,1,0,1.248,0.005,-0.0053,132.4016
873,320408,651.06,244,1024,100.0,6,1,0,1.384,0.005,-0.0053,132.4016
874,320544,535.53,350,1024,100.0,6,1,0,1.177,0.005,-0.0053,132.4016
875,320624,517.14,332,1024,100.0,6,1,0,1.264,0.005,-0.0053,132.4016
876,320712,560.59,179,1020,99.6,6,1,0,1.753,0.005,-0.0053,132.4016
877,320824,-4.1,25,210,20.5,1,0,1,0.21,0.005,-0.0053,132.4016
878,321984,521.94,353,1017,99.3,6,1,0,1.842,0.005,-0.0053,132.4016
879,322024,310.63,600,998,97.5,5,0,0,2.021,0.005,-0.0053,132.4016
880,322632,529.19,341,1023,99.9,6,1,0,1.498,0.005,-0.0053,132.4016
881,322792,510.96,319,1023,99.9,6,1,0,1.28,0.005,-0.0053,132.4016
882,323232,510.5,336,1022,99.8,6,1,0,0.837,0.005,-0.0053,132.4016
883,323288,482.81,360,1022,99.8,6,1,0,1.381,0.005,-0.0053,132.4016
884,323416,328.91,174,941,91.9,5,0,1,0.162,0.005,-0.0053,132.4016
885,323656,474.62,354,1020,99.6,6,1,0,1.422,0.005,-0.0053,132.4016
886,323720,481.34,376,1023,99.9,6,1,0,1.622,0.005,-0.0053,132.4016
887,324032,609.16,175,1024,100.0,6,1,0,0.907,0.005,-0.0053,132.4016
888,324312,597.82,190,1024,100.0,6,1,0,1.722,0.005,-0.0053,132.4016
889,325560,651.89,191,1024,100.0,6,1,0,0.885,0.005,-0.0053,132.4016
890,325824,496.55,324,1024,100.0,6,1,0,0.957,0.005,-0.0053,132.4016
891,326000,11.65,22,231,22.6,1,0,1,0.153,0.005,-0.0053,132.4016
892,326064,486.07,347,1021,99.7,6,1,0,1.879,0.005,-0.0053,132.4016
893,326160,496.57,313,1024,100.0,6,1,0,0.698,0.005,-0.0053,132.4016
894,326784,356.45,600,998,97.5,5,0,0,1.611,0.005,-0.0053,132.4016
895,326872,507.46,394,1020,99.6,6,1,0,1.377,0.005,-0.0053,132.4016
896,326952,2.36,21,458,44.7,1,0,1,0.207,0.005,-0.0053,132.4016
897,327552,604.76,194,1022,99.8,6,1,0,1.408,0.005,-0.0053,132.4016
898,327744,485.11,541,1023,99.9,6,1,0,1.344,0.005,-0.0051,154.6333
899,328440,665.56,196,1023,99.9,6,1,0,0.503,0.005,-0.0051,154.6333
900,328584,522.96,378,1023,99.9,6,1,0,1.3,0.005,-0.0051,154.6333
901,328720,528.41,332,1022,99.8,6,1,0,1.061,0.005,-0.0051,154.6333
902,328944,19.46,28,466,45.5,1,0,1,0.136,0.005,-0.0051,154.6333
903,328976,490.15,352,1024,100.0,6,1,0,1.274,0.005,-0.0051,154.6333
904,329112,362.87,600,1010,98.6,5,0,0,1.551,0.005,-0.0051,154.6333
905,329288,589.37,193,1018,99.4,6,1,0,1.546,0.005,-0.0051,154.6333
906,329952,493.15,375,1023,99.9,6,1,0,1.439,0.005,-0.0051,154.6333
907,330168,-16.63,27,178,17.4,1,0,1,0.147,0.005,-0.0051,154.6333
908,330216,506.07,333,1024,100.0,6,1,0,1.763,0.005,-0.0051,154.6333
909,330736,629.27,203,1024,100.0,6,1,0,1.164,0.005,-0.0051,154.6333
910,331152,510.88,321,1024,100.0,6,1,0,0.915,0.005,-0.0051,154.6333
911,331248,491.18,351,1021,99.7,6,1,0,1.781,0.005,-0.0051,154.6333
912,331768,488.27,353,1021,99.7,6,1,0,1.713,0.005,-0.0051,154.6333
913,331816,490.64,355,1017,99.3,6,1,0,1.483,0.005,-0.0051,154.6333
914,331880,506.79,324,1022,99.8,6,1,0,0.869,0.005,-0.0051,154.6333
915,332936,496.61,340,1024,100.0,6,1,0,1.076,0.005,-0.0051,154.6333
916,333152,514.84,373,1023,99.9,6,1,0,1.777,0.005,-0.0051,154.6333
917,333344,592.49,191,1019,99.5,6,1,0,1.441,0.005,-0.0051,154.6333
918,333520,465.53,348,1017,99.3,6,1,0,1.473,0.005,-0.0051,154.6333
919,333688,516.44,305,1024,100.0,6,1,0,0.794,0.005,-0.0051,154.6333
920,334088,601.43,276,1022,99.8,6,1,0,1.621,0.005,-0.0051,154.6333
921,334584,495.99,352,1024,100.0,6,1,0,1.495,0.005,-0.0051,154.6333
922,334856,601.51,189,1020,99.6,6,1,0,1.755,0.005,-0.0051,154.6333
923,334936,501.4,473,1023,99.9,6,1,0,1.575,0.005,-0.0051,154.6333
924,335816,548.14,333,1024,100.0,6,1,0,1.058,0.005,-0.0051,154.6333
925,336256,492.78,342,1022,99.8,6,1,0,1.828,0.005,-0.005,121.4177
926,336856,539.21,346,1024,100.0,6,1,0,1.124,0.005,-0.005,121.4177
927,337072,-1.29,27,212,20.7,1,0,1,0.084,0.005,-0.005,121.4177
928,337096,518.65,426,1021,99.7,6,1,0,1.783,0.005,-0.005,121.4177
929,337416,484.46,354,1024,100.0,6,1,0,0.849,0.005,-0.005,121.4177
930,337664,500.56,351,1020,99.6,6,1,0,1.879,0.005,-0.005,121.4177
931,337696,517.08,345,1020,99.6,6,1,0,1.746,0.005,-0.005,121.4177
932,337736,328.36,600,944,92.2,5,0,0,1.402,0.005,-0.005,121.4177
933,338504,513.07,336,1024,100.0,6,1,0,0.862,0.005,-0.005,121.4177
934,338592,643.39,190,1024,100.0,6,1,0,0.565,0.005,-0.005,121.4177
935,338784,-9.42,24,207,20.2,1,0,1,0.138,0.005,-0.005,121.4177
936,338952,521.33,337,1022,99.8,6,1,0,1.575,0.005,-0.005,121.4177
937,339384,593.84,206,1022,99.8,6,1,0,1.693,0.005,-0.005,121.4177
938,339896,506.0,350,1019,99.5,6,1,0,1.823,0.005,-0.005,121.4177
939,339968,-1.38,73,208,20.3,1,0,1,0.166,0.005,-0.005,121.4177
940,340216,608.25,179,1024,100.0,6,1,0,0.988,0.005,-0.005,121.4177
941,340216,506.6,350,1019,99.5,6,1,0,1.542,0.005,-0.005,121.4177
942,340392,503.52,341,1024,100.0,6,1,0,1.112,0.005,-0.005,121.4177
943,340432,496.4,342,1024,100.0,6,1,0,0.909,0.005,-0.005,121.4177
944,341328,604.4,179,1024,100.0,6,1,0,1.098,0.005,-0.005,121.4177
945,341560,516.53,382,1022,99.8,6,1,0,1.574,0.005,-0.005,121.4177
946,341600,588.12,173,1024,100.0,6,1,0,1.5,0.005,-0.005,121.4177
947,341608,602.76,174,1024,100.0,6,1,0,0.961,0.005,-0.005,121.4177
948,341704,528.21,344,1022,99.8,6,1,0,1.862,0.005,-0.005,121.4177
949,341736,2.61,22,210,20.5,1,0,1,0.051,0.005,-0.005,121.4177
950,341816,575.97,173,1023,99.9,6,1,0,1.587,0.005,-0.005,121.4177
951,343160,560.78,182,1023,99.9,6,1,0,1.674,0.005,-0.005,121.4177
952,343168,652.03,195,1024,100.0,6,1,0,1.168,0.005,-0.005,121.4177
953,343584,473.31,399,1024,100.0,6,1,0,1.408,0.005,-0.005,121.4177
954,344120,476.06,349,1019,99.5,6,1,0,1.665,0.005,-0.0054,121.959
955,344288,519.54,336,1021,99.7,6,1,0,1.432,0.005,-0.0054,121.959
956,344368,494.53,329,1023,99.9,6,1,0,0.865,0.005,-0.0054,121.959
957,344496,16.04,26,468,45.7,1,0,1,0.179,0.005,-0.0054,121.959
958,344696,526.71,360,1019,99.5,6,1,0,1.676,0.005,-0.0054,121.959
959,344768,339.13,600,1000,97.7,5,0,0,2.022,0.005,-0.0054,121.959
960,345816,509.66,332,1024,100.0,6,1,0,1.222,0.005,-0.0054,121.959
961,345912,472.84,343,1024,100.0,6,1,0,1.021,0.005,-0.0054,121.959
962,345928,634.96,179,1024,100.0,6,1,0,0.878,0.005,-0.0054,121.959
963,346136,619.85,180,1024,100.0,6,1,0,0.895,0.005,-0.0054,121.959
964,346248,503.43,333,1024,100.0,6,1,0,1.658,0.005,-0.0054,121.959
965,346864,486.44,343,1022,99.8,6,1,0,1.623,0.005,-0.0054,121.959
966,347152,504.22,348,1018,99.4,6,1,0,1.827,0.005,-0.0054,121.959
967,347400,652.82,186,1024,100.0,6,1,0,0.884,0.005,-0.0054,121.959
968,347576,-0.37,22,203,19.8,1,0,1,0.128,0.005,-0.0054,121.959
969,347592,491.77,353,1020,99.6,6,1,0,1.368,0.005,-0.0054,121.959
970,347728,-3.09,19,173,16.9,1,0,1,0.155,0.005,-0.0054,121.959
971,348200,492.12,298,1023,99.9,6,1,0,0.844,0.005,-0.0054,121.959
972,348280,14.17,69,212,20.7,1,0,1,0.147,0.005,-0.0054,121.959
973,348592,492.9,333,1024,100.0,6,1,0,1.742,0.005,-0.0054,121.959
974,348680,484.85,304,1024,100.0,6,1,0,0.778,0.005,-0.0054,121.959
975,348832,503.11,337,1022,99.8,6,1,0,1.677,0.005,-0.0054,121.959
976,348984,6.08,19,234,22.9,1,0,1,0.206,0.005,-0.0054,121.959
977,349640,585.0,180,1019,99.5,6,1,0,1.772,0.005,-0.0054,121.959
978,350040,516.29,361,1023,99.9,6,1,0,1.402,0.005,-0.0054,121.959
979,350056,637.61,183,1024,100.0,6,1,0,0.768,0.005,-0.0054,121.959
980,350512,537.13,456,1024,100.0,6,1,0,1.283,0.005,-0.0054,121.959
981,350528,594.8,193,1022,99.8,6,1,0,1.467,0.005,-0.0054,121.959
982,350576,496.4,373,1023,99.9,6,1,0,1.521,0.005,-0.0054,121.959
983,350704,-3.78,24,210,20.5,1,0,1,0.126,0.005,-0.0054,121.959
984,350880,483.96,275,1023,99.9,6,1,0,1.274,0.005,-0.0054,121.959
985,351096,474.68,352,1018,99.4,6,1,0,1.872,0.005,-0.0054,121.959
986,351216,585.59,197,1024,100.0,6,1,0,1.855,0.005,-0.0054,121.959
987,351408,6.38,66,215,21.0,1,0,1,0.0,0.005,-0.0054,121.959
988,352680,533.86,263,1023,99.9,6,1,0,1.187,0.005,-0.007,164.4885
989,352792,502.88,342,1021,99.7,6,1,0,1.718,0.005,-0.007,164.4885
990,352976,499.64,367,1021,99.7,6,1,0,1.462,0.005,-0.007,164.4885
991,353184,511.48,332,1024,100.0,6,1,0,1.049,0.005,-0.007,164.4885
992,353416,516.67,339,1022,99.8,6,1,0,1.842,0.005,-0.007,164.4885
993,353864,516.5,346,1022,99.8,6,1,0,1.844,0.005,-0.007,164.4885
994,354040,536.67,329,1024,100.0,6,1,0,0.725,0.005,-0.007,164.4885
995,354096,497.9,360,1024,100.0,6,1,0,0.811,0.005,-0.007,164.4885
996,354816,572.95,175,1021,99.7,6,1,0,1.648,0.005,-0.007,164.4885
997,355448,510.63,346,1021,99.7,6,1,0,1.653,0.005,-0.007,164.4885
998,355568,625.74,184,1023,99.9,6,1,0,0.864,0.005,-0.007,164.4885
999,355656,553.23,335,1024,100.0,6,1,0,0.628,0.005,-0.007,164.4885
1000,355672,521.67,360,1022,99.8,6,1,0,1.276,0.005,-0.007,164.4885
1001,356024,506.95,355,1020,99.6,6,1,0,1.385,0.005,-0.007,164.4885
1002,356672,542.42,351,1024,100.0,6,1,0,1.05,0.005,-0.007,164.4885
1003,357064,513.01,378,1023,99.9,6,1,0,1.393,0.005,-0.007,164.4885
1004,357104,515.74,286,1023,99.9,6,1,0,1.272,0.005,-0.007,164.4885
1005,357160,656.97,199,1024,100.0,6,1,0,0.939,0.005,-0.007,164.4885
1006,358056,499.84,326,1024,100.0,6,1,0,0.691,0.005,-0.007,164.4885
1007,358200,486.3,316,1024,100.0,6,1,0,0.754,0.005,-0.007,164.4885
1008,358352,482.98,337,1022,99.8,6,1,0,1.605,0.005,-0.007,164.4885
1009,358384,595.83,214,1023,99.9,6,1,0,1.765,0.005,-0.007,164.4885
1010,359248,512.97,403,1021,99.7,6,1,0,1.558,0.005,-0.007,164.4885
1011,359640,385.74,322,1017,99.3,5,0,1,0.203,0.005,-0.007,164.4885
1012,359760,513.74,332,1023,99.9,6,1,0,1.011,0.005,-0.007,164.4885
1013,359792,644.47,199,1024,100.0,6,1,0,0.784,0.005,-0.007,164.4885
1014,359792,12.24,19,233,22.8,1,0,1,0.143,0.005,-0.007,164.4885
1015,359808,512.64,331,1024,100.0,6,1,0,1.055,0.005,-0.007,164.4885
1016,360000,-4.08,26,211,20.6,1,0,1,0.189,0.005,-0.007,164.4885
1017,360168,-3.05,21,177,17.3,1,0,1,0.123,0.005,-0.007,164.4885
1018,360752,592.94,188,1018,99.4,6,1,0,1.478,0.005,-0.0051,156.4827
1019,360944,489.19,361,1019,99.5,6,1,0,1.654,0.005,-0.0051,156.4827
1020,361064,479.05,335,1022,99.8,6,1,0,1.376,0.005,-0.0051,156.4827
1021,361144,591.4,169,1024,100.0,6,1,0,0.87,0.005,-0.0051,156.4827
1022,361376,629.98,202,1023,99.9,6,1,0,1.201,0.005,-0.0051,156.4827
1023,361640,631.87,184,1024,100.0,6,1,0,1.256,0.005,-0.0051,156.4827
1024,362448,495.4,330,1023,99.9,6,1,0,1.216,0.005,-0.0051,156.4827
1025,362864,580.74,186,1018,99.4,6,1,0,1.532,0.005,-0.0051,156.4827
1026,363152,336.59,600,977,95.4,5,0,0,1.576,0.005,-0.0051,156.4827
1027,363160,646.62,190,1024,100.0,6,1,0,0.765,0.005,-0.0051,156.4827
1028,363352,504.86,325,1024,100.0,6,1,0,1.795,0.005,-0.0051,156.4827
1029,363440,509.39,287,1024,100.0,6,1,0,0.756,0.005,-0.0051,156.4827
1030,363544,488.31,325,1022,99.8,6,1,0,0.848,0.005,-0.0051,156.4827
1031,363568,494.35,313,1024,100.0,6,1,0,1.167,0.005,-0.0051,156.4827
1032,363624,16.07,34,497,48.5,1,0,1,0.087,0.005,-0.0051,156.4827
1033,363656,-4.42,27,210,20.5,1,0,1,0.186,0.005,-0.0051,156.4827
1034,363856,26.08,25,471,46.0,1,0,1,0.194,0.005,-0.0051,156.4827
1035,363920,584.74,184,1020,99.6,6,1,0,1.786,0.005,-0.0051,156.4827
1036,364624,625.61,184,1024,100.0,6,1,0,0.644,0.005,-0.0051,156.4827
1037,364920,664.77,220,1024,100.0,6,1,0,1.093,0.005,-0.0051,156.4827
1038,365456,492.92,324,1022,99.8,6,1,0,1.11,0.005,-0.0051,156.4827
1039,366056,624.36,275,1024,100.0,6,1,0,0.887,0.005,-0.0051,156.4827
1040,366208,504.06,330,1023,99.9,6,1,0,1.607,0.005,-0.0051,156.4827
1041,366336,537.76,349,1020,99.6,6,1,0,1.89,0.005,-0.0051,156.4827
1042,366360,575.6,180,1019,99.5,6,1,0,1.33,0.005,-0.0051,156.4827
1043,366424,540.2,350,1019,99.5,6,1,0,1.365,0.005,-0.0051,156.4827
1044,367544,504.47,365,1024,100.0,6,1,0,1.487,0.005,-0.0051,156.4827
1045,367720,602.5,189,1021,99.7,6,1,0,1.567,0.005,-0.0051,156.4827
1046,367984,616.15,195,1024,100.0,6,1,0,1.694,0.005,-0.0051,156.4827
1047,368176,615.73,227,1020,99.6,6,1,0,1.234,0.005,-0.0051,156.4827
1048,368544,496.01,311,1024,100.0,6,1,0,0.806,0.005,-0.0051,156.4827
1049,368720,325.65,600,992,96.9,5,0,0,1.558,0.005,-0.0071,161.7285
1050,369000,482.77,333,1022,99.8,6,1,0,1.558,0.005,-0.0071,161.7285
1051,369048,592.82,188,1020,99.6,6,1,0,1.726,0.005,-0.0071,161.7285
1052,369152,543.78,462,1022,99.8,6,1,0,1.816,0.005,-0.0071,161.7285
1053,369336,20.51,23,456,44.5,1,0,1,0.193,0.005,-0.0071,161.7285
1054,370256,491.06,284,1024,100.0,6,1,0,0.723,0.005,-0.0071,161.7285
1055,370264,487.59,318,1017,99.3,6,1,0,1.412,0.005,-0.0071,161.7285
1056,370552,639.7,194,1024,100.0,6,1,0,0.64,0.005,-0.0071,161.7285
1057,370600,487.17,303,1024,100.0,6,1,0,0.914,0.005,-0.0071,161.7285
1058,370608,250.36,236,857,83.7,4,0,1,0.028,0.005,-0.0071,161.7285
1059,370872,518.59,291,1022,99.8,6,1,0,1.26,0.005,-0.0071,161.7285
1060,371016,80.58,52,257,25.1,1,0,1,0.126,0.005,-0.0071,161.7285
1061,371376,498.29,291,1023,99.9,6,1,0,0.694,0.005,-0.0071,161.7285
1062,371696,608.49,179,1024,100.0,6,1,0,1.471,0.005,-0.0071,161.7285
1063,371912,498.02,322,1023,99.9,6,1,0,0.898,0.005,-0.0071,161.7285
1064,372312,563.6,180,1019,99.5,6,1,0,1.89,0.005,-0.0071,161.7285
1065,372472,590.94,182,1018,99.4,6,1,0,1.859,0.005,-0.0071,161.7285
1066,372944,495.07,292,1023,99.9,6,1,0,0.988,0.005,-0.0071,161.7285
1067,373056,503.12,350,1021,99.7,6,1,0,1.767,0.005,-0.0071,161.7285
1068,373120,474.19,321,1024,100.0,6,1,0,1.868,0.005,-0.0071,161.7285
1069,373192,637.23,187,1024,100.0,6,1,0,0.939,0.005,-0.0071,161.7285
1070,373416,652.71,188,1024,100.0,6,1,0,0.42,0.005,-0.0071,161.7285
1071,374096,630.31,203,1023,99.9,6,1,0,1.504,0.005,-0.0071,161.7285
1072,374464,598.55,190,1021,99.7,6,1,0,1.579,0.005,-0.0071,161.7285
1073,374568,605.16,181,1024,100.0,6,1,0,1.254,0.005,-0.0071,161.7285
1074,375088,553.52,347,1019,99.5,6,1,0,1.772,0.005,-0.0071,161.7285
1075,375288,526.23,279,1024,100.0,6,1,0,0.722,0.005,-0.0071,161.7285
1076,375680,479.05,311,1023,99.9,6,1,0,1.262,0.005,-0.0071,161.7285
1077,376176,377.5,600,1006,98.2,5,0,0,1.74,0.005,-0.0071,161.7285
1078,376680,484.88,323,1024,100.0,6,1,0,1.066,0.005,-0.0071,161.7285
1079,377192,507.02,341,1023,99.9,6,1,0,1.274,0.005,-0.0051,144.3544
1080,377256,498.14,336,1023,99.9,6,1,0,1.25,0.005,-0.0051,144.3544
1081,377616,626.09,180,1024,100.0,6,1,0,0.847,0.005,-0.0051,144.3544
1082,377696,541.22,326,1024,100.0,6,1,0,0.84,0.005,-0.0051,144.3544
1083,377976,498.77,336,1022,99.8,6,1,0,1.636,0.005,-0.0051,144.3544
1084,378168,505.49,311,1024,100.0,6,1,0,0.858,0.005,-0.0051,144.3544
1085,378216,373.04,600,1017,99.3,5,0,0,0.252,0.005,-0.0051,144.3544
1086,378352,377.7,137,989,96.6,4,0,1,0.132,0.005,-0.0051,144.3544
1087,378464,0.71,31,208,20.3,1,0,1,0.144,0.005,-0.0051,144.3544
1088,378656,634.99,183,1024,100.0,6,1,0,1.12,0.005,-0.0051,144.3544
1089,379024,284.51,107,915,89.4,4,0,1,0.123,0.005,-0.0051,144.3544
1090,379056,473.23,297,1024,100.0,6,1,0,1.272,0.005,-0.0051,144.3544
1091,379216,432.95,155,1015,99.1,5,0,1,0.09,0.005,-0.0051,144.3544
1092,380040,605.25,211,1024,100.0,6,1,0,1.732,0.005,-0.0051,144.3544
1093,380136,584.4,185,1019,99.5,6,1,0,1.024,0.005,-0.0051,144.3544
1094,380424,515.54,351,1019,99.5,6,1,0,1.758,0.005,-0.0051,144.3544
1095,380528,486.15,354,1022,99.8,6,1,0,1.431,0.005,-0.0051,144.3544
1096,380640,514.83,272,1024,100.0,6,1,0,0.572,0.005,-0.0051,144.3544
1097,381648,516.88,324,1023,99.9,6,1,0,1.639,0.005,-0.0051,144.3544
1098,381760,496.61,342,1021,99.7,6,1,0,1.652,0.005,-0.0051,144.3544
1099,381888,620.65,183,1024,100.0,6,1,0,0.741,0.005,-0.0051,144.3544
1100,382064,496.82,356,1019,99.5,6,1,0,1.661,0.005,-0.0051,144.3544
1101,382368,592.5,216,1021,99.7,6,1,0,1.758,0.005,-0.0051,144.3544
1102,382520,547.86,249,1024,100.0,6,1,0,1.087,0.005,-0.0051,144.3544
1103,382808,39.4,36,537,52.4,1,0,1,0.162,0.005,-0.0051,144.3544
1104,382912,517.73,347,1021,99.7,6,1,0,1.619,0.005,-0.0051,144.3544
1105,382920,488.07,360,1024,100.0,6,1,0,1.723,0.005,-0.0051,144.3544
1106,383136,13.77,28,516,50.4,1,0,1,0.179,0.005,-0.0051,144.3544
1107,383248,583.42,186,1023,99.9,6,1,0,1.61,0.005,-0.0051,144.3544
1108,383512,630.04,181,1024,100.0,6,1,0,1.221,0.005,-0.0051,144.3544
1109,383680,11.52,21,228,22.3,1,0,1,0.063,0.005,-0.0051,144.3544
1110,384304,530.48,332,1024,100.0,6,1,0,0.86,0.005,-0.0051,144.3544
1111,384312,519.47,303,1024,100.0,6,1,0,1.107,0.005,-0.0051,144.3544
1112,384408,625.92,186,1024,100.0,6,1,0,1.257,0.005,-0.0051,144.3544
1113,384640,22.52,29,543,53.0,1,0,1,0.193,0.005,-0.0051,144.3544
1114,384656,586.2,190,1018,99.4,6,1,0,1.836,0.005,-0.0051,144.3544
1115,384736,509.03,296,1024,100.0,6,1,0,0.834,0.005,-0.0051,144.3544
1116,384920,8.44,23,212,20.7,1,0,1,0.174,0.005,-0.0051,144.3544
1117,385512,509.43,338,1024,100.0,6,1,0,1.257,0.005,-0.0067,148.0656
1118,386080,510.36,354,1021,99.7,6,1,0,1.841,0.005,-0.0067,148.0656
1119,386264,505.26,323,1024,100.0,6,1,0,0.886,0.005,-0.0067,148.0656
1120,386832,482.1,316,1024,100.0,6,1,0,0.595,0.005,-0.0067,148.0656
1121,386864,500.75,319,1023,99.9,6,1,0,1.314,0.005,-0.0067,148.0656
1122,387312,494.15,332,1023,99.9,6,1,0,1.704,0.005,-0.0067,148.0656
1123,387440,495.7,350,1021,99.7,6,1,0,1.398,0.005,-0.0067,148.0656
1124,387696,554.63,179,1019,99.5,6,1,0,1.676,0.005,-0.0067,148.0656
1125,388120,543.85,326,1022,99.8,6,1,0,0.863,0.005,-0.0067,148.0656
1126,388336,631.29,184,1024,100.0,6,1,0,0.581,0.005,-0.0067,148.0656
1127,388512,528.96,304,1024,100.0,6,1,0,1.002,0.005,-0.0067,148.0656
1128,388800,622.63,186,1024,100.0,6,1,0,1.004,0.005,-0.0067,148.0656
1129,389144,608.33,181,1024,100.0,6,1,0,1.173,0.005,-0.0067,148.0656
1130,389520,437.2,575,1024,100.0,6,1,0,1.052,0.005,-0.0067,148.0656
1131,389984,498.42,318,1020,99.6,6,1,0,1.677,0.005,-0.0067,148.0656
1132,390024,655.39,238,1024,100.0,6,1,0,0.975,0.005,-0.0067,148.0656
1133,390256,617.57,182,1024,100.0,6,1,0,1.291,0.005,-0.0067,148.0656
1134,390768,510.72,304,1023,99.9,6,1,0,0.413,0.005,-0.0067,148.0656
1135,390864,527.66,504,1022,99.8,6,1,0,1.727,0.005,-0.0067,148.0656
1136,390880,555.8,170,1022,99.8,6,1,0,1.284,0.005,-0.0067,148.0656
1137,391176,523.16,333,1022,99.8,6,1,0,1.275,0.005,-0.0067,148.0656
1138,391432,509.25,286,1023,99.9,6,1,0,0.72,0.005,-0.0067,148.0656
1139,392232,578.63,183,1019,99.5,6,1,0,1.623,0.005,-0.0067,148.0656
1140,392424,-6.7,24,199,19.4,1,0,1,0.026,0.005,-0.0067,148.0656
1141,392712,479.66,307,1019,99.5,6,1,0,1.328,0.005,-0.0067,148.0656
1142,392888,537.72,363,1021,99.7,6,1,0,1.704,0.005,-0.0067,148.0656
1143,392960,46.75,31,531,51.9,1,0,1,0.137,0.005,-0.0067,148.0656
1144,393224,313.07,256,977,95.4,5,0,1,0.202,0.005,-0.0047,112.9124
1145,393384,482.61,315,1020,99.6,6,1,0,1.882,0.005,-0.0047,112.9124
1146,393520,519.1,437,1023,99.9,6,1,0,1.221,0.005,-0.0047,112.9124
1147,393608,516.64,341,1021,99.7,6,1,0,1.744,0.005,-0.0047,112.9124
1148,393728,504.13,287,1024,100.0,6,1,0,0.95,0.005,-0.0047,112.9124
1149,394816,632.2,179,1024,100.0,6,1,0,1.203,0.005,-0.0047,112.9124
1150,394920,325.11,175,938,91.6,5,0,1,0.039,0.005,-0.0047,112.9124
1151,395072,525.69,331,1023,99.9,6,1,0,1.736,0.005,-0.0047,112.9124
1152,395656,525.66,346,1022,99.8,6,1,0,1.488,0.005,-0.0047,112.9124
1153,395752,510.31,349,1021,99.7,6,1,0,1.518,0.005,-0.0047,112.9124
1154,395768,508.49,318,1024,100.0,6,1,0,0.873,0.005,-0.0047,112.9124
1155,396016,483.28,301,1023,99.9,6,1,0,1.088,0.005,-0.0047,112.9124
1156,396448,475.77,340,1022,99.8,6,1,0,1.618,0.005,-0.0047,112.9124
1157,397136,495.11,290,1023,99.9,6,1,0,0.691,0.005,-0.0047,112.9124
1158,397528,613.81,189,1018,99.4,6,1,0,1.532,0.005,-0.0047,112.9124
1159,397624,275.79,234,870,85.0,4,0,1,0.207,0.005,-0.0047,112.9124
1160,397688,497.07,346,1020,99.6,6,1,0,1.383,0.005,-0.0047,112.9124
1161,397752,530.08,335,1024,100.0,6,1,0,1.087,0.005,-0.0047,112.9124
1162,398416,478.8,345,1022,99.8,6,1,0,1.86,0.005,-0.0047,112.9124
1163,398536,503.58,346,1020,99.6,6,1,0,1.486,0.005,-0.0047,112.9124
1164,398616,593.55,185,1019,99.5,6,1,0,1.413,0.005,-0.0047,112.9124
1165,398912,491.5,308,1024,100.0,6,1,0,0.773,0.005,-0.0047,112.9124
1166,399064,572.9,180,1021,99.7,6,1,0,1.883,0.005,-0.0047,112.9124
1167,399264,625.04,189,1024,100.0,6,1,0,0.774,0.005,-0.0047,112.9124
1168,399304,33.91,30,468,45.7,1,0,1,0.158,0.005,-0.0047,112.9124
1169,399976,561.3,170,1022,99.8,6,1,0,1.394,0.005,-0.0047,112.9124
1170,400024,321.64,186,947,92.5,5,0,1,0.155,0.005,-0.0047,112.9124
1171,400224,466.05,317,1018,99.4,6,1,0,1.45,0.005,-0.0047,112.9124
1172,400320,493.04,349,1019,99.5,6,1,0,1.338,0.005,-0.0047,112.9124
1173,401224,549.93,351,1021,99.7,6,1,0,1.594,0.005,-0.0047,112.9124
1174,401448,582.22,178,1019,99.5,6,1,0,1.836,0.005,-0.0045,109.9763
1175,401552,501.95,330,1024,100.0,6,1,0,0.922,0.005,-0.0045,109.9763
1176,402024,496.3,340,1020,99.6,6,1,0,1.682,0.005,-0.0045,109.9763
1177,402136,523.83,359,1021,99.7,6,1,0,1.809,0.005,-0.0045,109.9763
1178,402640,502.6,333,1022,99.8,6,1,0,0.491,0.005,-0.0045,109.9763
1179,402680,621.18,182,1024,100.0,6,1,0,1.173,0.005,-0.0045,109.9763
1180,402768,498.33,318,1022,99.8,6,1,0,0.468,0.005,-0.0045,109.9763
1181,403192,518.08,359,1019,99.5,6,1,0,1.83,0.005,-0.0045,109.9763
1182,403840,498.81,299,1024,100.0,6,1,0,1.014,0.005,-0.0045,109.9763
1183,404136,574.53,187,1022,99.8,6,1,0,1.568,0.005,-0.0045,109.9763
1184,404192,549.3,257,1024,100.0,6,1,0,0.81,0.005,-0.0045,109.9763
1185,404208,488.64,332,1023,99.9,6,1,0,1.053,0.005,-0.0045,109.9763
1186,404464,-0.4,32,211,20.6,1,0,1,0.185,0.005,-0.0045,109.9763
1187,404624,560.51,179,1022,99.8,6,1,0,1.621,0.005,-0.0045,109.9763
1188,404824,526.59,350,1024,100.0,6,1,0,1.166,0.005,-0.0045,109.9763
1189,405296,498.4,327,1024,100.0,6,1,0,1.835,0.005,-0.0045,109.9763
1190,406008,579.97,193,1020,99.6,6,1,0,1.882,0.005,-0.0045,109.9763
1191,406656,492.18,352,1020,99.6,6,1,0,1.562,0.005,-0.0045,109.9763
1192,406672,559.02,488,1024,100.0,6,1,0,1.763,0.005,-0.0045,109.9763
1193,406824,512.74,336,1022,99.8,6,1,0,0.862,0.005,-0.0045,109.9763
1194,407416,511.4,403,1024,100.0,6,1,0,0.922,0.005,-0.0045,109.9763
1195,407432,509.89,351,1019,99.5,6,1,0,1.646,0.005,-0.0045,109.9763
1196,407632,527.88,351,1018,99.4,6,1,0,1.593,0.005,-0.0045,109.9763
1197,407936,527.72,330,1024,100.0,6,1,0,0.907,0.005,-0.0045,109.9763
1198,408088,608.97,179,1024,100.0,6,1,0,1.055,0.005,-0.0045,109.9763
1199,408208,574.58,192,1017,99.3,6,1,0,1.372,0.005,-0.0045,109.9763
1200,408704,503.26,337,1021,99.7,6,1,0,1.629,0.005,-0.0045,109.9763
1201,408968,651.87,192,1024,100.0,6,1,0,1.082,0.005,-0.0045,109.9763
1202,409136,496.51,289,1023,99.9,6,1,0,1.13,0.005,-0.0045,109.9763
1203,409208,34.65,30,468,45.7,1,0,1,0.149,0.005,-0.0045,109.9763
1204,409656,587.79,181,1020,99.6,6,1,0,1.746,0.005,-0.0049,124.8771
1205,409936,498.99,315,1023,99.9,6,1,0,0.809,0.005,-0.0049,124.8771
1206,410200,595.93,187,1019,99.5,6,1,0,1.639,0.005,-0.0049,124.8771
1207,410280,517.49,331,1024,100.0,6,1,0,0.828,0.005,-0.0049,124.8771
1208,410728,493.01,330,1024,100.0,6,1,0,0.91,0.005,-0.0049,124.8771
1209,410840,507.61,363,1024,100.0,6,1,0,1.709,0.005,-0.0049,124.8771
1210,411928,503.26,340,1022,99.8,6,1,0,1.862,0.005,-0.0049,124.8771
1211,412000,492.8,293,1024,100.0,6,1,0,1.0,0.005,-0.0049,124.8771
1212,412104,543.31,371,1023,99.9,6,1,0,1.728,0.005,-0.0049,124.8771
1213,412152,623.11,178,1023,99.9,6,1,0,0.715,0.005,-0.0049,124.8771
1214,412344,538.89,301,1022,99.8,6,1,0,0.995,0.005,-0.0049,124.8771
1215,412656,513.46,307,1024,100.0,6,1,0,1.184,0.005,-0.0049,124.8771
1216,412848,498.77,321,1021,99.7,6,1,0,0.617,0.005,-0.0049,124.8771
1217,413400,619.51,184,1024,100.0,6,1,0,0.91,0.005,-0.0049,124.8771
1218,413552,487.43,339,1020,99.6,6,1,0,1.359,0.005,-0.0049,124.8771
1219,414488,530.58,292,1024,100.0,6,1,0,1.049,0.005,-0.0049,124.8771
1220,414664,485.8,290,1020,99.6,6,1,0,0.905,0.005,-0.0049,124.8771
1221,414712,516.93,339,1024,100.0,6,1,0,1.008,0.005,-0.0049,124.8771
1222,414768,515.32,333,1023,99.9,6,1,0,1.6,0.005,-0.0049,124.8771
1223,414936,7.89,28,212,20.7,1,0,1,0.145,0.005,-0.0049,124.8771
1224,414944,504.1,286,1023,99.9,6,1,0,1.208,0.005,-0.0049,124.8771
1225,415024,622.22,184,1024,100.0,6,1,0,0.789,0.005,-0.0049,124.8771
1226,415440,538.12,324,1023,99.9,6,1,0,0.926,0.005,-0.0049,124.8771
1227,416096,538.89,337,1022,99.8,6,1,0,1.71,0.005,-0.0049,124.8771
1228,416104,623.8,180,1023,99.9,6,1,0,0.766,0.005,-0.0049,124.8771
1229,416320,592.13,194,1020,99.6,6,1,0,1.534,0.005,-0.0049,124.8771
1230,416448,631.46,189,1024,100.0,6,1,0,1.171,0.005,-0.0049,124.8771
1231,416456,584.95,179,1021,99.7,6,1,0,1.639,0.005,-0.0049,124.8771
1232,417256,497.87,346,1022,99.8,6,1,0,1.809,0.005,-0.0049,124.8771
1233,417344,470.39,300,1024,100.0,6,1,0,0.72,0.005,-0.0049,124.8771
1234,418008,672.9,239,1024,100.0,6,1,0,0.724,0.005,-0.0042,88.1123
1235,418056,503.45,327,1021,99.7,6,1,0,0.858,0.005,-0.0042,88.1123
1236,418776,621.62,190,1024,100.0,6,1,0,0.418,0.005,-0.0042,88.1123
1237,418824,513.52,297,1024,100.0,6,1,0,1.157,0.005,-0.0042,88.1123
1238,418864,495.28,318,1022,99.8,6,1,0,0.549,0.005,-0.0042,88.1123
1239,418880,492.73,347,1020,99.6,6,1,0,1.497,0.005,-0.0042,88.1123
1240,419088,479.81,329,1024,100.0,6,1,0,0.891,0.005,-0.0042,88.1123
1241,420072,523.01,341,1024,100.0,6,1,0,1.064,0.005,-0.0042,88.1123
1242,420504,497.18,312,1024,100.0,6,1,0,0.986,0.005,-0.0042,88.1123
1243,420528,511.46,309,1023,99.9,6,1,0,0.796,0.005,-0.0042,88.1123
1244,420656,660.3,196,1024,100.0,6,1,0,0.932,0.005,-0.0042,88.1123
1245,421056,480.64,285,1023,99.9,6,1,0,1.329,0.005,-0.0042,88.1123
1246,421456,543.4,322,1023,99.9,6,1,0,0.981,0.005,-0.0042,88.1123
1247,421592,503.49,341,1021,99.7,6,1,0,1.833,0.005,-0.0042,88.1123
1248,421720,527.45,362,1019,99.5,6,1,0,1.302,0.005,-0.0042,88.1123
1249,422496,578.5,180,1020,99.6,6,1,0,1.833,0.005,-0.0042,88.1123
1250,422864,492.61,349,1024,100.0,6,1,0,0.719,0.005,-0.0042,88.1123
1251,422920,521.08,302,1023,99.9,6,1,0,0.885,0.005,-0.0042,88.1123
1252,422936,628.28,185,1024,100.0,6,1,0,0.571,0.005,-0.0042,88.1123
1253,422960,528.0,304,1024,100.0,6,1,0,1.015,0.005,-0.0042,88.1123
1254,423904,474.99,406,1022,99.8,6,1,0,0.706,0.005,-0.0042,88.1123
1255,423984,575.14,186,1021,99.7,6,1,0,1.369,0.005,-0.0042,88.1123
1256,424112,500.0,315,1023,99.9,6,1,0,0.604,0.005,-0.0042,88.1123
1257,424256,521.0,317,1022,99.8,6,1,0,0.743,0.005,-0.0042,88.1123
1258,424464,649.26,193,1024,100.0,6,1,0,1.013,0.005,-0.0042,88.1123
1259,425400,484.39,308,1024,100.0,6,1,0,0.512,0.005,-0.0042,88.1123
1260,425416,607.66,179,1024,100.0,6,1,0,0.96,0.005,-0.0042,88.1123
1261,425456,610.16,194,1021,99.7,6,1,0,1.732,0.005,-0.0042,88.1123
1262,425504,-8.39,11,442,43.2,1,0,1,0.145,0.005,-0.0042,88.1123
1263,425552,623.2,180,1024,100.0,6,1,0,0.855,0.005,-0.0042,88.1123
1264,425696,40.59,30,459,44.8,1,0,1,0.201,0.005,-0.0042,88.1123
1265,425952,596.34,186,1018,99.4,6,1,0,1.445,0.005,-0.0042,88.1123
1266,426792,578.86,174,1022,99.8,6,1,0,1.737,0.005,-0.0071,102.2078
1267,426912,548.19,332,1024,100.0,6,1,0,0.78,0.005,-0.0071,102.2078
1268,427136,597.92,198,1022,99.8,6,1,0,1.62,0.005,-0.0071,102.2078
1269,427200,572.42,188,1019,99.5,6,1,0,1.811,0.005,-0.0071,102.2078
1270,427416,-4.51,27,212,20.7,1,0,1,0.161,0.005,-0.0071,102.2078
1271,427480,586.49,191,1017,99.3,6,1,0,1.293,0.005,-0.0071,102.2078
1272,427664,365.87,600,994,97.1,5,0,0,1.066,0.005,-0.0071,102.2078
1273,427760,357.93,600,990,96.7,5,0,0,1.677,0.005,-0.0071,102.2078
1274,428224,517.26,340,1024,100.0,6,1,0,0.981,0.005,-0.0071,102.2078
1275,428648,304.19,123,904,88.3,3,0,1,0.19,0.005,-0.0071,102.2078
1276,429064,612.72,198,1021,99.7,6,1,0,1.83,0.005,-0.0071,102.2078
1277,429184,474.76,299,1023,99.9,6,1,0,0.966,0.005,-0.0071,102.2078
1278,429384,664.45,246,1024,100.0,6,1,0,0.972,0.005,-0.0071,102.2078
1279,429560,509.56,331,1020,99.6,6,1,0,0.964,0.005,-0.0071,102.2078
1280,429736,505.64,325,1020,99.6,6,1,0,1.632,0.005,-0.0071,102.2078
1281,430104,517.47,293,1023,99.9,6,1,0,1.007,0.005,-0.0071,102.2078
1282,430584,615.23,175,1024,100.0,6,1,0,1.274,0.005,-0.0071,102.2078
1283,430872,533.65,331,1024,100.0,6,1,0,0.892,0.005,-0.0071,102.2078
1284,431216,514.85,321,1024,100.0,6,1,0,0.898,0.005,-0.0071,102.2078
1285,431224,616.0,230,1018,99.4,6,1,0,1.774,0.005,-0.0071,102.2078
1286,431520,596.11,177,1024,100.0,6,1,0,0.912,0.005,-0.0071,102.2078
1287,432072,497.4,314,1023,99.9,6,1,0,0.986,0.005,-0.0071,102.2078
1288,432208,606.47,203,1020,99.6,6,1,0,1.723,0.005,-0.0071,102.2078
1289,432280,492.34,318,1024,100.0,6,1,0,1.74,0.005,-0.0071,102.2078
1290,432816,610.0,199,1021,99.7,6,1,0,1.514,0.005,-0.0071,102.2078
1291,432992,562.03,491,1023,99.9,6,1,0,1.84,0.005,-0.0071,102.2078
1292,433096,598.07,197,1024,100.0,6,1,0,1.415,0.005,-0.0071,102.2078
1293,433336,474.48,308,1023,99.9,6,1,0,0.227,0.005,-0.0071,102.2078
1294,433504,623.58,179,1024,100.0,6,1,0,0.749,0.005,-0.0071,102.2078
1295,433888,535.41,334,1024,100.0,6,1,0,0.741,0.005,-0.0071,102.2078
1296,434808,541.96,325,1024,100.0,6,1,0,1.648,0.005,-0.0046,92.4148
1297,434856,505.39,322,1019,99.5,6,1,0,1.838,0.005,-0.0046,92.4148
1298,434896,604.45,195,1019,99.5,6,1,0,1.467,0.005,-0.0046,92.4148
1299,435120,485.72,288,1023,99.9,6,1,0,0.92,0.005,-0.0046,92.4148
1300,435144,629.31,205,1024,100.0,6,1,0,1.503,0.005,-0.0046,92.4148
1301,435592,529.39,325,1024,100.0,6,1,0,1.446,0.005,-0.0046,92.4148
1302,435848,526.96,344,1022,99.8,6,1,0,1.661,0.005,-0.0046,92.4148
1303,436464,499.68,322,1023,99.9,6,1,0,1.772,0.005,-0.0046,92.4148
1304,436472,579.28,202,1020,99.6,6,1,0,1.604,0.005,-0.0046,92.4148
1305,437256,626.54,176,1024,100.0,6,1,0,1.042,0.005,-0.0046,92.4148
1306,437496,494.82,297,1024,100.0,6,1,0,0.803,0.005,-0.0046,92.4148
1307,437528,514.01,329,1022,99.8,6,1,0,1.753,0.005,-0.0046,92.4148
1308,437552,493.49,301,1024,100.0,6,1,0,1.066,0.005,-0.0046,92.4148
1309,437944,486.58,392,1020,99.6,6,1,0,1.635,0.005,-0.0046,92.4148
1310,438384,484.8,349,1018,99.4,6,1,0,1.715,0.005,-0.0046,92.4148
1311,438632,609.08,172,1024,100.0,6,1,0,1.17,0.005,-0.0046,92.4148
1312,438872,491.48,300,1024,100.0,6,1,0,0.625,0.005,-0.0046,92.4148
1313,438936,613.77,180,1024,100.0,6,1,0,1.055,0.005,-0.0046,92.4148
1314,439008,575.25,185,1018,99.4,6,1,0,1.316,0.005,-0.0046,92.4148
1315,439080,577.29,191,1019,99.5,6,1,0,1.531,0.005,-0.0046,92.4148
1316,439152,489.68,336,1023,99.9,6,1,0,1.361,0.005,-0.0046,92.4148
1317,439368,572.72,178,1019,99.5,6,1,0,1.662,0.005,-0.0046,92.4148
1318,440064,579.01,179,1021,99.7,6,1,0,1.617,0.005,-0.0046,92.4148
1319,440568,625.79,186,1024,100.0,6,1,0,1.023,0.005,-0.0046,92.4148
1320,440896,497.23,314,1022,99.8,6,1,0,1.062,0.005,-0.0046,92.4148
1321,441560,500.61,336,1023,99.9,6,1,0,1.711,0.005,-0.0046,92.4148
1322,441696,491.88,336,1022,99.8,6,1,0,1.253,0.005,-0.0046,92.4148
1323,441696,516.58,345,1020,99.6,6,1,0,1.463,0.005,-0.0046,92.4148
1324,441960,501.1,324,1024,100.0,6,1,0,0.711,0.005,-0.0046,92.4148
1325,441984,520.11,354,1018,99.4,6,1,0,1.876,0.005,-0.0046,92.4148
1326,442096,595.79,191,1024,100.0,6,1,0,1.347,0.005,-0.0046,92.4148
1327,442296,-6.87,25,189,18.5,1,0,1,0.175,0.005,-0.0046,92.4148
1328,442600,515.87,317,1022,99.8,6,1,0,0.925,0.005,-0.0064,95.2027
1329,442992,635.16,179,1024,100.0,6,1,0,1.168,0.005,-0.0064,95.2027
1330,443424,614.45,180,1024,100.0,6,1,0,1.22,0.005,-0.0064,95.2027
1331,443672,523.93,347,1021,99.7,6,1,0,1.55,0.005,-0.0064,95.2027
1332,443840,589.37,193,1020,99.6,6,1,0,1.731,0.005,-0.0064,95.2027
1333,444200,497.25,313,1023,99.9,6,1,0,0.736,0.005,-0.0064,95.2027
1334,444288,477.82,324,1021,99.7,6,1,0,1.662,0.005,-0.0064,95.2027
1335,444328,493.94,296,1022,99.8,6,1,0,1.162,0.005,-0.0064,95.2027
1336,444392,573.55,175,1020,99.6,6,1,0,1.613,0.005,-0.0064,95.2027
1337,445072,482.51,309,1024,100.0,6,1,0,1.07,0.005,-0.0064,95.2027
1338,445232,592.05,195,1024,100.0,6,1,0,1.845,0.005,-0.0064,95.2027
1339,445304,682.56,235,1024,100.0,6,1,0,0.955,0.005,-0.0064,95.2027
1340,445704,623.63,177,1024,100.0,6,1,0,1.364,0.005,-0.0064,95.2027
1341,446360,532.66,315,1024,100.0,6,1,0,0.777,0.005,-0.0064,95.2027
1342,446456,560.39,258,1022,99.8,6,1,0,1.787,0.005,-0.0064,95.2027
1343,446576,565.21,188,1019,99.5,6,1,0,1.712,0.005,-0.0064,95.2027
1344,446776,499.28,322,1019,99.5,6,1,0,1.592,0.005,-0.0064,95.2027
1345,446808,494.32,310,1024,100.0,6,1,0,0.727,0.005,-0.0064,95.2027
1346,447264,597.95,195,1021,99.7,6,1,0,1.858,0.005,-0.0064,95.2027
1347,447888,483.77,323,1023,99.9,6,1,0,1.784,0.005,-0.0064,95.2027
1348,447960,505.09,341,1021,99.7,6,1,0,1.84,0.005,-0.0064,95.2027
1349,448080,605.22,188,1018,99.4,6,1,0,1.746,0.005,-0.0064,95.2027
1350,448344,594.84,196,1022,99.8,6,1,0,1.878,0.005,-0.0064,95.2027
1351,449032,528.46,334,1023,99.9,6,1,0,1.528,0.005,-0.0064,95.2027
1352,449312,566.82,178,1020,99.6,6,1,0,1.434,0.005,-0.0064,95.2027
1353,449432,370.32,328,1010,98.6,5,0,1,0.227,0.005,-0.0064,95.2027
1354,449504,621.04,178,1024,100.0,6,1,0,1.283,0.005,-0.0064,95.2027
1355,449576,479.89,289,1024,100.0,6,1,0,1.071,0.005,-0.0064,95.2027
1356,449624,494.4,396,967,94.4,5,0,1,0.146,0.005,-0.0064,95.2027
1357,450448,631.9,177,1024,100.0,6,1,0,1.054,0.005,-0.0064,95.2027
1358,450648,512.91,336,1023,99.9,6,1,0,1.783,0.005,-0.0037,79.3548
1359,450800,497.99,307,1022,99.8,6,1,0,1.145,0.005,-0.0037,79.3548
1360,450888,645.58,197,1024,100.0,6,1,0,1.019,0.005,-0.0037,79.3548
1361,451216,606.51,199,1020,99.6,6,1,0,1.781,0.005,-0.0037,79.3548
1362,451440,-13.51,28,201,19.6,1,0,1,0.112,0.005,-0.0037,79.3548
1363,451576,547.26,259,1021,99.7,6,1,0,1.727,0.005,-0.0037,79.3548
1364,451944,490.94,296,1022,99.8,6,1,0,1.158,0.005,-0.0037,79.3548
1365,452000,589.26,194,1021,99.7,6,1,0,1.785,0.005,-0.0037,79.3548
1366,452208,516.42,347,1024,100.0,6,1,0,0.848,0.005,-0.0037,79.3548
1367,452312,620.51,178,1024,100.0,6,1,0,0.879,0.005,-0.0037,79.3548
1368,452632,555.81,229,1022,99.8,6,1,0,1.088,0.005,-0.0037,79.3548
1369,453008,626.2,179,1024,100.0,6,1,0,0.874,0.005,-0.0037,79.3548
1370,453208,480.54,320,1024,100.0,6,1,0,1.663,0.005,-0.0037,79.3548
1371,454120,519.37,335,1024,100.0,6,1,0,1.017,0.005,-0.0037,79.3548
1372,454408,605.96,175,1024,100.0,6,1,0,0.97,0.005,-0.0037,79.3548
1373,454512,530.5,288,1022,99.8,6,1,0,0.863,0.005,-0.0037,79.3548
1374,454632,520.97,336,1022,99.8,6,1,0,1.645,0.005,-0.0037,79.3548
1375,454808,493.15,351,1021,99.7,6,1,0,1.757,0.005,-0.0037,79.3548
1376,455000,510.14,336,1022,99.8,6,1,0,1.752,0.005,-0.0037,79.3548
1377,455040,505.09,301,1024,100.0,6,1,0,0.885,0.005,-0.0037,79.3548
1378,455808,543.46,325,1024,100.0,6,1,0,1.091,0.005,-0.0037,79.3548
1379,455824,578.93,177,1020,99.6,6,1,0,1.671,0.005,-0.0037,79.3548
1380,455976,625.76,183,1024,100.0,6,1,0,0.916,0.005,-0.0037,79.3548
1381,456864,489.49,343,1021,99.7,6,1,0,1.699,0.005,-0.0037,79.3548
1382,457088,511.33,307,1024,100.0,6,1,0,1.16,0.005,-0.0037,79.3548
1383,457456,498.89,331,1021,99.7,6,1,0,1.825,0.005,-0.0037,79.3548
1384,457488,507.34,306,1021,99.7,6,1,0,1.018,0.005,-0.0037,79.3548
1385,457800,501.0,350,1020,99.6,6,1,0,1.851,0.005,-0.0037,79.3548
1386,458496,488.74,336,1019,99.5,6,1,0,1.741,0.005,-0.0037,79.3548
1387,458576,533.56,344,1021,99.7,6,1,0,1.841,0.005,-0.0037,79.3548
1388,458800,500.96,353,1017,99.3,6,1,0,1.66,0.005,-0.0039,72.116
1389,458824,618.84,171,1024,100.0,6,1,0,1.185,0.005,-0.0039,72.116
1390,458912,564.02,178,1021,99.7,6,1,0,1.771,0.005,-0.0039,72.116
1391,459136,497.56,284,1023,99.9,6,1,0,1.138,0.005,-0.0039,72.116
1392,459512,501.77,303,1022,99.8,6,1,0,1.054,0.005,-0.0039,72.116
1393,460376,592.56,194,1019,99.5,6,1,0,1.874,0.005,-0.0039,72.116
1394,460416,511.02,327,1023,99.9,6,1,0,1.781,0.005,-0.0039,72.116
1395,460432,652.53,190,1024,100.0,6,1,0,0.711,0.005,-0.0039,72.116
1396,460976,492.41,310,1021,99.7,6,1,0,0.986,0.005,-0.0039,72.116
1397,461192,505.89,327,1023,99.9,6,1,0,0.984,0.005,-0.0039,72.116
1398,461416,522.55,285,1023,99.9,6,1,0,1.058,0.005,-0.0039,72.116
1399,461984,583.06,194,1023,99.9,6,1,0,1.661,0.005,-0.0039,72.116
1400,462112,505.94,325,1020,99.6,6,1,0,1.706,0.005,-0.0039,72.116
1401,462752,646.43,195,1024,100.0,6,1,0,0.925,0.005,-0.0039,72.116
1402,462768,509.61,299,1022,99.8,6,1,0,1.082,0.005,-0.0039,72.116
1403,462952,592.98,192,1019,99.5,6,1,0,1.69,0.005,-0.0039,72.116
1404,463072,516.94,332,1021,99.7,6,1,0,1.678,0.005,-0.0039,72.116
1405,463128,470.96,541,1024,100.0,6,1,0,0.851,0.005,-0.0039,72.116
1406,463376,512.63,300,1024,100.0,6,1,0,1.285,0.005,-0.0039,72.116
1407,463440,588.18,182,1020,99.6,6,1,0,1.889,0.005,-0.0039,72.116
1408,463568,590.88,182,1020,99.6,6,1,0,1.587,0.005,-0.0039,72.116
1409,464256,590.14,186,1019,99.5,6,1,0,1.73,0.005,-0.0039,72.116
1410,464312,591.32,195,1023,99.9,6,1,0,1.713,0.005,-0.0039,72.116
1411,464432,603.58,170,1024,100.0,6,1,0,1.253,0.005,-0.0039,72.116
1412,464616,568.94,186,1023,99.9,6,1,0,1.873,0.005,-0.0039,72.116
1413,464992,53.06,47,246,24.0,1,0,1,0.165,0.005,-0.0039,72.116
1414,465024,569.58,182,1021,99.7,6,1,0,1.795,0.005,-0.0039,72.116
1415,465496,502.46,318,1023,99.9,6,1,0,1.488,0.005,-0.0039,72.116
1416,465616,567.4,170,1022,99.8,6,1,0,1.796,0.005,-0.0039,72.116
1417,466016,496.3,330,1021,99.7,6,1,0,1.735,0.005,-0.0039,72.116
1418,466112,534.36,334,1021,99.7,6,1,0,1.616,0.005,-0.0039,72.116
1419,466872,514.25,320,1020,99.6,6,1,0,1.876,0.005,-0.0039,72.116
1420,466992,483.54,320,1024,100.0,6,1,0,1.732,0.005,-0.0044,89.9908
1421,467448,492.33,307,1020,99.6,6,1,0,1.026,0.005,-0.0044,89.9908
1422,467576,596.27,183,1020,99.6,6,1,0,1.527,0.005,-0.0044,89.9908
1423,467736,481.28,339,1023,99.9,6,1,0,1.589,0.005,-0.0044,89.9908
1424,467744,20.73,21,554,54.1,1,0,1,0.122,0.005,-0.0044,89.9908
1425,468040,522.08,318,1022,99.8,6,1,0,0.575,0.005,-0.0044,89.9908
1426,468104,360.21,261,961,93.8,5,0,1,0.06,0.005,-0.0044,89.9908
1427,468312,632.58,180,1024,100.0,6,1,0,0.963,0.005,-0.0044,89.9908
1428,468320,529.92,338,1021,99.7,6,1,0,1.764,0.005,-0.0044,89.9908
1429,468384,611.4,174,1024,100.0,6,1,0,1.073,0.005,-0.0044,89.9908
1430,469168,588.01,179,1018,99.4,6,1,0,1.365,0.005,-0.0044,89.9908
1431,469400,600.66,170,1024,100.0,6,1,0,1.149,0.005,-0.0044,89.9908
1432,469736,569.92,178,1022,99.8,6,1,0,1.657,0.005,-0.0044,89.9908
1433,470008,504.47,283,1024,100.0,6,1,0,1.124,0.005,-0.0044,89.9908
1434,470040,486.96,324,1023,99.9,6,1,0,1.686,0.005,-0.0044,89.9908
1435,470672,495.84,321,1023,99.9,6,1,0,1.565,0.005,-0.0044,89.9908
1436,471216,538.47,362,1022,99.8,6,1,0,0.787,0.005,-0.0044,89.9908
1437,471392,546.91,169,1022,99.8,6,1,0,1.574,0.005,-0.0044,89.9908
1438,471440,478.07,284,1023,99.9,6,1,0,1.22,0.005,-0.0044,89.9908
1439,471896,506.66,312,1024,100.0,6,1,0,1.096,0.005,-0.0044,89.9908
1440,472216,504.7,310,1019,99.5,6,1,0,1.777,0.005,-0.0044,89.9908
1441,472496,511.13,311,1024,100.0,6,1,0,0.949,0.005,-0.0044,89.9908
1442,472720,583.72,188,1019,99.5,6,1,0,1.797,0.005,-0.0044,89.9908
1443,472976,504.88,192,1021,99.7,6,1,0,0.844,0.005,-0.0044,89.9908
1444,473184,398.76,600,1020,99.6,5,0,0,1.345,0.005,-0.0044,89.9908
1445,473416,536.49,343,1021,99.7,6,1,0,1.87,0.005,-0.0044,89.9908
1446,473616,523.54,278,1022,99.8,6,1,0,0.871,0.005,-0.0044,89.9908
1447,473624,623.64,176,1024,100.0,6,1,0,1.003,0.005,-0.0044,89.9908
1448,474232,496.77,292,1022,99.8,6,1,0,0.995,0.005,-0.0044,89.9908
1449,474776,485.77,285,1024,100.0,6,1,0,0.963,0.005,-0.0044,89.9908
1450,474896,581.35,185,1020,99.6,6,1,0,1.847,0.005,-0.0044,89.9908
1451,475112,554.04,186,1024,100.0,6,1,0,1.797,0.005,-0.0044,89.9908
1452,475312,514.72,324,1023,99.9,6,1,0,1.367,0.005,-0.0044,101.3448
1453,475544,505.99,321,1022,99.8,6,1,0,1.361,0.005,-0.0044,101.3448
1454,475840,505.75,332,1020,99.6,6,1,0,1.695,0.005,-0.0044,101.3448
1455,476024,497.69,301,1023,99.9,6,1,0,1.317,0.005,-0.0044,101.3448
1456,476360,593.37,183,1020,99.6,6,1,0,1.887,0.005,-0.0044,101.3448
1457,476744,486.1,314,1024,100.0,6,1,0,0.715,0.005,-0.0044,101.3448
1458,476992,591.19,181,1020,99.6,6,1,0,1.79,0.005,-0.0044,101.3448
1459,477576,524.94,350,1018,99.4,6,1,0,1.365,0.005,-0.0044,101.3448
1460,477688,477.58,322,1020,99.6,6,1,0,1.846,0.005,-0.0044,101.3448
1461,477888,490.17,322,1021,99.7,6,1,0,1.786,0.005,-0.0044,101.3448
1462,478224,554.65,185,1021,99.7,6,1,0,1.343,0.005,-0.0044,101.3448
1463,478432,629.03,180,1024,100.0,6,1,0,0.862,0.005,-0.0044,101.3448
1464,478480,508.39,330,1023,99.9,6,1,0,1.315,0.005,-0.0044,101.3448
1465,478536,523.16,272,1021,99.7,6,1,0,0.875,0.005,-0.0044,101.3448
1466,478600,511.18,322,1022,99.8,6,1,0,1.779,0.005,-0.0044,101.3448
1467,478736,25.69,25,488,47.7,1,0,1,0.114,0.005,-0.0044,101.3448
1468,479928,625.34,187,1024,100.0,6,1,0,1.108,0.005,-0.0044,101.3448
1469,480008,465.12,304,1020,99.6,6,1,0,1.82,0.005,-0.0044,101.3448
1470,480128,506.07,305,1024,100.0,6,1,0,0.568,0.005,-0.0044,101.3448
1471,480320,2.59,24,210,20.5,1,0,1,0.205,0.005,-0.0044,101.3448
1472,480432,512.92,276,1021,99.7,6,1,0,0.863,0.005,-0.0044,101.3448
1473,480432,509.62,318,1019,99.5,6,1,0,1.441,0.005,-0.0044,101.3448
1474,480792,498.41,289,1024,100.0,6,1,0,0.962,0.005,-0.0044,101.3448
1475,480992,502.42,282,1024,100.0,6,1,0,0.847,0.005,-0.0044,101.3448
1476,481248,530.16,331,1023,99.9,6,1,0,1.547,0.005,-0.0044,101.3448
1477,481728,614.38,176,1024,100.0,6,1,0,1.07,0.005,-0.0044,101.3448
1478,481792,615.38,170,1024,100.0,6,1,0,1.018,0.005,-0.0044,101.3448
1479,482304,492.23,287,1024,100.0,6,1,0,1.151,0.005,-0.0044,101.3448
1480,482472,515.72,318,1021,99.7,6,1,0,1.883,0.005,-0.0044,101.3448
1481,483064,483.61,329,1023,99.9,6,1,0,1.787,0.005,-0.0044,101.3448
1482,483064,505.61,284,1024,100.0,6,1,0,1.262,0.005,-0.0044,101.3448
1483,483200,566.84,176,1021,99.7,6,1,0,1.705,0.005,-0.0044,101.3448
1484,483560,551.25,321,1023,99.9,6,1,0,1.708,0.005,-0.0043,72.9466
1485,483992,514.56,343,1021,99.7,6,1,0,1.841,0.005,-0.0043,72.9466
1486,484160,510.44,304,1022,99.8,6,1,0,1.067,0.005,-0.0043,72.9466
1487,484720,502.58,302,1020,99.6,6,1,0,1.577,0.005,-0.0043,72.9466
1488,485056,524.17,323,1022,99.8,6,1,0,1.709,0.005,-0.0043,72.9466
1489,485528,509.42,308,1022,99.8,6,1,0,1.194,0.005,-0.0043,72.9466
1490,485584,579.02,178,1019,99.5,6,1,0,1.52,0.005,-0.0043,72.9466
1491,485640,490.48,322,1024,100.0,6,1,0,1.811,0.005,-0.0043,72.9466
1492,485800,493.05,325,1023,99.9,6,1,0,1.866,0.005,-0.0043,72.9466
1493,485824,471.34,283,1024,100.0,6,1,0,0.861,0.005,-0.0043,72.9466
1494,486568,520.77,322,1023,99.9,6,1,0,1.568,0.005,-0.0043,72.9466
1495,486864,540.93,167,1023,99.9,6,1,0,1.465,0.005,-0.0043,72.9466
1496,487024,481.81,288,1024,100.0,6,1,0,1.017,0.005,-0.0043,72.9466
1497,488032,487.39,279,1023,99.9,6,1,0,1.078,0.005,-0.0043,72.9466
1498,488176,457.46,294,1023,99.9,6,1,0,1.345,0.005,-0.0043,72.9466
1499,488184,523.35,325,1022,99.8,6,1,0,1.873,0.005,-0.0043,72.9466
1500,488224,23.37,24,559,54.6,1,0,1,0.155,0.005,-0.0043,72.9466
1501,488288,487.01,331,1022,99.8,6,1,0,1.814,0.005,-0.0043,72.9466
1502,489032,467.48,308,1017,99.3,6,1,0,1.618,0.005,-0.0043,72.9466
1503,489096,503.29,279,1023,99.9,6,1,0,0.992,0.005,-0.0043,72.9466
1504,489272,483.47,281,1021,99.7,6,1,0,0.722,0.005,-0.0043,72.9466
1505,489616,606.56,174,1024,100.0,6,1,0,0.906,0.005,-0.0043,72.9466
1506,489680,581.13,187,1020,99.6,6,1,0,1.675,0.005,-0.0043,72.9466
1507,489792,459.19,592,1021,99.7,6,1,0,1.846,0.005,-0.0043,72.9466
1508,489808,29.83,24,539,52.6,1,0,1,0.116,0.005,-0.0043,72.9466
1509,490504,617.97,176,1024,100.0,6,1,0,1.26,0.005,-0.0043,72.9466
1510,490744,524.99,321,1024,100.0,6,1,0,1.717,0.005,-0.0043,72.9466
1511,490864,514.38,322,1019,99.5,6,1,0,1.758,0.005,-0.0043,72.9466
1512,491112,411.67,163,998,97.5,5,0,1,0.191,0.005,-0.0043,72.9466
1513,491152,573.6,170,1021,99.7,6,1,0,1.801,0.005,-0.0043,72.9466
1514,491496,494.39,278,1022,99.8,6,1,0,1.195,0.005,-0.0043,72.9466
1515,491696,489.07,333,1020,99.6,6,1,0,1.781,0.005,-0.0043,65.6193
1516,492072,631.58,196,1024,100.0,6,1,0,1.061,0.005,-0.0043,65.6193
1517,492328,523.19,331,1023,99.9,6,1,0,1.844,0.005,-0.0043,65.6193
1518,492648,652.61,187,1024,100.0,6,1,0,0.983,0.005,-0.0043,65.6193
1519,492704,536.89,245,1022,99.8,6,1,0,1.294,0.005,-0.0043,65.6193
1520,492808,5.98,20,232,22.7,1,0,1,0.205,0.005,-0.0043,65.6193
1521,493392,491.24,316,1018,99.4,6,1,0,1.555,0.005,-0.0043,65.6193
1522,494240,503.52,318,1019,99.5,6,1,0,1.649,0.005,-0.0043,65.6193
1523,494440,509.44,296,1024,100.0,6,1,0,0.961,0.005,-0.0043,65.6193
1524,494616,467.62,438,1024,100.0,6,1,0,1.769,0.005,-0.0043,65.6193
1525,494904,491.76,262,1023,99.9,6,1,0,1.157,0.005,-0.0043,65.6193
1526,494920,501.96,324,1024,100.0,6,1,0,1.452,0.005,-0.0043,65.6193
1527,494952,518.36,281,1024,100.0,6,1,0,0.795,0.005,-0.0043,65.6193
1528,495656,629.29,177,1024,100.0,6,1,0,1.116,0.005,-0.0043,65.6193
1529,495872,623.43,179,1024,100.0,6,1,0,1.376,0.005,-0.0043,65.6193
1530,495912,523.05,315,1022,99.8,6,1,0,1.883,0.005,-0.0043,65.6193
1531,496144,473.67,581,1022,99.8,6,1,0,1.823,0.005,-0.0043,65.6193
1532,496416,593.63,187,1018,99.4,6,1,0,1.673,0.005,-0.0043,65.6193
1533,497152,500.77,317,1024,100.0,6,1,0,1.772,0.005,-0.0043,65.6193
1534,497256,510.15,294,1024,100.0,6,1,0,0.94,0.005,-0.0043,65.6193
1535,497608,525.77,332,1023,99.9,6,1,0,1.718,0.005,-0.0043,65.6193
1536,497936,486.35,285,1023,99.9,6,1,0,1.121,0.005,-0.0043,65.6193
1537,498296,498.8,303,1021,99.7,6,1,0,0.626,0.005,-0.0043,65.6193
1538,498544,527.08,329,1021,99.7,6,1,0,1.743,0.005,-0.0043,65.6193
1539,498600,563.39,181,1021,99.7,6,1,0,1.646,0.005,-0.0043,65.6193
1540,498680,524.5,317,1016,99.2,6,1,0,1.293,0.005,-0.0043,65.6193
1541,499000,516.11,323,1024,100.0,6,1,0,1.119,0.005,-0.0043,65.6193
1542,499136,630.81,191,1024,100.0,6,1,0,1.231,0.005,-0.0043,65.6193
1543,499608,547.74,164,1022,99.8,6,1,0,1.87,0.005,-0.0043,65.6193
1544,499832,523.48,322,1019,99.5,6,1,0,1.543,0.005,-0.0049,91.368
1545,500232,529.13,287,1023,99.9,6,1,0,0.848,0.005,-0.0049,91.368
1546,500408,601.66,226,1024,100.0,6,1,0,1.11,0.005,-0.0049,91.368
1547,500520,564.57,173,1021,99.7,6,1,0,1.681,0.005,-0.0049,91.368
1548,500920,506.03,297,1020,99.6,6,1,0,1.022,0.005,-0.0049,91.368
1549,500968,594.29,170,1024,100.0,6,1,0,1.033,0.005,-0.0049,91.368
1550,501256,516.68,322,1020,99.6,6,1,0,1.739,0.005,-0.0049,91.368
1551,501344,525.27,293,1023,99.9,6,1,0,1.153,0.005,-0.0049,91.368
1552,501784,564.78,172,1020,99.6,6,1,0,1.6,0.005,-0.0049,91.368
1553,502072,499.0,280,1024,100.0,6,1,0,1.042,0.005,-0.0049,91.368
1554,502464,496.52,279,1024,100.0,6,1,0,1.599,0.005,-0.0049,91.368
1555,503040,466.96,315,1022,99.8,6,1,0,1.829,0.005,-0.0049,91.368
1556,503064,520.84,268,1023,99.9,6,1,0,0.969,0.005,-0.0049,91.368
1557,503232,629.73,181,1024,100.0,6,1,0,1.25,0.005,-0.0049,91.368
1558,503560,486.56,324,1024,100.0,6,1,0,1.624,0.005,-0.0049,91.368
1559,503728,494.48,309,1024,100.0,6,1,0,1.025,0.005,-0.0049,91.368
1560,503856,504.36,314,1024,100.0,6,1,0,1.072,0.005,-0.0049,91.368
1561,504464,584.45,175,1021,99.7,6,1,0,1.779,0.005,-0.0049,91.368
1562,504688,505.23,327,1021,99.7,6,1,0,1.807,0.005,-0.0049,91.368
1563,504944,486.9,310,1021,99.7,6,1,0,0.809,0.005,-0.0049,91.368
1564,505272,570.23,177,1021,99.7,6,1,0,1.792,0.005,-0.0049,91.368
1565,505400,518.27,271,1022,99.8,6,1,0,1.337,0.005,-0.0049,91.368
1566,505640,502.15,325,1019,99.5,6,1,0,1.816,0.005,-0.0049,91.368
1567,505648,25.52,31,480,46.9,1,0,1,0.174,0.005,-0.0049,91.368
1568,506056,495.08,312,1018,99.4,6,1,0,1.664,0.005,-0.0049,91.368
1569,506136,499.32,301,1022,99.8,6,1,0,1.843,0.005,-0.0049,91.368
1570,507016,490.81,319,1021,99.7,6,1,0,1.342,0.005,-0.0049,91.368
1571,507160,491.57,309,1024,100.0,6,1,0,1.098,0.005,-0.0049,91.368
1572,507640,491.13,337,1021,99.7,6,1,0,1.479,0.005,-0.0049,91.368
1573,507704,487.28,304,1017,99.3,6,1,0,1.725,0.005,-0.0049,91.368
1574,507824,500.51,272,1023,99.9,6,1,0,0.553,0.005,-0.0049,91.368
1575,508088,480.14,306,1022,99.8,6,1,0,1.104,0.005,-0.0051,63.0269
1576,508224,508.13,271,1024,100.0,6,1,0,0.804,0.005,-0.0051,63.0269
1577,508544,546.17,173,1021,99.7,6,1,0,1.489,0.005,-0.0051,63.0269
1578,508624,516.14,311,1019,99.5,6,1,0,1.848,0.005,-0.0051,63.0269
1579,509040,620.55,175,1024,100.0,6,1,0,1.014,0.005,-0.0051,63.0269
1580,509488,551.95,175,1021,99.7,6,1,0,1.619,0.005,-0.0051,63.0269
1581,509664,519.56,331,1024,100.0,6,1,0,1.709,0.005,-0.0051,63.0269
1582,510104,566.35,185,1021,99.7,6,1,0,1.675,0.005,-0.0051,63.0269
1583,510216,496.03,314,1021,99.7,6,1,0,0.785,0.005,-0.0051,63.0269
1584,510392,514.3,321,1022,99.8,6,1,0,1.767,0.005,-0.0051,63.0269
1585,510512,477.09,286,1023,99.9,6,1,0,1.156,0.005,-0.0051,63.0269
1586,510696,514.33,269,1024,100.0,6,1,0,1.129,0.005,-0.0051,63.0269
1587,511296,508.42,282,1021,99.7,6,1,0,0.867,0.005,-0.0051,63.0269
1588,511592,564.98,172,1022,99.8,6,1,0,1.879,0.005,-0.0051,63.0269
1589,512000,515.39,314,1019,99.5,6,1,0,1.856,0.005,-0.0051,63.0269
1590,512048,651.93,192,1024,100.0,6,1,0,1.045,0.005,-0.0051,63.0269
1591,512176,488.86,314,1019,99.5,6,1,0,1.775,0.005,-0.0051,63.0269
1592,512496,512.89,299,1024,100.0,6,1,0,1.134,0.005,-0.0051,63.0269
1593,512648,588.76,169,1024,100.0,6,1,0,1.003,0.005,-0.0051,63.0269
1594,513136,518.37,343,1022,99.8,6,1,0,1.783,0.005,-0.0051,63.0269
1595,513392,541.33,337,1022,99.8,6,1,0,1.797,0.005,-0.0051,63.0269
1596,513448,570.15,175,1020,99.6,6,1,0,1.698,0.005,-0.0051,63.0269
1597,513544,567.69,171,1024,100.0,6,1,0,1.606,0.005,-0.0051,63.0269
1598,513808,502.91,277,1022,99.8,6,1,0,0.979,0.005,-0.0051,63.0269
1599,513808,556.16,164,1022,99.8,6,1,0,1.825,0.005,-0.0051,63.0269
1600,514048,575.75,175,1020,99.6,6,1,0,1.77,0.005,-0.0051,63.0269
1601,514368,463.44,296,1024,100.0,6,1,0,1.307,0.005,-0.0051,63.0269
1602,514920,631.65,184,1024,100.0,6,1,0,1.174,0.005,-0.0051,63.0269
1603,514992,599.0,181,1024,100.0,6,1,0,0.635,0.005,-0.0051,63.0269
1604,515232,3.48,39,223,21.8,1,0,1,0.168,0.005,-0.0051,63.0269
1605,515480,573.01,179,1019,99.5,6,1,0,1.841,0.005,-0.0051,63.0269
1606,515792,519.18,332,1021,99.7,6,1,0,1.445,0.005,-0.0051,63.0269
1607,516192,484.42,298,1022,99.8,6,1,0,1.34,0.005,-0.0061,67.1834
1608,516248,502.05,305,1020,99.6,6,1,0,1.556,0.005,-0.0061,67.1834
1609,516352,591.64,170,1024,100.0,6,1,0,1.081,0.005,-0.0061,67.1834
1610,516432,497.05,380,1021,99.7,6,1,0,1.547,0.005,-0.0061,67.1834
1611,516936,505.66,321,1019,99.5,6,1,0,1.577,0.005,-0.0061,67.1834
1612,517232,563.4,180,1022,99.8,6,1,0,1.831,0.005,-0.0061,67.1834
1613,517768,570.96,167,1024,100.0,6,1,0,1.288,0.005,-0.0061,67.1834
1614,517816,526.97,323,1022,99.8,6,1,0,1.883,0.005,-0.0061,67.1834
1615,517920,649.8,216,1024,100.0,6,1,0,0.679,0.005,-0.0061,67.1834
1616,518032,488.16,319,1020,99.6,6,1,0,1.835,0.005,-0.0061,67.1834
1617,518752,628.53,190,1024,100.0,6,1,0,1.053,0.005,-0.0061,67.1834
1618,518832,524.37,323,1023,99.9,6,1,0,1.499,0.005,-0.0061,67.1834
1619,518848,483.28,312,1019,99.5,6,1,0,1.788,0.005,-0.0061,67.1834
1620,519128,552.5,170,1021,99.7,6,1,0,1.633,0.005,-0.0061,67.1834
1621,519296,578.35,185,1021,99.7,6,1,0,1.719,0.005,-0.0061,67.1834
1622,519560,496.76,328,1023,99.9,6,1,0,1.855,0.005,-0.0061,67.1834
1623,520432,592.08,198,1021,99.7,6,1,0,1.621,0.005,-0.0061,67.1834
1624,520472,482.32,305,1021,99.7,6,1,0,0.807,0.005,-0.0061,67.1834
1625,520488,593.78,170,1024,100.0,6,1,0,1.067,0.005,-0.0061,67.1834
1626,520680,533.77,345,1021,99.7,6,1,0,1.747,0.005,-0.0061,67.1834
1627,521264,527.1,314,1022,99.8,6,1,0,1.733,0.005,-0.0061,67.1834
1628,521424,535.66,324,1020,99.6,6,1,0,1.732,0.005,-0.0061,67.1834
1629,521792,584.95,170,1024,100.0,6,1,0,1.226,0.005,-0.0061,67.1834
1630,521936,590.69,181,1020,99.6,6,1,0,1.835,0.005,-0.0061,67.1834
1631,521944,518.99,331,1023,99.9,6,1,0,1.649,0.005,-0.0061,67.1834
1632,521976,622.75,188,1024,100.0,6,1,0,1.32,0.005,-0.0061,67.1834
1633,521984,499.91,303,1019,99.5,6,1,0,1.745,0.005,-0.0061,67.1834
1634,522640,593.83,172,1024,100.0,6,1,0,0.951,0.005,-0.0061,67.1834
1635,523328,597.56,169,1024,100.0,6,1,0,1.044,0.005,-0.0061,67.1834
1636,523352,494.82,334,1023,99.9,6,1,0,1.42,0.005,-0.0061,67.1834
1637,523960,505.96,317,1024,100.0,6,1,0,1.68,0.005,-0.0061,67.1834
1638,524248,510.34,289,1022,99.8,6,1,0,0.952,0.005,-0.0061,67.1834
1639,524344,470.4,300,1023,99.9,6,1,0,1.011,0.005,-0.005,48.4023
1640,524552,491.79,321,1022,99.8,6,1,0,1.866,0.005,-0.005,48.4023
1641,525136,489.38,312,1019,99.5,6,1,0,1.856,0.005,-0.005,48.4023
1642,525576,523.52,473,1022,99.8,6,1,0,1.655,0.005,-0.005,48.4023
1643,525800,486.29,306,1018,99.4,6,1,0,1.713,0.005,-0.005,48.4023
1644,526000,535.21,334,1024,100.0,6,1,0,1.624,0.005,-0.005,48.4023
1645,526144,477.15,273,1024,100.0,6,1,0,1.171,0.005,-0.005,48.4023
1646,526480,495.56,279,1023,99.9,6,1,0,0.726,0.005,-0.005,48.4023
1647,526696,476.36,294,1023,99.9,6,1,0,1.14,0.005,-0.005,48.4023
1648,527144,513.72,324,1024,100.0,6,1,0,1.07,0.005,-0.005,48.4023
1649,527472,571.86,184,1021,99.7,6,1,0,1.743,0.005,-0.005,48.4023
1650,527632,565.84,186,1022,99.8,6,1,0,1.621,0.005,-0.005,48.4023
1651,527656,512.59,315,1024,100.0,6,1,0,0.845,0.005,-0.005,48.4023
1652,527824,564.82,168,1021,99.7,6,1,0,1.797,0.005,-0.005,48.4023
1653,528064,523.89,283,1023,99.9,6,1,0,1.16,0.005,-0.005,48.4023
1654,528072,588.12,172,1024,100.0,6,1,0,1.215,0.005,-0.005,48.4023
1655,528216,492.57,330,1024,100.0,6,1,0,0.948,0.005,-0.005,48.4023
1656,529560,289.04,168,927,90.5,5,0,1,0.186,0.005,-0.005,48.4023
1657,529728,491.04,323,1024,100.0,6,1,0,1.627,0.005,-0.005,48.4023
1658,530080,475.74,303,1023,99.9,6,1,0,1.642,0.005,-0.005,48.4023
1659,530128,500.59,312,1018,99.4,6,1,0,1.81,0.005,-0.005,48.4023
1660,530152,497.79,291,1024,100.0,6,1,0,0.995,0.005,-0.005,48.4023
1661,530176,570.38,338,1024,100.0,6,1,0,1.26,0.005,-0.005,48.4023
1662,530456,487.1,298,1024,100.0,6,1,0,0.867,0.005,-0.005,48.4023
1663,530472,511.29,301,1022,99.8,6,1,0,0.994,0.005,-0.005,48.4023
1664,531064,597.98,188,1024,100.0,6,1,0,0.97,0.005,-0.005,48.4023
1665,531104,597.05,172,1024,100.0,6,1,0,1.167,0.005,-0.005,48.4023
1666,531528,626.34,181,1024,100.0,6,1,0,1.174,0.005,-0.005,48.4023
1667,531624,587.49,181,1020,99.6,6,1,0,1.778,0.005,-0.005,48.4023
1668,532056,609.47,200,1022,99.8,6,1,0,1.678,0.005,-0.005,48.4023
1669,532440,519.31,289,1023,99.9,6,1,0,1.407,0.005,-0.005,48.4023
1670,532656,507.4,313,1021,99.7,6,1,0,1.845,0.005,-0.0012,52.2133
1671,532720,504.52,281,1024,100.0,6,1,0,1.065,0.005,-0.0012,52.2133
1672,532912,621.02,173,1024,100.0,6,1,0,1.077,0.005,-0.0012,52.2133
1673,532912,562.09,161,1023,99.9,6,1,0,1.771,0.005,-0.0012,52.2133
1674,533416,517.36,294,1024,100.0,6,1,0,1.11,0.005,-0.0012,52.2133
1675,533752,483.19,331,1023,99.9,6,1,0,1.704,0.005,-0.0012,52.2133
1676,534080,609.3,170,1024,100.0,6,1,0,0.817,0.005,-0.0012,52.2133
1677,534104,552.32,256,1021,99.7,6,1,0,1.673,0.005,-0.0012,52.2133
1678,534328,614.13,177,1024,100.0,6,1,0,1.154,0.005,-0.0012,52.2133
1679,535016,521.08,322,1023,99.9,6,1,0,1.664,0.005,-0.0012,52.2133
1680,535152,578.85,175,1022,99.8,6,1,0,1.529,0.005,-0.0012,52.2133
1681,535256,527.55,325,1022,99.8,6,1,0,1.642,0.005,-0.0012,52.2133
1682,535272,538.08,232,1024,100.0,6,1,0,0.887,0.005,-0.0012,52.2133
1683,535336,476.97,303,1024,100.0,6,1,0,1.068,0.005,-0.0012,52.2133
1684,536416,517.88,261,1024,100.0,6,1,0,0.897,0.005,-0.0012,52.2133
1685,536568,483.08,311,1019,99.5,6,1,0,1.597,0.005,-0.0012,52.2133
1686,536624,503.11,315,1019,99.5,6,1,0,1.773,0.005,-0.0012,52.2133
1687,537608,491.01,324,1020,99.6,6,1,0,1.749,0.005,-0.0012,52.2133
1688,537776,603.47,170,1024,100.0,6,1,0,1.09,0.005,-0.0012,52.2133
1689,537864,504.84,326,1022,99.8,6,1,0,1.794,0.005,-0.0012,52.2133
1690,538024,500.54,336,1022,99.8,6,1,0,1.804,0.005,-0.0012,52.2133
1691,538040,593.83,177,1020,99.6,6,1,0,1.836,0.005,-0.0012,52.2133
1692,539024,472.03,307,1017,99.3,6,1,0,1.775,0.005,-0.0012,52.2133
1693,539208,523.63,507,1021,99.7,6,1,0,1.84,0.005,-0.0012,52.2133
1694,539296,590.61,179,1021,99.7,6,1,0,1.655,0.005,-0.0012,52.2133
1695,539368,541.14,166,1022,99.8,6,1,0,1.646,0.005,-0.0012,52.2133
1696,539912,521.67,267,1021,99.7,6,1,0,0.638,0.005,-0.0012,52.2133
1697,540064,472.25,307,1020,99.6,6,1,0,1.625,0.005,-0.0012,52.2133
1698,540072,372.42,600,1020,99.6,5,0,0,1.737,0.005,-0.0012,52.2133
1699,540312,535.29,161,1022,99.8,6,1,0,1.727,0.005,-0.0012,52.2133
1700,540688,541.6,333,1022,99.8,6,1,0,1.848,0.005,-0.0038,59.8251
1701,540752,623.86,193,1024,100.0,6,1,0,0.418,0.005,-0.0038,59.8251
1702,540816,602.6,190,1019,99.5,6,1,0,1.444,0.005,-0.0038,59.8251
1703,540816,582.29,181,1020,99.6,6,1,0,1.836,0.005,-0.0038,59.8251
1704,541328,560.53,177,1023,99.9,6,1,0,1.894,0.005,-0.0038,59.8251
1705,541408,552.92,168,1022,99.8,6,1,0,1.8,0.005,-0.0038,59.8251
1706,542288,613.48,184,1024,100.0,6,1,0,0.868,0.005,-0.0038,59.8251
1707,542456,488.27,298,1024,100.0,6,1,0,0.9,0.005,-0.0038,59.8251
1708,542656,11.11,25,221,21.6,1,0,1,0.186,0.005,-0.0038,59.8251
1709,542912,514.55,325,1023,99.9,6,1,0,1.876,0.005,-0.0038,59.8251
1710,543144,491.11,299,1024,100.0,6,1,0,0.767,0.005,-0.0038,59.8251
1711,543216,509.82,316,1021,99.7,6,1,0,1.574,0.005,-0.0038,59.8251
1712,543296,504.2,310,1023,99.9,6,1,0,0.997,0.005,-0.0038,59.8251
1713,543936,521.39,316,1019,99.5,6,1,0,1.764,0.005,-0.0038,59.8251
1714,543952,473.69,328,1024,100.0,6,1,0,1.094,0.005,-0.0038,59.8251
1715,544240,594.55,166,1024,100.0,6,1,0,0.898,0.005,-0.0038,59.8251
1716,544408,20.24,21,454,44.3,1,0,1,0.195,0.005,-0.0038,59.8251
1717,544496,623.21,230,1024,100.0,6,1,0,1.064,0.005,-0.0038,59.8251
1718,544608,594.46,174,1024,100.0,6,1,0,1.19,0.005,-0.0038,59.8251
1719,544704,585.34,176,1021,99.7,6,1,0,1.728,0.005,-0.0038,59.8251
1720,544800,507.06,314,1023,99.9,6,1,0,1.704,0.005,-0.0038,59.8251
1721,545712,508.79,321,1020,99.6,6,1,0,1.674,0.005,-0.0038,59.8251
1722,546000,502.54,256,1024,100.0,6,1,0,0.942,0.005,-0.0038,59.8251
1723,546280,499.34,293,1024,100.0,6,1,0,1.309,0.005,-0.0038,59.8251
1724,546584,511.53,272,1023,99.9,6,1,0,1.189,0.005,-0.0038,59.8251
1725,546880,507.06,284,1023,99.9,6,1,0,1.019,0.005,-0.0038,59.8251
1726,546960,498.73,308,1018,99.4,6,1,0,1.673,0.005,-0.0038,59.8251
1727,547256,505.28,307,1021,99.7,6,1,0,1.808,0.005,-0.0038,59.8251
1728,547360,494.2,332,1022,99.8,6,1,0,1.772,0.005,-0.0038,59.8251
1729,548240,573.8,170,1022,99.8,6,1,0,1.606,0.005,-0.0038,59.8251
1730,548368,488.06,296,1022,99.8,6,1,0,1.664,0.005,-0.0038,59.8251
1731,548368,497.48,332,1022,99.8,6,1,0,1.784,0.005,-0.0038,59.8251
1732,548400,623.1,180,1024,100.0,6,1,0,1.445,0.005,-0.0038,59.8251
1733,548784,507.87,313,1018,99.4,6,1,0,1.712,0.005,-0.0038,59.8251
1734,549128,495.87,318,1024,100.0,6,1,0,1.867,0.005,-0.0073,73.6492
1735,549640,488.19,298,1021,99.7,6,1,0,1.706,0.005,-0.0073,73.6492
1736,549760,493.8,300,1024,100.0,6,1,0,0.969,0.005,-0.0073,73.6492
1737,549760,608.77,174,1024,100.0,6,1,0,0.998,0.005,-0.0073,73.6492
1738,550520,508.35,285,1024,100.0,6,1,0,1.257,0.005,-0.0073,73.6492
1739,550800,502.4,300,1024,100.0,6,1,0,1.077,0.005,-0.0073,73.6492
1740,550832,490.91,308,1019,99.5,6,1,0,1.674,0.005,-0.0073,73.6492
1741,551112,546.31,169,1021,99.7,6,1,0,1.868,0.005,-0.0073,73.6492
1742,551384,492.18,325,1024,100.0,6,1,0,1.109,0.005,-0.0073,73.6492
1743,551608,493.7,310,1022,99.8,6,1,0,0.855,0.005,-0.0073,73.6492
1744,552112,481.56,294,1024,100.0,6,1,0,1.322,0.005,-0.0073,73.6492
1745,552248,498.83,326,1022,99.8,6,1,0,1.626,0.005,-0.0073,73.6492
1746,552360,592.65,195,1019,99.5,6,1,0,1.888,0.005,-0.0073,73.6492
1747,552464,582.59,169,1024,100.0,6,1,0,1.192,0.005,-0.0073,73.6492
1748,552808,582.02,178,1019,99.5,6,1,0,1.832,0.005,-0.0073,73.6492
1749,552880,499.61,295,1024,100.0,6,1,0,1.108,0.005,-0.0073,73.6492
1750,553096,596.64,186,1019,99.5,6,1,0,1.874,0.005,-0.0073,73.6492
1751,553264,481.0,304,1020,99.6,6,1,0,1.81,0.005,-0.0073,73.6492
1752,554232,611.7,178,1024,100.0,6,1,0,0.984,0.005,-0.0073,73.6492
1753,554320,486.54,276,1023,99.9,6,1,0,0.877,0.005,-0.0073,73.6492
1754,554592,491.56,279,1022,99.8,6,1,0,1.044,0.005,-0.0073,73.6492
1755,554800,490.81,319,1024,100.0,6,1,0,1.518,0.005,-0.0073,73.6492
1756,554928,471.82,308,1017,99.3,6,1,0,1.503,0.005,-0.0073,73.6492
1757,555216,482.46,292,1024,100.0,6,1,0,1.217,0.005,-0.0073,73.6492
1758,555584,480.17,311,1021,99.7,6,1,0,1.775,0.005,-0.0073,73.6492
1759,555768,512.59,313,1022,99.8,6,1,0,1.821,0.005,-0.0073,73.6492
1760,556224,595.12,162,1024,100.0,6,1,0,0.879,0.005,-0.0073,73.6492
1761,556224,616.91,178,1024,100.0,6,1,0,0.848,0.005,-0.0073,73.6492
1762,556592,603.38,172,1024,100.0,6,1,0,1.132,0.005,-0.0073,73.6492
1763,556624,509.25,299,1020,99.6,6,1,0,1.66,0.005,-0.0073,73.6492
1764,556840,491.45,315,1021,99.7,6,1,0,1.815,0.005,-0.0073,73.6492
1765,556968,582.37,173,1021,99.7,6,1,0,1.542,0.005,-0.0073,73.6492
1766,557104,485.06,314,1017,99.3,6,1,0,1.804,0.005,-0.0044,40.2428
1767,557288,620.95,190,1024,100.0,6,1,0,1.062,0.005,-0.0044,40.2428
1768,558472,599.22,188,1019,99.5,6,1,0,1.854,0.005,-0.0044,40.2428
1769,558544,484.9,290,1024,100.0,6,1,0,1.084,0.005,-0.0044,40.2428
1770,558576,485.31,294,1024,100.0,6,1,0,1.321,0.005,-0.0044,40.2428
1771,558864,484.06,284,1021,99.7,6,1,0,1.095,0.005,-0.0044,40.2428
1772,559184,497.6,320,1022,99.8,6,1,0,1.873,0.005,-0.0044,40.2428
1773,559320,483.59,310,1020,99.6,6,1,0,1.723,0.005,-0.0044,40.2428
1774,559512,501.19,301,1024,100.0,6,1,0,0.788,0.005,-0.0044,40.2428
1775,559696,468.73,301,1021,99.7,6,1,0,1.738,0.005,-0.0044,40.2428
1776,560240,603.13,172,1024,100.0,6,1,0,0.941,0.005,-0.0044,40.2428
1777,560760,518.93,286,1024,100.0,6,1,0,1.128,0.005,-0.0044,40.2428
1778,560928,501.19,294,1024,100.0,6,1,0,0.94,0.005,-0.0044,40.2428
1779,560952,461.39,301,1022,99.8,6,1,0,1.135,0.005,-0.0044,40.2428
1780,561096,8.17,21,466,45.5,1,0,1,0.159,0.005,-0.0044,40.2428
1781,561592,489.26,301,1024,100.0,6,1,0,1.076,0.005,-0.0044,40.2428
1782,561776,489.27,283,1024,100.0,6,1,0,0.986,0.005,-0.0044,40.2428
1783,561784,492.72,308,1019,99.5,6,1,0,1.732,0.005,-0.0044,40.2428
1784,562120,484.08,303,1019,99.5,6,1,0,1.674,0.005,-0.0044,40.2428
1785,562816,518.07,322,1022,99.8,6,1,0,1.419,0.005,-0.0044,40.2428
1786,562832,533.0,217,1024,100.0,6,1,0,1.045,0.005,-0.0044,40.2428
1787,563144,496.97,298,1024,100.0,6,1,0,0.875,0.005,-0.0044,40.2428
1788,563424,493.14,309,1019,99.5,6,1,0,1.836,0.005,-0.0044,40.2428
1789,563848,493.36,282,1022,99.8,6,1,0,1.072,0.005,-0.0044,40.2428
1790,564152,480.66,297,1022,99.8,6,1,0,1.631,0.005,-0.0044,40.2428
1791,564200,490.07,302,1024,100.0,6,1,0,1.064,0.005,-0.0044,40.2428
1792,564560,495.48,305,1020,99.6,6,1,0,1.769,0.005,-0.0044,40.2428
1793,564840,614.7,177,1024,100.0,6,1,0,1.208,0.005,-0.0044,40.2428
1794,565032,505.77,277,1022,99.8,6,1,0,0.72,0.005,-0.0044,40.2428
1795,565256,480.57,303,1023,99.9,6,1,0,1.304,0.005,-0.0035,51.6005
1796,565696,499.7,319,1020,99.6,6,1,0,1.807,0.005,-0.0035,51.6005
1797,565896,573.73,167,1024,100.0,6,1,0,1.811,0.005,-0.0035,51.6005
1798,566320,495.81,309,1018,99.4,6,1,0,1.715,0.005,-0.0035,51.6005
1799,566416,499.9,277,1024,100.0,6,1,0,0.905,0.005,-0.0035,51.6005
1800,566440,572.94,176,1022,99.8,6,1,0,1.659,0.005,-0.0035,51.6005
1801,566664,485.26,314,1018,99.4,6,1,0,1.873,0.005,-0.0035,51.6005
1802,566760,246.51,133,854,83.4,4,0,1,0.185,0.005,-0.0035,51.6005
1803,567152,494.3,289,1024,100.0,6,1,0,0.624,0.005,-0.0035,51.6005
1804,567544,492.84,286,1023,99.9,6,1,0,0.926,0.005,-0.0035,51.6005
1805,567832,617.61,177,1024,100.0,6,1,0,0.975,0.005,-0.0035,51.6005
1806,568448,496.6,319,1020,99.6,6,1,0,1.889,0.005,-0.0035,51.6005
1807,568664,496.62,278,1024,100.0,6,1,0,1.233,0.005,-0.0035,51.6005
1808,568856,525.95,317,1019,99.5,6,1,0,1.563,0.005,-0.0035,51.6005
1809,569088,482.47,303,1020,99.6,6,1,0,1.698,0.005,-0.0035,51.6005
1810,569184,459.04,303,1020,99.6,6,1,0,1.821,0.005,-0.0035,51.6005
1811,569464,503.2,289,1024,100.0,6,1,0,1.093,0.005,-0.0035,51.6005
1812,570048,523.07,313,1019,99.5,6,1,0,1.841,0.005,-0.0035,51.6005
1813,570080,603.09,177,1024,100.0,6,1,0,1.208,0.005,-0.0035,51.6005
1814,570480,552.8,331,1022,99.8,6,1,0,0.887,0.005,-0.0035,51.6005
1815,570896,488.02,306,1022,99.8,6,1,0,0.953,0.005,-0.0035,51.6005
1816,571328,508.64,268,1024,100.0,6,1,0,1.166,0.005,-0.0035,51.6005
1817,571336,486.4,310,1020,99.6,6,1,0,1.807,0.005,-0.0035,51.6005
1818,571632,522.22,318,1023,99.9,6,1,0,1.683,0.005,-0.0035,51.6005
1819,571680,496.41,277,1024,100.0,6,1,0,0.925,0.005,-0.0035,51.6005
1820,571864,23.2,29,481,47.0,1,0,1,0.172,0.005,-0.0035,51.6005
1821,572256,508.48,272,1024,100.0,6,1,0,0.675,0.005,-0.0035,51.6005
1822,572504,498.58,307,1022,99.8,6,1,0,1.675,0.005,-0.0035,51.6005
1823,572992,499.18,314,1020,99.6,6,1,0,1.882,0.005,-0.0035,51.6005
1824,573128,511.83,279,1024,100.0,6,1,0,0.96,0.005,-0.0035,51.6005
1825,573568,501.65,280,1024,100.0,6,1,0,1.092,0.005,-0.0041,53.371
1826,573592,591.74,167,1024,100.0,6,1,0,0.797,0.005,-0.0041,53.371
1827,573760,490.39,303,1021,99.7,6,1,0,1.71,0.005,-0.0041,53.371
1828,574344,564.51,169,1022,99.8,6,1,0,1.482,0.005,-0.0041,53.371
1829,574376,498.36,314,1020,99.6,6,1,0,1.893,0.005,-0.0041,53.371
1830,574904,555.86,164,1022,99.8,6,1,0,1.364,0.005,-0.0041,53.371
1831,574912,493.62,301,1024,100.0,6,1,0,1.548,0.005,-0.0041,53.371
1832,574920,594.05,169,1024,100.0,6,1,0,1.296,0.005,-0.0041,53.371
1833,575472,497.67,293,1021,99.7,6,1,0,1.03,0.005,-0.0041,53.371
1834,575648,586.66,163,1024,100.0,6,1,0,1.012,0.005,-0.0041,53.371
1835,576208,466.44,306,1019,99.5,6,1,0,1.609,0.005,-0.0041,53.371
1836,576376,607.44,182,1024,100.0,6,1,0,1.21,0.005,-0.0041,53.371
1837,576480,377.36,600,1023,99.9,5,0,0,1.867,0.005,-0.0041,53.371
1838,576704,485.68,291,1024,100.0,6,1,0,1.252,0.005,-0.0041,53.371
1839,576824,564.31,169,1021,99.7,6,1,0,1.685,0.005,-0.0041,53.371
1840,577048,490.87,268,1023,99.9,6,1,0,0.976,0.005,-0.0041,53.371
1841,577376,498.92,308,1024,100.0,6,1,0,0.89,0.005,-0.0041,53.371
1842,577872,481.97,278,1022,99.8,6,1,0,1.204,0.005,-0.0041,53.371
1843,578352,595.67,163,1024,100.0,6,1,0,1.057,0.005,-0.0041,53.371
1844,578560,463.87,273,1024,100.0,6,1,0,1.246,0.005,-0.0041,53.371
1845,578752,500.92,318,1020,99.6,6,1,0,1.835,0.005,-0.0041,53.371
1846,578808,563.71,179,1018,99.4,6,1,0,1.768,0.005,-0.0041,53.371
1847,578880,514.4,272,1022,99.8,6,1,0,1.214,0.005,-0.0041,53.371
1848,578888,482.17,301,1020,99.6,6,1,0,1.902,0.005,-0.0041,53.371
1849,579232,475.69,301,1021,99.7,6,1,0,1.828,0.005,-0.0041,53.371
1850,579744,602.92,174,1024,100.0,6,1,0,1.059,0.005,-0.0041,53.371
1851,580328,509.02,307,1017,99.3,6,1,0,1.645,0.005,-0.0041,53.371
1852,580528,29.11,25,516,50.4,1,0,1,0.144,0.005,-0.0041,53.371
1853,580832,491.12,284,1024,100.0,6,1,0,1.177,0.005,-0.0041,53.371
1854,581224,499.31,309,1018,99.4,6,1,0,1.66,0.005,-0.0041,53.371
1855,581232,498.26,294,1021,99.7,6,1,0,0.875,0.005,-0.0041,53.371
1856,581264,495.93,307,1022,99.8,6,1,0,1.867,0.005,-0.0041,53.371
1857,581320,502.54,304,1021,99.7,6,1,0,1.891,0.005,-0.0041,53.371
1858,581968,496.92,278,1024,100.0,6,1,0,1.379,0.005,-0.004,49.7657
1859,582552,556.14,166,1022,99.8,6,1,0,1.672,0.005,-0.004,49.7657
1860,582800,495.26,284,1024,100.0,6,1,0,0.903,0.005,-0.004,49.7657
1861,583312,502.28,310,1019,99.5,6,1,0,1.882,0.005,-0.004,49.7657
1862,583368,485.4,263,1023,99.9,6,1,0,1.047,0.005,-0.004,49.7657
1863,583640,480.59,301,1022,99.8,6,1,0,1.19,0.005,-0.004,49.7657
1864,583768,468.15,306,1019,99.5,6,1,0,1.659,0.005,-0.004,49.7657
1865,584032,348.36,600,1023,99.9,5,0,0,1.24,0.005,-0.004,49.7657
1866,584368,487.99,300,1022,99.8,6,1,0,1.826,0.005,-0.004,49.7657
1867,584680,618.68,171,1024,100.0,6,1,0,0.9,0.005,-0.004,49.7657
1868,584944,591.9,197,1023,99.9,6,1,0,1.865,0.005,-0.004,49.7657
1869,585024,492.71,309,1021,99.7,6,1,0,1.879,0.005,-0.004,49.7657
1870,585160,16.58,27,465,45.4,1,0,1,0.177,0.005,-0.004,49.7657
1871,585352,606.88,165,1024,100.0,6,1,0,0.756,0.005,-0.004,49.7657
1872,585384,527.47,323,1024,100.0,6,1,0,1.856,0.005,-0.004,49.7657
1873,585776,506.45,267,1024,100.0,6,1,0,0.977,0.005,-0.004,49.7657
1874,586176,479.07,301,1024,100.0,6,1,0,0.755,0.005,-0.004,49.7657
1875,586480,567.64,165,1022,99.8,6,1,0,1.532,0.005,-0.004,49.7657
1876,586504,505.18,267,1024,100.0,6,1,0,0.894,0.005,-0.004,49.7657
1877,586680,547.68,162,1022,99.8,6,1,0,1.845,0.005,-0.004,49.7657
1878,586696,615.72,168,1024,100.0,6,1,0,1.248,0.005,-0.004,49.7657
1879,587064,488.61,298,1021,99.7,6,1,0,1.754,0.005,-0.004,49.7657
1880,587544,482.35,315,1019,99.5,6,1,0,1.767,0.005,-0.004,49.7657
1881,587664,562.31,186,1019,99.5,6,1,0,1.489,0.005,-0.004,49.7657
1882,587840,562.1,170,1020,99.6,6,1,0,1.49,0.005,-0.004,49.7657
1883,588032,564.81,169,1023,99.9,6,1,0,1.701,0.005,-0.004,49.7657
1884,588056,630.7,170,1024,100.0,6,1,0,0.831,0.005,-0.004,49.7657
1885,588192,492.49,302,1022,99.8,6,1,0,1.739,0.005,-0.004,49.7657
1886,588640,507.63,267,1024,100.0,6,1,0,1.042,0.005,-0.004,49.7657
1887,589000,600.95,167,1024,100.0,6,1,0,1.081,0.005,-0.004,49.7657
1888,589096,607.56,194,1023,99.9,6,1,0,1.836,0.005,-0.004,49.7657
1889,589176,568.13,167,1022,99.8,6,1,0,1.686,0.005,-0.004,49.7657
1890,589480,490.98,302,1019,99.5,6,1,0,1.532,0.005,-0.004,49.7657
1891,589488,583.29,162,1024,100.0,6,1,0,1.001,0.005,-0.004,49.7657
1892,589680,20.63,24,481,47.0,1,0,1,0.101,0.005,-0.004,49.7657
1893,590152,475.28,265,1020,99.6,6,1,0,0.996,0.005,-0.0046,52.4398
1894,590432,500.73,297,1020,99.6,6,1,0,1.878,0.005,-0.0046,52.4398
1895,590928,590.86,181,1020,99.6,6,1,0,1.722,0.005,-0.0046,52.4398
1896,591024,500.42,298,1021,99.7,6,1,0,1.847,0.005,-0.0046,52.4398
1897,591208,490.84,276,1024,100.0,6,1,0,0.856,0.005,-0.0046,52.4398
1898,591264,498.53,271,1023,99.9,6,1,0,0.44,0.005,-0.0046,52.4398
1899,591568,493.61,299,1021,99.7,6,1,0,1.879,0.005,-0.0046,52.4398
1900,591912,592.02,185,1024,100.0,6,1,0,0.925,0.005,-0.0046,52.4398
1901,592104,477.21,303,1018,99.4,6,1,0,1.528,0.005,-0.0046,52.4398
1902,592240,597.94,164,1024,100.0,6,1,0,0.722,0.005,-0.0046,52.4398
1903,592696,524.88,318,1024,100.0,6,1,0,1.798,0.005,-0.0046,52.4398
1904,592768,624.3,218,1024,100.0,6,1,0,0.771,0.005,-0.0046,52.4398
1905,592880,592.02,164,1024,100.0,6,1,0,1.213,0.005,-0.0046,52.4398
1906,593496,532.63,157,1022,99.8,6,1,0,1.675,0.005,-0.0046,52.4398
1907,593624,459.15,295,1024,100.0,6,1,0,0.71,0.005,-0.0046,52.4398
1908,593632,503.44,303,1022,99.8,6,1,0,1.792,0.005,-0.0046,52.4398
1909,594144,485.93,279,1024,100.0,6,1,0,1.016,0.005,-0.0046,52.4398
1910,594200,609.55,165,1024,100.0,6,1,0,0.851,0.005,-0.0046,52.4398
1911,594464,508.12,295,1024,100.0,6,1,0,0.755,0.005,-0.0046,52.4398
1912,594880,490.36,273,1024,100.0,6,1,0,0.959,0.005,-0.0046,52.4398
1913,594920,496.19,269,1024,100.0,6,1,0,0.904,0.005,-0.0046,52.4398
1914,595712,499.52,277,1023,99.9,6,1,0,0.982,0.005,-0.0046,52.4398
1915,595904,465.82,284,1023,99.9,6,1,0,1.834,0.005,-0.0046,52.4398
1916,595952,479.39,291,1023,99.9,6,1,0,1.54,0.005,-0.0046,52.4398
1917,596200,597.75,160,1024,100.0,6,1,0,0.817,0.005,-0.0046,52.4398
1918,596336,495.99,267,1024,100.0,6,1,0,0.712,0.005,-0.0046,52.4398
1919,596416,507.36,284,1024,100.0,6,1,0,1.155,0.005,-0.0046,52.4398
1920,596712,506.29,281,1024,100.0,6,1,0,0.897,0.005,-0.0046,52.4398
1921,597176,493.65,287,1024,100.0,6,1,0,1.007,0.005,-0.0046,52.4398
1922,597200,550.18,162,1023,99.9,6,1,0,1.788,0.005,-0.0046,52.4398
1923,597296,3.4,15,467,45.6,1,0,1,0.212,0.005,-0.0046,52.4398
1924,598168,495.54,307,1021,99.7,6,1,0,1.643,0.005,-0.0049,68.8993
1925,598384,487.76,304,1020,99.6,6,1,0,1.82,0.005,-0.0049,68.8993
1926,598496,480.64,287,1024,100.0,6,1,0,0.728,0.005,-0.0049,68.8993
1927,598632,534.99,167,1023,99.9,6,1,0,1.515,0.005,-0.0049,68.8993
1928,598704,495.2,286,1024,100.0,6,1,0,0.806,0.005,-0.0049,68.8993
1929,598712,497.88,297,1022,99.8,6,1,0,1.885,0.005,-0.0049,68.8993
1930,599168,492.74,307,1017,99.3,6,1,0,1.698,0.005,-0.0049,68.8993
1931,599576,497.78,297,1020,99.6,6,1,0,1.422,0.005,-0.0049,68.8993
1932,599664,542.0,160,1022,99.8,6,1,0,1.827,0.005,-0.0049,68.8993
1933,599968,617.01,184,1024,100.0,6,1,0,1.078,0.005,-0.0049,68.8993
1934,600376,472.93,276,1024,100.0,6,1,0,0.827,0.005,-0.0049,68.8993
1935,600616,477.6,239,1024,100.0,6,1,0,1.092,0.005,-0.0049,68.8993
1936,600984,561.85,165,1023,99.9,6,1,0,1.686,0.005,-0.0049,68.8993
1937,601048,486.58,302,1019,99.5,6,1,0,1.693,0.005,-0.0049,68.8993
1938,601072,495.11,295,1021,99.7,6,1,0,1.614,0.005,-0.0049,68.8993
1939,601584,479.02,302,1020,99.6,6,1,0,1.753,0.005,-0.0049,68.8993
1940,601792,479.19,277,1024,100.0,6,1,0,0.641,0.005,-0.0049,68.8993
1941,602072,505.7,263,1023,99.9,6,1,0,0.742,0.005,-0.0049,68.8993
1942,602848,517.31,309,1019,99.5,6,1,0,1.89,0.005,-0.0049,68.8993
1943,602864,465.18,281,1024,100.0,6,1,0,1.832,0.005,-0.0049,68.8993
1944,603168,612.96,172,1024,100.0,6,1,0,0.856,0.005,-0.0049,68.8993
1945,603176,487.76,266,1022,99.8,6,1,0,0.795,0.005,-0.0049,68.8993
1946,603216,525.17,279,1024,100.0,6,1,0,1.002,0.005,-0.0049,68.8993
1947,603480,496.8,301,1019,99.5,6,1,0,1.818,0.005,-0.0049,68.8993
1948,603728,475.98,268,1024,100.0,6,1,0,0.881,0.005,-0.0049,68.8993
1949,604288,641.44,180,1024,100.0,6,1,0,0.981,0.005,-0.0049,68.8993
1950,604464,488.29,299,1021,99.7,6,1,0,1.858,0.005,-0.0049,68.8993
1951,605056,485.67,274,1023,99.9,6,1,0,0.7,0.005,-0.0049,68.8993
1952,605344,500.91,266,1024,100.0,6,1,0,0.882,0.005,-0.0049,68.8993
1953,605368,494.2,274,1024,100.0,6,1,0,0.825,0.005,-0.0049,68.8993
1954,605584,481.87,302,1020,99.6,6,1,0,1.509,0.005,-0.0049,68.8993
1955,605744,614.36,182,1024,100.0,6,1,0,0.816,0.005,-0.0049,68.8993
1956,605784,474.52,288,1022,99.8,6,1,0,1.875,0.005,-0.0049,68.8993
1957,606048,469.08,290,1022,99.8,6,1,0,1.7,0.005,-0.0049,68.8993
1958,606928,615.95,168,1024,100.0,6,1,0,0.947,0.005,-0.0028,35.9649
1959,606944,505.19,310,1022,99.8,6,1,0,1.741,0.005,-0.0028,35.9649
1960,607016,504.55,245,1024,100.0,6,1,0,0.82,0.005,-0.0028,35.9649
1961,607584,463.39,277,1024,100.0,6,1,0,0.906,0.005,-0.0028,35.9649
1962,607760,493.83,302,1020,99.6,6,1,0,1.799,0.005,-0.0028,35.9649
1963,608088,464.8,288,1022,99.8,6,1,0,1.854,0.005,-0.0028,35.9649
1964,608208,493.07,308,1021,99.7,6,1,0,1.69,0.005,-0.0028,35.9649
1965,608288,473.19,280,1024,100.0,6,1,0,0.799,0.005,-0.0028,35.9649
1966,608344,589.5,166,1024,100.0,6,1,0,0.662,0.005,-0.0028,35.9649
1967,609128,469.48,273,1024,100.0,6,1,0,0.81,0.005,-0.0028,35.9649
1968,609160,549.05,175,1021,99.7,6,1,0,1.81,0.005,-0.0028,35.9649
1969,609184,498.24,282,1024,100.0,6,1,0,0.432,0.005,-0.0028,35.9649
1970,609424,529.88,152,1024,100.0,6,1,0,1.705,0.005,-0.0028,35.9649
1971,609992,472.29,301,1021,99.7,6,1,0,1.838,0.005,-0.0028,35.9649
1972,610064,489.73,247,1021,99.7,6,1,0,0.923,0.005,-0.0028,35.9649
1973,610448,481.37,263,1024,100.0,6,1,0,0.704,0.005,-0.0028,35.9649
1974,610488,552.58,170,1024,100.0,6,1,0,1.646,0.005,-0.0028,35.9649
1975,610496,556.53,167,1022,99.8,6,1,0,1.832,0.005,-0.0028,35.9649
1976,610728,481.54,305,1018,99.4,6,1,0,1.839,0.005,-0.0028,35.9649
1977,611544,650.36,185,1024,100.0,6,1,0,1.235,0.005,-0.0028,35.9649
1978,611584,482.28,300,1021,99.7,6,1,0,1.846,0.005,-0.0028,35.9649
1979,611800,460.55,297,1022,99.8,6,1,0,1.636,0.005,-0.0028,35.9649
1980,612368,482.87,297,1022,99.8,6,1,0,1.855,0.005,-0.0028,35.9649
1981,612664,478.89,277,1024,100.0,6,1,0,0.813,0.005,-0.0028,35.9649
1982,612848,460.62,294,1024,100.0,6,1,0,0.828,0.005,-0.0028,35.9649
1983,612864,478.78,297,1022,99.8,6,1,0,1.78,0.005,-0.0028,35.9649
1984,612992,492.01,283,1024,100.0,6,1,0,0.927,0.005,-0.0028,35.9649
1985,613664,553.28,162,1021,99.7,6,1,0,1.804,0.005,-0.0028,35.9649
1986,613728,492.73,268,1023,99.9,6,1,0,0.924,0.005,-0.0028,35.9649
1987,614008,597.9,168,1024,100.0,6,1,0,1.052,0.005,-0.0028,35.9649
1988,614112,501.37,321,1024,100.0,6,1,0,1.619,0.005,-0.0028,35.9649
1989,614144,464.88,293,1022,99.8,6,1,0,1.805,0.005,-0.0028,35.9649
1990,614232,529.95,155,1022,99.8,6,1,0,1.759,0.005,-0.0028,35.9649
1991,614256,600.04,174,1024,100.0,6,1,0,0.794,0.005,-0.0028,35.9649
1992,615024,486.75,272,1024,100.0,6,1,0,0.992,0.005,-0.0023,33.151
1993,615504,595.65,159,1024,100.0,6,1,0,1.34,0.005,-0.0023,33.151
1994,615800,494.94,259,1021,99.7,6,1,0,0.772,0.005,-0.0023,33.151
1995,616032,503.17,296,1021,99.7,6,1,0,1.697,0.005,-0.0023,33.151
1996,616320,484.0,272,1024,100.0,6,1,0,0.755,0.005,-0.0023,33.151
1997,616368,464.44,295,1021,99.7,6,1,0,1.749,0.005,-0.0023,33.151
1998,616376,481.56,283,1021,99.7,6,1,0,1.823,0.005,-0.0023,33.151
1999,616392,558.69,171,1020,99.6,6,1,0,1.832,0.005,-0.0023,33.151
2000,616504,489.02,281,1024,100.0,6,1,0,0.949,0.005,-0.0023,33.151
2001,617912,478.63,301,1021,99.7,6,1,0,1.575,0.005,-0.0023,33.151
2002,618168,472.84,296,1021,99.7,6,1,0,1.631,0.005,-0.0023,33.151
2003,618304,481.76,284,1022,99.8,6,1,0,1.827,0.005,-0.0023,33.151
2004,618576,461.0,273,1024,100.0,6,1,0,0.644,0.005,-0.0023,33.151
2005,618600,504.68,278,1024,100.0,6,1,0,1.2,0.005,-0.0023,33.151
2006,618648,452.33,291,1023,99.9,6,1,0,1.901,0.005,-0.0023,33.151
2007,618728,513.12,295,1020,99.6,6,1,0,0.842,0.005,-0.0023,33.151
2008,618736,488.1,279,1024,100.0,6,1,0,1.021,0.005,-0.0023,33.151
2009,619560,586.59,157,1024,100.0,6,1,0,0.862,0.005,-0.0023,33.151
2010,619880,538.0,160,1022,99.8,6,1,0,1.744,0.005,-0.0023,33.151
2011,619992,564.72,168,1020,99.6,6,1,0,1.869,0.005,-0.0023,33.151
2012,620016,494.61,263,1022,99.8,6,1,0,0.837,0.005,-0.0023,33.151
2013,620160,620.7,179,1024,100.0,6,1,0,0.885,0.005,-0.0023,33.151
2014,620312,480.66,268,1023,99.9,6,1,0,0.505,0.005,-0.0023,33.151
2015,620736,533.37,270,1023,99.9,6,1,0,1.13,0.005,-0.0023,33.151
2016,621160,487.07,303,1018,99.4,6,1,0,1.846,0.005,-0.0023,33.151
2017,621224,609.67,168,1024,100.0,6,1,0,0.925,0.005,-0.0023,33.151
2018,621400,630.67,173,1024,100.0,6,1,0,1.084,0.005,-0.0023,33.151
2019,621656,615.34,168,1024,100.0,6,1,0,0.89,0.005,-0.0023,33.151
2020,622016,496.4,307,1019,99.5,6,1,0,1.789,0.005,-0.0023,33.151
2021,622216,490.3,278,1024,100.0,6,1,0,1.066,0.005,-0.0023,33.151
2022,622320,502.23,270,1024,100.0,6,1,0,1.115,0.005,-0.0023,33.151
2023,622608,590.89,181,1019,99.5,6,1,0,1.747,0.005,-0.0045,33.9943
2024,623120,503.17,298,1021,99.7,6,1,0,1.505,0.005,-0.0045,33.9943
2025,623424,493.34,275,1024,100.0,6,1,0,1.176,0.005,-0.0045,33.9943
2026,623544,595.33,166,1024,100.0,6,1,0,0.859,0.005,-0.0045,33.9943
2027,623688,618.52,171,1024,100.0,6,1,0,0.703,0.005,-0.0045,33.9943
2028,623816,480.6,302,1020,99.6,6,1,0,1.763,0.005,-0.0045,33.9943
2029,624056,485.52,300,1020,99.6,6,1,0,1.463,0.005,-0.0045,33.9943
2030,624432,490.42,302,1018,99.4,6,1,0,1.756,0.005,-0.0045,33.9943
2031,624744,559.45,165,1022,99.8,6,1,0,1.668,0.005,-0.0045,33.9943
2032,624960,476.96,294,1021,99.7,6,1,0,1.713,0.005,-0.0045,33.9943
2033,625056,518.25,155,1024,100.0,6,1,0,1.497,0.005,-0.0045,33.9943
2034,625232,500.89,264,1024,100.0,6,1,0,0.882,0.005,-0.0045,33.9943
2035,625696,541.92,158,1023,99.9,6,1,0,1.316,0.005,-0.0045,33.9943
2036,625896,476.33,294,1024,100.0,6,1,0,0.849,0.005,-0.0045,33.9943
2037,626064,484.74,297,1021,99.7,6,1,0,1.881,0.005,-0.0045,33.9943
2038,626336,477.6,285,1023,99.9,6,1,0,1.665,0.005,-0.0045,33.9943
2039,626384,619.81,178,1024,100.0,6,1,0,0.845,0.005,-0.0045,33.9943
2040,626656,543.26,178,1019,99.5,6,1,0,1.807,0.005,-0.0045,33.9943
2041,627200,540.04,307,1024,100.0,6,1,0,0.781,0.005,-0.0045,33.9943
2042,627376,615.26,185,1024,100.0,6,1,0,1.224,0.005,-0.0045,33.9943
2043,627424,624.69,170,1024,100.0,6,1,0,0.967,0.005,-0.0045,33.9943
2044,627448,482.44,299,1022,99.8,6,1,0,1.593,0.005,-0.0045,33.9943
2045,627872,497.91,272,1022,99.8,6,1,0,0.716,0.005,-0.0045,33.9943
2046,628488,470.84,263,1024,100.0,6,1,0,0.649,0.005,-0.0045,33.9943
2047,628712,467.89,297,1024,100.0,6,1,0,1.31,0.005,-0.0045,33.9943
2048,628904,611.04,182,1024,100.0,6,1,0,1.296,0.005,-0.0045,33.9943
2049,629104,542.36,154,1023,99.9,6,1,0,1.393,0.005,-0.0045,33.9943
2050,629152,498.0,312,1020,99.6,6,1,0,1.896,0.005,-0.0045,33.9943
2051,629536,482.19,264,1022,99.8,6,1,0,0.595,0.005,-0.0045,33.9943
2052,629616,487.6,280,1024,100.0,6,1,0,1.29,0.005,-0.0045,33.9943
2053,629688,472.46,311,1019,99.5,6,1,0,1.609,0.005,-0.0045,33.9943
2054,629896,621.16,176,1024,100.0,6,1,0,0.678,0.005,-0.0045,33.9943
2055,630536,612.43,173,1023,99.9,6,1,0,0.487,0.005,-0.0045,33.9943
2056,630864,550.34,166,1022,99.8,6,1,0,1.676,0.005,-0.0065,38.4796
2057,631024,565.08,167,1023,99.9,6,1,0,1.507,0.005,-0.0065,38.4796
2058,631024,617.95,176,1024,100.0,6,1,0,1.191,0.005,-0.0065,38.4796
2059,631136,481.09,303,1021,99.7,6,1,0,1.541,0.005,-0.0065,38.4796
2060,631232,477.61,291,1021,99.7,6,1,0,1.437,0.005,-0.0065,38.4796
2061,631440,499.28,292,1021,99.7,6,1,0,1.687,0.005,-0.0065,38.4796
2062,631856,588.81,165,1024,100.0,6,1,0,1.121,0.005,-0.0065,38.4796
2063,632040,496.61,268,1024,100.0,6,1,0,1.142,0.005,-0.0065,38.4796
2064,632520,541.89,161,1022,99.8,6,1,0,1.469,0.005,-0.0065,38.4796
2065,632816,597.16,172,1024,100.0,6,1,0,0.74,0.005,-0.0065,38.4796
2066,633056,484.29,274,1024,100.0,6,1,0,1.096,0.005,-0.0065,38.4796
2067,633184,480.03,256,1019,99.5,6,1,0,0.688,0.005,-0.0065,38.4796
2068,633280,626.36,178,1024,100.0,6,1,0,0.869,0.005,-0.0065,38.4796
2069,633376,488.51,294,1022,99.8,6,1,0,1.724,0.005,-0.0065,38.4796
2070,633600,514.78,322,1022,99.8,6,1,0,1.571,0.005,-0.0065,38.4796
2071,634136,604.42,165,1024,100.0,6,1,0,1.099,0.005,-0.0065,38.4796
2072,634400,510.21,295,1020,99.6,6,1,0,1.627,0.005,-0.0065,38.4796
2073,634640,597.52,170,1024,100.0,6,1,0,0.896,0.005,-0.0065,38.4796
2074,634896,481.6,297,1022,99.8,6,1,0,1.557,0.005,-0.0065,38.4796
2075,635080,635.08,185,1024,100.0,6,1,0,1.112,0.005,-0.0065,38.4796
2076,635416,490.9,279,1024,100.0,6,1,0,0.938,0.005,-0.0065,38.4796
2077,635440,586.07,163,1024,100.0,6,1,0,1.364,0.005,-0.0065,38.4796
2078,635480,481.61,263,1024,100.0,6,1,0,0.574,0.005,-0.0065,38.4796
2079,635536,504.65,310,1023,99.9,6,1,0,1.486,0.005,-0.0065,38.4796
2080,635880,638.13,185,1024,100.0,6,1,0,0.895,0.005,-0.0065,38.4796
2081,636272,582.98,172,1022,99.8,6,1,0,1.486,0.005,-0.0065,38.4796
2082,636456,618.62,172,1024,100.0,6,1,0,0.668,0.005,-0.0065,38.4796
2083,636784,488.75,268,1022,99.8,6,1,0,0.875,0.005,-0.0065,38.4796
2084,636880,608.91,175,1024,100.0,6,1,0,1.156,0.005,-0.0065,38.4796
2085,637512,504.81,262,1023,99.9,6,1,0,1.055,0.005,-0.0065,38.4796
2086,637664,503.35,278,1024,100.0,6,1,0,1.227,0.005,-0.0065,38.4796
2087,637936,494.38,300,1020,99.6,6,1,0,1.867,0.005,-0.0065,38.4796
2088,637992,503.32,264,1023,99.9,6,1,0,0.945,0.005,-0.0065,38.4796
2089,638504,493.93,279,1024,100.0,6,1,0,1.077,0.005,-0.0065,38.4796
2090,638584,485.0,266,1024,100.0,6,1,0,0.888,0.005,-0.0065,38.4796
2091,638864,613.05,169,1024,100.0,6,1,0,1.01,0.005,-0.0065,38.4796
2092,638880,494.81,262,1024,100.0,6,1,0,0.822,0.005,-0.0065,38.4796
2093,639336,496.56,307,1019,99.5,6,1,0,1.454,0.005,-0.0035,35.3685
2094,639968,343.38,247,977,95.4,5,0,1,0.178,0.005,-0.0035,35.3685
2095,640008,476.32,293,1021,99.7,6,1,0,1.572,0.005,-0.0035,35.3685
2096,640112,533.46,154,1020,99.6,6,1,0,1.842,0.005,-0.0035,35.3685
2097,640288,475.66,294,1024,100.0,6,1,0,0.862,0.005,-0.0035,35.3685
2098,640664,470.65,260,1024,100.0,6,1,0,1.095,0.005,-0.0035,35.3685
2099,640928,486.6,303,1018,99.4,6,1,0,1.741,0.005,-0.0035,35.3685
2100,641248,488.12,298,1021,99.7,6,1,0,1.588,0.005,-0.0035,35.3685
2101,641296,589.06,161,1024,100.0,6,1,0,1.222,0.005,-0.0035,35.3685
2102,641464,612.76,169,1024,100.0,6,1,0,1.153,0.005,-0.0035,35.3685
2103,641536,583.65,156,1024,100.0,6,1,0,0.96,0.005,-0.0035,35.3685
2104,641736,479.0,300,1022,99.8,6,1,0,1.763,0.005,-0.0035,35.3685
2105,642160,478.92,274,1024,100.0,6,1,0,0.963,0.005,-0.0035,35.3685
2106,642224,586.51,162,1024,100.0,6,1,0,0.892,0.005,-0.0035,35.3685
2107,642512,548.62,158,1024,100.0,6,1,0,1.778,0.005,-0.0035,35.3685
2108,642624,562.36,166,1024,100.0,6,1,0,1.091,0.005,-0.0035,35.3685
2109,642712,17.53,25,219,21.4,1,0,1,0.123,0.005,-0.0035,35.3685
2110,642768,538.57,163,1019,99.5,6,1,0,1.757,0.005,-0.0035,35.3685
2111,642816,595.52,160,1024,100.0,6,1,0,0.917,0.005,-0.0035,35.3685
2112,642824,481.23,270,1023,99.9,6,1,0,1.003,0.005,-0.0035,35.3685
2113,643064,589.48,166,1023,99.9,6,1,0,1.07,0.005,-0.0035,35.3685
2114,643424,544.72,158,1023,99.9,6,1,0,1.788,0.005,-0.0035,35.3685
2115,643488,586.49,158,1024,100.0,6,1,0,1.022,0.005,-0.0035,35.3685
2116,644080,538.92,157,1024,100.0,6,1,0,1.646,0.005,-0.0035,35.3685
2117,644720,511.57,262,1021,99.7,6,1,0,0.81,0.005,-0.0035,35.3685
2118,644928,463.95,188,1024,100.0,6,1,0,1.227,0.005,-0.0035,35.3685
2119,645096,487.69,298,1019,99.5,6,1,0,1.519,0.005,-0.0035,35.3685
2120,645200,496.66,304,1020,99.6,6,1,0,1.869,0.005,-0.0035,35.3685
2121,645224,500.94,270,1022,99.8,6,1,0,1.209,0.005,-0.0035,35.3685
2122,645248,484.06,304,1020,99.6,6,1,0,1.6,0.005,-0.0035,35.3685
2123,645400,559.35,165,1023,99.9,6,1,0,1.749,0.005,-0.0035,35.3685
2124,645696,21.45,37,218,21.3,1,0,1,0.143,0.005,-0.0035,35.3685
2125,645736,470.86,281,1024,100.0,6,1,0,1.108,0.005,-0.0035,35.3685
2126,646328,551.36,154,1023,99.9,6,1,0,1.796,0.005,-0.0035,35.3685
2127,646352,623.98,178,1024,100.0,6,1,0,1.014,0.005,-0.0035,35.3685
2128,646520,538.78,162,1021,99.7,6,1,0,1.814,0.005,-0.0035,35.3685
2129,646968,535.41,159,1023,99.9,6,1,0,1.797,0.005,-0.0035,35.3685
2130,647096,488.93,297,1023,99.9,6,1,0,1.571,0.005,-0.0035,35.3685
2131,647176,11.25,26,217,21.2,1,0,1,0.182,0.005,-0.0047,78.5565
2132,647528,485.37,291,1024,100.0,6,1,0,1.787,0.005,-0.0047,78.5565
2133,647616,553.49,161,1022,99.8,6,1,0,1.799,0.005,-0.0047,78.5565
2134,647672,493.94,303,1019,99.5,6,1,0,1.626,0.005,-0.0047,78.5565
2135,648064,492.87,291,1022,99.8,6,1,0,1.741,0.005,-0.0047,78.5565
2136,648496,607.55,165,1024,100.0,6,1,0,1.088,0.005,-0.0047,78.5565
2137,648712,483.21,295,1020,99.6,6,1,0,1.503,0.005,-0.0047,78.5565
2138,648864,553.13,167,1021,99.7,6,1,0,1.291,0.005,-0.0047,78.5565
2139,648896,464.63,297,1020,99.6,6,1,0,1.664,0.005,-0.0047,78.5565
2140,649128,548.69,182,1019,99.5,6,1,0,1.727,0.005,-0.0047,78.5565
2141,649152,467.73,257,1024,100.0,6,1,0,0.694,0.005,-0.0047,78.5565
2142,649528,493.05,183,1024,100.0,6,1,0,1.193,0.005,-0.0047,78.5565
2143,649688,500.13,259,1023,99.9,6,1,0,0.874,0.005,-0.0047,78.5565
2144,650144,554.3,160,1022,99.8,6,1,0,1.823,0.005,-0.0047,78.5565
2145,650336,-15.99,24,185,18.1,1,0,1,0.142,0.005,-0.0047,78.5565
2146,650744,478.22,281,1023,99.9,6,1,0,1.667,0.005,-0.0047,78.5565
2147,650880,609.97,169,1024,100.0,6,1,0,0.724,0.005,-0.0047,78.5565
2148,651024,483.67,289,1024,100.0,6,1,0,1.839,0.005,-0.0047,78.5565
2149,651120,577.89,179,1018,99.4,6,1,0,1.68,0.005,-0.0047,78.5565
2150,651240,480.25,293,1024,100.0,6,1,0,0.882,0.005,-0.0047,78.5565
2151,651352,499.74,275,1024,100.0,6,1,0,1.032,0.005,-0.0047,78.5565
2152,651472,27.36,44,244,23.8,1,0,1,0.19,0.005,-0.0047,78.5565
2153,651528,476.75,300,1020,99.6,6,1,0,1.662,0.005,-0.0047,78.5565
2154,652128,558.97,173,1020,99.6,6,1,0,1.755,0.005,-0.0047,78.5565
2155,652336,488.07,250,1022,99.8,6,1,0,0.848,0.005,-0.0047,78.5565
2156,652616,559.38,172,1020,99.6,6,1,0,1.429,0.005,-0.0047,78.5565
2157,653032,443.2,269,1017,99.3,6,1,0,1.675,0.005,-0.0047,78.5565
2158,653272,472.29,281,1024,100.0,6,1,0,1.211,0.005,-0.0047,78.5565
2159,653512,549.47,173,1019,99.5,6,1,0,1.683,0.005,-0.0047,78.5565
2160,653632,559.48,162,1022,99.8,6,1,0,1.585,0.005,-0.0047,78.5565
2161,653712,490.67,295,1021,99.7,6,1,0,1.838,0.005,-0.0047,78.5565
2162,653896,489.93,303,1019,99.5,6,1,0,1.873,0.005,-0.0047,78.5565
2163,653944,570.94,166,1022,99.8,6,1,0,1.532,0.005,-0.0047,78.5565
2164,653944,496.76,302,1019,99.5,6,1,0,1.749,0.005,-0.0047,78.5565
2165,654120,-0.59,22,218,21.3,1,0,1,0.184,0.005,-0.0047,78.5565
2166,654560,583.13,161,1024,100.0,6,1,0,1.09,0.005,-0.0047,78.5565
2167,654976,601.12,168,1024,100.0,6,1,0,1.159,0.005,-0.0047,78.5565
2168,655216,559.45,165,1024,100.0,6,1,0,1.697,0.005,-0.0047,78.5565
2169,655312,552.59,171,1022,99.8,6,1,0,1.747,0.005,-0.0047,78.5565
2170,655360,471.46,291,1021,99.7,6,1,0,1.641,0.005,-0.0047,78.5565
2171,655840,473.6,291,1020,99.6,6,1,0,1.752,0.005,-0.0047,71.1973
2172,656000,495.58,286,1024,100.0,6,1,0,1.079,0.005,-0.0047,71.1973
2173,656280,544.57,163,1021,99.7,6,1,0,1.715,0.005,-0.0047,71.1973
2174,656360,474.83,280,1023,99.9,6,1,0,1.383,0.005,-0.0047,71.1973
2175,656816,478.2,282,1024,100.0,6,1,0,1.644,0.005,-0.0047,71.1973
2176,657304,556.27,163,1022,99.8,6,1,0,1.843,0.005,-0.0047,71.1973
2177,657568,510.86,294,1022,99.8,6,1,0,1.887,0.005,-0.0047,71.1973
2178,657632,570.81,169,1021,99.7,6,1,0,1.871,0.005,-0.0047,71.1973
2179,657736,481.83,297,1021,99.7,6,1,0,1.903,0.005,-0.0047,71.1973
2180,657792,489.25,310,1018,99.4,6,1,0,1.878,0.005,-0.0047,71.1973
2181,658000,508.78,270,1024,100.0,6,1,0,1.084,0.005,-0.0047,71.1973
2182,658048,548.16,154,1021,99.7,6,1,0,1.639,0.005,-0.0047,71.1973
2183,658360,489.47,250,1021,99.7,6,1,0,0.85,0.005,-0.0047,71.1973
2184,658952,586.0,165,1024,100.0,6,1,0,0.808,0.005,-0.0047,71.1973
2185,659336,559.79,161,1023,99.9,6,1,0,1.821,0.005,-0.0047,71.1973
2186,659504,478.6,275,1024,100.0,6,1,0,0.886,0.005,-0.0047,71.1973
2187,659712,488.02,247,1024,100.0,6,1,0,1.022,0.005,-0.0047,71.1973
2188,659720,497.37,269,1024,100.0,6,1,0,1.203,0.005,-0.0047,71.1973
2189,659784,593.31,178,1024,100.0,6,1,0,1.015,0.005,-0.0047,71.1973
2190,660080,489.27,286,1023,99.9,6,1,0,1.813,0.005,-0.0047,71.1973
2191,660208,589.82,157,1024,100.0,6,1,0,0.819,0.005,-0.0047,71.1973
2192,660208,486.79,276,1024,100.0,6,1,0,0.863,0.005,-0.0047,71.1973
2193,660960,517.75,155,1023,99.9,6,1,0,1.665,0.005,-0.0047,71.1973
2194,661024,565.76,164,1021,99.7,6,1,0,1.774,0.005,-0.0047,71.1973
2195,661680,467.72,272,1020,99.6,6,1,0,1.661,0.005,-0.0047,71.1973
2196,662136,485.37,294,1022,99.8,6,1,0,1.672,0.005,-0.0047,71.1973
2197,662352,481.49,268,1024,100.0,6,1,0,0.752,0.005,-0.0047,71.1973
2198,662400,624.66,172,1024,100.0,6,1,0,0.718,0.005,-0.0047,71.1973
2199,662448,487.67,296,1020,99.6,6,1,0,1.759,0.005,-0.0047,71.1973
2200,662576,470.72,296,1021,99.7,6,1,0,1.329,0.005,-0.0047,71.1973
2201,662680,451.06,418,1024,100.0,6,1,0,1.678,0.005,-0.0047,71.1973
2202,662968,592.45,161,1024,100.0,6,1,0,0.867,0.005,-0.0047,71.1973
2203,663040,-14.0,9,442,43.2,1,0,1,0.201,0.005,-0.0047,71.1973
2204,663272,508.19,289,1021,99.7,6,1,0,1.849,0.005,-0.0047,71.1973
2205,663624,571.94,153,1024,100.0,6,1,0,0.857,0.005,-0.0062,57.4672
2206,663856,617.88,176,1024,100.0,6,1,0,0.824,0.005,-0.0062,57.4672
2207,663896,571.15,165,1022,99.8,6,1,0,1.389,0.005,-0.0062,57.4672
2208,664216,494.88,260,1023,99.9,6,1,0,1.243,0.005,-0.0062,57.4672
2209,664552,579.94,160,1024,100.0,6,1,0,0.988,0.005,-0.0062,57.4672
2210,664752,491.08,300,1020,99.6,6,1,0,1.565,0.005,-0.0062,57.4672
2211,664976,478.33,287,1022,99.8,6,1,0,1.551,0.005,-0.0062,57.4672
2212,665200,478.67,270,1024,100.0,6,1,0,1.252,0.005,-0.0062,57.4672
2213,665464,527.54,156,1022,99.8,6,1,0,1.678,0.005,-0.0062,57.4672
2214,665680,23.05,27,507,49.5,1,0,1,0.187,0.005,-0.0062,57.4672
2215,665848,582.9,162,1024,100.0,6,1,0,1.101,0.005,-0.0062,57.4672
2216,665928,447.59,288,1021,99.7,6,1,0,1.766,0.005,-0.0062,57.4672
2217,665952,472.49,262,1024,100.0,6,1,0,0.556,0.005,-0.0062,57.4672
2218,666304,490.71,301,1021,99.7,6,1,0,1.748,0.005,-0.0062,57.4672
2219,666568,612.41,171,1024,100.0,6,1,0,1.174,0.005,-0.0062,57.4672
2220,666864,494.02,264,1023,99.9,6,1,0,0.727,0.005,-0.0062,57.4672
2221,666960,559.8,160,1022,99.8,6,1,0,1.579,0.005,-0.0062,57.4672
2222,666976,481.29,250,1022,99.8,6,1,0,1.234,0.005,-0.0062,57.4672
2223,667232,556.47,163,1023,99.9,6,1,0,1.536,0.005,-0.0062,57.4672
2224,667336,628.75,186,1024,100.0,6,1,0,1.036,0.005,-0.0062,57.4672
2225,667856,541.69,161,1022,99.8,6,1,0,1.828,0.005,-0.0062,57.4672
2226,668136,532.71,159,1023,99.9,6,1,0,1.789,0.005,-0.0062,57.4672
2227,668192,481.25,280,1023,99.9,6,1,0,1.429,0.005,-0.0062,57.4672
2228,668336,508.17,254,1021,99.7,6,1,0,1.055,0.005,-0.0062,57.4672
2229,668520,554.09,161,1022,99.8,6,1,0,1.773,0.005,-0.0062,57.4672
2230,668848,454.11,234,1024,100.0,6,1,0,1.086,0.005,-0.0062,57.4672
2231,668936,478.83,247,1020,99.6,6,1,0,1.1,0.005,-0.0062,57.4672
2232,669288,581.51,179,1020,99.6,6,1,0,1.846,0.005,-0.0062,57.4672
2233,669400,495.46,258,1022,99.8,6,1,0,1.17,0.005,-0.0062,57.4672
2234,669432,566.35,155,1021,99.7,6,1,0,1.842,0.005,-0.0062,57.4672
2235,669680,561.62,168,1021,99.7,6,1,0,1.65,0.005,-0.0062,57.4672
2236,670120,527.01,159,1020,99.6,6,1,0,1.704,0.005,-0.0062,57.4672
2237,670232,472.87,262,1024,100.0,6,1,0,1.003,0.005,-0.0062,57.4672
2238,670232,586.05,162,1024,100.0,6,1,0,1.073,0.005,-0.0062,57.4672
2239,670632,491.32,264,1023,99.9,6,1,0,1.061,0.005,-0.0062,57.4672
2240,670712,568.26,164,1021,99.7,6,1,0,1.784,0.005,-0.0062,57.4672
2241,670928,538.74,156,1019,99.5,6,1,0,1.605,0.005,-0.0062,57.4672
2242,671544,492.87,282,1024,100.0,6,1,0,0.918,0.005,-0.0062,57.4672
2243,671736,464.29,288,1022,99.8,6,1,0,1.789,0.005,-0.0062,57.4672
2244,672064,465.87,243,1021,99.7,6,1,0,0.961,0.005,-0.0056,46.3908
2245,672280,583.31,169,1022,99.8,6,1,0,1.665,0.005,-0.0056,46.3908
2246,672464,454.24,279,1024,100.0,6,1,0,1.725,0.005,-0.0056,46.3908
2247,672840,489.45,276,1024,100.0,6,1,0,0.823,0.005,-0.0056,46.3908
2248,673064,485.57,294,1021,99.7,6,1,0,1.714,0.005,-0.0056,46.3908
2249,673480,557.67,177,1018,99.4,6,1,0,1.874,0.005,-0.0056,46.3908
2250,673632,485.05,261,1024,100.0,6,1,0,1.036,0.005,-0.0056,46.3908
2251,673656,528.68,428,1021,99.7,6,1,0,1.688,0.005,-0.0056,46.3908
2252,674048,509.95,289,1021,99.7,6,1,0,1.138,0.005,-0.0056,46.3908
2253,674376,474.23,262,1024,100.0,6,1,0,1.135,0.005,-0.0056,46.3908
2254,674744,468.42,285,1020,99.6,6,1,0,1.836,0.005,-0.0056,46.3908
2255,674936,499.55,262,1024,100.0,6,1,0,0.655,0.005,-0.0056,46.3908
2256,674968,559.76,164,1021,99.7,6,1,0,1.801,0.005,-0.0056,46.3908
2257,675096,474.29,254,1024,100.0,6,1,0,1.018,0.005,-0.0056,46.3908
2258,675736,506.97,263,1024,100.0,6,1,0,1.131,0.005,-0.0056,46.3908
2259,676192,583.35,157,1024,100.0,6,1,0,1.016,0.005,-0.0056,46.3908
2260,676264,592.16,162,1024,100.0,6,1,0,0.994,0.005,-0.0056,46.3908
2261,676328,473.77,244,1020,99.6,6,1,0,1.148,0.005,-0.0056,46.3908
2262,676360,471.13,289,1022,99.8,6,1,0,1.694,0.005,-0.0056,46.3908
2263,676696,18.63,42,241,23.5,1,0,1,0.186,0.005,-0.0056,46.3908
2264,677064,464.68,290,1024,100.0,6,1,0,0.997,0.005,-0.0056,46.3908
2265,677120,465.17,253,1020,99.6,6,1,0,0.881,0.005,-0.0056,46.3908
2266,677608,588.68,160,1024,100.0,6,1,0,0.739,0.005,-0.0056,46.3908
2267,677984,553.3,161,1024,100.0,6,1,0,1.786,0.005,-0.0056,46.3908
2268,677992,484.65,282,1023,99.9,6,1,0,1.666,0.005,-0.0056,46.3908
2269,678280,371.16,600,1021,99.7,5,0,0,1.372,0.005,-0.0056,46.3908
2270,678280,485.32,261,1024,100.0,6,1,0,0.89,0.005,-0.0056,46.3908
2271,678448,520.68,273,1024,100.0,6,1,0,1.077,0.005,-0.0056,46.3908
2272,679032,462.64,246,1020,99.6,6,1,0,1.165,0.005,-0.0056,46.3908
2273,679096,601.1,186,1024,100.0,6,1,0,0.921,0.005,-0.0056,46.3908
2274,679216,486.61,262,1024,100.0,6,1,0,0.991,0.005,-0.0056,46.3908
2275,680264,478.51,284,1024,100.0,6,1,0,1.642,0.005,-0.0059,67.3427
2276,680264,503.2,248,1023,99.9,6,1,0,0.857,0.005,-0.0059,67.3427
2277,680360,482.71,297,1020,99.6,6,1,0,1.793,0.005,-0.0059,67.3427
2278,680368,598.22,159,1024,100.0,6,1,0,1.314,0.005,-0.0059,67.3427
2279,680464,468.23,252,1020,99.6,6,1,0,1.098,0.005,-0.0059,67.3427
2280,680696,472.56,302,1021,99.7,6,1,0,1.775,0.005,-0.0059,67.3427
2281,681416,489.03,298,1022,99.8,6,1,0,1.591,0.005,-0.0059,67.3427
2282,681592,559.54,166,1024,100.0,6,1,0,1.884,0.005,-0.0059,67.3427
2283,681616,493.95,300,1024,100.0,6,1,0,1.285,0.005,-0.0059,67.3427
2284,682000,544.47,163,1021,99.7,6,1,0,1.859,0.005,-0.0059,67.3427
2285,682336,492.8,259,1023,99.9,6,1,0,1.019,0.005,-0.0059,67.3427
2286,682512,332.79,256,965,94.2,5,0,1,0.199,0.005,-0.0059,67.3427
2287,682560,483.79,274,1024,100.0,6,1,0,0.996,0.005,-0.0059,67.3427
2288,682688,480.29,291,1021,99.7,6,1,0,1.745,0.005,-0.0059,67.3427
2289,682960,580.38,168,1021,99.7,6,1,0,1.667,0.005,-0.0059,67.3427
2290,683664,483.61,281,1024,100.0,6,1,0,0.941,0.005,-0.0059,67.3427
2291,683672,589.04,167,1024,100.0,6,1,0,1.119,0.005,-0.0059,67.3427
2292,683744,-14.27,9,436,42.6,1,0,1,0.204,0.005,-0.0059,67.3427
2293,683776,512.68,152,1022,99.8,6,1,0,1.674,0.005,-0.0059,67.3427
2294,683904,5.66,16,471,46.0,1,0,1,0.178,0.005,-0.0059,67.3427
2295,683928,498.3,292,1021,99.7,6,1,0,1.549,0.005,-0.0059,67.3427
2296,684384,490.72,298,1021,99.7,6,1,0,1.901,0.005,-0.0059,67.3427
2297,684976,474.58,308,1019,99.5,6,1,0,1.8,0.005,-0.0059,67.3427
2298,685120,495.77,304,1019,99.5,6,1,0,1.812,0.005,-0.0059,67.3427
2299,685184,536.03,157,1023,99.9,6,1,0,1.702,0.005,-0.0059,67.3427
2300,685272,470.2,289,1024,100.0,6,1,0,1.729,0.005,-0.0059,67.3427
2301,685728,577.52,168,1020,99.6,6,1,0,1.803,0.005,-0.0059,67.3427
2302,685968,487.08,288,1024,100.0,6,1,0,1.364,0.005,-0.0059,67.3427
2303,685976,478.49,279,1020,99.6,6,1,0,1.632,0.005,-0.0059,67.3427
2304,686008,468.99,263,1023,99.9,6,1,0,1.197,0.005,-0.0059,67.3427
2305,686536,611.84,177,1024,100.0,6,1,0,1.205,0.005,-0.0059,67.3427
2306,687200,427.99,149,1012,98.8,5,0,1,0.104,0.005,-0.0059,67.3427
2307,687352,457.13,297,1024,100.0,6,1,0,1.122,0.005,-0.0059,67.3427
2308,687400,599.76,179,1024,100.0,6,1,0,0.841,0.005,-0.0059,67.3427
2309,687536,472.69,294,1021,99.7,6,1,0,1.763,0.005,-0.0059,67.3427
2310,687688,496.49,302,1023,99.9,6,1,0,1.801,0.005,-0.0059,67.3427
2311,687736,506.5,150,1021,99.7,6,1,0,1.687,0.005,-0.0059,67.3427
2312,687824,326.41,262,959,93.7,5,0,1,0.189,0.005,-0.0059,67.3427
2313,688312,463.39,292,1023,99.9,6,1,0,1.681,0.005,-0.0073,100.5938
2314,688656,529.83,157,1020,99.6,6,1,0,1.763,0.005,-0.0073,100.5938
2315,689096,604.66,170,1024,100.0,6,1,0,1.206,0.005,-0.0073,100.5938
2316,689400,324.8,256,968,94.5,5,0,1,0.135,0.005,-0.0073,100.5938
2317,689560,494.94,295,1021,99.7,6,1,0,1.654,0.005,-0.0073,100.5938
2318,689600,609.99,161,1024,100.0,6,1,0,1.148,0.005,-0.0073,100.5938
2319,689928,559.91,159,1024,100.0,6,1,0,1.778,0.005,-0.0073,100.5938
2320,689976,492.95,305,1018,99.4,6,1,0,1.669,0.005,-0.0073,100.5938
2321,690048,482.9,295,1022,99.8,6,1,0,1.74,0.005,-0.0073,100.5938
2322,690208,482.11,298,1022,99.8,6,1,0,1.523,0.005,-0.0073,100.5938
2323,690440,610.41,168,1024,100.0,6,1,0,1.219,0.005,-0.0073,100.5938
2324,691368,612.25,174,1024,100.0,6,1,0,1.311,0.005,-0.0073,100.5938
2325,691504,550.78,162,1021,99.7,6,1,0,1.85,0.005,-0.0073,100.5938
2326,691528,498.78,266,1023,99.9,6,1,0,1.348,0.005,-0.0073,100.5938
2327,691560,474.55,245,1019,99.5,6,1,0,1.088,0.005,-0.0073,100.5938
2328,691768,559.44,166,1021,99.7,6,1,0,1.809,0.005,-0.0073,100.5938
2329,691864,463.85,288,1024,100.0,6,1,0,1.663,0.005,-0.0073,100.5938
2330,691968,537.56,240,1022,99.8,6,1,0,1.844,0.005,-0.0073,100.5938
2331,692208,480.04,285,1022,99.8,6,1,0,1.871,0.005,-0.0073,100.5938
2332,693256,579.76,161,1024,100.0,6,1,0,1.362,0.005,-0.0073,100.5938
2333,693760,479.01,299,1020,99.6,6,1,0,1.812,0.005,-0.0073,100.5938
2334,693792,477.26,283,1022,99.8,6,1,0,1.861,0.005,-0.0073,100.5938
2335,693880,467.52,290,1023,99.9,6,1,0,1.789,0.005,-0.0073,100.5938
2336,694072,505.08,276,1024,100.0,6,1,0,1.056,0.005,-0.0073,100.5938
2337,694192,496.17,303,1020,99.6,6,1,0,1.883,0.005,-0.0073,100.5938
2338,694368,499.95,358,1024,100.0,6,1,0,1.054,0.005,-0.0073,100.5938
2339,694376,517.07,271,1024,100.0,6,1,0,1.36,0.005,-0.0073,100.5938
2340,695168,558.98,172,1020,99.6,6,1,0,1.844,0.005,-0.0073,100.5938
2341,695328,571.27,157,1024,100.0,6,1,0,1.041,0.005,-0.0073,100.5938
2342,695392,489.03,267,1023,99.9,6,1,0,1.271,0.005,-0.0073,100.5938
2343,695712,600.23,167,1024,100.0,6,1,0,1.233,0.005,-0.0073,100.5938
2344,696096,504.69,292,1021,99.7,6,1,0,1.797,0.005,-0.0073,100.5938
2345,696280,470.96,300,1020,99.6,6,1,0,1.827,0.005,-0.0073,100.5938
2346,696376,499.16,273,1021,99.7,6,1,0,0.924,0.005,-0.0041,54.9
2347,696720,478.63,294,1020,99.6,6,1,0,1.576,0.005,-0.0041,54.9
2348,697352,589.24,157,1024,100.0,6,1,0,1.129,0.005,-0.0041,54.9
2349,697552,486.11,298,1020,99.6,6,1,0,1.797,0.005,-0.0041,54.9
2350,697712,493.64,298,1021,99.7,6,1,0,1.8,0.005,-0.0041,54.9
2351,697728,483.27,292,1023,99.9,6,1,0,1.882,0.005,-0.0041,54.9
2352,697792,512.34,260,1024,100.0,6,1,0,1.052,0.005,-0.0041,54.9
2353,698000,550.6,160,1023,99.9,6,1,0,1.82,0.005,-0.0041,54.9
2354,698392,482.84,264,1021,99.7,6,1,0,1.068,0.005,-0.0041,54.9
2355,698800,502.78,303,1024,100.0,6,1,0,1.674,0.005,-0.0041,54.9
2356,698952,542.46,153,1023,99.9,6,1,0,1.847,0.005,-0.0041,54.9
2357,699056,582.98,158,1024,100.0,6,1,0,1.216,0.005,-0.0041,54.9
2358,699240,548.35,155,1022,99.8,6,1,0,1.837,0.005,-0.0041,54.9
2359,699776,488.34,303,1020,99.6,6,1,0,1.706,0.005,-0.0041,54.9
2360,699936,488.06,298,1020,99.6,6,1,0,1.716,0.005,-0.0041,54.9
2361,700096,498.48,298,1020,99.6,6,1,0,1.668,0.005,-0.0041,54.9
2362,700176,561.88,172,1024,100.0,6,1,0,1.67,0.005,-0.0041,54.9
2363,700720,504.96,291,1022,99.8,6,1,0,1.75,0.005,-0.0041,54.9
2364,701152,533.35,152,1023,99.9,6,1,0,1.723,0.005,-0.0041,54.9
2365,701328,492.99,261,1024,100.0,6,1,0,1.13,0.005,-0.0041,54.9
2366,701488,489.94,304,1019,99.5,6,1,0,1.849,0.005,-0.0041,54.9
2367,702064,482.81,246,1022,99.8,6,1,0,1.215,0.005,-0.0041,54.9
2368,702112,505.18,292,1024,100.0,6,1,0,1.574,0.005,-0.0041,54.9
2369,702320,488.21,268,1022,99.8,6,1,0,1.186,0.005,-0.0041,54.9
2370,703064,486.04,514,1024,100.0,6,1,0,1.295,0.005,-0.0041,54.9
2371,703088,478.63,296,1021,99.7,6,1,0,1.75,0.005,-0.0041,54.9
2372,703384,490.77,279,1024,100.0,6,1,0,1.24,0.005,-0.0041,54.9
2373,703472,473.63,268,1023,99.9,6,1,0,1.047,0.005,-0.0041,54.9
2374,703488,513.14,146,1019,99.5,6,1,0,1.647,0.005,-0.0041,54.9
2375,703792,483.32,288,1024,100.0,6,1,0,1.583,0.005,-0.0041,54.9
2376,704136,497.17,259,1019,99.5,6,1,0,1.025,0.005,-0.0041,54.9
2377,704304,527.28,152,1023,99.9,6,1,0,1.816,0.005,-0.0041,54.9
2378,704440,483.33,291,1020,99.6,6,1,0,1.779,0.005,-0.0041,54.9
2379,704736,580.48,158,1024,100.0,6,1,0,1.261,0.005,-0.0033,39.1451
2380,704992,480.39,241,1021,99.7,6,1,0,1.066,0.005,-0.0033,39.1451
2381,705032,536.15,155,1021,99.7,6,1,0,1.825,0.005,-0.0033,39.1451
2382,705560,544.63,157,1023,99.9,6,1,0,1.466,0.005,-0.0033,39.1451
2383,705792,478.51,301,1024,100.0,6,1,0,1.508,0.005,-0.0033,39.1451
2384,705896,504.95,301,1020,99.6,6,1,0,1.819,0.005,-0.0033,39.1451
2385,705968,539.26,154,1020,99.6,6,1,0,1.749,0.005,-0.0033,39.1451
2386,706344,574.29,164,1024,100.0,6,1,0,1.338,0.005,-0.0033,39.1451
2387,706384,491.73,281,1020,99.6,6,1,0,1.847,0.005,-0.0033,39.1451
2388,706664,462.86,278,1019,99.5,6,1,0,1.839,0.005,-0.0033,39.1451
2389,706824,595.64,158,1024,100.0,6,1,0,1.105,0.005,-0.0033,39.1451
2390,707288,609.65,174,1024,100.0,6,1,0,1.235,0.005,-0.0033,39.1451
2391,707728,303.39,133,932,91.0,5,0,1,0.153,0.005,-0.0033,39.1451
2392,707760,594.17,177,1024,100.0,6,1,0,1.308,0.005,-0.0033,39.1451
2393,707944,506.98,269,1024,100.0,6,1,0,1.304,0.005,-0.0033,39.1451
2394,707960,480.08,371,1023,99.9,6,1,0,1.495,0.005,-0.0033,39.1451
2395,708320,490.72,294,1021,99.7,6,1,0,1.672,0.005,-0.0033,39.1451
2396,708808,490.34,303,1017,99.3,6,1,0,1.891,0.005,-0.0033,39.1451
2397,708928,478.35,263,1024,100.0,6,1,0,1.242,0.005,-0.0033,39.1451
2398,709128,606.62,175,1024,100.0,6,1,0,1.371,0.005,-0.0033,39.1451
2399,709544,521.17,153,1022,99.8,6,1,0,1.905,0.005,-0.0033,39.1451
2400,709680,467.71,299,1020,99.6,6,1,0,1.793,0.005,-0.0033,39.1451
2401,709848,461.62,236,1020,99.6,6,1,0,1.188,0.005,-0.0033,39.1451
2402,710048,483.61,286,1023,99.9,6,1,0,1.568,0.005,-0.0033,39.1451
2403,710192,586.3,158,1024,100.0,6,1,0,1.323,0.005,-0.0033,39.1451
2404,710256,479.86,289,1021,99.7,6,1,0,1.521,0.005,-0.0033,39.1451
2405,711000,602.82,165,1024,100.0,6,1,0,1.199,0.005,-0.0033,39.1451
2406,711144,495.68,292,1020,99.6,6,1,0,1.578,0.005,-0.0033,39.1451
2407,711536,510.3,301,1021,99.7,6,1,0,1.869,0.005,-0.0033,39.1451
2408,711648,596.5,182,1020,99.6,6,1,0,1.719,0.005,-0.0033,39.1451
2409,711864,476.72,290,1020,99.6,6,1,0,1.786,0.005,-0.0033,39.1451
2410,712120,495.79,259,1020,99.6,6,1,0,1.465,0.005,-0.0033,39.1451
2411,712128,486.31,285,1024,100.0,6,1,0,1.639,0.005,-0.0033,39.1451
2412,712288,556.3,161,1022,99.8,6,1,0,1.65,0.005,-0.0033,39.1451
2413,712584,465.0,291,1020,99.6,6,1,0,1.792,0.005,-0.0033,39.1451
2414,712952,554.78,177,1020,99.6,6,1,0,1.681,0.005,-0.0056,35.7008
2415,713304,520.08,270,1024,100.0,6,1,0,1.0,0.005,-0.0056,35.7008
2416,713536,594.49,176,1024,100.0,6,1,0,1.092,0.005,-0.0056,35.7008
2417,713592,586.05,163,1024,100.0,6,1,0,1.212,0.005,-0.0056,35.7008
2418,713856,466.36,249,1019,99.5,6,1,0,1.405,0.005,-0.0056,35.7008
2419,714080,481.2,304,1020,99.6,6,1,0,1.702,0.005,-0.0056,35.7008
2420,714264,489.03,268,1024,100.0,6,1,0,1.261,0.005,-0.0056,35.7008
2421,714672,495.11,261,1023,99.9,6,1,0,1.068,0.005,-0.0056,35.7008
2422,714728,275.37,142,941,91.9,5,0,1,0.196,0.005,-0.0056,35.7008
2423,715016,473.51,258,1021,99.7,6,1,0,1.015,0.005,-0.0056,35.7008
2424,715200,588.74,168,1024,100.0,6,1,0,1.291,0.005,-0.0056,35.7008
2425,715496,500.91,274,1023,99.9,6,1,0,1.036,0.005,-0.0056,35.7008
2426,715520,551.13,157,1023,99.9,6,1,0,1.865,0.005,-0.0056,35.7008
2427,715800,491.97,283,1020,99.6,6,1,0,1.787,0.005,-0.0056,35.7008
2428,716160,567.41,179,1020,99.6,6,1,0,1.781,0.005,-0.0056,35.7008
2429,716232,469.77,269,1022,99.8,6,1,0,1.224,0.005,-0.0056,35.7008
2430,716760,535.95,155,1021,99.7,6,1,0,1.856,0.005,-0.0056,35.7008
2431,716984,480.41,289,1022,99.8,6,1,0,1.853,0.005,-0.0056,35.7008
2432,717040,458.19,253,1019,99.5,6,1,0,1.314,0.005,-0.0056,35.7008
2433,717448,553.49,161,1023,99.9,6,1,0,1.823,0.005,-0.0056,35.7008
2434,717592,452.33,299,1022,99.8,6,1,0,1.678,0.005,-0.0056,35.7008
2435,717640,585.34,176,1020,99.6,6,1,0,1.8,0.005,-0.0056,35.7008
2436,717680,509.7,273,1024,100.0,6,1,0,0.948,0.005,-0.0056,35.7008
2437,718040,545.4,160,1023,99.9,6,1,0,1.836,0.005,-0.0056,35.7008
2438,718128,488.34,291,1020,99.6,6,1,0,1.657,0.005,-0.0056,35.7008
2439,718304,536.32,158,1019,99.5,6,1,0,1.889,0.005,-0.0056,35.7008
2440,718352,592.08,171,1024,100.0,6,1,0,1.22,0.005,-0.0056,35.7008
2441,718912,586.26,159,1024,100.0,6,1,0,0.783,0.005,-0.0056,35.7008
2442,719064,600.31,173,1024,100.0,6,1,0,1.324,0.005,-0.0056,35.7008
2443,719224,5.88,20,237,23.1,1,0,1,0.151,0.005,-0.0056,35.7008
2444,719496,594.89,171,1024,100.0,6,1,0,1.073,0.005,-0.0056,35.7008
2445,719576,521.57,153,1024,100.0,6,1,0,1.585,0.005,-0.0056,35.7008
2446,719840,487.66,299,1020,99.6,6,1,0,1.704,0.005,-0.0056,35.7008
2447,720008,475.38,302,1018,99.4,6,1,0,1.698,0.005,-0.0056,35.7008
2448,720304,506.07,283,1021,99.7,6,1,0,1.758,0.005,-0.0056,35.7008
2449,720320,462.44,252,1019,99.5,6,1,0,1.043,0.005,-0.0056,35.7008
2450,720752,533.13,157,1021,99.7,6,1,0,1.61,0.005,-0.0056,35.7008
2451,720880,459.44,246,1021,99.7,6,1,0,0.989,0.005,-0.0056,35.7008
2452,720888,594.87,164,1024,100.0,6,1,0,0.865,0.005,-0.0056,35.7008
2453,721256,568.28,156,1024,100.0,6,1,0,1.418,0.005,-0.0064,39.1911
2454,721528,468.03,288,1022,99.8,6,1,0,1.788,0.005,-0.0064,39.1911
2455,722168,576.41,160,1024,100.0,6,1,0,1.318,0.005,-0.0064,39.1911
2456,722200,489.06,295,1021,99.7,6,1,0,1.646,0.005,-0.0064,39.1911
2457,722504,497.45,275,1024,100.0,6,1,0,0.92,0.005,-0.0064,39.1911
2458,722600,475.08,285,1023,99.9,6,1,0,1.849,0.005,-0.0064,39.1911
2459,722856,475.62,263,1020,99.6,6,1,0,0.668,0.005,-0.0064,39.1911
2460,723264,483.12,298,1020,99.6,6,1,0,1.762,0.005,-0.0064,39.1911
2461,723480,583.48,164,1024,100.0,6,1,0,0.949,0.005,-0.0064,39.1911
2462,723832,492.26,288,1023,99.9,6,1,0,1.791,0.005,-0.0064,39.1911
2463,724264,567.24,176,1019,99.5,6,1,0,1.845,0.005,-0.0064,39.1911
2464,724576,492.83,297,1021,99.7,6,1,0,1.773,0.005,-0.0064,39.1911
2465,724632,531.92,266,1024,100.0,6,1,0,1.089,0.005,-0.0064,39.1911
2466,724968,489.18,296,1024,100.0,6,1,0,1.532,0.005,-0.0064,39.1911
2467,725392,449.08,517,1024,100.0,6,1,0,1.15,0.005,-0.0064,39.1911
2468,725624,481.72,295,1021,99.7,6,1,0,1.834,0.005,-0.0064,39.1911
2469,725688,514.52,276,1024,100.0,6,1,0,1.045,0.005,-0.0064,39.1911
2470,725880,486.67,256,1024,100.0,6,1,0,1.032,0.005,-0.0064,39.1911
2471,726320,485.43,257,1024,100.0,6,1,0,1.122,0.005,-0.0064,39.1911
2472,726552,481.83,247,1021,99.7,6,1,0,1.341,0.005,-0.0064,39.1911
2473,726944,542.03,157,1022,99.8,6,1,0,1.683,0.005,-0.0064,39.1911
2474,726968,502.03,292,1021,99.7,6,1,0,1.857,0.005,-0.0064,39.1911
2475,727320,482.13,294,1020,99.6,6,1,0,1.853,0.005,-0.0064,39.1911
2476,727720,485.53,291,1021,99.7,6,1,0,1.715,0.005,-0.0064,39.1911
2477,727984,497.46,263,1021,99.7,6,1,0,0.828,0.005,-0.0064,39.1911
2478,728032,485.55,301,1020,99.6,6,1,0,1.735,0.005,-0.0064,39.1911
2479,728176,551.16,154,1021,99.7,6,1,0,1.803,0.005,-0.0064,39.1911
2480,728400,498.08,260,1024,100.0,6,1,0,1.2,0.005,-0.0064,39.1911
2481,728536,473.3,248,1024,100.0,6,1,0,1.351,0.005,-0.0064,39.1911
2482,728560,536.15,155,1022,99.8,6,1,0,1.66,0.005,-0.0064,39.1911
2483,729280,594.75,162,1024,100.0,6,1,0,1.249,0.005,-0.0037,35.4796
2484,729344,463.63,297,1022,99.8,6,1,0,1.711,0.005,-0.0037,35.4796
2485,729600,402.1,133,1014,99.0,5,0,1,0.057,0.005,-0.0037,35.4796
2486,729808,567.56,156,1024,100.0,6,1,0,1.221,0.005,-0.0037,35.4796
2487,729824,475.74,263,1022,99.8,6,1,0,1.066,0.005,-0.0037,35.4796
2488,730384,509.92,294,1020,99.6,6,1,0,1.709,0.005,-0.0037,35.4796
2489,730464,484.4,286,1020,99.6,6,1,0,1.833,0.005,-0.0037,35.4796
2490,730568,533.45,153,1021,99.7,6,1,0,1.69,0.005,-0.0037,35.4796
2491,730672,507.98,284,1024,100.0,6,1,0,1.766,0.005,-0.0037,35.4796
2492,731448,480.59,271,1022,99.8,6,1,0,1.672,0.005,-0.0037,35.4796
2493,731680,550.98,162,1022,99.8,6,1,0,1.816,0.005,-0.0037,35.4796
2494,731720,494.1,265,1024,100.0,6,1,0,1.12,0.005,-0.0037,35.4796
2495,731784,515.68,152,1021,99.7,6,1,0,1.673,0.005,-0.0037,35.4796
2496,731936,500.25,264,1024,100.0,6,1,0,1.057,0.005,-0.0037,35.4796
2497,732008,489.13,275,1024,100.0,6,1,0,1.217,0.005,-0.0037,35.4796
2498,732464,480.1,250,1019,99.5,6,1,0,1.199,0.005,-0.0037,35.4796
2499,732656,454.72,248,1022,99.8,6,1,0,1.56,0.005,-0.0037,35.4796
2500,733016,580.16,162,1024,100.0,6,1,0,1.343,0.005,-0.0037,35.4796
2501,733632,480.8,273,1024,100.0,6,1,0,0.727,0.005,-0.0037,35.4796
2502,733928,491.7,240,1024,100.0,6,1,0,1.293,0.005,-0.0037,35.4796
2503,733976,598.04,165,1024,100.0,6,1,0,1.087,0.005,-0.0037,35.4796
2504,734040,510.28,295,1020,99.6,6,1,0,1.648,0.005,-0.0037,35.4796
2505,734144,479.23,295,1020,99.6,6,1,0,1.647,0.005,-0.0037,35.4796
2506,734176,469.6,280,1024,100.0,6,1,0,1.5,0.005,-0.0037,35.4796
2507,734208,536.81,149,1024,100.0,6,1,0,1.814,0.005,-0.0037,35.4796
2508,734832,480.21,296,1024,100.0,6,1,0,1.47,0.005,-0.0037,35.4796
2509,735224,595.31,162,1024,100.0,6,1,0,1.238,0.005,-0.0037,35.4796
2510,735448,597.75,163,1024,100.0,6,1,0,1.178,0.005,-0.0037,35.4796
2511,735776,513.7,268,1024,100.0,6,1,0,1.14,0.005,-0.0037,35.4796
2512,735928,498.76,244,1020,99.6,6,1,0,0.97,0.005,-0.0037,35.4796
2513,736096,539.22,158,1022,99.8,6,1,0,1.708,0.005,-0.0037,35.4796
2514,736232,475.34,274,1022,99.8,6,1,0,1.818,0.005,-0.0037,35.4796
2515,736392,475.86,277,1020,99.6,6,1,0,1.861,0.005,-0.0037,35.4796
2516,736408,522.12,148,1019,99.5,6,1,0,1.893,0.005,-0.0037,35.4796
2517,736448,468.9,280,1024,100.0,6,1,0,1.866,0.005,-0.0037,35.4796
2518,737088,515.83,145,1020,99.6,6,1,0,1.765,0.005,-0.0037,35.4796
2519,737368,462.69,240,1020,99.6,6,1,0,1.214,0.005,-0.006,34.0772
2520,737440,573.48,168,1024,100.0,6,1,0,1.382,0.005,-0.006,34.0772
2521,737624,524.68,152,1021,99.7,6,1,0,1.867,0.005,-0.006,34.0772
2522,737784,458.11,251,1020,99.6,6,1,0,1.385,0.005,-0.006,34.0772
2523,738408,469.36,272,1024,100.0,6,1,0,1.373,0.005,-0.006,34.0772
2524,738464,476.9,252,1022,99.8,6,1,0,0.994,0.005,-0.006,34.0772
2525,738624,500.12,279,1024,100.0,6,1,0,1.771,0.005,-0.006,34.0772
2526,738672,535.47,163,1021,99.7,6,1,0,1.777,0.005,-0.006,34.0772
2527,738832,608.9,174,1024,100.0,6,1,0,0.958,0.005,-0.006,34.0772
2528,738840,14.0,27,220,21.5,1,0,1,0.193,0.005,-0.006,34.0772
2529,738968,3.6,17,239,23.3,1,0,1,0.203,0.005,-0.006,34.0772
2530,739352,511.84,283,1024,100.0,6,1,0,1.698,0.005,-0.006,34.0772
2531,739896,482.32,264,1024,100.0,6,1,0,1.224,0.005,-0.006,34.0772
2532,739904,490.33,285,1024,100.0,6,1,0,1.698,0.005,-0.006,34.0772
2533,740432,471.16,253,1022,99.8,6,1,0,0.953,0.005,-0.006,34.0772
2534,740696,574.32,168,1019,99.5,6,1,0,1.693,0.005,-0.006,34.0772
2535,740808,495.15,293,1021,99.7,6,1,0,1.878,0.005,-0.006,34.0772
2536,740808,467.52,267,1021,99.7,6,1,0,1.09,0.005,-0.006,34.0772
2537,741000,484.83,270,1018,99.4,6,1,0,1.815,0.005,-0.006,34.0772
2538,741016,483.4,256,1024,100.0,6,1,0,0.771,0.005,-0.006,34.0772
2539,741192,592.08,162,1024,100.0,6,1,0,1.692,0.005,-0.006,34.0772
2540,741480,9.8,36,218,21.3,1,0,1,0.114,0.005,-0.006,34.0772
2541,741656,527.27,153,1022,99.8,6,1,0,1.776,0.005,-0.006,34.0772
2542,741984,483.45,260,1024,100.0,6,1,0,0.951,0.005,-0.006,34.0772
2543,742248,533.26,154,1021,99.7,6,1,0,1.663,0.005,-0.006,34.0772
2544,742352,492.71,207,1021,99.7,6,1,0,0.916,0.005,-0.006,34.0772
2545,742400,600.0,175,1024,100.0,6,1,0,1.327,0.005,-0.006,34.0772
2546,742688,512.79,151,1019,99.5,6,1,0,1.83,0.005,-0.006,34.0772
2547,743008,502.64,275,1024,100.0,6,1,0,1.257,0.005,-0.006,34.0772
2548,743168,500.95,295,1021,99.7,6,1,0,1.661,0.005,-0.006,34.0772
2549,743872,470.03,277,1019,99.5,6,1,0,1.673,0.005,-0.006,34.0772
2550,744080,284.77,134,927,90.5,5,0,1,0.151,0.005,-0.006,34.0772
2551,744208,463.55,278,1017,99.3,6,1,0,1.855,0.005,-0.006,34.0772
2552,744408,488.93,257,1022,99.8,6,1,0,1.125,0.005,-0.006,34.0772
2553,744416,503.47,271,1024,100.0,6,1,0,1.208,0.005,-0.006,34.0772
2554,744704,490.58,252,1024,100.0,6,1,0,1.203,0.005,-0.006,34.0772
2555,744832,492.9,304,1018,99.4,6,1,0,1.843,0.005,-0.006,34.0772
2556,745456,483.79,286,1023,99.9,6,1,0,1.85,0.005,-0.006,34.0772
2557,745992,517.53,265,1024,100.0,6,1,0,0.927,0.005,-0.0071,95.3719
2558,746416,474.16,292,1021,99.7,6,1,0,1.785,0.005,-0.0071,95.3719
2559,746488,488.88,259,1023,99.9,6,1,0,1.359,0.005,-0.0071,95.3719
2560,746568,494.35,295,1020,99.6,6,1,0,1.718,0.005,-0.0071,95.3719
2561,746632,461.38,278,1019,99.5,6,1,0,1.524,0.005,-0.0071,95.3719
2562,746680,464.09,231,1024,100.0,6,1,0,1.277,0.005,-0.0071,95.3719
2563,746720,469.19,252,1024,100.0,6,1,0,1.131,0.005,-0.0071,95.3719
2564,747136,507.42,143,1018,99.4,6,1,0,1.692,0.005,-0.0071,95.3719
2565,747680,589.65,158,1024,100.0,6,1,0,1.419,0.005,-0.0071,95.3719
2566,747776,477.51,290,1022,99.8,6,1,0,1.786,0.005,-0.0071,95.3719
2567,748104,576.17,173,1024,100.0,6,1,0,1.308,0.005,-0.0071,95.3719
2568,748648,482.95,246,1020,99.6,6,1,0,1.12,0.005,-0.0071,95.3719
2569,748744,486.24,282,1021,99.7,6,1,0,1.873,0.005,-0.0071,95.3719
2570,748864,499.28,287,1024,100.0,6,1,0,1.176,0.005,-0.0071,95.3719
2571,748904,494.8,284,1024,100.0,6,1,0,1.875,0.005,-0.0071,95.3719
2572,749056,600.78,172,1024,100.0,6,1,0,0.9,0.005,-0.0071,95.3719
2573,749160,597.41,173,1024,100.0,6,1,0,1.051,0.005,-0.0071,95.3719
2574,749192,478.73,257,1022,99.8,6,1,0,1.02,0.005,-0.0071,95.3719
2575,749888,580.53,155,1024,100.0,6,1,0,0.998,0.005,-0.0071,95.3719
2576,750072,533.58,151,1024,100.0,6,1,0,1.367,0.005,-0.0071,95.3719
2577,750224,488.44,265,1024,100.0,6,1,0,1.216,0.005,-0.0071,95.3719
2578,750744,491.45,250,1019,99.5,6,1,0,1.333,0.005,-0.0071,95.3719
2579,750952,480.85,237,1022,99.8,6,1,0,0.65,0.005,-0.0071,95.3719
2580,751192,484.24,286,1022,99.8,6,1,0,1.797,0.005,-0.0071,95.3719
2581,751304,624.09,177,1024,100.0,6,1,0,1.434,0.005,-0.0071,95.3719
2582,751408,486.16,281,1024,100.0,6,1,0,1.638,0.005,-0.0071,95.3719
2583,751488,467.64,287,1020,99.6,6,1,0,1.857,0.005,-0.0071,95.3719
2584,752144,518.51,149,1019,99.5,6,1,0,1.72,0.005,-0.0071,95.3719
2585,752272,478.65,275,1019,99.5,6,1,0,1.878,0.005,-0.0071,95.3719
2586,752520,500.68,287,1024,100.0,6,1,0,1.179,0.005,-0.0071,95.3719
2587,752680,536.81,149,1018,99.4,6,1,0,1.774,0.005,-0.0071,95.3719
2588,753024,472.5,285,1024,100.0,6,1,0,1.773,0.005,-0.0071,95.3719
2589,753232,496.53,255,1021,99.7,6,1,0,1.131,0.005,-0.0071,95.3719
2590,753424,519.46,144,1019,99.5,6,1,0,1.764,0.005,-0.0071,95.3719
2591,753512,481.77,276,1024,100.0,6,1,0,1.474,0.005,-0.0071,95.3719
2592,753792,486.56,298,1020,99.6,6,1,0,1.849,0.005,-0.0047,35.4414
2593,754216,503.56,259,1024,100.0,6,1,0,1.192,0.005,-0.0047,35.4414
2594,754736,481.09,277,1024,100.0,6,1,0,1.021,0.005,-0.0047,35.4414
2595,754816,582.47,174,1024,100.0,6,1,0,1.338,0.005,-0.0047,35.4414
2596,754880,490.05,275,1021,99.7,6,1,0,0.771,0.005,-0.0047,35.4414
2597,755144,482.11,239,1024,100.0,6,1,0,1.457,0.005,-0.0047,35.4414
2598,755832,462.09,290,1021,99.7,6,1,0,1.859,0.005,-0.0047,35.4414
2599,755928,530.61,149,1020,99.6,6,1,0,1.83,0.005,-0.0047,35.4414
2600,756088,563.01,159,1023,99.9,6,1,0,1.764,0.005,-0.0047,35.4414
2601,756144,578.43,390,1024,100.0,6,1,0,1.343,0.005,-0.0047,35.4414
2602,756528,477.66,289,1021,99.7,6,1,0,1.878,0.005,-0.0047,35.4414
2603,756944,464.18,258,1024,100.0,6,1,0,0.844,0.005,-0.0047,35.4414
2604,757160,524.16,154,1019,99.5,6,1,0,1.863,0.005,-0.0047,35.4414
2605,757312,524.94,146,1021,99.7,6,1,0,1.668,0.005,-0.0047,35.4414
2606,757336,477.56,274,1022,99.8,6,1,0,1.742,0.005,-0.0047,35.4414
2607,757432,594.09,168,1024,100.0,6,1,0,0.963,0.005,-0.0047,35.4414
2608,757816,532.09,161,1022,99.8,6,1,0,1.714,0.005,-0.0047,35.4414
2609,757872,451.97,510,1024,100.0,6,1,0,1.057,0.005,-0.0047,35.4414
2610,758184,468.29,294,1023,99.9,6,1,0,1.804,0.005,-0.0047,35.4414
2611,758768,547.01,167,1021,99.7,6,1,0,1.76,0.005,-0.0047,35.4414
2612,759072,470.71,239,1019,99.5,6,1,0,1.159,0.005,-0.0047,35.4414
2613,759176,550.47,163,1022,99.8,6,1,0,1.775,0.005,-0.0047,35.4414
2614,759328,476.62,298,1022,99.8,6,1,0,1.8,0.005,-0.0047,35.4414
2615,759520,459.12,273,1021,99.7,6,1,0,1.023,0.005,-0.0047,35.4414
2616,759616,477.09,288,1021,99.7,6,1,0,1.817,0.005,-0.0047,35.4414
2617,759792,476.87,247,1024,100.0,6,1,0,1.026,0.005,-0.0047,35.4414
2618,760272,502.99,261,1024,100.0,6,1,0,1.074,0.005,-0.0047,35.4414
2619,760344,586.8,159,1024,100.0,6,1,0,1.176,0.005,-0.0047,35.4414
2620,760624,533.08,162,1020,99.6,6,1,0,1.879,0.005,-0.0047,35.4414
2621,760752,533.37,154,1018,99.4,6,1,0,1.593,0.005,-0.0047,35.4414
2622,760976,493.85,276,1020,99.6,6,1,0,1.695,0.005,-0.0047,35.4414
2623,761128,477.36,244,1020,99.6,6,1,0,1.232,0.005,-0.0047,35.4414
2624,761328,11.06,25,221,21.6,1,0,1,0.107,0.005,-0.0047,35.4414
2625,761728,443.18,242,1021,99.7,6,1,0,1.101,0.005,-0.0047,35.4414
2626,761760,605.9,177,1024,100.0,6,1,0,1.455,0.005,-0.0047,35.4414
2627,761944,491.39,291,1024,100.0,6,1,0,1.198,0.005,-0.005,59.4232
2628,762088,569.03,167,1022,99.8,6,1,0,1.891,0.005,-0.005,59.4232
2629,762232,578.15,157,1024,100.0,6,1,0,0.989,0.005,-0.005,59.4232
2630,762456,521.24,273,1022,99.8,6,1,0,1.193,0.005,-0.005,59.4232
2631,762568,571.3,155,1024,100.0,6,1,0,1.162,0.005,-0.005,59.4232
2632,762696,503.62,259,1022,99.8,6,1,0,0.79,0.005,-0.005,59.4232
2633,762992,526.82,158,1024,100.0,6,1,0,1.74,0.005,-0.005,59.4232
2634,763392,535.57,163,1021,99.7,6,1,0,1.857,0.005,-0.005,59.4232
2635,763656,499.33,237,1021,99.7,6,1,0,1.241,0.005,-0.005,59.4232
2636,763912,428.49,246,1020,99.6,6,1,0,1.218,0.005,-0.005,59.4232
2637,764512,482.57,257,1021,99.7,6,1,0,1.21,0.005,-0.005,59.4232
2638,764552,496.97,290,1020,99.6,6,1,0,1.093,0.005,-0.005,59.4232
2639,764656,514.47,261,1024,100.0,6,1,0,0.986,0.005,-0.005,59.4232
2640,764912,466.22,277,1020,99.6,6,1,0,1.785,0.005,-0.005,59.4232
2641,764944,325.63,244,1005,98.1,5,0,1,0.219,0.005,-0.005,59.4232
2642,765352,501.03,245,1022,99.8,6,1,0,1.328,0.005,-0.005,59.4232
2643,765784,468.92,266,1024,100.0,6,1,0,0.947,0.005,-0.005,59.4232
2644,766000,470.37,261,1024,100.0,6,1,0,1.106,0.005,-0.005,59.4232
2645,766320,590.56,176,1024,100.0,6,1,0,1.161,0.005,-0.005,59.4232
2646,766808,483.75,287,1021,99.7,6,1,0,1.673,0.005,-0.005,59.4232
2647,766832,469.8,285,1023,99.9,6,1,0,1.726,0.005,-0.005,59.4232
2648,767000,479.9,293,1023,99.9,6,1,0,1.741,0.005,-0.005,59.4232
2649,767256,486.3,289,1024,100.0,6,1,0,1.852,0.005,-0.005,59.4232
2650,767672,468.03,209,1020,99.6,6,1,0,1.09,0.005,-0.005,59.4232
2651,767728,485.61,297,1021,99.7,6,1,0,1.848,0.005,-0.005,59.4232
2652,768000,479.33,277,1021,99.7,6,1,0,1.738,0.005,-0.005,59.4232
2653,768640,476.44,290,1023,99.9,6,1,0,1.809,0.005,-0.005,59.4232
2654,768696,472.47,233,1021,99.7,6,1,0,1.193,0.005,-0.005,59.4232
2655,768816,474.99,251,1024,100.0,6,1,0,1.296,0.005,-0.005,59.4232
2656,768952,591.73,160,1024,100.0,6,1,0,1.142,0.005,-0.005,59.4232
2657,769112,568.27,173,1020,99.6,6,1,0,1.838,0.005,-0.005,59.4232
2658,769128,468.36,234,1024,100.0,6,1,0,1.288,0.005,-0.005,59.4232
2659,769296,499.16,287,1024,100.0,6,1,0,1.793,0.005,-0.005,59.4232
2660,770176,474.34,272,1019,99.5,6,1,0,1.648,0.005,-0.0053,48.4465
2661,770328,524.9,150,1018,99.4,6,1,0,1.805,0.005,-0.0053,48.4465
2662,770432,483.71,224,1021,99.7,6,1,0,0.859,0.005,-0.0053,48.4465
2663,770824,501.29,251,1024,100.0,6,1,0,0.915,0.005,-0.0053,48.4465
2664,771000,493.52,288,1022,99.8,6,1,0,1.671,0.005,-0.0053,48.4465
2665,771240,487.3,286,1021,99.7,6,1,0,1.801,0.005,-0.0053,48.4465
2666,771392,500.25,285,1022,99.8,6,1,0,1.756,0.005,-0.0053,48.4465
2667,771608,533.69,147,1021,99.7,6,1,0,1.736,0.005,-0.0053,48.4465
2668,771936,499.01,139,1018,99.4,6,1,0,1.516,0.005,-0.0053,48.4465
2669,772264,579.51,371,1024,100.0,6,1,0,0.913,0.005,-0.0053,48.4465
2670,772272,475.39,262,1019,99.5,6,1,0,1.819,0.005,-0.0053,48.4465
2671,772672,480.54,293,1024,100.0,6,1,0,1.691,0.005,-0.0053,48.4465
2672,773336,483.47,292,1020,99.6,6,1,0,1.781,0.005,-0.0053,48.4465
2673,773400,463.38,270,1019,99.5,6,1,0,1.663,0.005,-0.0053,48.4465
2674,773424,480.3,254,1023,99.9,6,1,0,0.829,0.005,-0.0053,48.4465
2675,773456,512.81,149,1018,99.4,6,1,0,1.624,0.005,-0.0053,48.4465
2676,773544,589.32,159,1024,100.0,6,1,0,0.974,0.005,-0.0053,48.4465
2677,773976,476.1,296,1021,99.7,6,1,0,1.852,0.005,-0.0053,48.4465
2678,774032,476.06,262,1023,99.9,6,1,0,0.946,0.005,-0.0053,48.4465
2679,774608,512.69,151,1020,99.6,6,1,0,1.802,0.005,-0.0053,48.4465
2680,774672,477.68,250,1020,99.6,6,1,0,1.397,0.005,-0.0053,48.4465
2681,774680,510.38,142,1019,99.5,6,1,0,1.791,0.005,-0.0053,48.4465
2682,775360,474.27,253,1024,100.0,6,1,0,0.756,0.005,-0.0053,48.4465
2683,775392,471.54,246,1020,99.6,6,1,0,1.543,0.005,-0.0053,48.4465
2684,775712,495.88,282,1024,100.0,6,1,0,1.758,0.005,-0.0053,48.4465
2685,775840,533.66,154,1020,99.6,6,1,0,1.865,0.005,-0.0053,48.4465
2686,775952,485.06,247,1020,99.6,6,1,0,1.346,0.005,-0.0053,48.4465
2687,776104,489.58,259,1024,100.0,6,1,0,1.502,0.005,-0.0053,48.4465
2688,776608,524.18,152,1021,99.7,6,1,0,1.582,0.005,-0.0053,48.4465
2689,776968,475.26,286,1022,99.8,6,1,0,1.842,0.005,-0.0053,48.4465
2690,776984,462.98,289,1022,99.8,6,1,0,1.83,0.005,-0.0053,48.4465
2691,777064,548.87,153,1024,100.0,6,1,0,1.636,0.005,-0.0053,48.4465
2692,777488,449.84,266,1020,99.6,6,1,0,1.862,0.005,-0.0053,48.4465
2693,777792,488.01,260,1022,99.8,6,1,0,1.134,0.005,-0.0053,48.4465
2694,778096,477.07,268,1016,99.2,6,1,0,1.847,0.005,-0.0053,48.4465
2695,778288,539.77,153,1018,99.4,6,1,0,1.712,0.005,-0.0046,29.5344
2696,778304,483.31,275,1020,99.6,6,1,0,1.777,0.005,-0.0046,29.5344
2697,778696,484.84,261,1024,100.0,6,1,0,0.932,0.005,-0.0046,29.5344
2698,778848,574.0,170,1021,99.7,6,1,0,1.858,0.005,-0.0046,29.5344
2699,779344,467.27,297,1020,99.6,6,1,0,1.798,0.005,-0.0046,29.5344
2700,779808,499.7,252,1020,99.6,6,1,0,1.157,0.005,-0.0046,29.5344
2701,780112,477.48,252,1020,99.6,6,1,0,1.442,0.005,-0.0046,29.5344
2702,780136,607.33,161,1024,100.0,6,1,0,1.224,0.005,-0.0046,29.5344
2703,780248,493.97,243,1024,100.0,6,1,0,1.429,0.005,-0.0046,29.5344
2704,780592,471.71,288,1024,100.0,6,1,0,1.802,0.005,-0.0046,29.5344
2705,780720,533.21,467,1021,99.7,6,1,0,1.768,0.005,-0.0046,29.5344
2706,781024,460.14,291,1022,99.8,6,1,0,1.775,0.005,-0.0046,29.5344
2707,781304,510.54,146,1019,99.5,6,1,0,1.738,0.005,-0.0046,29.5344
2708,781312,562.69,150,1024,100.0,6,1,0,0.991,0.005,-0.0046,29.5344
2709,781424,482.85,260,1020,99.6,6,1,0,1.16,0.005,-0.0046,29.5344
2710,782184,479.56,297,1022,99.8,6,1,0,1.807,0.005,-0.0046,29.5344
2711,782248,536.65,153,1019,99.5,6,1,0,1.751,0.005,-0.0046,29.5344
2712,782264,475.26,252,1023,99.9,6,1,0,1.081,0.005,-0.0046,29.5344
2713,782360,-8.47,12,441,43.1,1,0,1,0.13,0.005,-0.0046,29.5344
2714,782600,473.25,235,1021,99.7,6,1,0,1.542,0.005,-0.0046,29.5344
2715,782832,470.6,280,1023,99.9,6,1,0,1.68,0.005,-0.0046,29.5344
2716,783304,484.95,235,1021,99.7,6,1,0,1.202,0.005,-0.0046,29.5344
2717,783344,482.91,254,1024,100.0,6,1,0,0.987,0.005,-0.0046,29.5344
2718,783448,518.7,150,1019,99.5,6,1,0,1.812,0.005,-0.0046,29.5344
2719,783600,478.03,287,1021,99.7,6,1,0,1.815,0.005,-0.0046,29.5344
2720,784184,499.9,250,1023,99.9,6,1,0,0.818,0.005,-0.0046,29.5344
2721,784224,478.57,233,1022,99.8,6,1,0,1.174,0.005,-0.0046,29.5344
2722,784560,472.65,245,1024,100.0,6,1,0,1.338,0.005,-0.0046,29.5344
2723,784728,491.03,237,1021,99.7,6,1,0,1.508,0.005,-0.0046,29.5344
2724,785216,468.76,234,1021,99.7,6,1,0,1.689,0.005,-0.0046,29.5344
2725,785400,468.66,244,1021,99.7,6,1,0,1.02,0.005,-0.0046,29.5344
2726,785496,592.4,164,1024,100.0,6,1,0,1.367,0.005,-0.0046,29.5344
2727,785528,500.66,278,1024,100.0,6,1,0,1.534,0.005,-0.0046,29.5344
2728,785856,481.97,282,1023,99.9,6,1,0,1.844,0.005,-0.0046,29.5344
2729,786512,474.03,286,1021,99.7,6,1,0,1.744,0.005,-0.0053,55.8969
2730,786776,536.24,156,1024,100.0,6,1,0,1.709,0.005,-0.0053,55.8969
2731,786816,472.43,282,1021,99.7,6,1,0,1.767,0.005,-0.0053,55.8969
2732,786992,488.01,283,1021,99.7,6,1,0,1.682,0.005,-0.0053,55.8969
2733,787184,538.44,166,1020,99.6,6,1,0,1.62,0.005,-0.0053,55.8969
2734,787192,472.57,247,1024,100.0,6,1,0,1.137,0.005,-0.0053,55.8969
2735,787712,478.64,277,1021,99.7,6,1,0,1.81,0.005,-0.0053,55.8969
2736,788040,542.32,158,1024,100.0,6,1,0,1.699,0.005,-0.0053,55.8969
2737,788672,476.72,270,1023,99.9,6,1,0,0.789,0.005,-0.0053,55.8969
2738,788920,512.69,151,1019,99.5,6,1,0,1.832,0.005,-0.0053,55.8969
2739,788984,478.3,224,1022,99.8,6,1,0,1.038,0.005,-0.0053,55.8969
2740,789016,478.43,253,1020,99.6,6,1,0,1.152,0.005,-0.0053,55.8969
2741,789112,474.45,287,1024,100.0,6,1,0,1.708,0.005,-0.0053,55.8969
2742,789344,479.67,270,1022,99.8,6,1,0,1.709,0.005,-0.0053,55.8969
2743,789632,439.11,529,1024,100.0,6,1,0,1.327,0.005,-0.0053,55.8969
2744,790328,478.52,286,1024,100.0,6,1,0,1.669,0.005,-0.0053,55.8969
2745,790344,539.46,154,1018,99.4,6,1,0,1.78,0.005,-0.0053,55.8969
2746,790352,597.93,167,1024,100.0,6,1,0,1.375,0.005,-0.0053,55.8969
2747,790760,494.43,261,1022,99.8,6,1,0,1.112,0.005,-0.0053,55.8969
2748,790848,539.68,152,1022,99.8,6,1,0,1.793,0.005,-0.0053,55.8969
2749,791240,484.04,290,1023,99.9,6,1,0,1.778,0.005,-0.0053,55.8969
2750,791344,507.59,295,1021,99.7,6,1,0,1.648,0.005,-0.0053,55.8969
2751,791352,481.69,251,1020,99.6,6,1,0,1.321,0.005,-0.0053,55.8969
2752,791656,601.28,166,1024,100.0,6,1,0,1.689,0.005,-0.0053,55.8969
2753,792064,524.28,152,1020,99.6,6,1,0,1.581,0.005,-0.0053,55.8969
2754,792384,488.31,255,1021,99.7,6,1,0,0.907,0.005,-0.0053,55.8969
2755,792448,521.55,151,1019,99.5,6,1,0,1.67,0.005,-0.0053,55.8969
2756,792664,460.25,289,1022,99.8,6,1,0,1.826,0.005,-0.0053,55.8969
2757,792832,493.33,259,1024,100.0,6,1,0,1.145,0.005,-0.0053,55.8969
2758,792864,530.79,151,1019,99.5,6,1,0,1.745,0.005,-0.0053,55.8969
2759,793112,-2.49,31,215,21.0,1,0,1,0.156,0.005,-0.0053,55.8969
2760,793240,516.33,147,1019,99.5,6,1,0,1.824,0.005,-0.0053,55.8969
2761,793320,507.34,246,1024,100.0,6,1,0,1.502,0.005,-0.0053,55.8969
2762,793592,490.39,281,1024,100.0,6,1,0,1.715,0.005,-0.0053,55.8969
2763,793760,597.64,164,1024,100.0,6,1,0,1.187,0.005,-0.0053,55.8969
2764,794184,472.54,225,1020,99.6,6,1,0,1.244,0.005,-0.0053,55.8969
2765,794384,547.71,159,1024,100.0,6,1,0,1.704,0.005,-0.0053,55.8969
2766,794528,536.49,151,1023,99.9,6,1,0,1.646,0.005,-0.0053,55.8969
2767,794712,490.44,256,1020,99.6,6,1,0,1.251,0.005,-0.0056,46.8928
2768,794864,548.21,159,1022,99.8,6,1,0,1.81,0.005,-0.0056,46.8928
2769,795176,513.41,293,1021,99.7,6,1,0,1.661,0.005,-0.0056,46.8928
2770,795216,490.6,247,1023,99.9,6,1,0,1.129,0.005,-0.0056,46.8928
2771,795976,539.32,158,1024,100.0,6,1,0,1.734,0.005,-0.0056,46.8928
2772,796072,471.66,289,1024,100.0,6,1,0,1.787,0.005,-0.0056,46.8928
2773,796336,471.02,269,1019,99.5,6,1,0,1.862,0.005,-0.0056,46.8928
2774,796600,456.26,259,1024,100.0,6,1,0,1.139,0.005,-0.0056,46.8928
2775,796616,488.37,279,1021,99.7,6,1,0,1.722,0.005,-0.0056,46.8928
2776,797200,476.02,248,1021,99.7,6,1,0,1.401,0.005,-0.0056,46.8928
2777,797248,494.43,298,1024,100.0,6,1,0,1.524,0.005,-0.0056,46.8928
2778,797288,466.05,264,1024,100.0,6,1,0,1.511,0.005,-0.0056,46.8928
2779,797744,283.02,143,947,92.5,5,0,1,0.161,0.005,-0.0056,46.8928
2780,798280,477.04,276,1018,99.4,6,1,0,1.687,0.005,-0.0056,46.8928
2781,798328,509.7,141,1019,99.5,6,1,0,1.548,0.005,-0.0056,46.8928
2782,798432,481.3,307,1020,99.6,6,1,0,1.765,0.005,-0.0056,46.8928
2783,798648,492.02,289,1023,99.9,6,1,0,1.645,0.005,-0.0056,46.8928
2784,798720,494.35,263,1024,100.0,6,1,0,1.106,0.005,-0.0056,46.8928
2785,799264,461.95,252,1024,100.0,6,1,0,1.458,0.005,-0.0056,46.8928
2786,799312,483.49,253,1023,99.9,6,1,0,1.287,0.005,-0.0056,46.8928
2787,799944,577.62,153,1024,100.0,6,1,0,1.09,0.005,-0.0056,46.8928
2788,800040,481.18,287,1022,99.8,6,1,0,1.835,0.005,-0.0056,46.8928
2789,800152,489.2,228,1021,99.7,6,1,0,1.132,0.005,-0.0056,46.8928
2790,800536,466.24,282,1023,99.9,6,1,0,1.805,0.005,-0.0056,46.8928
2791,800640,483.92,276,1019,99.5,6,1,0,1.773,0.005,-0.0056,46.8928
2792,800944,493.46,287,1021,99.7,6,1,0,1.71,0.005,-0.0056,46.8928
2793,801512,476.32,275,1024,100.0,6,1,0,1.45,0.005,-0.0056,46.8928
2794,801568,504.43,288,1024,100.0,6,1,0,1.509,0.005,-0.0056,46.8928
2795,801776,559.16,155,1024,100.0,6,1,0,1.123,0.005,-0.0056,46.8928
2796,802016,470.53,247,1023,99.9,6,1,0,1.464,0.005,-0.0056,46.8928
2797,802144,486.09,249,1020,99.6,6,1,0,1.257,0.005,-0.0056,46.8928
2798,802216,592.51,159,1024,100.0,6,1,0,1.32,0.005,-0.0056,46.8928
2799,802232,487.24,286,1022,99.8,6,1,0,1.889,0.005,-0.0056,46.8928
2800,802712,501.37,259,1024,100.0,6,1,0,1.143,0.005,-0.0056,46.8928
2801,803000,593.44,179,1024,100.0,6,1,0,1.189,0.005,-0.0056,31.0589
2802,803200,52.79,25,530,51.8,2,0,1,0.216,0.005,-0.0056,31.0589
2803,803464,592.35,156,1024,100.0,6,1,0,1.172,0.005,-0.0056,31.0589
2804,803576,547.02,168,1024,100.0,6,1,0,1.718,0.005,-0.0056,31.0589
2805,803816,472.78,255,1024,100.0,6,1,0,1.165,0.005,-0.0056,31.0589
2806,803984,574.34,159,1024,100.0,6,1,0,1.274,0.005,-0.0056,31.0589
2807,804144,479.46,266,1024,100.0,6,1,0,1.333,0.005,-0.0056,31.0589
2808,804200,462.45,257,1024,100.0,6,1,0,1.033,0.005,-0.0056,31.0589
2809,804592,560.73,385,1024,100.0,6,1,0,1.228,0.005,-0.0056,31.0589
2810,805368,593.8,194,1024,100.0,6,1,0,1.162,0.005,-0.0056,31.0589
2811,805504,496.07,288,1020,99.6,6,1,0,1.69,0.005,-0.0056,31.0589
2812,805552,496.62,247,1024,100.0,6,1,0,1.511,0.005,-0.0056,31.0589
2813,805688,479.16,278,1023,99.9,6,1,0,1.711,0.005,-0.0056,31.0589
2814,806216,473.77,259,1024,100.0,6,1,0,1.188,0.005,-0.0056,31.0589
2815,806472,493.89,284,1023,99.9,6,1,0,1.686,0.005,-0.0056,31.0589
2816,806768,536.68,152,1024,100.0,6,1,0,1.591,0.005,-0.0056,31.0589
2817,806824,568.35,165,1022,99.8,6,1,0,1.858,0.005,-0.0056,31.0589
2818,806944,482.74,294,1020,99.6,6,1,0,1.805,0.005,-0.0056,31.0589
2819,806952,580.44,158,1024,100.0,6,1,0,1.557,0.005,-0.0056,31.0589
2820,807360,519.37,143,1019,99.5,6,1,0,1.714,0.005,-0.0056,31.0589
2821,807488,488.12,265,1024,100.0,6,1,0,0.893,0.005,-0.0056,31.0589
2822,807736,560.22,158,1020,99.6,6,1,0,1.877,0.005,-0.0056,31.0589
2823,808040,468.65,507,1024,100.0,6,1,0,1.392,0.005,-0.0056,31.0589
2824,808768,577.0,160,1024,100.0,6,1,0,1.233,0.005,-0.0056,31.0589
2825,808936,498.61,249,1021,99.7,6,1,0,1.278,0.005,-0.0056,31.0589
2826,809000,489.35,272,1024,100.0,6,1,0,1.546,0.005,-0.0056,31.0589
2827,809016,471.8,258,1020,99.6,6,1,0,1.026,0.005,-0.0056,31.0589
2828,809296,576.9,157,1024,100.0,6,1,0,1.302,0.005,-0.0056,31.0589
2829,809400,475.7,255,1024,100.0,6,1,0,1.2,0.005,-0.0056,31.0589
2830,809736,464.21,250,1020,99.6,6,1,0,1.321,0.005,-0.0056,31.0589
2831,809896,552.92,391,1024,100.0,6,1,0,1.229,0.005,-0.0056,31.0589
2832,809968,536.8,150,1024,100.0,6,1,0,1.443,0.005,-0.0056,31.0589
2833,810208,573.94,159,1024,100.0,6,1,0,1.247,0.005,-0.0056,31.0589
2834,811168,493.71,269,1023,99.9,6,1,0,1.444,0.005,-0.0042,57.0997
2835,811216,470.03,227,1024,100.0,6,1,0,1.598,0.005,-0.0042,57.0997
2836,811280,466.41,285,1022,99.8,6,1,0,1.672,0.005,-0.0042,57.0997
2837,811344,476.69,256,1024,100.0,6,1,0,0.989,0.005,-0.0042,57.0997
2838,812008,494.04,284,1023,99.9,6,1,0,1.644,0.005,-0.0042,57.0997
2839,812088,478.57,265,1024,100.0,6,1,0,1.249,0.005,-0.0042,57.0997
2840,812144,489.18,242,1022,99.8,6,1,0,1.539,0.005,-0.0042,57.0997
2841,812192,489.63,287,1018,99.4,6,1,0,1.613,0.005,-0.0042,57.0997
2842,813264,518.46,147,1020,99.6,6,1,0,1.614,0.005,-0.0042,57.0997
2843,813344,468.67,250,1019,99.5,6,1,0,1.28,0.005,-0.0042,57.0997
2844,813392,526.95,150,1021,99.7,6,1,0,1.781,0.005,-0.0042,57.0997
2845,813448,488.51,279,1020,99.6,6,1,0,1.75,0.005,-0.0042,57.0997
2846,813464,483.55,273,1024,100.0,6,1,0,1.242,0.005,-0.0042,57.0997
2847,813904,486.74,237,1021,99.7,6,1,0,0.532,0.005,-0.0042,57.0997
2848,814064,494.9,240,1021,99.7,6,1,0,1.456,0.005,-0.0042,57.0997
2849,814288,551.36,390,1024,100.0,6,1,0,1.294,0.005,-0.0042,57.0997
2850,814792,576.42,166,1024,100.0,6,1,0,1.475,0.005,-0.0042,57.0997
2851,815328,474.82,248,1020,99.6,6,1,0,1.016,0.005,-0.0042,57.0997
2852,815336,592.33,159,1024,100.0,6,1,0,1.209,0.005,-0.0042,57.0997
2853,815576,510.57,289,1023,99.9,6,1,0,1.584,0.005,-0.0042,57.0997
2854,815632,472.63,280,1019,99.5,6,1,0,1.798,0.005,-0.0042,57.0997
2855,815784,479.41,292,1021,99.7,6,1,0,1.812,0.005,-0.0042,57.0997
2856,816048,545.03,157,1021,99.7,6,1,0,1.899,0.005,-0.0042,57.0997
2857,816112,486.88,276,1024,100.0,6,1,0,1.17,0.005,-0.0042,57.0997
2858,816216,513.44,241,1022,99.8,6,1,0,1.269,0.005,-0.0042,57.0997
2859,816560,568.61,153,1024,100.0,6,1,0,1.185,0.005,-0.0042,57.0997
2860,816984,527.49,150,1019,99.5,6,1,0,1.839,0.005,-0.0042,57.0997
2861,817320,484.81,249,1021,99.7,6,1,0,1.565,0.005,-0.0042,57.0997
2862,817376,607.73,166,1024,100.0,6,1,0,1.337,0.005,-0.0042,57.0997
2863,817616,488.32,248,1020,99.6,6,1,0,1.428,0.005,-0.0042,57.0997
2864,817912,505.08,292,1024,100.0,6,1,0,1.683,0.005,-0.0042,57.0997
2865,818408,453.23,287,1021,99.7,6,1,0,1.704,0.005,-0.0042,57.0997
2866,818472,469.68,282,1022,99.8,6,1,0,1.781,0.005,-0.0042,57.0997
2867,818568,522.14,149,1019,99.5,6,1,0,1.766,0.005,-0.0042,57.0997
2868,818872,492.95,289,1021,99.7,6,1,0,1.579,0.005,-0.0042,57.0997
2869,819616,468.2,250,1024,100.0,6,1,0,1.107,0.005,-0.0055,45.8718
2870,819848,589.26,160,1024,100.0,6,1,0,0.947,0.005,-0.0055,45.8718
2871,819976,464.09,258,1024,100.0,6,1,0,1.179,0.005,-0.0055,45.8718
2872,820104,474.16,390,1024,100.0,6,1,0,1.875,0.005,-0.0055,45.8718
2873,820544,466.57,403,1022,99.8,6,1,0,1.826,0.005,-0.0055,45.8718
2874,820544,487.38,267,1024,100.0,6,1,0,1.287,0.005,-0.0055,45.8718
2875,820616,488.31,268,1024,100.0,6,1,0,1.138,0.005,-0.0055,45.8718
2876,820816,524.99,150,1017,99.3,6,1,0,1.806,0.005,-0.0055,45.8718
2877,821168,489.91,287,1022,99.8,6,1,0,1.715,0.005,-0.0055,45.8718
2878,821264,510.05,145,1018,99.4,6,1,0,1.544,0.005,-0.0055,45.8718
2879,821896,493.4,240,1020,99.6,6,1,0,1.362,0.005,-0.0055,45.8718
2880,821928,592.18,164,1024,100.0,6,1,0,1.374,0.005,-0.0055,45.8718
2881,822104,-1.06,26,217,21.2,1,0,1,0.156,0.005,-0.0055,45.8718
2882,822544,570.5,160,1024,100.0,6,1,0,1.334,0.005,-0.0055,45.8718
2883,822552,476.15,251,1021,99.7,6,1,0,1.633,0.005,-0.0055,45.8718
2884,822664,479.74,265,1024,100.0,6,1,0,1.119,0.005,-0.0055,45.8718
2885,822912,496.38,262,1024,100.0,6,1,0,1.297,0.005,-0.0055,45.8718
2886,822976,534.44,391,1024,100.0,6,1,0,1.28,0.005,-0.0055,45.8718
2887,823160,542.66,154,1022,99.8,6,1,0,1.8,0.005,-0.0055,45.8718
2888,823352,489.2,273,1024,100.0,6,1,0,1.167,0.005,-0.0055,45.8718
2889,823360,17.5,25,221,21.6,1,0,1,0.164,0.005,-0.0055,45.8718
2890,824216,500.02,264,1024,100.0,6,1,0,0.82,0.005,-0.0055,45.8718
2891,824624,485.92,259,1020,99.6,6,1,0,1.243,0.005,-0.0055,45.8718
2892,824720,483.29,257,1022,99.8,6,1,0,1.298,0.005,-0.0055,45.8718
2893,824752,497.57,276,1023,99.9,6,1,0,1.529,0.005,-0.0055,45.8718
2894,825008,471.6,262,1021,99.7,6,1,0,1.222,0.005,-0.0055,45.8718
2895,825200,504.09,278,1023,99.9,6,1,0,1.556,0.005,-0.0055,45.8718
2896,825528,475.68,272,1020,99.6,6,1,0,1.582,0.005,-0.0055,45.8718
2897,825640,493.49,285,1024,100.0,6,1,0,1.574,0.005,-0.0055,45.8718
2898,826432,484.0,277,1022,99.8,6,1,0,1.424,0.005,-0.0055,45.8718
2899,826888,499.21,283,1023,99.9,6,1,0,1.777,0.005,-0.0055,45.8718
2900,826984,475.9,247,1022,99.8,6,1,0,1.155,0.005,-0.0055,45.8718
2901,827000,491.7,281,1024,100.0,6,1,0,1.637,0.005,-0.0055,45.8718
2902,827104,504.11,298,1021,99.7,6,1,0,1.841,0.005,-0.0055,45.8718
2903,827184,479.84,248,1021,99.7,6,1,0,1.634,0.005,-0.0055,45.8718
2904,827424,482.23,237,1023,99.9,6,1,0,1.399,0.005,-0.0057,59.2802
2905,827728,457.4,261,1024,100.0,6,1,0,1.278,0.005,-0.0057,59.2802
2906,828312,559.66,164,1022,99.8,6,1,0,1.683,0.005,-0.0057,59.2802
2907,828376,500.83,243,1024,100.0,6,1,0,1.595,0.005,-0.0057,59.2802
2908,828880,466.33,237,1024,100.0,6,1,0,1.725,0.005,-0.0057,59.2802
2909,829072,484.94,236,1022,99.8,6,1,0,1.588,0.005,-0.0057,59.2802
2910,829096,445.41,249,1024,100.0,6,1,0,1.228,0.005,-0.0057,59.2802
2911,829112,467.56,278,1021,99.7,6,1,0,1.717,0.005,-0.0057,59.2802
2912,829456,486.27,254,1022,99.8,6,1,0,1.079,0.005,-0.0057,59.2802
2913,829552,483.41,228,1021,99.7,6,1,0,1.385,0.005,-0.0057,59.2802
2914,829560,522.02,148,1017,99.3,6,1,0,1.645,0.005,-0.0057,59.2802
2915,829672,546.6,170,1024,100.0,6,1,0,1.508,0.005,-0.0057,59.2802
2916,830704,589.33,156,1024,100.0,6,1,0,1.314,0.005,-0.0057,59.2802
2917,831336,473.51,280,1024,100.0,6,1,0,1.705,0.005,-0.0057,59.2802
2918,831352,464.36,285,1020,99.6,6,1,0,1.887,0.005,-0.0057,59.2802
2919,831368,496.47,282,1023,99.9,6,1,0,1.656,0.005,-0.0057,59.2802
2920,831576,459.92,238,1024,100.0,6,1,0,1.537,0.005,-0.0057,59.2802
2921,831744,489.46,274,1024,100.0,6,1,0,1.481,0.005,-0.0057,59.2802
2922,831784,493.41,278,1020,99.6,6,1,0,1.561,0.005,-0.0057,59.2802
2923,832464,473.46,448,1024,100.0,6,1,0,1.625,0.005,-0.0057,59.2802
2924,832488,477.92,223,1021,99.7,6,1,0,1.162,0.005,-0.0057,59.2802
2925,832744,597.19,174,1024,100.0,6,1,0,1.636,0.005,-0.0057,59.2802
2926,832816,524.45,155,1018,99.4,6,1,0,1.532,0.005,-0.0057,59.2802
2927,833000,14.82,23,221,21.6,1,0,1,0.183,0.005,-0.0057,59.2802
2928,833064,571.07,165,1024,100.0,6,1,0,1.556,0.005,-0.0057,59.2802
2929,833584,499.61,281,1022,99.8,6,1,0,1.671,0.005,-0.0057,59.2802
2930,833648,512.97,148,1020,99.6,6,1,0,1.677,0.005,-0.0057,59.2802
2931,833696,478.61,239,1021,99.7,6,1,0,1.449,0.005,-0.0057,59.2802
2932,833712,486.62,293,1023,99.9,6,1,0,1.808,0.005,-0.0057,59.2802
2933,833912,515.76,146,1020,99.6,6,1,0,1.87,0.005,-0.0057,59.2802
2934,834552,493.77,258,1023,99.9,6,1,0,1.598,0.005,-0.0057,59.2802
2935,834960,538.86,164,1021,99.7,6,1,0,1.662,0.005,-0.0057,59.2802
2936,835088,3.44,16,242,23.6,1,0,1,0.175,0.005,-0.0057,59.2802
2937,835184,583.55,159,1024,100.0,6,1,0,1.139,0.005,-0.0057,59.2802
2938,835296,477.81,287,1022,99.8,6,1,0,1.824,0.005,-0.0057,59.2802
2939,835320,478.9,282,1019,99.5,6,1,0,1.808,0.005,-0.0057,59.2802
2940,835648,488.08,258,1022,99.8,6,1,0,1.04,0.005,-0.0068,88.4651
2941,835656,489.96,243,1023,99.9,6,1,0,1.423,0.005,-0.0068,88.4651
2942,835784,450.12,261,1024,100.0,6,1,0,1.534,0.005,-0.0068,88.4651
2943,835856,52.86,25,531,51.9,2,0,1,0.173,0.005,-0.0068,88.4651
2944,835912,556.2,170,1022,99.8,6,1,0,1.612,0.005,-0.0068,88.4651
2945,836344,571.35,157,1024,100.0,6,1,0,1.421,0.005,-0.0068,88.4651
2946,836536,567.92,155,1024,100.0,6,1,0,1.389,0.005,-0.0068,88.4651
2947,837368,505.46,256,1024,100.0,6,1,0,1.286,0.005,-0.0068,88.4651
2948,837416,483.31,279,1019,99.5,6,1,0,1.798,0.005,-0.0068,88.4651
2949,837560,9.3,18,235,22.9,1,0,1,0.204,0.005,-0.0068,88.4651
2950,837584,483.68,242,1023,99.9,6,1,0,0.989,0.005,-0.0068,88.4651
2951,837888,479.06,263,1024,100.0,6,1,0,1.344,0.005,-0.0068,88.4651
2952,838168,484.96,282,1023,99.9,6,1,0,1.717,0.005,-0.0068,88.4651
2953,838232,461.72,297,1020,99.6,6,1,0,1.883,0.005,-0.0068,88.4651
2954,838832,533.14,156,1022,99.8,6,1,0,1.614,0.005,-0.0068,88.4651
2955,838904,477.93,320,1024,100.0,6,1,0,1.296,0.005,-0.0068,88.4651
2956,839136,545.34,156,1019,99.5,6,1,0,1.785,0.005,-0.0068,88.4651
2957,839232,462.27,233,1024,100.0,6,1,0,1.464,0.005,-0.0068,88.4651
2958,839504,585.76,159,1024,100.0,6,1,0,1.52,0.005,-0.0068,88.4651
2959,839704,495.04,396,1020,99.6,6,1,0,1.775,0.005,-0.0068,88.4651
2960,839784,489.51,278,1020,99.6,6,1,0,1.875,0.005,-0.0068,88.4651
2961,840080,499.51,239,1022,99.8,6,1,0,1.414,0.005,-0.0068,88.4651
2962,840232,607.13,166,1024,100.0,6,1,0,1.328,0.005,-0.0068,88.4651
2963,840504,588.44,159,1024,100.0,6,1,0,1.16,0.005,-0.0068,88.4651
2964,841752,496.82,281,1023,99.9,6,1,0,1.805,0.005,-0.0068,88.4651
2965,841952,470.93,271,1024,100.0,6,1,0,1.589,0.005,-0.0068,88.4651
2966,841992,471.28,286,1024,100.0,6,1,0,1.691,0.005,-0.0068,88.4651
2967,842040,567.69,401,1024,100.0,6,1,0,1.793,0.005,-0.0068,88.4651
2968,842120,-11.66,16,177,17.3,1,0,1,0.19,0.005,-0.0068,88.4651
2969,842200,512.36,265,1023,99.9,6,1,0,1.194,0.005,-0.0068,88.4651
2970,842448,446.72,414,1022,99.8,6,1,0,1.182,0.005,-0.0068,88.4651
2971,842568,474.04,292,1021,99.7,6,1,0,1.885,0.005,-0.0068,88.4651
2972,842624,470.6,265,1024,100.0,6,1,0,1.119,0.005,-0.0068,88.4651
2973,843352,506.62,144,1024,100.0,6,1,0,1.646,0.005,-0.0068,88.4651
2974,843784,539.77,152,1023,99.9,6,1,0,1.656,0.005,-0.0059,112.7745
2975,843864,488.11,264,1024,100.0,6,1,0,1.584,0.005,-0.0059,112.7745
2976,843888,471.39,231,1020,99.6,6,1,0,1.419,0.005,-0.0059,112.7745
2977,843920,588.91,162,1024,100.0,6,1,0,1.243,0.005,-0.0059,112.7745
2978,844048,492.19,241,1024,100.0,6,1,0,1.724,0.005,-0.0059,112.7745
2979,844768,480.65,290,1020,99.6,6,1,0,1.814,0.005,-0.0059,112.7745
2980,845264,603.15,168,1024,100.0,6,1,0,0.976,0.005,-0.0059,112.7745
2981,845480,517.31,266,1024,100.0,6,1,0,1.235,0.005,-0.0059,112.7745
2982,845736,435.97,473,1024,100.0,6,1,0,1.258,0.005,-0.0059,112.7745
2983,845856,480.63,226,1024,100.0,6,1,0,1.482,0.005,-0.0059,112.7745
2984,845976,521.05,151,1018,99.4,6,1,0,1.754,0.005,-0.0059,112.7745
2985,846000,505.88,264,1024,100.0,6,1,0,1.085,0.005,-0.0059,112.7745
2986,846056,487.37,284,1024,100.0,6,1,0,1.652,0.005,-0.0059,112.7745
2987,846104,491.86,280,1020,99.6,6,1,0,1.858,0.005,-0.0059,112.7745
2988,846648,509.54,146,1019,99.5,6,1,0,1.593,0.005,-0.0059,112.7745
2989,847624,488.12,295,1021,99.7,6,1,0,1.806,0.005,-0.0059,112.7745
2990,847744,491.26,251,1023,99.9,6,1,0,1.308,0.005,-0.0059,112.7745
2991,847760,507.52,139,1019,99.5,6,1,0,1.77,0.005,-0.0059,112.7745
2992,847912,497.53,257,1024,100.0,6,1,0,1.508,0.005,-0.0059,112.7745
2993,848056,501.71,257,1024,100.0,6,1,0,1.081,0.005,-0.0059,112.7745
2994,848072,475.44,246,1024,100.0,6,1,0,1.633,0.005,-0.0059,112.7745
2995,848128,482.46,259,1024,100.0,6,1,0,1.431,0.005,-0.0059,112.7745
2996,848312,502.17,292,1021,99.7,6,1,0,1.892,0.005,-0.0059,112.7745
2997,849048,582.7,161,1024,100.0,6,1,0,1.405,0.005,-0.0059,112.7745
2998,849272,533.28,152,1022,99.8,6,1,0,1.731,0.005,-0.0059,112.7745
2999,849648,508.12,238,1022,99.8,6,1,0,1.366,0.005,-0.0059,112.7745
3000,849912,462.89,250,1024,100.0,6,1,0,1.663,0.005,-0.0059,112.7745
3001,850000,470.02,297,1021,99.7,6,1,0,1.71,0.005,-0.0059,112.7745
3002,850200,491.24,259,1020,99.6,6,1,0,1.328,0.005,-0.0059,112.7745
3003,850424,501.25,294,1020,99.6,6,1,0,1.869,0.005,-0.0059,112.7745
3004,850512,568.49,155,1024,100.0,6,1,0,1.401,0.005,-0.0059,112.7745
3005,850664,482.8,294,1023,99.9,6,1,0,1.51,0.005,-0.0059,112.7745
3006,850864,2.35,25,217,21.2,1,0,1,0.128,0.005,-0.0059,112.7745
3007,851080,490.16,254,1024,100.0,6,1,0,1.658,0.005,-0.0059,112.7745
3008,851176,527.92,147,1018,99.4,6,1,0,1.831,0.005,-0.0059,112.7745
3009,851776,511.63,158,1024,100.0,6,1,0,1.757,0.005,-0.0059,112.7745
3010,852016,467.35,263,1024,100.0,6,1,0,1.336,0.005,-0.0071,55.0483
3011,852224,469.75,253,1022,99.8,6,1,0,1.235,0.005,-0.0071,55.0483
3012,852648,482.01,278,1019,99.5,6,1,0,1.865,0.005,-0.0071,55.0483
3013,852768,536.17,390,1024,100.0,6,1,0,1.437,0.005,-0.0071,55.0483
3014,852904,474.54,255,1024,100.0,6,1,0,1.245,0.005,-0.0071,55.0483
3015,852984,487.72,238,1024,100.0,6,1,0,1.489,0.005,-0.0071,55.0483
3016,853040,469.51,233,1022,99.8,6,1,0,1.105,0.005,-0.0071,55.0483
3017,853984,467.84,276,1021,99.7,6,1,0,1.878,0.005,-0.0071,55.0483
3018,854200,576.89,179,1024,100.0,6,1,0,1.68,0.005,-0.0071,55.0483
3019,854480,466.6,282,1024,100.0,6,1,0,1.631,0.005,-0.0071,55.0483
3020,854864,462.45,235,1024,100.0,6,1,0,1.414,0.005,-0.0071,55.0483
3021,854904,476.66,282,1022,99.8,6,1,0,1.747,0.005,-0.0071,55.0483
3022,855000,482.25,245,1022,99.8,6,1,0,1.502,0.005,-0.0071,55.0483
3023,855176,449.35,395,1021,99.7,6,1,0,1.696,0.005,-0.0071,55.0483
3024,855208,469.75,288,1021,99.7,6,1,0,1.662,0.005,-0.0071,55.0483
3025,855480,568.78,160,1024,100.0,6,1,0,1.189,0.005,-0.0071,55.0483
3026,856184,521.71,148,1019,99.5,6,1,0,1.742,0.005,-0.0071,55.0483
3027,856264,481.64,285,1020,99.6,6,1,0,1.654,0.005,-0.0071,55.0483
3028,856384,504.05,147,1019,99.5,6,1,0,1.744,0.005,-0.0071,55.0483
3029,856696,460.76,277,1022,99.8,6,1,0,1.64,0.005,-0.0071,55.0483
3030,857048,496.2,268,1024,100.0,6,1,0,1.143,0.005,-0.0071,55.0483
3031,857216,485.8,294,1019,99.5,6,1,0,1.638,0.005,-0.0071,55.0483
3032,857312,475.14,267,1022,99.8,6,1,0,1.345,0.005,-0.0071,55.0483
3033,857544,484.94,258,1024,100.0,6,1,0,1.571,0.005,-0.0071,55.0483
3034,857576,566.26,164,1021,99.7,6,1,0,1.496,0.005,-0.0071,55.0483
3035,857856,506.59,145,1019,99.5,6,1,0,1.625,0.005,-0.0071,55.0483
3036,858176,474.41,249,1021,99.7,6,1,0,1.689,0.005,-0.0071,55.0483
3037,858296,536.34,156,1020,99.6,6,1,0,1.719,0.005,-0.0071,55.0483
3038,858400,461.5,252,1024,100.0,6,1,0,1.579,0.005,-0.0071,55.0483
3039,858720,519.13,147,1022,99.8,6,1,0,1.773,0.005,-0.0071,55.0483
3040,859264,489.92,256,1024,100.0,6,1,0,1.101,0.005,-0.0071,55.0483
3041,859376,556.79,150,1024,100.0,6,1,0,1.014,0.005,-0.0071,55.0483
3042,859560,516.12,281,1024,100.0,6,1,0,1.774,0.005,-0.0071,55.0483
3043,860632,501.94,292,1024,100.0,6,1,0,1.884,0.005,-0.0041,47.4731
3044,860760,568.22,398,1024,100.0,6,1,0,1.427,0.005,-0.0041,47.4731
3045,860800,533.05,155,1019,99.5,6,1,0,1.656,0.005,-0.0041,47.4731
3046,861000,481.58,285,1024,100.0,6,1,0,1.673,0.005,-0.0041,47.4731
3047,861200,477.2,228,1022,99.8,6,1,0,1.609,0.005,-0.0041,47.4731
3048,861568,470.68,288,1023,99.9,6,1,0,1.595,0.005,-0.0041,47.4731
3049,861736,477.95,485,1024,100.0,6,1,0,1.391,0.005,-0.0041,47.4731
3050,862056,514.23,457,1024,100.0,6,1,0,1.675,0.005,-0.0041,47.4731
3051,862296,67.55,30,535,52.2,2,0,1,0.16,0.005,-0.0041,47.4731
3052,862768,485.74,246,1022,99.8,6,1,0,1.381,0.005,-0.0041,47.4731
3053,862880,588.74,164,1024,100.0,6,1,0,1.28,0.005,-0.0041,47.4731
3054,862904,490.63,284,1022,99.8,6,1,0,1.773,0.005,-0.0041,47.4731
3055,863024,496.95,283,1023,99.9,6,1,0,1.397,0.005,-0.0041,47.4731
3056,863208,470.74,276,1019,99.5,6,1,0,1.824,0.005,-0.0041,47.4731
3057,863440,482.36,280,1021,99.7,6,1,0,1.784,0.005,-0.0041,47.4731
3058,864000,459.52,283,1020,99.6,6,1,0,1.786,0.005,-0.0041,47.4731
3059,864048,507.14,146,1022,99.8,6,1,0,1.683,0.005,-0.0041,47.4731
3060,864512,470.63,277,1021,99.7,6,1,0,1.738,0.005,-0.0041,47.4731
3061,864784,505.63,252,1022,99.8,6,1,0,1.358,0.005,-0.0041,47.4731
3062,865024,463.55,265,1018,99.4,6,1,0,1.624,0.005,-0.0041,47.4731
3063,865144,488.18,242,1024,100.0,6,1,0,1.14,0.005,-0.0041,47.4731
3064,865192,477.59,271,1019,99.5,6,1,0,1.869,0.005,-0.0041,47.4731
3065,865752,480.51,289,1021,99.7,6,1,0,1.741,0.005,-0.0041,47.4731
3066,865984,543.06,150,1024,100.0,6,1,0,1.635,0.005,-0.0041,47.4731
3067,866216,470.43,271,1019,99.5,6,1,0,1.837,0.005,-0.0041,47.4731
3068,866696,476.52,273,1020,99.6,6,1,0,1.841,0.005,-0.0041,47.4731
3069,866896,478.76,234,1024,100.0,6,1,0,1.35,0.005,-0.0041,47.4731
3070,867200,487.1,251,1024,100.0,6,1,0,1.57,0.005,-0.0041,47.4731
3071,867368,505.13,278,1022,99.8,6,1,0,1.573,0.005,-0.0041,47.4731
3072,867400,554.47,148,1024,100.0,6,1,0,1.158,0.005,-0.0041,47.4731
3073,867672,493.84,459,1022,99.8,6,1,0,1.589,0.005,-0.0041,47.4731
3074,868120,527.17,153,1019,99.5,6,1,0,1.87,0.005,-0.0041,47.4731
3075,868184,469.94,275,1017,99.3,6,1,0,1.726,0.005,-0.0041,47.4731
3076,869000,465.07,288,1020,99.6,6,1,0,1.903,0.005,-0.0044,52.7844
3077,869144,459.26,424,1024,100.0,6,1,0,1.518,0.005,-0.0044,52.7844
3078,869264,486.34,233,1024,100.0,6,1,0,1.465,0.005,-0.0044,52.7844
3079,869288,458.0,261,1020,99.6,6,1,0,1.894,0.005,-0.0044,52.7844
3080,869304,513.12,148,1018,99.4,6,1,0,1.841,0.005,-0.0044,52.7844
3081,869368,488.7,250,1024,100.0,6,1,0,1.22,0.005,-0.0044,52.7844
3082,869960,484.46,286,1022,99.8,6,1,0,1.855,0.005,-0.0044,52.7844
3083,870200,539.19,150,1021,99.7,6,1,0,1.827,0.005,-0.0044,52.7844
3084,870360,474.08,272,1021,99.7,6,1,0,1.681,0.005,-0.0044,52.7844
3085,871040,481.93,237,1021,99.7,6,1,0,1.332,0.005,-0.0044,52.7844
3086,871040,458.01,217,1020,99.6,6,1,0,1.458,0.005,-0.0044,52.7844
3087,871344,489.08,260,1023,99.9,6,1,0,1.298,0.005,-0.0044,52.7844
3088,872120,468.48,270,1019,99.5,6,1,0,1.855,0.005,-0.0044,52.7844
3089,872400,493.56,255,1023,99.9,6,1,0,1.24,0.005,-0.0044,52.7844
3090,872456,475.54,396,1021,99.7,6,1,0,1.722,0.005,-0.0044,52.7844
3091,872472,461.19,284,1021,99.7,6,1,0,1.859,0.005,-0.0044,52.7844
3092,873096,461.8,257,1022,99.8,6,1,0,1.352,0.005,-0.0044,52.7844
3093,873280,469.96,280,1021,99.7,6,1,0,1.622,0.005,-0.0044,52.7844
3094,873600,497.86,143,1019,99.5,6,1,0,1.911,0.005,-0.0044,52.7844
3095,873672,504.87,291,1021,99.7,6,1,0,1.561,0.005,-0.0044,52.7844
3096,873696,451.89,541,1022,99.8,6,1,0,1.84,0.005,-0.0044,52.7844
3097,874192,476.07,259,1024,100.0,6,1,0,1.317,0.005,-0.0044,52.7844
3098,874280,542.92,148,1019,99.5,6,1,0,1.673,0.005,-0.0044,52.7844
3099,874480,476.34,260,1024,100.0,6,1,0,1.242,0.005,-0.0044,52.7844
3100,874752,502.45,285,1024,100.0,6,1,0,1.564,0.005,-0.0044,52.7844
3101,875400,577.53,151,1024,100.0,6,1,0,1.333,0.005,-0.0044,52.7844
3102,875416,509.9,142,1018,99.4,6,1,0,1.736,0.005,-0.0044,52.7844
3103,875536,475.57,233,1024,100.0,6,1,0,1.442,0.005,-0.0044,52.7844
3104,875568,478.32,286,1023,99.9,6,1,0,1.606,0.005,-0.0044,52.7844
3105,875840,476.2,280,1024,100.0,6,1,0,1.67,0.005,-0.0044,52.7844
3106,875992,477.37,287,1022,99.8,6,1,0,1.793,0.005,-0.0044,52.7844
3107,876344,489.47,233,1022,99.8,6,1,0,1.514,0.005,-0.0044,52.7844
3108,876768,474.48,252,1022,99.8,6,1,0,1.197,0.005,-0.005,45.7393
3109,876904,584.91,171,1024,100.0,6,1,0,1.461,0.005,-0.005,45.7393
3110,877184,512.44,149,1019,99.5,6,1,0,1.829,0.005,-0.005,45.7393
3111,877360,490.25,245,1020,99.6,6,1,0,1.275,0.005,-0.005,45.7393
3112,877656,472.93,280,1022,99.8,6,1,0,1.857,0.005,-0.005,45.7393
3113,877744,483.68,272,1018,99.4,6,1,0,1.833,0.005,-0.005,45.7393
3114,877928,516.34,145,1019,99.5,6,1,0,1.794,0.005,-0.005,45.7393
3115,878064,468.97,278,1024,100.0,6,1,0,1.561,0.005,-0.005,45.7393
3116,878320,498.02,142,1018,99.4,6,1,0,1.857,0.005,-0.005,45.7393
3117,878576,497.39,279,1023,99.9,6,1,0,1.522,0.005,-0.005,45.7393
3118,878920,501.22,252,1021,99.7,6,1,0,1.202,0.005,-0.005,45.7393
3119,879016,589.29,159,1024,100.0,6,1,0,1.19,0.005,-0.005,45.7393
3120,879496,527.68,147,1021,99.7,6,1,0,1.804,0.005,-0.005,45.7393
3121,879560,497.79,275,1024,100.0,6,1,0,1.561,0.005,-0.005,45.7393
3122,879568,484.91,239,1019,99.5,6,1,0,1.316,0.005,-0.005,45.7393
3123,880000,474.56,259,1021,99.7,6,1,0,0.929,0.005,-0.005,45.7393
3124,880640,496.57,258,1024,100.0,6,1,0,1.088,0.005,-0.005,45.7393
3125,880944,466.45,253,1024,100.0,6,1,0,1.14,0.005,-0.005,45.7393
3126,881336,479.82,290,1020,99.6,6,1,0,1.793,0.005,-0.005,45.7393
3127,881408,473.15,418,1020,99.6,6,1,0,1.79,0.005,-0.005,45.7393
3128,881720,486.74,270,1019,99.5,6,1,0,1.664,0.005,-0.005,45.7393
3129,881832,490.25,292,1020,99.6,6,1,0,1.715,0.005,-0.005,45.7393
3130,881864,481.16,287,1024,100.0,6,1,0,1.514,0.005,-0.005,45.7393
3131,882152,477.6,269,1018,99.4,6,1,0,1.558,0.005,-0.005,45.7393
3132,882192,515.34,156,1020,99.6,6,1,0,1.656,0.005,-0.005,45.7393
3133,882984,468.43,293,1021,99.7,6,1,0,1.728,0.005,-0.005,45.7393
3134,883088,563.54,153,1024,100.0,6,1,0,1.3,0.005,-0.005,45.7393
3135,883256,489.5,240,1021,99.7,6,1,0,1.372,0.005,-0.005,45.7393
3136,883336,515.61,148,1024,100.0,6,1,0,1.647,0.005,-0.005,45.7393
3137,883672,509.34,283,1023,99.9,6,1,0,1.563,0.005,-0.005,45.7393
3138,883920,483.69,275,1018,99.4,6,1,0,1.889,0.005,-0.005,45.7393
3139,884048,492.04,277,1024,100.0,6,1,0,1.54,0.005,-0.005,45.7393
3140,884176,533.84,149,1024,100.0,6,1,0,1.477,0.005,-0.005,45.7393
3141,884336,568.15,156,1024,100.0,6,1,0,1.37,0.005,-0.005,45.7393
3142,884480,482.07,286,1024,100.0,6,1,0,1.633,0.005,-0.005,45.7393
3143,885200,579.66,160,1024,100.0,6,1,0,1.212,0.005,-0.0051,34.1086
3144,885400,530.15,153,1024,100.0,6,1,0,1.812,0.005,-0.0051,34.1086
3145,885504,480.78,271,1022,99.8,6,1,0,1.638,0.005,-0.0051,34.1086
3146,885568,504.24,289,1024,100.0,6,1,0,1.75,0.005,-0.0051,34.1086
3147,886376,506.82,147,1022,99.8,6,1,0,1.777,0.005,-0.0051,34.1086
3148,886392,512.42,257,1024,100.0,6,1,0,1.15,0.005,-0.0051,34.1086
3149,886432,493.26,244,1020,99.6,6,1,0,1.345,0.005,-0.0051,34.1086
3150,886704,541.6,163,1021,99.7,6,1,0,1.782,0.005,-0.0051,34.1086
3151,887320,474.93,227,1020,99.6,6,1,0,1.196,0.005,-0.0051,34.1086
3152,887608,563.5,154,1024,100.0,6,1,0,1.234,0.005,-0.0051,34.1086
3153,887808,488.27,280,1024,100.0,6,1,0,1.708,0.005,-0.0051,34.1086
3154,888040,464.11,546,1022,99.8,6,1,0,1.839,0.005,-0.0051,34.1086
3155,888152,479.96,513,1024,100.0,6,1,0,1.095,0.005,-0.0051,34.1086
3156,888416,489.42,248,1023,99.9,6,1,0,1.152,0.005,-0.0051,34.1086
3157,888560,589.97,155,1024,100.0,6,1,0,1.328,0.005,-0.0051,34.1086
3158,888568,493.06,272,1020,99.6,6,1,0,1.668,0.005,-0.0051,34.1086
3159,888936,484.92,279,1021,99.7,6,1,0,1.585,0.005,-0.0051,34.1086
3160,888960,503.77,144,1018,99.4,6,1,0,1.792,0.005,-0.0051,34.1086
3161,889296,559.04,157,1024,100.0,6,1,0,1.13,0.005,-0.0051,34.1086
3162,889640,562.4,153,1024,100.0,6,1,0,1.471,0.005,-0.0051,34.1086
3163,890432,492.43,285,1024,100.0,6,1,0,1.507,0.005,-0.0051,34.1086
3164,890736,538.55,391,1024,100.0,6,1,0,1.065,0.005,-0.0051,34.1086
3165,890744,458.17,272,1022,99.8,6,1,0,1.709,0.005,-0.0051,34.1086
3166,890760,473.84,275,1021,99.7,6,1,0,1.517,0.005,-0.0051,34.1086
3167,890896,583.23,157,1024,100.0,6,1,0,1.049,0.005,-0.0051,34.1086
3168,890976,484.11,255,1024,100.0,6,1,0,1.2,0.005,-0.0051,34.1086
3169,890992,499.04,254,1024,100.0,6,1,0,0.969,0.005,-0.0051,34.1086
3170,891408,462.52,264,1022,99.8,6,1,0,0.822,0.005,-0.0051,34.1086
3171,891608,530.63,147,1020,99.6,6,1,0,1.719,0.005,-0.0051,34.1086
3172,892192,541.18,162,1021,99.7,6,1,0,1.777,0.005,-0.0051,34.1086
3173,892240,573.87,158,1024,100.0,6,1,0,1.191,0.005,-0.0051,34.1086
3174,892616,575.1,151,1024,100.0,6,1,0,0.987,0.005,-0.0051,34.1086
3175,892696,468.18,242,1023,99.9,6,1,0,1.4,0.005,-0.0051,34.1086
3176,892768,483.84,253,1024,100.0,6,1,0,1.289,0.005,-0.0051,34.1086
3177,892960,483.0,278,1020,99.6,6,1,0,1.841,0.005,-0.0049,47.6483
3178,893688,493.32,260,1021,99.7,6,1,0,0.918,0.005,-0.0049,47.6483
3179,893936,524.75,155,1018,99.4,6,1,0,1.736,0.005,-0.0049,47.6483
3180,894152,447.53,395,1020,99.6,6,1,0,1.806,0.005,-0.0049,47.6483
3181,894168,478.93,247,1024,100.0,6,1,0,1.32,0.005,-0.0049,47.6483
3182,894184,484.97,243,1023,99.9,6,1,0,1.508,0.005,-0.0049,47.6483
3183,894592,467.13,247,1023,99.9,6,1,0,1.355,0.005,-0.0049,47.6483
3184,895016,497.1,281,1021,99.7,6,1,0,1.705,0.005,-0.0049,47.6483
3185,895104,477.91,268,1017,99.3,6,1,0,1.744,0.005,-0.0049,47.6483
3186,895424,521.13,157,1019,99.5,6,1,0,1.861,0.005,-0.0049,47.6483
3187,895448,556.78,162,1020,99.6,6,1,0,1.841,0.005,-0.0049,47.6483
3188,896000,477.76,289,1023,99.9,6,1,0,1.546,0.005,-0.0049,47.6483
3189,896008,487.56,259,1023,99.9,6,1,0,1.826,0.005,-0.0049,47.6483
3190,896328,527.07,153,1019,99.5,6,1,0,1.783,0.005,-0.0049,47.6483
3191,896336,594.61,165,1024,100.0,6,1,0,1.326,0.005,-0.0049,47.6483
3192,896480,474.37,287,1021,99.7,6,1,0,1.842,0.005,-0.0049,47.6483
3193,896576,494.81,144,1018,99.4,6,1,0,1.839,0.005,-0.0049,47.6483
3194,896872,484.61,285,1023,99.9,6,1,0,1.765,0.005,-0.0049,47.6483
3195,897168,510.13,146,1019,99.5,6,1,0,1.7,0.005,-0.0049,47.6483
3196,897264,588.76,157,1024,100.0,6,1,0,1.125,0.005,-0.0049,47.6483
3197,897600,539.12,158,1022,99.8,6,1,0,1.83,0.005,-0.0049,47.6483
3198,897616,484.09,271,1021,99.7,6,1,0,1.871,0.005,-0.0049,47.6483
3199,898128,575.0,157,1024,100.0,6,1,0,1.128,0.005,-0.0049,47.6483
3200,898336,460.16,251,1024,100.0,6,1,0,1.153,0.005,-0.0049,47.6483
3201,898360,475.85,235,1022,99.8,6,1,0,0.914,0.005,-0.0049,47.6483
3202,898520,588.96,169,1024,100.0,6,1,0,1.069,0.005,-0.0049,47.6483
3203,898544,494.24,246,1022,99.8,6,1,0,1.376,0.005,-0.0049,47.6483
3204,898824,565.15,151,1024,100.0,6,1,0,1.318,0.005,-0.0049,47.6483
3205,899320,504.11,149,1019,99.5,6,1,0,1.706,0.005,-0.0049,47.6483
3206,899504,472.32,280,1022,99.8,6,1,0,1.638,0.005,-0.0049,47.6483
3207,899800,474.34,275,1019,99.5,6,1,0,1.842,0.005,-0.0049,47.6483
3208,900360,475.37,253,1024,100.0,6,1,0,0.787,0.005,-0.0049,47.6483
3209,900520,472.83,247,1022,99.8,6,1,0,1.505,0.005,-0.0049,47.6483
3210,900616,588.91,162,1024,100.0,6,1,0,1.299,0.005,-0.0049,47.6483
3211,900728,489.34,276,1017,99.3,6,1,0,1.717,0.005,-0.0049,47.6483
3212,900856,597.76,169,1024,100.0,6,1,0,1.274,0.005,-0.0049,47.6483
3213,901008,509.32,151,1023,99.9,6,1,0,1.726,0.005,-0.0049,47.6483
3214,901096,478.21,284,1024,100.0,6,1,0,1.556,0.005,-0.0049,47.6483
3215,901480,534.91,390,1024,100.0,6,1,0,1.178,0.005,-0.0063,36.2998
3216,901856,572.08,155,1024,100.0,6,1,0,1.541,0.005,-0.0063,36.2998
3217,902032,5.82,22,214,20.9,1,0,1,0.134,0.005,-0.0063,36.2998
3218,902376,475.83,252,1024,100.0,6,1,0,1.277,0.005,-0.0063,36.2998
3219,902416,500.03,237,1021,99.7,6,1,0,1.424,0.005,-0.0063,36.2998
3220,902624,516.16,143,1019,99.5,6,1,0,1.875,0.005,-0.0063,36.2998
3221,902704,473.79,231,1024,100.0,6,1,0,1.134,0.005,-0.0063,36.2998
3222,902872,486.81,268,1023,99.9,6,1,0,0.895,0.005,-0.0063,36.2998
3223,903232,489.32,278,1023,99.9,6,1,0,1.6,0.005,-0.0063,36.2998
3224,903328,484.91,279,1023,99.9,6,1,0,1.488,0.005,-0.0063,36.2998
3225,903616,533.75,155,1022,99.8,6,1,0,1.854,0.005,-0.0063,36.2998
3226,904064,482.73,254,1024,100.0,6,1,0,1.18,0.005,-0.0063,36.2998
3227,904160,583.29,161,1024,100.0,6,1,0,1.128,0.005,-0.0063,36.2998
3228,904664,505.73,281,1023,99.9,6,1,0,1.701,0.005,-0.0063,36.2998
3229,904664,462.35,255,1024,100.0,6,1,0,1.394,0.005,-0.0063,36.2998
3230,905000,490.12,287,1022,99.8,6,1,0,1.602,0.005,-0.0063,36.2998
3231,905320,510.25,145,1019,99.5,6,1,0,1.77,0.005,-0.0063,36.2998
3232,905376,492.64,256,1024,100.0,6,1,0,1.122,0.005,-0.0063,36.2998
3233,905408,606.8,168,1024,100.0,6,1,0,1.179,0.005,-0.0063,36.2998
3234,905576,489.71,293,1020,99.6,6,1,0,1.639,0.005,-0.0063,36.2998
3235,905976,588.67,164,1024,100.0,6,1,0,1.394,0.005,-0.0063,36.2998
3236,906616,488.46,244,1020,99.6,6,1,0,1.14,0.005,-0.0063,36.2998
3237,906672,574.33,158,1024,100.0,6,1,0,1.395,0.005,-0.0063,36.2998
3238,907232,470.13,279,1021,99.7,6,1,0,1.792,0.005,-0.0063,36.2998
3239,907240,565.71,158,1024,100.0,6,1,0,1.136,0.005,-0.0063,36.2998
3240,907256,495.25,235,1022,99.8,6,1,0,1.363,0.005,-0.0063,36.2998
3241,907528,470.9,276,1024,100.0,6,1,0,1.66,0.005,-0.0063,36.2998
3242,907736,459.41,515,1024,100.0,6,1,0,1.343,0.005,-0.0063,36.2998
3243,907824,484.31,281,1022,99.8,6,1,0,1.409,0.005,-0.0063,36.2998
3244,908528,494.08,232,1022,99.8,6,1,0,1.251,0.005,-0.0063,36.2998
3245,908632,483.87,252,1022,99.8,6,1,0,1.192,0.005,-0.0063,36.2998
3246,908896,521.68,145,1021,99.7,6,1,0,1.751,0.005,-0.0063,36.2998
3247,909248,475.21,249,1020,99.6,6,1,0,1.302,0.005,-0.0063,36.2998
3248,909288,468.87,257,1022,99.8,6,1,0,1.043,0.005,-0.0063,36.2998
3249,909480,478.8,280,1022,99.8,6,1,0,1.384,0.005,-0.004,52.1924
3250,909592,476.14,258,1023,99.9,6,1,0,1.224,0.005,-0.004,52.1924
3251,909904,542.41,159,1021,99.7,6,1,0,1.495,0.005,-0.004,52.1924
3252,910104,505.65,285,1024,100.0,6,1,0,1.515,0.005,-0.004,52.1924
3253,910416,485.84,236,1021,99.7,6,1,0,1.058,0.005,-0.004,52.1924
3254,910496,580.25,156,1024,100.0,6,1,0,1.157,0.005,-0.004,52.1924
3255,910792,521.57,150,1022,99.8,6,1,0,1.633,0.005,-0.004,52.1924
3256,910872,479.73,247,1020,99.6,6,1,0,1.18,0.005,-0.004,52.1924
3257,911520,494.22,279,1022,99.8,6,1,0,1.538,0.005,-0.004,52.1924
3258,911752,494.13,284,1024,100.0,6,1,0,1.379,0.005,-0.004,52.1924
3259,912032,472.04,266,1020,99.6,6,1,0,1.442,0.005,-0.004,52.1924
3260,912104,472.59,250,1022,99.8,6,1,0,1.388,0.005,-0.004,52.1924
3261,912440,488.87,243,1023,99.9,6,1,0,1.299,0.005,-0.004,52.1924
3262,912680,460.15,283,1021,99.7,6,1,0,1.59,0.005,-0.004,52.1924
3263,912760,484.74,246,1024,100.0,6,1,0,1.35,0.005,-0.004,52.1924
3264,912792,463.5,240,1019,99.5,6,1,0,1.372,0.005,-0.004,52.1924
3265,913400,585.71,162,1024,100.0,6,1,0,1.091,0.005,-0.004,52.1924
3266,913664,486.27,268,1022,99.8,6,1,0,1.703,0.005,-0.004,52.1924
3267,913952,460.3,240,1024,100.0,6,1,0,1.393,0.005,-0.004,52.1924
3268,913968,483.05,277,1023,99.9,6,1,0,1.327,0.005,-0.004,52.1924
3269,914168,491.14,186,1024,100.0,6,1,0,1.277,0.005,-0.004,52.1924
3270,914440,477.89,250,1023,99.9,6,1,0,1.229,0.005,-0.004,52.1924
3271,914784,479.22,253,1021,99.7,6,1,0,1.18,0.005,-0.004,52.1924
3272,914904,536.95,155,1024,100.0,6,1,0,1.833,0.005,-0.004,52.1924
3273,915080,493.44,286,1019,99.5,6,1,0,1.818,0.005,-0.004,52.1924
3274,915440,465.58,255,1024,100.0,6,1,0,1.375,0.005,-0.004,52.1924
3275,915856,497.12,238,1023,99.9,6,1,0,1.361,0.005,-0.004,52.1924
3276,915864,488.43,237,1022,99.8,6,1,0,1.257,0.005,-0.004,52.1924
3277,916232,497.95,258,1024,100.0,6,1,0,1.127,0.005,-0.004,52.1924
3278,916400,490.35,245,1021,99.7,6,1,0,1.425,0.005,-0.004,52.1924
3279,916624,533.27,148,1024,100.0,6,1,0,1.777,0.005,-0.004,52.1924
3280,917024,494.49,280,1024,100.0,6,1,0,1.346,0.005,-0.004,52.1924
3281,917080,568.55,153,1024,100.0,6,1,0,1.362,0.005,-0.004,52.1924
3282,917144,463.87,280,1024,100.0,6,1,0,1.654,0.005,-0.004,52.1924
3283,917336,487.68,282,1023,99.9,6,1,0,1.56,0.005,-0.004,52.1924
3284,917728,582.59,166,1024,100.0,6,1,0,1.536,0.005,-0.0042,34.3976
3285,918704,483.23,260,1023,99.9,6,1,0,1.079,0.005,-0.0042,34.3976
3286,918960,509.36,154,1015,99.1,6,1,0,1.685,0.005,-0.0042,34.3976
3287,919000,479.43,247,1024,100.0,6,1,0,1.331,0.005,-0.0042,34.3976
3288,919304,473.76,278,1022,99.8,6,1,0,1.677,0.005,-0.0042,34.3976
3289,919376,497.9,255,1021,99.7,6,1,0,1.179,0.005,-0.0042,34.3976
3290,919432,511.42,286,1022,99.8,6,1,0,1.441,0.005,-0.0042,34.3976
3291,919888,503.56,148,1022,99.8,6,1,0,1.467,0.005,-0.0042,34.3976
3292,920512,527.3,151,1023,99.9,6,1,0,1.485,0.005,-0.0042,34.3976
3293,920664,417.73,600,1022,99.8,5,0,0,1.167,0.005,-0.0042,34.3976
3294,920704,564.81,159,1024,100.0,6,1,0,1.51,0.005,-0.0042,34.3976
3295,921016,472.51,257,1024,100.0,6,1,0,1.017,0.005,-0.0042,34.3976
3296,921032,361.25,600,946,92.4,5,0,0,0.962,0.005,-0.0042,34.3976
3297,921176,483.06,272,1021,99.7,6,1,0,1.747,0.005,-0.0042,34.3976
3298,921408,468.5,254,1024,100.0,6,1,0,1.014,0.005,-0.0042,34.3976
3299,921672,501.04,145,1024,100.0,6,1,0,1.44,0.005,-0.0042,34.3976
3300,921864,492.73,247,1024,100.0,6,1,0,1.322,0.005,-0.0042,34.3976
3301,922664,468.26,250,1024,100.0,6,1,0,1.3,0.005,-0.0042,34.3976
3302,922896,524.58,153,1018,99.4,6,1,0,1.647,0.005,-0.0042,34.3976
3303,923016,480.12,289,1024,100.0,6,1,0,1.722,0.005,-0.0042,34.3976
3304,923040,481.69,251,1024,100.0,6,1,0,1.043,0.005,-0.0042,34.3976
3305,923360,492.67,273,1023,99.9,6,1,0,1.409,0.005,-0.0042,34.3976
3306,923368,486.73,294,1023,99.9,6,1,0,1.662,0.005,-0.0042,34.3976
3307,923640,485.4,279,1023,99.9,6,1,0,1.434,0.005,-0.0042,34.3976
3308,924072,491.94,276,1021,99.7,6,1,0,1.695,0.005,-0.0042,34.3976
3309,924328,583.75,161,1024,100.0,6,1,0,1.159,0.005,-0.0042,34.3976
3310,924856,490.15,245,1023,99.9,6,1,0,1.307,0.005,-0.0042,34.3976
3311,924872,483.06,276,1020,99.6,6,1,0,1.773,0.005,-0.0042,34.3976
3312,925216,469.68,232,1024,100.0,6,1,0,1.199,0.005,-0.0042,34.3976
3313,925304,486.59,286,1020,99.6,6,1,0,1.722,0.005,-0.0042,34.3976
3314,925304,565.86,154,1024,100.0,6,1,0,1.225,0.005,-0.0042,34.3976
3315,925320,480.36,244,1024,100.0,6,1,0,1.261,0.005,-0.0042,34.3976
3316,925760,472.15,265,1023,99.9,6,1,0,1.503,0.005,-0.0012,27.0336
3317,926520,571.59,150,1024,100.0,6,1,0,0.888,0.005,-0.0012,27.0336
3318,926632,504.44,288,1024,100.0,6,1,0,1.782,0.005,-0.0012,27.0336
3319,926736,469.75,235,1021,99.7,6,1,0,1.293,0.005,-0.0012,27.0336
3320,927144,480.91,284,1024,100.0,6,1,0,1.618,0.005,-0.0012,27.0336
3321,927288,475.08,259,1024,100.0,6,1,0,1.048,0.005,-0.0012,27.0336
3322,927504,504.13,275,1017,99.3,6,1,0,1.555,0.005,-0.0012,27.0336
3323,927560,490.85,282,1022,99.8,6,1,0,1.788,0.005,-0.0012,27.0336
3324,928008,518.84,281,1023,99.9,6,1,0,1.553,0.005,-0.0012,27.0336
3325,928336,500.06,149,1024,100.0,6,1,0,1.6,0.005,-0.0012,27.0336
3326,928752,497.91,279,1024,100.0,6,1,0,1.594,0.005,-0.0012,27.0336
3327,928872,476.0,280,1023,99.9,6,1,0,1.544,0.005,-0.0012,27.0336
3328,929024,481.35,286,1024,100.0,6,1,0,1.9,0.005,-0.0012,27.0336
3329,929280,477.75,249,1022,99.8,6,1,0,1.073,0.005,-0.0012,27.0336
3330,929624,583.34,161,1024,100.0,6,1,0,1.086,0.005,-0.0012,27.0336
3331,929768,463.23,283,1023,99.9,6,1,0,1.42,0.005,-0.0012,27.0336
3332,929800,490.52,280,1024,100.0,6,1,0,1.581,0.005,-0.0012,27.0336
3333,930064,485.41,257,1024,100.0,6,1,0,1.126,0.005,-0.0012,27.0336
3334,930136,570.87,158,1024,100.0,6,1,0,1.294,0.005,-0.0012,27.0336
3335,930936,480.56,273,1024,100.0,6,1,0,1.457,0.005,-0.0012,27.0336
3336,931064,567.93,158,1024,100.0,6,1,0,1.338,0.005,-0.0012,27.0336
3337,931264,488.26,280,1021,99.7,6,1,0,1.79,0.005,-0.0012,27.0336
3338,931288,471.44,251,1024,100.0,6,1,0,1.269,0.005,-0.0012,27.0336
3339,931696,479.2,259,1024,100.0,6,1,0,1.021,0.005,-0.0012,27.0336
3340,932088,483.61,253,1024,100.0,6,1,0,0.948,0.005,-0.0012,27.0336
3341,932376,483.58,280,1023,99.9,6,1,0,1.231,0.005,-0.0012,27.0336
3342,932472,530.75,151,1020,99.6,6,1,0,1.649,0.005,-0.0012,27.0336
3343,932824,555.16,382,1024,100.0,6,1,0,1.032,0.005,-0.0012,27.0336
3344,932928,474.91,249,1023,99.9,6,1,0,1.293,0.005,-0.0012,27.0336
3345,933000,636.31,214,1024,100.0,6,1,0,1.263,0.005,-0.0012,27.0336
3346,933272,509.61,148,1024,100.0,6,1,0,1.543,0.005,-0.0012,27.0336
3347,933296,482.4,279,1021,99.7,6,1,0,1.712,0.005,-0.0012,27.0336
3348,933736,473.44,255,1022,99.8,6,1,0,1.157,0.005,-0.0012,27.0336
3349,933744,545.21,159,1022,99.8,6,1,0,1.716,0.005,-0.0012,27.0336
3350,934000,515.82,147,1020,99.6,6,1,0,1.586,0.005,-0.0051,31.0057
3351,934608,491.9,279,1021,99.7,6,1,0,1.532,0.005,-0.0051,31.0057
3352,934984,542.54,156,1021,99.7,6,1,0,1.434,0.005,-0.0051,31.0057
3353,935112,466.75,264,1024,100.0,6,1,0,0.956,0.005,-0.0051,31.0057
3354,935208,486.7,285,1023,99.9,6,1,0,1.434,0.005,-0.0051,31.0057
3355,935480,487.04,276,1021,99.7,6,1,0,1.335,0.005,-0.0051,31.0057
3356,935616,492.84,290,1024,100.0,6,1,0,1.368,0.005,-0.0051,31.0057
3357,935872,577.76,158,1024,100.0,6,1,0,1.109,0.005,-0.0051,31.0057
3358,935904,481.68,270,1024,100.0,6,1,0,1.239,0.005,-0.0051,31.0057
3359,936152,463.11,269,1019,99.5,6,1,0,1.585,0.005,-0.0051,31.0057
3360,936800,513.08,148,1018,99.4,6,1,0,1.674,0.005,-0.0051,31.0057
3361,937192,501.03,276,1020,99.6,6,1,0,1.617,0.005,-0.0051,31.0057
3362,937280,489.99,271,1018,99.4,6,1,0,1.552,0.005,-0.0051,31.0057
3363,937440,504.71,279,1023,99.9,6,1,0,1.544,0.005,-0.0051,31.0057
3364,937712,506.71,279,1024,100.0,6,1,0,1.466,0.005,-0.0051,31.0057
3365,938112,489.06,276,1024,100.0,6,1,0,1.486,0.005,-0.0051,31.0057
3366,938128,503.73,282,1022,99.8,6,1,0,1.561,0.005,-0.0051,31.0057
3367,938360,497.79,276,1023,99.9,6,1,0,1.676,0.005,-0.0051,31.0057
3368,938648,524.75,151,1019,99.5,6,1,0,1.66,0.005,-0.0051,31.0057
3369,938760,492.95,245,1022,99.8,6,1,0,1.389,0.005,-0.0051,31.0057
3370,938904,510.05,149,1019,99.5,6,1,0,1.678,0.005,-0.0051,31.0057
3371,939216,495.35,253,1024,100.0,6,1,0,1.072,0.005,-0.0051,31.0057
3372,939560,488.92,285,1024,100.0,6,1,0,1.292,0.005,-0.0051,31.0057
3373,940160,494.75,256,1023,99.9,6,1,0,1.422,0.005,-0.0051,31.0057
3374,940184,491.54,257,1024,100.0,6,1,0,0.919,0.005,-0.0051,31.0057
3375,940488,486.6,230,1022,99.8,6,1,0,1.697,0.005,-0.0051,31.0057
3376,940592,513.51,279,1022,99.8,6,1,0,1.457,0.005,-0.0051,31.0057
3377,941016,490.78,282,1024,100.0,6,1,0,1.505,0.005,-0.0051,31.0057
3378,941136,470.71,279,1024,100.0,6,1,0,1.597,0.005,-0.0051,31.0057
3379,941384,565.45,153,1024,100.0,6,1,0,1.309,0.005,-0.0051,31.0057
3380,941416,471.25,275,1023,99.9,6,1,0,1.495,0.005,-0.0051,31.0057
3381,941744,498.08,273,1023,99.9,6,1,0,1.436,0.005,-0.0051,31.0057
3382,942328,530.36,149,1023,99.9,6,1,0,1.733,0.005,-0.0029,22.0197
3383,942408,482.33,227,1024,100.0,6,1,0,1.424,0.005,-0.0029,22.0197
3384,942416,474.42,279,1023,99.9,6,1,0,1.775,0.005,-0.0029,22.0197
3385,942712,467.82,278,1022,99.8,6,1,0,1.732,0.005,-0.0029,22.0197
3386,943040,500.24,253,1022,99.8,6,1,0,1.096,0.005,-0.0029,22.0197
3387,943512,472.4,266,1022,99.8,6,1,0,1.302,0.005,-0.0029,22.0197
3388,943560,497.91,268,1024,100.0,6,1,0,1.378,0.005,-0.0029,22.0197
3389,943576,571.75,156,1024,100.0,6,1,0,1.176,0.005,-0.0029,22.0197
3390,943704,2.56,24,219,21.4,1,0,1,0.183,0.005,-0.0029,22.0197
3391,943888,474.72,268,1022,99.8,6,1,0,1.817,0.005,-0.0029,22.0197
3392,944512,504.95,263,1023,99.9,6,1,0,1.078,0.005,-0.0029,22.0197
3393,944672,490.25,245,1023,99.9,6,1,0,1.524,0.005,-0.0029,22.0197
3394,944680,476.95,283,1023,99.9,6,1,0,1.784,0.005,-0.0029,22.0197
3395,944848,595.24,161,1024,100.0,6,1,0,1.167,0.005,-0.0029,22.0197
3396,945248,480.64,276,1022,99.8,6,1,0,1.727,0.005,-0.0029,22.0197
3397,945760,459.03,273,1019,99.5,6,1,0,1.794,0.005,-0.0029,22.0197
3398,945776,477.65,259,1024,100.0,6,1,0,1.342,0.005,-0.0029,22.0197
3399,945920,501.94,254,1024,100.0,6,1,0,1.086,0.005,-0.0029,22.0197
3400,946504,469.01,249,1024,100.0,6,1,0,1.212,0.005,-0.0029,22.0197
3401,946672,478.2,250,1024,100.0,6,1,0,1.021,0.005,-0.0029,22.0197
3402,946728,589.01,185,1024,100.0,6,1,0,1.309,0.005,-0.0029,22.0197
3403,946728,492.35,256,1023,99.9,6,1,0,1.328,0.005,-0.0029,22.0197
3404,947008,565.31,154,1024,100.0,6,1,0,1.027,0.005,-0.0029,22.0197
3405,947048,482.54,275,1024,100.0,6,1,0,1.559,0.005,-0.0029,22.0197
3406,947088,586.51,166,1024,100.0,6,1,0,1.294,0.005,-0.0029,22.0197
3407,947944,583.15,159,1024,100.0,6,1,0,1.359,0.005,-0.0029,22.0197
3408,948024,484.58,263,1024,100.0,6,1,0,1.205,0.005,-0.0029,22.0197
3409,948320,577.51,159,1024,100.0,6,1,0,1.235,0.005,-0.0029,22.0197
3410,948744,489.22,280,1023,99.9,6,1,0,1.707,0.005,-0.0029,22.0197
3411,948784,476.59,257,1024,100.0,6,1,0,1.666,0.005,-0.0029,22.0197
3412,948960,488.39,279,1022,99.8,6,1,0,1.613,0.005,-0.0029,22.0197
3413,949240,470.21,279,1021,99.7,6,1,0,1.567,0.005,-0.0029,22.0197
3414,949296,506.94,276,1023,99.9,6,1,0,1.465,0.005,-0.0029,22.0197
3415,949608,550.69,161,1024,100.0,6,1,0,1.534,0.005,-0.0029,22.0197
3416,950008,553.42,158,1024,100.0,6,1,0,1.359,0.005,-0.0029,22.0197
3417,950136,480.06,274,1020,99.6,6,1,0,1.562,0.005,-0.0029,22.0197
3418,950136,513.03,147,1024,100.0,6,1,0,1.33,0.005,-0.0029,22.0197
3419,950264,483.69,280,1023,99.9,6,1,0,1.844,0.005,-0.0029,22.0197
3420,950536,580.21,155,1024,100.0,6,1,0,1.036,0.005,-0.0056,36.8911
3421,950776,460.31,249,1022,99.8,6,1,0,1.009,0.005,-0.0056,36.8911
3422,951280,483.33,255,1024,100.0,6,1,0,0.988,0.005,-0.0056,36.8911
3423,951432,553.48,162,1024,100.0,6,1,0,1.665,0.005,-0.0056,36.8911
3424,951928,473.98,290,1022,99.8,6,1,0,1.722,0.005,-0.0056,36.8911
3425,952096,489.05,245,1024,100.0,6,1,0,1.57,0.005,-0.0056,36.8911
3426,952144,496.03,267,1023,99.9,6,1,0,1.448,0.005,-0.0056,36.8911
3427,952192,484.59,241,1024,100.0,6,1,0,1.341,0.005,-0.0056,36.8911
3428,952552,500.28,252,1021,99.7,6,1,0,1.074,0.005,-0.0056,36.8911
3429,952976,488.44,275,1019,99.5,6,1,0,1.808,0.005,-0.0056,36.8911
3430,953200,484.3,240,1022,99.8,6,1,0,1.444,0.005,-0.0056,36.8911
3431,953376,464.77,243,1024,100.0,6,1,0,1.305,0.005,-0.0056,36.8911
3432,953416,583.65,159,1024,100.0,6,1,0,1.36,0.005,-0.0056,36.8911
3433,953416,533.29,153,1019,99.5,6,1,0,1.643,0.005,-0.0056,36.8911
3434,954096,481.29,271,1018,99.4,6,1,0,1.828,0.005,-0.0056,36.8911
3435,954344,494.19,281,1020,99.6,6,1,0,1.761,0.005,-0.0056,36.8911
3436,954376,533.68,147,1024,100.0,6,1,0,1.514,0.005,-0.0056,36.8911
3437,954664,529.84,156,1024,100.0,6,1,0,1.506,0.005,-0.0056,36.8911
3438,954704,16.75,45,233,22.8,1,0,1,0.153,0.005,-0.0056,36.8911
3439,954768,473.32,277,1022,99.8,6,1,0,1.812,0.005,-0.0056,36.8911
3440,955136,495.91,270,1020,99.6,6,1,0,1.884,0.005,-0.0056,36.8911
3441,955240,475.47,233,1023,99.9,6,1,0,1.28,0.005,-0.0056,36.8911
3442,955312,565.92,152,1024,100.0,6,1,0,1.129,0.005,-0.0056,36.8911
3443,955432,478.66,252,1024,100.0,6,1,0,1.195,0.005,-0.0056,36.8911
3444,955968,527.43,150,1023,99.9,6,1,0,1.754,0.005,-0.0056,36.8911
3445,956248,480.41,139,1023,99.9,6,1,0,1.489,0.005,-0.0056,36.8911
3446,956368,469.81,249,1024,100.0,6,1,0,1.227,0.005,-0.0056,36.8911
3447,956688,481.68,253,1022,99.8,6,1,0,1.291,0.005,-0.0056,36.8911
3448,956728,487.06,253,1022,99.8,6,1,0,1.2,0.005,-0.0056,36.8911
3449,957072,506.71,229,1021,99.7,6,1,0,1.448,0.005,-0.0056,36.8911
3450,957416,494.52,146,1023,99.9,6,1,0,1.4,0.005,-0.0056,36.8911
3451,957520,504.08,276,1018,99.4,6,1,0,1.484,0.005,-0.0056,36.8911
3452,957616,486.21,273,1024,100.0,6,1,0,1.637,0.005,-0.0056,36.8911
3453,957648,521.1,160,1024,100.0,6,1,0,1.537,0.005,-0.0056,36.8911
3454,957888,518.7,150,1020,99.6,6,1,0,1.704,0.005,-0.0056,36.8911
3455,958160,470.45,274,1019,99.5,6,1,0,1.637,0.005,-0.0056,36.8911
3456,958608,489.65,235,1021,99.7,6,1,0,1.743,0.005,-0.0046,31.4171
3457,958672,518.96,144,1020,99.6,6,1,0,1.764,0.005,-0.0046,31.4171
3458,959336,491.53,283,1022,99.8,6,1,0,1.603,0.005,-0.0046,31.4171
3459,959672,503.51,282,1020,99.6,6,1,0,1.562,0.005,-0.0046,31.4171
3460,959776,478.26,266,1023,99.9,6,1,0,1.538,0.005,-0.0046,31.4171
3461,959824,476.54,276,1023,99.9,6,1,0,1.576,0.005,-0.0046,31.4171
3462,959856,473.44,246,1023,99.9,6,1,0,1.359,0.005,-0.0046,31.4171
3463,960160,487.9,250,1023,99.9,6,1,0,1.251,0.005,-0.0046,31.4171
3464,960744,477.69,267,1018,99.4,6,1,0,1.801,0.005,-0.0046,31.4171
3465,960824,499.43,269,1024,100.0,6,1,0,1.246,0.005,-0.0046,31.4171
3466,961528,474.56,274,1023,99.9,6,1,0,1.656,0.005,-0.0046,31.4171
3467,961792,503.48,252,1024,100.0,6,1,0,1.358,0.005,-0.0046,31.4171
3468,961824,484.32,269,1023,99.9,6,1,0,1.478,0.005,-0.0046,31.4171
3469,961976,496.25,265,1023,99.9,6,1,0,1.554,0.005,-0.0046,31.4171
3470,962328,474.39,271,1021,99.7,6,1,0,1.587,0.005,-0.0046,31.4171
3471,962760,548.26,154,1024,100.0,6,1,0,1.351,0.005,-0.0046,31.4171
3472,962920,557.37,387,1024,100.0,6,1,0,1.369,0.005,-0.0046,31.4171
3473,962984,476.97,270,1018,99.4,6,1,0,1.654,0.005,-0.0046,31.4171
3474,963024,500.15,285,1023,99.9,6,1,0,1.649,0.005,-0.0046,31.4171
3475,963232,579.87,157,1024,100.0,6,1,0,1.176,0.005,-0.0046,31.4171
3476,963968,495.08,272,1024,100.0,6,1,0,1.323,0.005,-0.0046,31.4171
3477,964032,580.2,159,1024,100.0,6,1,0,1.402,0.005,-0.0046,31.4171
3478,964048,492.19,278,1021,99.7,6,1,0,1.803,0.005,-0.0046,31.4171
3479,964168,477.69,230,1023,99.9,6,1,0,1.614,0.005,-0.0046,31.4171
3480,964208,518.92,148,1024,100.0,6,1,0,1.447,0.005,-0.0046,31.4171
3481,964488,589.24,157,1024,100.0,6,1,0,1.317,0.005,-0.0046,31.4171
3482,965144,509.58,270,1024,100.0,6,1,0,1.15,0.005,-0.0046,31.4171
3483,965168,494.51,281,1024,100.0,6,1,0,1.505,0.005,-0.0046,31.4171
3484,965688,556.55,150,1024,100.0,6,1,0,1.017,0.005,-0.0046,31.4171
3485,966040,493.66,234,1022,99.8,6,1,0,1.618,0.005,-0.0046,31.4171
3486,966120,486.21,259,1024,100.0,6,1,0,1.376,0.005,-0.0046,31.4171
3487,966248,486.03,277,1023,99.9,6,1,0,1.562,0.005,-0.0046,31.4171
3488,966256,490.6,286,1024,100.0,6,1,0,1.831,0.005,-0.0046,31.4171
3489,966320,475.51,264,1021,99.7,6,1,0,1.556,0.005,-0.0046,31.4171
3490,966352,536.49,151,1024,100.0,6,1,0,1.635,0.005,-0.0046,31.4171
3491,966352,518.92,148,1022,99.8,6,1,0,1.691,0.005,-0.0046,31.4171
3492,967432,589.66,164,1024,100.0,6,1,0,1.54,0.005,-0.0023,25.7584
3493,967520,534.07,150,1020,99.6,6,1,0,1.625,0.005,-0.0023,25.7584
3494,967520,573.99,158,1024,100.0,6,1,0,1.049,0.005,-0.0023,25.7584
3495,967584,530.36,154,1019,99.5,6,1,0,1.718,0.005,-0.0023,25.7584
3496,967864,477.38,272,1019,99.5,6,1,0,1.847,0.005,-0.0023,25.7584
3497,968304,472.66,244,1022,99.8,6,1,0,1.628,0.005,-0.0023,25.7584
3498,968336,487.53,287,1023,99.9,6,1,0,1.601,0.005,-0.0023,25.7584
3499,968464,499.95,277,1019,99.5,6,1,0,1.726,0.005,-0.0023,25.7584
3500,968800,536.0,160,1022,99.8,6,1,0,1.693,0.005,-0.0023,25.7584
3501,969640,470.84,276,1024,100.0,6,1,0,1.453,0.005,-0.0023,25.7584
3502,969688,474.19,271,1019,99.5,6,1,0,1.786,0.005,-0.0023,25.7584
3503,969728,606.44,174,1024,100.0,6,1,0,1.477,0.005,-0.0023,25.7584
3504,969848,484.05,283,1023,99.9,6,1,0,1.638,0.005,-0.0023,25.7584
3505,970064,489.28,275,1021,99.7,6,1,0,1.785,0.005,-0.0023,25.7584
3506,970400,464.53,262,1020,99.6,6,1,0,1.688,0.005,-0.0023,25.7584
3507,970736,493.87,284,1022,99.8,6,1,0,1.543,0.005,-0.0023,25.7584
3508,970888,485.96,261,1024,100.0,6,1,0,1.221,0.005,-0.0023,25.7584
3509,970888,503.66,145,1018,99.4,6,1,0,1.894,0.005,-0.0023,25.7584
3510,971656,568.33,157,1024,100.0,6,1,0,1.531,0.005,-0.0023,25.7584
3511,971792,511.84,269,1024,100.0,6,1,0,1.153,0.005,-0.0023,25.7584
3512,971848,490.18,250,1024,100.0,6,1,0,1.24,0.005,-0.0023,25.7584
3513,971872,490.07,273,1019,99.5,6,1,0,1.688,0.005,-0.0023,25.7584
3514,972296,466.91,279,1021,99.7,6,1,0,1.764,0.005,-0.0023,25.7584
3515,972832,468.67,243,1024,100.0,6,1,0,1.111,0.005,-0.0023,25.7584
3516,972936,486.31,256,1024,100.0,6,1,0,1.415,0.005,-0.0023,25.7584
3517,973016,504.17,143,1018,99.4,6,1,0,1.842,0.005,-0.0023,25.7584
3518,973024,496.21,286,1023,99.9,6,1,0,1.568,0.005,-0.0023,25.7584
3519,973040,577.29,156,1024,100.0,6,1,0,1.421,0.005,-0.0023,25.7584
3520,973200,17.97,20,230,22.5,1,0,1,0.127,0.005,-0.0023,25.7584
3521,973696,471.54,255,1021,99.7,6,1,0,1.267,0.005,-0.0023,25.7584
3522,973960,487.53,264,1024,100.0,6,1,0,0.833,0.005,-0.0023,25.7584
3523,974024,521.41,149,1024,100.0,6,1,0,1.574,0.005,-0.0023,25.7584
3524,974264,524.15,155,1019,99.5,6,1,0,1.855,0.005,-0.0023,25.7584
3525,974568,498.28,284,1023,99.9,6,1,0,1.61,0.005,-0.0023,25.7584
3526,974768,473.31,229,1022,99.8,6,1,0,1.375,0.005,-0.0023,25.7584
3527,975192,509.64,146,1019,99.5,6,1,0,1.713,0.005,-0.0042,32.6551
3528,975224,486.94,276,1020,99.6,6,1,0,1.579,0.005,-0.0042,32.6551
3529,975256,595.56,162,1024,100.0,6,1,0,1.271,0.005,-0.0042,32.6551
3530,975296,484.99,262,1017,99.3,6,1,0,1.827,0.005,-0.0042,32.6551
3531,975528,574.0,158,1024,100.0,6,1,0,1.377,0.005,-0.0042,32.6551
3532,975656,490.25,245,1023,99.9,6,1,0,1.411,0.005,-0.0042,32.6551
3533,976472,500.73,147,1020,99.6,6,1,0,1.663,0.005,-0.0042,32.6551
3534,976744,493.38,272,1024,100.0,6,1,0,1.617,0.005,-0.0042,32.6551
3535,976904,495.78,267,1023,99.9,6,1,0,1.092,0.005,-0.0042,32.6551
3536,977200,469.63,247,1023,99.9,6,1,0,0.971,0.005,-0.0042,32.6551
3537,977248,479.9,257,1024,100.0,6,1,0,1.168,0.005,-0.0042,32.6551
3538,977424,471.99,271,1017,99.3,6,1,0,1.725,0.005,-0.0042,32.6551
3539,977544,491.04,236,1020,99.6,6,1,0,1.444,0.005,-0.0042,32.6551
3540,977704,571.58,154,1024,100.0,6,1,0,1.066,0.005,-0.0042,32.6551
3541,977728,498.54,275,1023,99.9,6,1,0,1.703,0.005,-0.0042,32.6551
3542,978400,512.6,150,1023,99.9,6,1,0,1.649,0.005,-0.0042,32.6551
3543,978688,470.57,243,1024,100.0,6,1,0,1.404,0.005,-0.0042,32.6551
3544,978712,598.38,161,1024,100.0,6,1,0,1.113,0.005,-0.0042,32.6551
3545,978952,477.24,256,1024,100.0,6,1,0,0.952,0.005,-0.0042,32.6551
3546,979544,489.9,287,1022,99.8,6,1,0,1.842,0.005,-0.0042,32.6551
3547,979560,465.68,252,1024,100.0,6,1,0,1.111,0.005,-0.0042,32.6551
3548,979656,469.16,244,1023,99.9,6,1,0,1.51,0.005,-0.0042,32.6551
3549,979920,539.36,154,1024,100.0,6,1,0,1.573,0.005,-0.0042,32.6551
3550,980016,553.27,163,1024,100.0,6,1,0,1.653,0.005,-0.0042,32.6551
3551,980048,495.79,290,1021,99.7,6,1,0,1.863,0.005,-0.0042,32.6551
3552,980592,483.96,274,1024,100.0,6,1,0,1.676,0.005,-0.0042,32.6551
3553,980800,536.55,155,1023,99.9,6,1,0,1.862,0.005,-0.0042,32.6551
3554,981184,571.31,158,1024,100.0,6,1,0,1.091,0.005,-0.0042,32.6551
3555,981256,480.2,288,1021,99.7,6,1,0,1.802,0.005,-0.0042,32.6551
3556,981296,583.91,160,1024,100.0,6,1,0,1.258,0.005,-0.0042,32.6551
3557,981616,476.62,259,1020,99.6,6,1,0,1.069,0.005,-0.0042,32.6551
3558,981648,487.43,249,1023,99.9,6,1,0,1.149,0.005,-0.0042,32.6551
3559,981768,518.72,147,1019,99.5,6,1,0,1.804,0.005,-0.0042,32.6551
3560,982024,563.16,153,1024,100.0,6,1,0,1.592,0.005,-0.0042,32.6551
3561,982208,466.0,270,1023,99.9,6,1,0,1.685,0.005,-0.0042,32.6551
3562,982888,536.32,155,1019,99.5,6,1,0,1.795,0.005,-0.0042,32.6551
3563,983144,471.65,245,1024,100.0,6,1,0,1.271,0.005,-0.003,18.9739
3564,983232,482.53,247,1022,99.8,6,1,0,1.189,0.005,-0.003,18.9739
3565,983256,521.66,154,1020,99.6,6,1,0,1.837,0.005,-0.003,18.9739
3566,983496,501.55,275,1024,100.0,6,1,0,1.666,0.005,-0.003,18.9739
3567,983616,484.0,250,1024,100.0,6,1,0,0.956,0.005,-0.003,18.9739
3568,983984,486.63,277,1022,99.8,6,1,0,1.64,0.005,-0.003,18.9739
3569,984288,503.2,260,1024,100.0,6,1,0,1.404,0.005,-0.003,18.9739
3570,984992,476.59,231,1023,99.9,6,1,0,1.405,0.005,-0.003,18.9739
3571,985120,494.81,279,1023,99.9,6,1,0,1.624,0.005,-0.003,18.9739
3572,985248,592.22,158,1024,100.0,6,1,0,1.281,0.005,-0.003,18.9739
3573,985288,475.75,254,1024,100.0,6,1,0,0.951,0.005,-0.003,18.9739
3574,985296,477.75,225,1022,99.8,6,1,0,1.319,0.005,-0.003,18.9739
3575,985456,473.12,278,1020,99.6,6,1,0,1.685,0.005,-0.003,18.9739
3576,985488,465.16,234,1023,99.9,6,1,0,1.013,0.005,-0.003,18.9739
3577,986080,468.66,224,1021,99.7,6,1,0,1.271,0.005,-0.003,18.9739
3578,986512,560.23,152,1024,100.0,6,1,0,1.397,0.005,-0.003,18.9739
3579,987128,471.33,267,1021,99.7,6,1,0,1.665,0.005,-0.003,18.9739
3580,987144,481.38,232,1024,100.0,6,1,0,1.049,0.005,-0.003,18.9739
3581,987160,461.91,239,1024,100.0,6,1,0,1.344,0.005,-0.003,18.9739
3582,987368,464.25,235,1020,99.6,6,1,0,1.534,0.005,-0.003,18.9739
3583,987424,565.12,168,1020,99.6,6,1,0,1.686,0.005,-0.003,18.9739
3584,987424,463.13,288,1024,100.0,6,1,0,1.596,0.005,-0.003,18.9739
3585,987432,473.43,247,1022,99.8,6,1,0,1.497,0.005,-0.003,18.9739
3586,988280,480.29,221,1021,99.7,6,1,0,1.309,0.005,-0.003,18.9739
3587,988336,518.61,149,1024,100.0,6,1,0,1.725,0.005,-0.003,18.9739
3588,988528,524.75,145,1021,99.7,6,1,0,1.62,0.005,-0.003,18.9739
3589,988664,554.3,155,1023,99.9,6,1,0,1.711,0.005,-0.003,18.9739
3590,989312,480.6,269,1021,99.7,6,1,0,1.802,0.005,-0.003,18.9739
3591,989320,502.54,236,1024,100.0,6,1,0,1.447,0.005,-0.003,18.9739
3592,989328,462.35,275,1021,99.7,6,1,0,1.742,0.005,-0.003,18.9739
3593,989440,455.78,252,1023,99.9,6,1,0,1.501,0.005,-0.003,18.9739
3594,989776,574.63,156,1024,100.0,6,1,0,1.234,0.005,-0.003,18.9739
3595,989848,504.22,148,1017,99.3,6,1,0,1.869,0.005,-0.003,18.9739
3596,990312,461.16,254,1024,100.0,6,1,0,1.437,0.005,-0.003,18.9739
3597,990432,482.68,262,1021,99.7,6,1,0,1.786,0.005,-0.003,18.9739
3598,990832,590.17,174,1024,100.0,6,1,0,1.317,0.005,-0.003,18.9739
3599,990984,489.43,142,1019,99.5,6,1,0,1.692,0.005,-0.003,18.9739
3600,991176,460.88,232,1022,99.8,6,1,0,1.22,0.005,-0.003,18.9739
3601,991176,483.89,231,1021,99.7,6,1,0,1.426,0.005,-0.003,18.9739
3602,991288,493.53,247,1022,99.8,6,1,0,1.365,0.005,-0.0064,22.7439
3603,991944,487.69,271,1023,99.9,6,1,0,1.517,0.005,-0.0064,22.7439
3604,992392,518.98,152,1024,100.0,6,1,0,1.595,0.005,-0.0064,22.7439
3605,992448,468.58,252,1024,100.0,6,1,0,1.064,0.005,-0.0064,22.7439
3606,992472,480.68,270,1020,99.6,6,1,0,1.713,0.005,-0.0064,22.7439
3607,992704,485.26,234,1024,100.0,6,1,0,1.242,0.005,-0.0064,22.7439
3608,992968,483.12,248,1024,100.0,6,1,0,1.107,0.005,-0.0064,22.7439
3609,993112,483.78,242,1021,99.7,6,1,0,1.348,0.005,-0.0064,22.7439
3610,993120,513.03,147,1022,99.8,6,1,0,1.636,0.005,-0.0064,22.7439
3611,993496,504.5,276,1019,99.5,6,1,0,1.792,0.005,-0.0064,22.7439
3612,993584,518.9,149,1019,99.5,6,1,0,1.658,0.005,-0.0064,22.7439
3613,994000,595.2,162,1024,100.0,6,1,0,1.146,0.005,-0.0064,22.7439
3614,994456,455.12,251,1024,100.0,6,1,0,0.975,0.005,-0.0064,22.7439
3615,994672,488.42,275,1021,99.7,6,1,0,1.745,0.005,-0.0064,22.7439
3616,994768,456.95,225,1021,99.7,6,1,0,0.864,0.005,-0.0064,22.7439
3617,994944,479.31,229,1022,99.8,6,1,0,0.997,0.005,-0.0064,22.7439
3618,995256,478.32,267,1015,99.1,6,1,0,1.684,0.005,-0.0064,22.7439
3619,995344,586.11,168,1024,100.0,6,1,0,1.059,0.005,-0.0064,22.7439
3620,995464,494.04,246,1024,100.0,6,1,0,1.606,0.005,-0.0064,22.7439
3621,995472,467.44,236,1024,100.0,6,1,0,1.361,0.005,-0.0064,22.7439
3622,995968,518.9,150,1024,100.0,6,1,0,1.597,0.005,-0.0064,22.7439
3623,996584,572.06,155,1024,100.0,6,1,0,1.017,0.005,-0.0064,22.7439
3624,996632,504.48,272,1019,99.5,6,1,0,1.567,0.005,-0.0064,22.7439
3625,996752,472.08,260,1023,99.9,6,1,0,1.757,0.005,-0.0064,22.7439
3626,997096,498.89,269,1024,100.0,6,1,0,1.658,0.005,-0.0064,22.7439
3627,997208,459.96,244,1020,99.6,6,1,0,1.618,0.005,-0.0064,22.7439
3628,997496,470.06,253,1024,100.0,6,1,0,1.18,0.005,-0.0064,22.7439
3629,997680,498.22,277,1021,99.7,6,1,0,1.506,0.005,-0.0064,22.7439
3630,997912,519.15,145,1024,100.0,6,1,0,1.458,0.005,-0.0064,22.7439
3631,998120,499.04,269,1020,99.6,6,1,0,1.763,0.005,-0.0064,22.7439
3632,998408,494.62,228,1023,99.9,6,1,0,1.408,0.005,-0.0064,22.7439
3633,998720,539.77,153,1021,99.7,6,1,0,1.809,0.005,-0.0064,22.7439
3634,998896,475.11,283,1024,100.0,6,1,0,1.56,0.005,-0.0064,22.7439
3635,999136,476.59,241,1024,100.0,6,1,0,1.17,0.005,-0.0064,22.7439
3636,999312,510.08,277,1022,99.8,6,1,0,1.861,0.005,-0.0064,22.7439
3637,999880,490.05,275,1018,99.4,6,1,0,1.716,0.005,-0.0049,20.9435
3638,999960,470.42,256,1021,99.7,6,1,0,1.53,0.005,-0.0049,20.9435
3639,1000280,478.36,234,1022,99.8,6,1,0,1.475,0.005,-0.0049,20.9435
3640,1000320,528.02,148,1022,99.8,6,1,0,1.45,0.005,-0.0049,20.9435
3641,1000376,491.03,282,1023,99.9,6,1,0,1.711,0.005,-0.0049,20.9435
3642,1000568,476.89,231,1022,99.8,6,1,0,1.32,0.005,-0.0049,20.9435
3643,1001064,498.43,271,1024,100.0,6,1,0,1.59,0.005,-0.0049,20.9435
3644,1001120,488.67,226,1023,99.9,6,1,0,1.285,0.005,-0.0049,20.9435
3645,1001128,570.88,156,1024,100.0,6,1,0,1.596,0.005,-0.0049,20.9435
3646,1001600,580.29,160,1024,100.0,6,1,0,1.194,0.005,-0.0049,20.9435
3647,1001872,478.45,239,1023,99.9,6,1,0,1.329,0.005,-0.0049,20.9435
3648,1002056,479.44,186,1024,100.0,6,1,0,1.454,0.005,-0.0049,20.9435
3649,1002304,515.8,148,1020,99.6,6,1,0,1.496,0.005,-0.0049,20.9435
3650,1002432,488.01,269,1019,99.5,6,1,0,1.813,0.005,-0.0049,20.9435
3651,1002632,476.28,282,1023,99.9,6,1,0,1.737,0.005,-0.0049,20.9435
3652,1003064,489.7,250,1022,99.8,6,1,0,0.87,0.005,-0.0049,20.9435
3653,1003216,496.57,261,1024,100.0,6,1,0,1.16,0.005,-0.0049,20.9435
3654,1003616,582.6,164,1024,100.0,6,1,0,1.304,0.005,-0.0049,20.9435
3655,1003744,481.32,268,1019,99.5,6,1,0,1.779,0.005,-0.0049,20.9435
3656,1003880,472.22,228,1024,100.0,6,1,0,1.385,0.005,-0.0049,20.9435
3657,1003920,483.05,256,1024,100.0,6,1,0,1.138,0.005,-0.0049,20.9435
3658,1004520,460.57,261,1019,99.5,6,1,0,1.63,0.005,-0.0049,20.9435
3659,1004840,510.44,276,1020,99.6,6,1,0,1.755,0.005,-0.0049,20.9435
3660,1004936,488.56,234,1023,99.9,6,1,0,1.526,0.005,-0.0049,20.9435
3661,1005200,592.65,160,1024,100.0,6,1,0,1.167,0.005,-0.0049,20.9435
3662,1005200,466.12,248,1024,100.0,6,1,0,1.326,0.005,-0.0049,20.9435
3663,1005232,552.91,169,1021,99.7,6,1,0,1.46,0.005,-0.0049,20.9435
3664,1005536,499.2,240,1023,99.9,6,1,0,1.427,0.005,-0.0049,20.9435
3665,1005984,457.99,280,1023,99.9,6,1,0,1.687,0.005,-0.0049,20.9435
3666,1006336,457.53,227,1023,99.9,6,1,0,1.232,0.005,-0.0049,20.9435
3667,1006920,486.17,173,1020,99.6,6,1,0,1.385,0.005,-0.0049,20.9435
3668,1006920,485.5,260,1024,100.0,6,1,0,1.114,0.005,-0.0049,20.9435
3669,1006984,486.38,256,1022,99.8,6,1,0,1.262,0.005,-0.0049,20.9435
3670,1007016,479.83,227,1024,100.0,6,1,0,1.513,0.005,-0.0049,20.9435
3671,1007224,464.84,253,1024,100.0,6,1,0,1.303,0.005,-0.0049,20.9435
3672,1007280,494.69,256,1023,99.9,6,1,0,1.124,0.005,-0.0049,20.9435
3673,1008080,503.94,145,1019,99.5,6,1,0,1.714,0.005,-0.005,25.2449
3674,1008104,480.56,265,1024,100.0,6,1,0,1.869,0.005,-0.005,25.2449
3675,1008232,544.76,164,1024,100.0,6,1,0,1.355,0.005,-0.005,25.2449
3676,1008232,577.75,156,1024,100.0,6,1,0,1.354,0.005,-0.005,25.2449
3677,1008400,591.84,173,1024,100.0,6,1,0,1.42,0.005,-0.005,25.2449
3678,1008424,500.79,150,1019,99.5,6,1,0,1.634,0.005,-0.005,25.2449
3679,1008520,569.44,155,1024,100.0,6,1,0,1.158,0.005,-0.005,25.2449
3680,1008592,488.23,282,1022,99.8,6,1,0,1.451,0.005,-0.005,25.2449
3681,1009320,569.37,152,1024,100.0,6,1,0,1.376,0.005,-0.005,25.2449
3682,1009352,492.5,140,1019,99.5,6,1,0,1.647,0.005,-0.005,25.2449
3683,1009688,568.37,161,1024,100.0,6,1,0,1.328,0.005,-0.005,25.2449
3684,1009728,516.37,151,1021,99.7,6,1,0,1.734,0.005,-0.005,25.2449
3685,1009912,467.81,229,1024,100.0,6,1,0,1.265,0.005,-0.005,25.2449
3686,1010064,475.21,229,1024,100.0,6,1,0,1.343,0.005,-0.005,25.2449
3687,1010464,474.16,234,1024,100.0,6,1,0,1.335,0.005,-0.005,25.2449
3688,1010496,513.63,147,1018,99.4,6,1,0,1.558,0.005,-0.005,25.2449
3689,1010512,505.7,261,1024,100.0,6,1,0,1.201,0.005,-0.005,25.2449
3690,1010872,528.02,148,1019,99.5,6,1,0,1.837,0.005,-0.005,25.2449
3691,1011112,482.97,173,1021,99.7,6,1,0,1.092,0.005,-0.005,25.2449
3692,1011384,460.44,254,1024,100.0,6,1,0,1.614,0.005,-0.005,25.2449
3693,1011696,475.07,223,1024,100.0,6,1,0,1.184,0.005,-0.005,25.2449
3694,1012264,509.76,144,1020,99.6,6,1,0,1.762,0.005,-0.005,25.2449
3695,1012328,495.72,283,1023,99.9,6,1,0,1.858,0.005,-0.005,25.2449
3696,1012440,475.23,247,1024,100.0,6,1,0,1.218,0.005,-0.005,25.2449
3697,1012624,586.33,155,1024,100.0,6,1,0,1.329,0.005,-0.005,25.2449
3698,1012664,484.68,271,1019,99.5,6,1,0,1.846,0.005,-0.005,25.2449
3699,1012704,471.66,274,1018,99.4,6,1,0,1.687,0.005,-0.005,25.2449
3700,1012720,480.29,231,1024,100.0,6,1,0,1.319,0.005,-0.005,25.2449
3701,1012864,515.94,146,1023,99.9,6,1,0,1.655,0.005,-0.005,25.2449
3702,1013448,519.42,148,1021,99.7,6,1,0,1.694,0.005,-0.005,25.2449
3703,1013656,580.77,152,1024,100.0,6,1,0,1.144,0.005,-0.005,25.2449
3704,1014040,507.13,147,1018,99.4,6,1,0,1.727,0.005,-0.005,25.2449
3705,1014176,464.49,231,1024,100.0,6,1,0,1.397,0.005,-0.005,25.2449
3706,1014496,463.86,234,1022,99.8,6,1,0,1.141,0.005,-0.005,25.2449
3707,1014528,474.34,226,1023,99.9,6,1,0,1.268,0.005,-0.005,25.2449
3708,1014616,472.91,239,1023,99.9,6,1,0,1.189,0.005,-0.005,25.2449
3709,1014656,530.89,151,1021,99.7,6,1,0,1.785,0.005,-0.005,25.2449
3710,1014784,454.22,265,1024,100.0,6,1,0,1.362,0.005,-0.005,25.2449
3711,1015760,482.84,263,1022,99.8,6,1,0,0.936,0.005,-0.005,25.2449
3712,1015784,515.64,146,1018,99.4,6,1,0,1.607,0.005,-0.005,25.2449
3713,1015856,559.48,150,1024,100.0,6,1,0,1.219,0.005,-0.0046,19.5968
3714,1016160,471.85,265,1018,99.4,6,1,0,1.612,0.005,-0.0046,19.5968
3715,1016168,484.71,249,1024,100.0,6,1,0,1.329,0.005,-0.0046,19.5968
3716,1016480,467.76,244,1024,100.0,6,1,0,1.372,0.005,-0.0046,19.5968
3717,1016576,484.69,260,1020,99.6,6,1,0,1.591,0.005,-0.0046,19.5968
3718,1016672,471.24,236,1020,99.6,6,1,0,1.319,0.005,-0.0046,19.5968
3719,1016968,524.52,151,1020,99.6,6,1,0,1.805,0.005,-0.0046,19.5968
3720,1017040,524.92,148,1023,99.9,6,1,0,1.601,0.005,-0.0046,19.5968
3721,1017376,566.04,151,1024,100.0,6,1,0,1.2,0.005,-0.0046,19.5968
3722,1017952,483.25,271,1021,99.7,6,1,0,1.673,0.005,-0.0046,19.5968
3723,1018352,501.56,274,1023,99.9,6,1,0,1.762,0.005,-0.0046,19.5968
3724,1018400,494.22,228,1023,99.9,6,1,0,1.161,0.005,-0.0046,19.5968
3725,1018544,489.76,234,1022,99.8,6,1,0,1.261,0.005,-0.0046,19.5968
3726,1018656,501.68,272,1023,99.9,6,1,0,1.58,0.005,-0.0046,19.5968
3727,1018816,469.39,231,1023,99.9,6,1,0,1.217,0.005,-0.0046,19.5968
3728,1018960,483.6,240,1023,99.9,6,1,0,1.396,0.005,-0.0046,19.5968
3729,1019488,487.66,264,1023,99.9,6,1,0,1.416,0.005,-0.0046,19.5968
3730,1019520,534.04,146,1018,99.4,6,1,0,1.832,0.005,-0.0046,19.5968
3731,1019560,509.75,145,1020,99.6,6,1,0,1.545,0.005,-0.0046,19.5968
3732,1019832,528.48,147,1020,99.6,6,1,0,1.622,0.005,-0.0046,19.5968
3733,1020184,472.37,279,1024,100.0,6,1,0,1.595,0.005,-0.0046,19.5968
3734,1020752,474.7,276,1020,99.6,6,1,0,1.828,0.005,-0.0046,19.5968
3735,1020960,496.7,250,1024,100.0,6,1,0,1.03,0.005,-0.0046,19.5968
3736,1020984,527.99,144,1022,99.8,6,1,0,1.726,0.005,-0.0046,19.5968
3737,1021024,470.74,276,1023,99.9,6,1,0,1.694,0.005,-0.0046,19.5968
3738,1021400,464.41,239,1024,100.0,6,1,0,1.32,0.005,-0.0046,19.5968
3739,1021592,472.48,254,1024,100.0,6,1,0,1.291,0.005,-0.0046,19.5968
3740,1021592,478.28,259,1024,100.0,6,1,0,1.12,0.005,-0.0046,19.5968
3741,1022128,506.84,146,1023,99.9,6,1,0,1.741,0.005,-0.0046,19.5968
3742,1022400,467.54,277,1020,99.6,6,1,0,1.589,0.005,-0.0046,19.5968
3743,1022904,496.39,269,1024,100.0,6,1,0,1.127,0.005,-0.0046,19.5968
3744,1023128,594.76,192,1024,100.0,6,1,0,1.206,0.005,-0.0046,19.5968
3745,1023232,488.07,281,1017,99.3,6,1,0,1.591,0.005,-0.0046,19.5968
3746,1023248,480.28,278,1018,99.4,6,1,0,1.553,0.005,-0.0046,19.5968
3747,1023592,474.06,274,1024,100.0,6,1,0,1.543,0.005,-0.0046,19.5968
3748,1023632,496.2,255,1024,100.0,6,1,0,1.218,0.005,-0.0046,19.5968
3749,1024280,469.01,269,1022,99.8,6,1,0,1.518,0.005,-0.0056,22.7322
3750,1024296,462.83,237,1024,100.0,6,1,0,1.369,0.005,-0.0056,22.7322
3751,1024824,524.71,149,1021,99.7,6,1,0,1.851,0.005,-0.0056,22.7322
3752,1024864,479.54,245,1022,99.8,6,1,0,1.247,0.005,-0.0056,22.7322
3753,1025032,466.77,223,1023,99.9,6,1,0,1.292,0.005,-0.0056,22.7322
3754,1025296,487.19,271,1024,100.0,6,1,0,1.615,0.005,-0.0056,22.7322
3755,1025376,502.32,268,1023,99.9,6,1,0,1.624,0.005,-0.0056,22.7322
3756,1025504,524.89,151,1018,99.4,6,1,0,1.803,0.005,-0.0056,22.7322
3757,1025528,565.03,156,1024,100.0,6,1,0,1.305,0.005,-0.0056,22.7322
3758,1026576,449.11,373,1024,100.0,6,1,0,1.649,0.005,-0.0056,22.7322
3759,1026592,465.15,221,1024,100.0,6,1,0,1.245,0.005,-0.0056,22.7322
3760,1026696,549.01,149,1023,99.9,6,1,0,1.734,0.005,-0.0056,22.7322
3761,1026760,465.33,237,1024,100.0,6,1,0,1.048,0.005,-0.0056,22.7322
3762,1027032,472.2,250,1024,100.0,6,1,0,1.042,0.005,-0.0056,22.7322
3763,1027168,456.04,234,1024,100.0,6,1,0,1.248,0.005,-0.0056,22.7322
3764,1027464,481.99,261,1024,100.0,6,1,0,1.693,0.005,-0.0056,22.7322
3765,1027656,465.9,266,1023,99.9,6,1,0,1.743,0.005,-0.0056,22.7322
3766,1028192,516.25,145,1019,99.5,6,1,0,1.784,0.005,-0.0056,22.7322
3767,1028528,470.66,244,1024,100.0,6,1,0,1.577,0.005,-0.0056,22.7322
3768,1028560,481.27,233,1022,99.8,6,1,0,1.22,0.005,-0.0056,22.7322
3769,1028696,566.8,154,1024,100.0,6,1,0,1.27,0.005,-0.0056,22.7322
3770,1028784,489.06,274,1020,99.6,6,1,0,1.605,0.005,-0.0056,22.7322
3771,1028952,491.8,274,1023,99.9,6,1,0,1.761,0.005,-0.0056,22.7322
3772,1029328,498.9,270,1024,100.0,6,1,0,1.572,0.005,-0.0056,22.7322
3773,1029344,519.66,144,1018,99.4,6,1,0,1.58,0.005,-0.0056,22.7322
3774,1029720,482.56,258,1024,100.0,6,1,0,1.685,0.005,-0.0056,22.7322
3775,1030528,515.82,148,1019,99.5,6,1,0,1.717,0.005,-0.0056,22.7322
3776,1030544,496.36,252,1024,100.0,6,1,0,1.053,0.005,-0.0056,22.7322
3777,1030624,510.07,258,1024,100.0,6,1,0,0.873,0.005,-0.0056,22.7322
3778,1030624,476.5,230,1024,100.0,6,1,0,1.296,0.005,-0.0056,22.7322
3779,1030704,472.96,251,1023,99.9,6,1,0,1.51,0.005,-0.0056,22.7322
3780,1031160,489.34,276,1023,99.9,6,1,0,1.702,0.005,-0.0056,22.7322
3781,1031344,509.03,252,1024,100.0,6,1,0,1.226,0.005,-0.0056,22.7322
3782,1031800,537.03,147,1019,99.5,6,1,0,1.816,0.005,-0.0056,22.7322
3783,1031816,528.06,149,1019,99.5,6,1,0,1.536,0.005,-0.0056,22.7322
3784,1031888,551.4,148,1024,100.0,6,1,0,0.86,0.005,-0.0056,22.7322
3785,1031952,456.38,279,1023,99.9,6,1,0,1.6,0.005,-0.0056,22.7322
3786,1032056,-6.8,21,204,19.9,1,0,1,0.01,0.005,-0.0056,22.7322
3787,1032320,495.25,145,1018,99.4,6,1,0,1.856,0.005,-0.0049,37.5056
3788,1032528,487.52,248,1024,100.0,6,1,0,1.082,0.005,-0.0049,37.5056
3789,1032648,478.75,265,1020,99.6,6,1,0,1.877,0.005,-0.0049,37.5056
3790,1032960,504.47,143,1018,99.4,6,1,0,1.77,0.005,-0.0049,37.5056
3791,1033464,472.75,265,1020,99.6,6,1,0,1.865,0.005,-0.0049,37.5056
3792,1033648,452.69,231,1021,99.7,6,1,0,1.259,0.005,-0.0049,37.5056
3793,1033688,452.33,217,1024,100.0,6,1,0,1.183,0.005,-0.0049,37.5056
3794,1033808,504.05,145,1022,99.8,6,1,0,1.568,0.005,-0.0049,37.5056
3795,1033824,600.85,162,1024,100.0,6,1,0,1.069,0.005,-0.0049,37.5056
3796,1033864,459.34,226,1024,100.0,6,1,0,0.982,0.005,-0.0049,37.5056
3797,1034304,607.05,168,1024,100.0,6,1,0,1.063,0.005,-0.0049,37.5056
3798,1034512,491.16,274,1022,99.8,6,1,0,1.765,0.005,-0.0049,37.5056
3799,1035392,478.9,218,1021,99.7,6,1,0,1.111,0.005,-0.0049,37.5056
3800,1035440,501.48,142,1019,99.5,6,1,0,1.696,0.005,-0.0049,37.5056
3801,1035456,474.59,221,1023,99.9,6,1,0,1.166,0.005,-0.0049,37.5056
3802,1035592,482.04,266,1019,99.5,6,1,0,1.606,0.005,-0.0049,37.5056
3803,1035632,489.18,221,1020,99.6,6,1,0,1.271,0.005,-0.0049,37.5056
3804,1035840,485.42,252,1024,100.0,6,1,0,0.779,0.005,-0.0049,37.5056
3805,1035984,0.07,18,229,22.4,1,0,1,0.164,0.005,-0.0049,37.5056
3806,1036048,494.3,280,1020,99.6,6,1,0,1.622,0.005,-0.0049,37.5056
3807,1036376,473.57,233,1024,100.0,6,1,0,1.23,0.005,-0.0049,37.5056
3808,1037504,470.24,256,1020,99.6,6,1,0,1.636,0.005,-0.0049,37.5056
3809,1037528,473.69,261,1020,99.6,6,1,0,1.791,0.005,-0.0049,37.5056
3810,1037544,493.41,269,1020,99.6,6,1,0,1.623,0.005,-0.0049,37.5056
3811,1037760,489.79,271,1020,99.6,6,1,0,1.725,0.005,-0.0049,37.5056
3812,1037808,479.97,272,1020,99.6,6,1,0,1.823,0.005,-0.0049,37.5056
3813,1038104,490.95,265,1022,99.8,6,1,0,1.605,0.005,-0.0049,37.5056
3814,1038592,491.63,277,1024,100.0,6,1,0,1.418,0.005,-0.0049,37.5056
3815,1038744,584.05,155,1024,100.0,6,1,0,1.289,0.005,-0.0049,37.5056
3816,1039288,550.96,148,1024,100.0,6,1,0,1.169,0.005,-0.0049,37.5056
3817,1039392,465.9,418,1022,99.8,6,1,0,1.646,0.005,-0.0049,37.5056
3818,1039496,483.91,246,1024,100.0,6,1,0,1.15,0.005,-0.0049,37.5056
3819,1039504,466.55,245,1024,100.0,6,1,0,1.391,0.005,-0.0049,37.5056
3820,1039680,481.56,234,1023,99.9,6,1,0,1.328,0.005,-0.0049,37.5056
3821,1039824,479.76,258,1024,100.0,6,1,0,1.024,0.005,-0.0049,37.5056
3822,1040368,468.2,222,1024,100.0,6,1,0,1.085,0.005,-0.0049,37.5056
3823,1040504,463.82,220,1022,99.8,6,1,0,1.557,0.005,-0.0048,53.8734
3824,1040568,566.11,147,1024,100.0,6,1,0,1.222,0.005,-0.0048,53.8734
3825,1040656,513.25,145,1018,99.4,6,1,0,1.881,0.005,-0.0048,53.8734
3826,1040984,601.33,163,1024,100.0,6,1,0,1.287,0.005,-0.0048,53.8734
3827,1041200,457.74,239,1024,100.0,6,1,0,1.431,0.005,-0.0048,53.8734
3828,1041840,559.94,148,1024,100.0,6,1,0,1.261,0.005,-0.0048,53.8734
3829,1041952,478.35,306,1024,100.0,6,1,0,1.421,0.005,-0.0048,53.8734
3830,1041968,491.7,268,1019,99.5,6,1,0,1.874,0.005,-0.0048,53.8734
3831,1042256,461.96,219,1024,100.0,6,1,0,1.188,0.005,-0.0048,53.8734
3832,1042440,476.19,259,1019,99.5,6,1,0,1.763,0.005,-0.0048,53.8734
3833,1042488,469.39,240,1024,100.0,6,1,0,1.136,0.005,-0.0048,53.8734
3834,1043048,550.19,151,1024,100.0,6,1,0,1.169,0.005,-0.0048,53.8734
3835,1043112,486.97,266,1023,99.9,6,1,0,1.784,0.005,-0.0048,53.8734
3836,1043160,533.99,151,1018,99.4,6,1,0,1.778,0.005,-0.0048,53.8734
3837,1043192,568.74,153,1024,100.0,6,1,0,1.225,0.005,-0.0048,53.8734
3838,1043312,469.36,264,1023,99.9,6,1,0,1.554,0.005,-0.0048,53.8734
3839,1043456,536.7,150,1018,99.4,6,1,0,1.842,0.005,-0.0048,53.8734
3840,1043664,522.13,147,1019,99.5,6,1,0,1.79,0.005,-0.0048,53.8734
3841,1044232,518.72,148,1019,99.5,6,1,0,1.869,0.005,-0.0048,53.8734
3842,1044464,585.89,169,1024,100.0,6,1,0,1.131,0.005,-0.0048,53.8734
3843,1044472,518.85,145,1019,99.5,6,1,0,1.668,0.005,-0.0048,53.8734
3844,1044536,471.42,262,1024,100.0,6,1,0,1.775,0.005,-0.0048,53.8734
3845,1044904,580.09,155,1024,100.0,6,1,0,1.429,0.005,-0.0048,53.8734
3846,1044912,481.69,219,1024,100.0,6,1,0,0.855,0.005,-0.0048,53.8734
3847,1045240,458.59,256,1019,99.5,6,1,0,1.724,0.005,-0.0048,53.8734
3848,1045432,478.43,247,1024,100.0,6,1,0,1.143,0.005,-0.0048,53.8734
3849,1045440,578.63,151,1024,100.0,6,1,0,1.132,0.005,-0.0048,53.8734
3850,1045712,580.29,155,1024,100.0,6,1,0,1.305,0.005,-0.0048,53.8734
3851,1046128,521.47,153,1022,99.8,6,1,0,1.804,0.005,-0.0048,53.8734
3852,1046320,469.77,223,1024,100.0,6,1,0,1.378,0.005,-0.0048,53.8734
3853,1046416,554.27,147,1024,100.0,6,1,0,1.052,0.005,-0.0048,53.8734
3854,1046656,484.16,274,1024,100.0,6,1,0,1.83,0.005,-0.0048,53.8734
3855,1047016,490.83,263,1018,99.4,6,1,0,1.766,0.005,-0.0048,53.8734
3856,1047512,565.94,149,1024,100.0,6,1,0,0.897,0.005,-0.0048,53.8734
3857,1047576,477.17,233,1022,99.8,6,1,0,1.054,0.005,-0.0048,53.8734
3858,1047608,483.39,271,1017,99.3,6,1,0,1.725,0.005,-0.0048,53.8734
3859,1047640,571.87,153,1024,100.0,6,1,0,0.989,0.005,-0.0048,53.8734
3860,1047640,501.74,276,1019,99.5,6,1,0,1.609,0.005,-0.0048,53.8734
3861,1048096,487.94,246,1024,100.0,6,1,0,1.023,0.005,-0.0048,53.8734
3862,1048504,469.9,231,1023,99.9,6,1,0,1.16,0.005,-0.0048,53.8734
3863,1048824,566.19,148,1024,100.0,6,1,0,1.02,0.005,-0.0051,20.407
3864,1048840,554.09,150,1024,100.0,6,1,0,0.828,0.005,-0.0051,20.407
3865,1049184,495.59,271,1019,99.5,6,1,0,1.679,0.005,-0.0051,20.407
3866,1049488,471.83,247,1024,100.0,6,1,0,1.078,0.005,-0.0051,20.407
3867,1049592,478.02,248,1024,100.0,6,1,0,0.957,0.005,-0.0051,20.407
3868,1049736,476.82,270,1019,99.5,6,1,0,1.846,0.005,-0.0051,20.407
3869,1050104,455.18,251,1024,100.0,6,1,0,1.593,0.005,-0.0051,20.407
3870,1050520,488.93,252,1024,100.0,6,1,0,0.788,0.005,-0.0051,20.407
3871,1050568,463.02,218,1024,100.0,6,1,0,1.151,0.005,-0.0051,20.407
3872,1050936,465.11,219,1024,100.0,6,1,0,1.314,0.005,-0.0051,20.407
3873,1051000,568.68,158,1024,100.0,6,1,0,1.143,0.005,-0.0051,20.407
3874,1051040,485.62,275,1023,99.9,6,1,0,1.609,0.005,-0.0051,20.407
3875,1051256,515.96,144,1019,99.5,6,1,0,1.715,0.005,-0.0051,20.407
3876,1051280,450.16,224,1024,100.0,6,1,0,1.172,0.005,-0.0051,20.407
3877,1051376,462.37,223,1024,100.0,6,1,0,1.039,0.005,-0.0051,20.407
3878,1052168,525.24,146,1019,99.5,6,1,0,1.764,0.005,-0.0051,20.407
3879,1052272,463.98,219,1024,100.0,6,1,0,1.198,0.005,-0.0051,20.407
3880,1052712,481.55,268,1020,99.6,6,1,0,1.858,0.005,-0.0051,20.407
3881,1052792,467.15,232,1024,100.0,6,1,0,0.623,0.005,-0.0051,20.407
3882,1053112,473.29,259,1019,99.5,6,1,0,1.869,0.005,-0.0051,20.407
3883,1053360,469.47,263,1019,99.5,6,1,0,1.689,0.005,-0.0051,20.407
3884,1053432,469.71,269,1017,99.3,6,1,0,1.755,0.005,-0.0051,20.407
3885,1053480,471.4,263,1019,99.5,6,1,0,1.804,0.005,-0.0051,20.407
3886,1053944,559.85,154,1024,100.0,6,1,0,1.253,0.005,-0.0051,20.407
3887,1053960,560.48,146,1024,100.0,6,1,0,0.855,0.005,-0.0051,20.407
3888,1054008,473.7,230,1022,99.8,6,1,0,0.957,0.005,-0.0051,20.407
3889,1054528,479.05,282,1021,99.7,6,1,0,1.861,0.005,-0.0051,20.407
3890,1054600,584.06,155,1023,99.9,6,1,0,0.991,0.005,-0.0051,20.407
3891,1054712,542.56,154,1020,99.6,6,1,0,1.812,0.005,-0.0051,20.407
3892,1055088,450.43,247,1021,99.7,6,1,0,1.855,0.005,-0.0051,20.407
3893,1055120,516.15,145,1019,99.5,6,1,0,1.651,0.005,-0.0051,20.407
3894,1055264,562.88,157,1024,100.0,6,1,0,1.025,0.005,-0.0051,20.407
3895,1055528,466.25,262,1019,99.5,6,1,0,1.718,0.005,-0.0051,20.407
3896,1055688,465.98,218,1024,100.0,6,1,0,0.805,0.005,-0.0051,20.407
3897,1056264,533.73,147,1020,99.6,6,1,0,1.737,0.005,-0.0051,20.407
3898,1056496,470.73,237,1024,100.0,6,1,0,1.268,0.005,-0.0051,20.407
3899,1056568,457.23,255,1021,99.7,6,1,0,1.89,0.005,-0.0051,20.407
3900,1056808,488.03,262,1020,99.6,6,1,0,1.872,0.005,-0.0008,17.9201
3901,1056872,464.71,219,1021,99.7,6,1,0,1.096,0.005,-0.0008,17.9201
3902,1057208,471.07,243,1019,99.5,6,1,0,1.326,0.005,-0.0008,17.9201
3903,1057568,479.8,255,1023,99.9,6,1,0,1.542,0.005,-0.0008,17.9201
3904,1057680,553.34,148,1024,100.0,6,1,0,1.097,0.005,-0.0008,17.9201
3905,1057872,481.27,273,1020,99.6,6,1,0,1.873,0.005,-0.0008,17.9201
3906,1058064,533.91,149,1019,99.5,6,1,0,1.688,0.005,-0.0008,17.9201
3907,1058424,471.1,270,1019,99.5,6,1,0,1.588,0.005,-0.0008,17.9201
3908,1058720,480.91,269,1021,99.7,6,1,0,1.631,0.005,-0.0008,17.9201
3909,1058984,494.55,272,1022,99.8,6,1,0,1.732,0.005,-0.0008,17.9201
3910,1059192,496.02,248,1023,99.9,6,1,0,0.967,0.005,-0.0008,17.9201
3911,1059504,479.28,242,1024,100.0,6,1,0,1.034,0.005,-0.0008,17.9201
3912,1059544,475.07,233,1024,100.0,6,1,0,1.328,0.005,-0.0008,17.9201
3913,1059600,507.23,147,1018,99.4,6,1,0,1.757,0.005,-0.0008,17.9201
3914,1059928,565.94,151,1024,100.0,6,1,0,1.351,0.005,-0.0008,17.9201
3915,1060016,490.29,268,1019,99.5,6,1,0,1.865,0.005,-0.0008,17.9201
3916,1060152,522.1,146,1018,99.4,6,1,0,1.838,0.005,-0.0008,17.9201
3917,1060232,496.49,271,1019,99.5,6,1,0,1.708,0.005,-0.0008,17.9201
3918,1060392,524.8,150,1019,99.5,6,1,0,1.686,0.005,-0.0008,17.9201
3919,1060896,550.98,162,1021,99.7,6,1,0,1.72,0.005,-0.0008,17.9201
3920,1061408,519.03,147,1018,99.4,6,1,0,1.881,0.005,-0.0008,17.9201
3921,1061520,453.28,252,1024,100.0,6,1,0,1.075,0.005,-0.0008,17.9201
3922,1061616,584.36,153,1024,100.0,6,1,0,0.873,0.005,-0.0008,17.9201
3923,1061720,474.68,272,1024,100.0,6,1,0,1.49,0.005,-0.0008,17.9201
3924,1061960,485.22,254,1021,99.7,6,1,0,0.884,0.005,-0.0008,17.9201
3925,1062160,452.89,268,1019,99.5,6,1,0,1.82,0.005,-0.0008,17.9201
3926,1062176,459.23,253,1024,100.0,6,1,0,1.108,0.005,-0.0008,17.9201
3927,1062568,507.45,145,1019,99.5,6,1,0,1.757,0.005,-0.0008,17.9201
3928,1062680,506.95,145,1018,99.4,6,1,0,1.819,0.005,-0.0008,17.9201
3929,1062816,524.6,150,1019,99.5,6,1,0,1.749,0.005,-0.0008,17.9201
3930,1062936,547.76,152,1024,100.0,6,1,0,1.065,0.005,-0.0008,17.9201
3931,1063048,484.31,269,1023,99.9,6,1,0,1.613,0.005,-0.0008,17.9201
3932,1063384,536.49,151,1022,99.8,6,1,0,1.816,0.005,-0.0008,17.9201
3933,1063824,583.43,157,1024,100.0,6,1,0,1.008,0.005,-0.0008,17.9201
3934,1063864,453.62,238,1021,99.7,6,1,0,1.252,0.005,-0.0008,17.9201
3935,1063888,524.89,151,1018,99.4,6,1,0,1.879,0.005,-0.0008,17.9201
3936,1063968,479.54,226,1024,100.0,6,1,0,1.113,0.005,-0.0008,17.9201
3937,1064304,577.53,157,1024,100.0,6,1,0,1.346,0.005,-0.0008,17.9201
3938,1064520,504.48,142,1019,99.5,6,1,0,1.777,0.005,-0.0008,17.9201
3939,1064712,477.38,222,1024,100.0,6,1,0,1.079,0.005,-0.0008,17.9201
3940,1064736,473.75,240,1024,100.0,6,1,0,1.265,0.005,-0.0008,17.9201
3941,1065096,571.92,154,1024,100.0,6,1,0,1.264,0.005,-0.0032,20.4899
3942,1065584,580.69,160,1024,100.0,6,1,0,0.897,0.005,-0.0032,20.4899
3943,1065816,485.33,249,1024,100.0,6,1,0,1.044,0.005,-0.0032,20.4899
3944,1065912,478.67,243,1022,99.8,6,1,0,1.071,0.005,-0.0032,20.4899
3945,1066056,465.17,271,1020,99.6,6,1,0,1.682,0.005,-0.0032,20.4899
3946,1066184,0.61,16,228,22.3,1,0,1,0.172,0.005,-0.0032,20.4899
3947,1066480,475.75,245,1024,100.0,6,1,0,1.075,0.005,-0.0032,20.4899
3948,1066664,476.29,241,1021,99.7,6,1,0,1.138,0.005,-0.0032,20.4899
3949,1066800,460.12,261,1021,99.7,6,1,0,1.796,0.005,-0.0032,20.4899
3950,1066984,477.94,236,1024,100.0,6,1,0,1.054,0.005,-0.0032,20.4899
3951,1067240,479.72,178,1021,99.7,6,1,0,1.234,0.005,-0.0032,20.4899
3952,1067312,488.98,175,1024,100.0,6,1,0,0.994,0.005,-0.0032,20.4899
3953,1067384,-14.18,9,444,43.4,1,0,1,0.172,0.005,-0.0032,20.4899
3954,1067504,459.4,240,1024,100.0,6,1,0,0.912,0.005,-0.0032,20.4899
3955,1068120,475.38,242,1024,100.0,6,1,0,1.057,0.005,-0.0032,20.4899
3956,1068256,608.45,182,1024,100.0,6,1,0,1.039,0.005,-0.0032,20.4899
3957,1068456,474.73,247,1024,100.0,6,1,0,1.084,0.005,-0.0032,20.4899
3958,1068560,566.52,147,1024,100.0,6,1,0,0.98,0.005,-0.0032,20.4899
3959,1068576,462.21,239,1024,100.0,6,1,0,1.014,0.005,-0.0032,20.4899
3960,1068856,483.32,234,1024,100.0,6,1,0,1.238,0.005,-0.0032,20.4899
3961,1069216,462.21,214,1023,99.9,6,1,0,1.032,0.005,-0.0032,20.4899
3962,1069320,527.7,150,1021,99.7,6,1,0,1.702,0.005,-0.0032,20.4899
3963,1069368,500.08,266,1020,99.6,6,1,0,1.77,0.005,-0.0032,20.4899
3964,1069496,545.35,155,1024,100.0,6,1,0,1.529,0.005,-0.0032,20.4899
3965,1069712,545.43,157,1023,99.9,6,1,0,1.711,0.005,-0.0032,20.4899
3966,1069744,528.34,146,1019,99.5,6,1,0,1.872,0.005,-0.0032,20.4899
3967,1070688,481.64,266,1020,99.6,6,1,0,1.484,0.005,-0.0032,20.4899
3968,1070696,551.03,150,1024,100.0,6,1,0,1.137,0.005,-0.0032,20.4899
3969,1070768,473.31,239,1024,100.0,6,1,0,1.096,0.005,-0.0032,20.4899
3970,1070936,551.02,149,1024,100.0,6,1,0,1.078,0.005,-0.0032,20.4899
3971,1071096,-9.59,20,173,16.9,1,0,1,0.043,0.005,-0.0032,20.4899
3972,1071224,464.12,238,1024,100.0,6,1,0,1.312,0.005,-0.0032,20.4899
3973,1071336,469.47,265,1017,99.3,6,1,0,1.615,0.005,-0.0032,20.4899
3974,1071480,471.59,221,1024,100.0,6,1,0,1.198,0.005,-0.0032,20.4899
3975,1071488,481.95,265,1020,99.6,6,1,0,1.635,0.005,-0.0032,20.4899
3976,1071928,575.03,154,1024,100.0,6,1,0,1.503,0.005,-0.0032,20.4899
3977,1072280,525.02,148,1019,99.5,6,1,0,1.9,0.005,-0.0032,20.4899
3978,1072416,562.74,149,1024,100.0,6,1,0,0.693,0.005,-0.0032,20.4899
3979,1072696,571.65,151,1024,100.0,6,1,0,1.0,0.005,-0.0032,20.4899
3980,1072824,493.83,267,1024,100.0,6,1,0,1.606,0.005,-0.0032,20.4899
3981,1072960,484.26,274,1017,99.3,6,1,0,1.871,0.005,-0.0032,20.4899
3982,1073096,500.94,146,1024,100.0,6,1,0,1.476,0.005,-0.0032,20.4899
3983,1073408,481.56,241,1024,100.0,6,1,0,1.02,0.005,-0.006,73.209
3984,1073464,462.54,266,1023,99.9,6,1,0,1.434,0.005,-0.006,73.209
3985,1073968,591.65,159,1024,100.0,6,1,0,1.065,0.005,-0.006,73.209
3986,1074240,460.03,245,1022,99.8,6,1,0,1.641,0.005,-0.006,73.209
3987,1074448,476.96,254,1023,99.9,6,1,0,1.002,0.005,-0.006,73.209
3988,1074824,463.89,250,1021,99.7,6,1,0,1.517,0.005,-0.006,73.209
3989,1075120,499.1,270,1018,99.4,6,1,0,1.664,0.005,-0.006,73.209
3990,1075120,522.46,144,1024,100.0,6,1,0,1.553,0.005,-0.006,73.209
3991,1075168,472.27,213,1021,99.7,6,1,0,1.858,0.005,-0.006,73.209
3992,1075232,475.93,267,1020,99.6,6,1,0,1.565,0.005,-0.006,73.209
3993,1075392,484.42,248,1024,100.0,6,1,0,1.104,0.005,-0.006,73.209
3994,1076184,470.87,243,1024,100.0,6,1,0,1.011,0.005,-0.006,73.209
3995,1076328,565.41,151,1024,100.0,6,1,0,1.166,0.005,-0.006,73.209
3996,1076624,468.78,272,1021,99.7,6,1,0,1.674,0.005,-0.006,73.209
3997,1076768,464.17,243,1024,100.0,6,1,0,0.961,0.005,-0.006,73.209
3998,1076984,483.73,219,1024,100.0,6,1,0,1.149,0.005,-0.006,73.209
3999,1077200,490.4,260,1022,99.8,6,1,0,0.74,0.005,-0.006,73.209
4000,1077248,472.81,260,1020,99.6,6,1,0,1.835,0.005,-0.006,73.209
4001,1077312,504.49,141,1018,99.4,6,1,0,1.833,0.005,-0.006,73.209
4002,1077536,441.25,268,1019,99.5,6,1,0,1.881,0.005,-0.006,73.209
4003,1077760,492.08,142,1019,99.5,6,1,0,1.557,0.005,-0.006,73.209
4004,1078464,559.89,158,1024,100.0,6,1,0,1.271,0.005,-0.006,73.209
4005,1078464,478.93,267,1018,99.4,6,1,0,1.625,0.005,-0.006,73.209
4006,1078560,470.46,224,1024,100.0,6,1,0,0.952,0.005,-0.006,73.209
4007,1078760,466.58,222,1024,100.0,6,1,0,1.012,0.005,-0.006,73.209
4008,1079176,459.69,241,1024,100.0,6,1,0,1.275,0.005,-0.006,73.209
4009,1079192,505.35,235,1024,100.0,6,1,0,1.161,0.005,-0.006,73.209
4010,1079360,483.42,228,1024,100.0,6,1,0,1.185,0.005,-0.006,73.209
4011,1079488,443.24,216,1022,99.8,6,1,0,0.914,0.005,-0.006,73.209
4012,1079688,568.07,153,1024,100.0,6,1,0,1.176,0.005,-0.006,73.209
4013,1079968,563.34,151,1024,100.0,6,1,0,0.982,0.005,-0.006,73.209
4014,1080448,472.14,236,1022,99.8,6,1,0,1.216,0.005,-0.006,73.209
4015,1080464,475.06,250,1021,99.7,6,1,0,1.651,0.005,-0.006,73.209
4016,1080568,525.39,151,1021,99.7,6,1,0,1.642,0.005,-0.006,73.209
4017,1080704,559.84,152,1024,100.0,6,1,0,1.154,0.005,-0.006,73.209
4018,1081256,469.45,260,1019,99.5,6,1,0,1.693,0.005,-0.006,73.209
4019,1081368,471.19,272,1019,99.5,6,1,0,1.701,0.005,-0.0036,22.7802
4020,1081632,513.34,146,1022,99.8,6,1,0,1.765,0.005,-0.0036,22.7802
4021,1081816,481.84,266,1023,99.9,6,1,0,1.762,0.005,-0.0036,22.7802
4022,1082032,485.63,258,1024,100.0,6,1,0,1.504,0.005,-0.0036,22.7802
4023,1082568,481.49,250,1024,100.0,6,1,0,1.136,0.005,-0.0036,22.7802
4024,1082584,506.03,267,1021,99.7,6,1,0,1.533,0.005,-0.0036,22.7802
4025,1082776,469.27,259,1022,99.8,6,1,0,1.6,0.005,-0.0036,22.7802
4026,1083376,479.25,265,1019,99.5,6,1,0,1.784,0.005,-0.0036,22.7802
4027,1083456,454.42,261,1020,99.6,6,1,0,1.771,0.005,-0.0036,22.7802
4028,1083568,484.58,242,1024,100.0,6,1,0,1.073,0.005,-0.0036,22.7802
4029,1083856,503.33,255,1024,100.0,6,1,0,0.88,0.005,-0.0036,22.7802
4030,1083944,554.3,146,1024,100.0,6,1,0,1.055,0.005,-0.0036,22.7802
4031,1084112,461.6,260,1020,99.6,6,1,0,1.878,0.005,-0.0036,22.7802
4032,1084744,487.6,270,1022,99.8,6,1,0,1.566,0.005,-0.0036,22.7802
4033,1084752,471.87,273,1019,99.5,6,1,0,1.512,0.005,-0.0036,22.7802
4034,1085064,530.99,151,1024,100.0,6,1,0,1.689,0.005,-0.0036,22.7802
4035,1085216,491.7,230,1024,100.0,6,1,0,1.224,0.005,-0.0036,22.7802
4036,1085240,442.75,223,1024,100.0,6,1,0,1.334,0.005,-0.0036,22.7802
4037,1085312,531.2,150,1024,100.0,6,1,0,1.567,0.005,-0.0036,22.7802
4038,1085360,476.56,224,1024,100.0,6,1,0,1.222,0.005,-0.0036,22.7802
4039,1086088,484.12,268,1024,100.0,6,1,0,1.319,0.005,-0.0036,22.7802
4040,1086376,597.86,164,1024,100.0,6,1,0,1.348,0.005,-0.0036,22.7802
4041,1086504,540.11,149,1020,99.6,6,1,0,1.526,0.005,-0.0036,22.7802
4042,1086704,608.74,186,1024,100.0,6,1,0,1.142,0.005,-0.0036,22.7802
4043,1086952,490.04,276,1020,99.6,6,1,0,1.864,0.005,-0.0036,22.7802
4044,1086976,492.22,278,1023,99.9,6,1,0,1.555,0.005,-0.0036,22.7802
4045,1087256,480.43,237,1024,100.0,6,1,0,1.308,0.005,-0.0036,22.7802
4046,1087352,490.97,264,1021,99.7,6,1,0,1.761,0.005,-0.0036,22.7802
4047,1087848,603.43,168,1024,100.0,6,1,0,0.94,0.005,-0.0036,22.7802
4048,1088176,513.15,225,1022,99.8,6,1,0,1.275,0.005,-0.0036,22.7802
4049,1088312,470.72,278,1019,99.5,6,1,0,1.757,0.005,-0.0036,22.7802
4050,1088768,460.74,258,1021,99.7,6,1,0,1.787,0.005,-0.0036,22.7802
4051,1089016,504.34,146,1021,99.7,6,1,0,1.636,0.005,-0.0036,22.7802
4052,1089056,482.73,225,1024,100.0,6,1,0,1.051,0.005,-0.0036,22.7802
4053,1089128,453.3,272,1020,99.6,6,1,0,1.697,0.005,-0.0036,22.7802
4054,1089152,498.82,272,1020,99.6,6,1,0,1.798,0.005,-0.0036,22.7802
4055,1089464,589.53,161,1024,100.0,6,1,0,0.867,0.005,-0.0036,22.7802
4056,1089552,473.6,275,1023,99.9,6,1,0,1.682,0.005,-0.0044,21.0776
4057,1090272,556.9,152,1024,100.0,6,1,0,1.036,0.005,-0.0044,21.0776
4058,1090312,519.02,148,1019,99.5,6,1,0,1.506,0.005,-0.0044,21.0776
4059,1090440,463.11,266,1017,99.3,6,1,0,1.567,0.005,-0.0044,21.0776
4060,1090968,491.76,244,1023,99.9,6,1,0,1.093,0.005,-0.0044,21.0776
4061,1090984,498.01,229,1024,100.0,6,1,0,1.101,0.005,-0.0044,21.0776
4062,1091056,458.08,286,1024,100.0,6,1,0,1.704,0.005,-0.0044,21.0776
4063,1091224,488.72,220,1024,100.0,6,1,0,1.288,0.005,-0.0044,21.0776
4064,1091512,463.65,245,1023,99.9,6,1,0,0.967,0.005,-0.0044,21.0776
4065,1091696,561.32,178,1020,99.6,6,1,0,1.728,0.005,-0.0044,21.0776
4066,1092192,456.46,219,1023,99.9,6,1,0,1.103,0.005,-0.0044,21.0776
4067,1092328,562.12,159,1024,100.0,6,1,0,1.044,0.005,-0.0044,21.0776
4068,1092392,466.7,260,1022,99.8,6,1,0,1.529,0.005,-0.0044,21.0776
4069,1092408,518.8,148,1019,99.5,6,1,0,1.854,0.005,-0.0044,21.0776
4070,1093152,453.19,271,1020,99.6,6,1,0,1.809,0.005,-0.0044,21.0776
4071,1093440,571.74,156,1024,100.0,6,1,0,1.071,0.005,-0.0044,21.0776
4072,1094008,472.14,289,1023,99.9,6,1,0,1.796,0.005,-0.0044,21.0776
4073,1094200,466.74,226,1024,100.0,6,1,0,1.36,0.005,-0.0044,21.0776
4074,1094416,589.68,158,1024,100.0,6,1,0,1.323,0.005,-0.0044,21.0776
4075,1094448,463.74,265,1019,99.5,6,1,0,1.631,0.005,-0.0044,21.0776
4076,1094496,473.69,261,1022,99.8,6,1,0,1.6,0.005,-0.0044,21.0776
4077,1094752,582.42,164,1024,100.0,6,1,0,1.299,0.005,-0.0044,21.0776
4078,1094856,491.5,418,1024,100.0,6,1,0,1.46,0.005,-0.0044,21.0776
4079,1095328,443.73,545,1024,100.0,6,1,0,1.889,0.005,-0.0044,21.0776
4080,1095368,567.63,170,1024,100.0,6,1,0,1.114,0.005,-0.0044,21.0776
4081,1095448,581.74,156,1024,100.0,6,1,0,1.081,0.005,-0.0044,21.0776
4082,1095640,522.51,149,1024,100.0,6,1,0,1.538,0.005,-0.0044,21.0776
4083,1095776,571.31,160,1024,100.0,6,1,0,1.014,0.005,-0.0044,21.0776
4084,1096600,492.67,273,1024,100.0,6,1,0,1.652,0.005,-0.0044,21.0776
4085,1096624,580.35,162,1024,100.0,6,1,0,1.392,0.005,-0.0044,21.0776
4086,1096904,478.21,269,1019,99.5,6,1,0,1.781,0.005,-0.0044,21.0776
4087,1097040,487.37,273,1018,99.4,6,1,0,1.692,0.005,-0.0044,21.0776
4088,1097408,464.89,221,1021,99.7,6,1,0,1.342,0.005,-0.0044,21.0776
4089,1097488,465.75,214,1024,100.0,6,1,0,1.127,0.005,-0.0044,21.0776
4090,1097560,463.06,274,1021,99.7,6,1,0,1.823,0.005,-0.0044,21.0776
4091,1097592,484.99,268,1024,100.0,6,1,0,1.555,0.005,-0.0044,21.0776
4092,1098336,562.48,162,1022,99.8,6,1,0,1.732,0.005,-0.0064,33.3357
4093,1098712,481.46,261,1019,99.5,6,1,0,1.7,0.005,-0.0064,33.3357
4094,1098728,545.55,155,1021,99.7,6,1,0,1.771,0.005,-0.0064,33.3357
4095,1098800,486.74,275,1020,99.6,6,1,0,1.719,0.005,-0.0064,33.3357
4096,1098808,597.2,175,1024,100.0,6,1,0,0.909,0.005,-0.0064,33.3357
4097,1099048,489.92,268,1022,99.8,6,1,0,1.631,0.005,-0.0064,33.3357
4098,1099560,487.34,246,1024,100.0,6,1,0,1.196,0.005,-0.0064,33.3357
4099,1099688,476.24,266,1022,99.8,6,1,0,1.583,0.005,-0.0064,33.3357
4100,1099896,522.02,148,1021,99.7,6,1,0,1.649,0.005,-0.0064,33.3357
4101,1099952,574.87,153,1024,100.0,6,1,0,1.067,0.005,-0.0064,33.3357
4102,1099968,521.84,146,1019,99.5,6,1,0,1.622,0.005,-0.0064,33.3357
4103,1100192,506.93,143,1019,99.5,6,1,0,1.602,0.005,-0.0064,33.3357
4104,1100296,457.35,245,1024,100.0,6,1,0,1.138,0.005,-0.0064,33.3357
4105,1100896,476.16,261,1019,99.5,6,1,0,1.754,0.005,-0.0064,33.3357
4106,1101432,482.06,234,1021,99.7,6,1,0,1.18,0.005,-0.0064,33.3357
4107,1101784,466.5,262,1022,99.8,6,1,0,1.778,0.005,-0.0064,33.3357
4108,1101912,471.95,245,1024,100.0,6,1,0,1.175,0.005,-0.0064,33.3357
4109,1101928,482.85,254,1024,100.0,6,1,0,0.721,0.005,-0.0064,33.3357
4110,1102128,486.61,270,1024,100.0,6,1,0,1.634,0.005,-0.0064,33.3357
4111,1102432,500.63,267,1020,99.6,6,1,0,1.657,0.005,-0.0064,33.3357
4112,1102480,490.01,286,1021,99.7,6,1,0,1.62,0.005,-0.0064,33.3357
4113,1102592,506.83,145,1019,99.5,6,1,0,1.837,0.005,-0.0064,33.3357
4114,1102688,472.76,224,1024,100.0,6,1,0,1.022,0.005,-0.0064,33.3357
4115,1102960,509.83,147,1018,99.4,6,1,0,1.521,0.005,-0.0064,33.3357
4116,1103320,527.71,149,1022,99.8,6,1,0,1.737,0.005,-0.0064,33.3357
4117,1103632,497.99,144,1022,99.8,6,1,0,1.522,0.005,-0.0064,33.3357
4118,1103848,480.98,242,1024,100.0,6,1,0,1.19,0.005,-0.0064,33.3357
4119,1104056,471.34,266,1023,99.9,6,1,0,1.553,0.005,-0.0064,33.3357
4120,1104184,575.31,153,1024,100.0,6,1,0,1.052,0.005,-0.0064,33.3357
4121,1104528,485.23,262,1019,99.5,6,1,0,1.821,0.005,-0.0064,33.3357
4122,1104784,496.76,274,1023,99.9,6,1,0,1.554,0.005,-0.0064,33.3357
4123,1104872,449.77,273,1021,99.7,6,1,0,1.63,0.005,-0.0064,33.3357
4124,1105104,533.33,157,1022,99.8,6,1,0,1.48,0.005,-0.0064,33.3357
4125,1105120,485.85,225,1024,100.0,6,1,0,1.266,0.005,-0.0064,33.3357
4126,1105848,495.41,277,1019,99.5,6,1,0,1.753,0.005,-0.0064,33.3357
4127,1105936,458.11,219,1024,100.0,6,1,0,1.135,0.005,-0.0015,24.2061
4128,1106304,557.71,148,1024,100.0,6,1,0,1.016,0.005,-0.0015,24.2061
4129,1106608,482.87,260,1024,100.0,6,1,0,0.801,0.005,-0.0015,24.2061
4130,1106880,473.06,262,1023,99.9,6,1,0,1.554,0.005,-0.0015,24.2061
4131,1106920,464.19,256,1024,100.0,6,1,0,1.654,0.005,-0.0015,24.2061
4132,1107184,565.18,156,1024,100.0,6,1,0,1.028,0.005,-0.0015,24.2061
4133,1107240,476.02,267,1019,99.5,6,1,0,1.792,0.005,-0.0015,24.2061
4134,1107360,473.06,413,1020,99.6,6,1,0,1.767,0.005,-0.0015,24.2061
4135,1107392,2.91,19,227,22.2,1,0,1,0.171,0.005,-0.0015,24.2061
4136,1107952,472.87,263,1023,99.9,6,1,0,1.651,0.005,-0.0015,24.2061
4137,1108392,452.09,261,1023,99.9,6,1,0,1.854,0.005,-0.0015,24.2061
4138,1108416,480.37,226,1024,100.0,6,1,0,1.302,0.005,-0.0015,24.2061
4139,1108584,562.48,153,1024,100.0,6,1,0,0.989,0.005,-0.0015,24.2061
4140,1109048,507.99,271,1019,99.5,6,1,0,1.76,0.005,-0.0015,24.2061
4141,1109064,500.22,268,1023,99.9,6,1,0,1.831,0.005,-0.0015,24.2061
4142,1109240,449.43,257,1021,99.7,6,1,0,1.726,0.005,-0.0015,24.2061
4143,1109568,508.48,272,1023,99.9,6,1,0,1.664,0.005,-0.0015,24.2061
4144,1109672,586.68,160,1024,100.0,6,1,0,1.389,0.005,-0.0015,24.2061
4145,1109720,473.19,221,1022,99.8,6,1,0,1.053,0.005,-0.0015,24.2061
4146,1110256,524.09,151,1021,99.7,6,1,0,1.856,0.005,-0.0015,24.2061
4147,1110472,488.42,257,1022,99.8,6,1,0,1.353,0.005,-0.0015,24.2061
4148,1110544,472.25,245,1024,100.0,6,1,0,1.388,0.005,-0.0015,24.2061
4149,1110768,521.8,150,1023,99.9,6,1,0,1.552,0.005,-0.0015,24.2061
4150,1111232,469.19,271,1024,100.0,6,1,0,1.612,0.005,-0.0015,24.2061
4151,1111408,478.69,271,1020,99.6,6,1,0,1.75,0.005,-0.0015,24.2061
4152,1111816,489.22,268,1024,100.0,6,1,0,1.228,0.005,-0.0015,24.2061
4153,1111880,478.9,270,1020,99.6,6,1,0,1.874,0.005,-0.0015,24.2061
4154,1111912,501.37,143,1021,99.7,6,1,0,1.636,0.005,-0.0015,24.2061
4155,1112152,476.33,237,1024,100.0,6,1,0,1.306,0.005,-0.0015,24.2061
4156,1112560,510.36,144,1016,99.2,6,1,0,1.885,0.005,-0.0015,24.2061
4157,1112560,484.48,252,1023,99.9,6,1,0,0.877,0.005,-0.0015,24.2061
4158,1112648,492.58,272,1019,99.5,6,1,0,1.66,0.005,-0.0015,24.2061
4159,1113032,510.12,144,1020,99.6,6,1,0,1.748,0.005,-0.0015,24.2061
4160,1113056,571.79,155,1024,100.0,6,1,0,1.1,0.005,-0.0015,24.2061
4161,1113192,482.15,245,1022,99.8,6,1,0,0.949,0.005,-0.0015,24.2061
4162,1113688,516.89,141,1019,99.5,6,1,0,1.758,0.005,-0.0015,24.2061
4163,1113728,506.64,146,1020,99.6,6,1,0,1.687,0.005,-0.0015,24.2061
4164,1114064,487.31,269,1018,99.4,6,1,0,1.609,0.005,-0.0015,24.2061
4165,1114112,464.25,245,1024,100.0,6,1,0,1.283,0.005,-0.0015,24.2061
4166,1114472,464.62,228,1024,100.0,6,1,0,1.309,0.005,-0.0056,31.1261
4167,1114840,516.36,144,1023,99.9,6,1,0,1.397,0.005,-0.0056,31.1261
4168,1114984,481.66,244,1024,100.0,6,1,0,1.08,0.005,-0.0056,31.1261
4169,1115040,456.78,248,1024,100.0,6,1,0,1.12,0.005,-0.0056,31.1261
4170,1115296,487.67,263,1016,99.2,6,1,0,1.744,0.005,-0.0056,31.1261
4171,1115320,568.81,151,1024,100.0,6,1,0,1.266,0.005,-0.0056,31.1261
4172,1115824,464.58,262,1024,100.0,6,1,0,1.177,0.005,-0.0056,31.1261
4173,1116080,473.71,252,1024,100.0,6,1,0,1.132,0.005,-0.0056,31.1261
4174,1116712,480.19,280,1024,100.0,6,1,0,1.516,0.005,-0.0056,31.1261
4175,1116888,476.02,238,1020,99.6,6,1,0,1.352,0.005,-0.0056,31.1261
4176,1116936,478.85,262,1024,100.0,6,1,0,1.599,0.005,-0.0056,31.1261
4177,1117096,472.05,257,1024,100.0,6,1,0,0.994,0.005,-0.0056,31.1261
4178,1117480,489.9,270,1022,99.8,6,1,0,1.621,0.005,-0.0056,31.1261
4179,1117512,485.03,277,1024,100.0,6,1,0,1.629,0.005,-0.0056,31.1261
4180,1117760,485.0,242,1024,100.0,6,1,0,1.191,0.005,-0.0056,31.1261
4181,1118056,474.83,247,1023,99.9,6,1,0,1.275,0.005,-0.0056,31.1261
4182,1118656,518.37,147,1022,99.8,6,1,0,1.386,0.005,-0.0056,31.1261
4183,1118816,588.87,163,1024,100.0,6,1,0,1.069,0.005,-0.0056,31.1261
4184,1118864,500.06,221,1019,99.5,6,1,0,1.128,0.005,-0.0056,31.1261
4185,1118928,467.48,277,1023,99.9,6,1,0,1.718,0.005,-0.0056,31.1261
4186,1119080,489.46,274,1024,100.0,6,1,0,1.105,0.005,-0.0056,31.1261
4187,1119112,496.68,272,1022,99.8,6,1,0,1.725,0.005,-0.0056,31.1261
4188,1119800,486.65,255,1024,100.0,6,1,0,0.884,0.005,-0.0056,31.1261
4189,1119808,518.66,144,1021,99.7,6,1,0,1.608,0.005,-0.0056,31.1261
4190,1120136,484.4,260,1024,100.0,6,1,0,1.374,0.005,-0.0056,31.1261
4191,1120256,527.64,147,1019,99.5,6,1,0,1.573,0.005,-0.0056,31.1261
4192,1120608,476.05,224,1024,100.0,6,1,0,1.297,0.005,-0.0056,31.1261
4193,1120664,481.55,225,1024,100.0,6,1,0,1.31,0.005,-0.0056,31.1261
4194,1121008,497.3,260,1024,100.0,6,1,0,1.607,0.005,-0.0056,31.1261
4195,1121272,487.3,270,1023,99.9,6,1,0,1.48,0.005,-0.0056,31.1261
4196,1121832,507.14,146,1024,100.0,6,1,0,1.525,0.005,-0.0056,31.1261
4197,1121872,481.54,259,1024,100.0,6,1,0,1.091,0.005,-0.0056,31.1261
4198,1121952,493.2,268,1023,99.9,6,1,0,1.596,0.005,-0.0056,31.1261
4199,1122240,472.92,248,1024,100.0,6,1,0,1.137,0.005,-0.0056,31.1261
4200,1122256,574.96,156,1024,100.0,6,1,0,1.306,0.005,-0.0056,31.1261
4201,1122376,491.23,280,1024,100.0,6,1,0,1.473,0.005,-0.0036,18.637
4202,1122712,500.57,263,1023,99.9,6,1,0,1.136,0.005,-0.0036,18.637
4203,1123008,510.38,142,1024,100.0,6,1,0,1.645,0.005,-0.0036,18.637
4204,1123168,468.43,237,1024,100.0,6,1,0,1.345,0.005,-0.0036,18.637
4205,1123920,479.19,261,1024,100.0,6,1,0,1.369,0.005,-0.0036,18.637
4206,1124168,504.38,277,1020,99.6,6,1,0,1.794,0.005,-0.0036,18.637
4207,1124224,478.22,248,1024,100.0,6,1,0,1.391,0.005,-0.0036,18.637
4208,1124248,498.36,234,1024,100.0,6,1,0,1.087,0.005,-0.0036,18.637
4209,1124288,490.15,140,1024,100.0,6,1,0,1.544,0.005,-0.0036,18.637
4210,1124344,463.36,261,1024,100.0,6,1,0,1.66,0.005,-0.0036,18.637
4211,1124696,500.52,248,1024,100.0,6,1,0,1.145,0.005,-0.0036,18.637
4212,1124840,483.81,229,1024,100.0,6,1,0,1.308,0.005,-0.0036,18.637
4213,1125328,519.45,145,1020,99.6,6,1,0,1.584,0.005,-0.0036,18.637
4214,1125992,504.46,144,1017,99.3,6,1,0,1.768,0.005,-0.0036,18.637
4215,1126096,505.29,272,1023,99.9,6,1,0,1.414,0.005,-0.0036,18.637
4216,1126224,475.23,247,1024,100.0,6,1,0,1.183,0.005,-0.0036,18.637
4217,1126272,473.03,256,1022,99.8,6,1,0,1.462,0.005,-0.0036,18.637
4218,1126336,493.81,249,1024,100.0,6,1,0,1.285,0.005,-0.0036,18.637
4219,1126448,486.68,270,1021,99.7,6,1,0,1.361,0.005,-0.0036,18.637
4220,1126512,470.92,227,1024,100.0,6,1,0,1.429,0.005,-0.0036,18.637
4221,1127280,524.09,161,1020,99.6,6,1,0,1.606,0.005,-0.0036,18.637
4222,1127480,478.23,269,1022,99.8,6,1,0,1.66,0.005,-0.0036,18.637
4223,1127584,574.09,164,1024,100.0,6,1,0,1.352,0.005,-0.0036,18.637
4224,1127584,501.25,142,1023,99.9,6,1,0,1.413,0.005,-0.0036,18.637
4225,1127696,528.42,148,1024,100.0,6,1,0,1.48,0.005,-0.0036,18.637
4226,1128264,471.69,241,1024,100.0,6,1,0,1.359,0.005,-0.0036,18.637
4227,1128272,522.78,272,1023,99.9,6,1,0,1.63,0.005,-0.0036,18.637
4228,1128360,493.23,267,1024,100.0,6,1,0,1.448,0.005,-0.0036,18.637
4229,1128432,521.83,144,1024,100.0,6,1,0,1.577,0.005,-0.0036,18.637
4230,1128560,0.58,16,248,24.2,1,0,1,0.188,0.005,-0.0036,18.637
4231,1128776,570.81,162,1024,100.0,6,1,0,1.188,0.005,-0.0036,18.637
4232,1128952,584.3,157,1024,100.0,6,1,0,1.565,0.005,-0.0036,18.637
4233,1129504,459.8,240,1021,99.7,6,1,0,1.037,0.005,-0.0036,18.637
4234,1129528,467.07,243,1023,99.9,6,1,0,1.339,0.005,-0.0036,18.637
4235,1130184,455.1,240,1024,100.0,6,1,0,1.005,0.005,-0.0036,18.637
4236,1130280,464.4,240,1024,100.0,6,1,0,1.219,0.005,-0.0036,18.637
4237,1130288,489.68,252,1024,100.0,6,1,0,1.173,0.005,-0.0036,18.637
4238,1130344,-6.23,20,216,21.1,1,0,1,0.081,0.005,-0.0036,18.637
4239,1130472,497.51,239,1022,99.8,6,1,0,1.273,0.005,-0.0036,18.637
4240,1130960,474.35,273,1022,99.8,6,1,0,1.818,0.005,-0.007,58.0716
4241,1131000,475.63,256,1024,100.0,6,1,0,1.596,0.005,-0.007,58.0716
4242,1131624,495.49,265,1022,99.8,6,1,0,1.645,0.005,-0.007,58.0716
4243,1131656,513.47,266,1023,99.9,6,1,0,1.187,0.005,-0.007,58.0716
4244,1131744,574.05,159,1024,100.0,6,1,0,1.048,0.005,-0.007,58.0716
4245,1131760,-5.88,17,186,18.2,1,0,1,0.076,0.005,-0.007,58.0716
4246,1131848,49.94,24,541,52.8,2,0,1,0.153,0.005,-0.007,58.0716
4247,1131952,513.91,209,1023,99.9,6,1,0,1.633,0.005,-0.007,58.0716
4248,1132056,475.09,221,1024,100.0,6,1,0,0.856,0.005,-0.007,58.0716
4249,1132264,585.76,163,1024,100.0,6,1,0,1.009,0.005,-0.007,58.0716
4250,1132344,464.45,250,1024,100.0,6,1,0,0.884,0.005,-0.007,58.0716
4251,1132888,510.37,141,1023,99.9,6,1,0,1.727,0.005,-0.007,58.0716
4252,1132936,482.38,242,1024,100.0,6,1,0,1.089,0.005,-0.007,58.0716
4253,1133480,522.18,142,1024,100.0,6,1,0,1.438,0.005,-0.007,58.0716
4254,1133688,477.0,230,1024,100.0,6,1,0,1.103,0.005,-0.007,58.0716
4255,1133808,482.41,258,1020,99.6,6,1,0,1.652,0.005,-0.007,58.0716
4256,1134048,491.07,262,1023,99.9,6,1,0,1.586,0.005,-0.007,58.0716
4257,1134064,463.19,251,1020,99.6,6,1,0,1.811,0.005,-0.007,58.0716
4258,1134096,476.11,229,1024,100.0,6,1,0,1.247,0.005,-0.007,58.0716
4259,1134096,572.01,151,1024,100.0,6,1,0,0.893,0.005,-0.007,58.0716
4260,1134208,545.11,159,1021,99.7,6,1,0,1.686,0.005,-0.007,58.0716
4261,1134616,504.59,142,1023,99.9,6,1,0,1.717,0.005,-0.007,58.0716
4262,1135024,577.76,152,1024,100.0,6,1,0,1.187,0.005,-0.007,58.0716
4263,1135408,591.4,168,1024,100.0,6,1,0,1.286,0.005,-0.007,58.0716
4264,1135584,476.53,237,1024,100.0,6,1,0,1.049,0.005,-0.007,58.0716
4265,1136144,510.16,140,1023,99.9,6,1,0,1.442,0.005,-0.007,58.0716
4266,1136184,487.89,261,1024,100.0,6,1,0,1.57,0.005,-0.007,58.0716
4267,1136232,466.7,267,1023,99.9,6,1,0,1.523,0.005,-0.007,58.0716
4268,1136280,495.11,259,1022,99.8,6,1,0,1.642,0.005,-0.007,58.0716
4269,1136384,487.0,292,1021,99.7,6,1,0,1.773,0.005,-0.007,58.0716
4270,1136384,478.37,221,1022,99.8,6,1,0,1.324,0.005,-0.007,58.0716
4271,1136864,586.85,160,1024,100.0,6,1,0,1.198,0.005,-0.007,58.0716
4272,1137328,519.09,148,1020,99.6,6,1,0,1.451,0.005,-0.007,58.0716
4273,1137400,525.12,146,1024,100.0,6,1,0,1.602,0.005,-0.007,58.0716
4274,1137728,472.41,290,1024,100.0,6,1,0,1.565,0.005,-0.007,58.0716
4275,1138000,484.63,227,1022,99.8,6,1,0,1.343,0.005,-0.007,58.0716
4276,1138048,506.92,148,1017,99.3,6,1,0,1.683,0.005,-0.007,58.0716
4277,1138312,477.56,254,1018,99.4,6,1,0,1.541,0.005,-0.007,58.0716
4278,1138496,482.26,264,1020,99.6,6,1,0,1.653,0.005,-0.007,58.0716
4279,1138512,487.74,266,1024,100.0,6,1,0,1.599,0.005,-0.007,58.0716
4280,1139224,468.92,228,1022,99.8,6,1,0,0.832,0.005,-0.0057,46.5307
4281,1139456,493.94,266,1024,100.0,6,1,0,1.344,0.005,-0.0057,46.5307
4282,1139496,566.69,148,1024,100.0,6,1,0,1.115,0.005,-0.0057,46.5307
4283,1139600,501.62,138,1019,99.5,6,1,0,1.545,0.005,-0.0057,46.5307
4284,1139600,471.46,234,1024,100.0,6,1,0,1.183,0.005,-0.0057,46.5307
4285,1139776,577.46,158,1024,100.0,6,1,0,0.987,0.005,-0.0057,46.5307
4286,1139784,-6.53,23,192,18.8,1,0,1,0.05,0.005,-0.0057,46.5307
4287,1139840,494.06,224,1024,100.0,6,1,0,0.891,0.005,-0.0057,46.5307
4288,1140584,501.29,141,1020,99.6,6,1,0,1.64,0.005,-0.0057,46.5307
4289,1140888,501.71,139,1024,100.0,6,1,0,1.584,0.005,-0.0057,46.5307
4290,1141120,603.89,167,1024,100.0,6,1,0,1.12,0.005,-0.0057,46.5307
4291,1141144,557.44,393,1024,100.0,6,1,0,1.067,0.005,-0.0057,46.5307
4292,1141200,471.53,247,1024,100.0,6,1,0,0.93,0.005,-0.0057,46.5307
4293,1141512,14.61,39,224,21.9,1,0,1,0.192,0.005,-0.0057,46.5307
4294,1141552,469.76,244,1022,99.8,6,1,0,1.252,0.005,-0.0057,46.5307
4295,1141600,475.74,263,1022,99.8,6,1,0,1.445,0.005,-0.0057,46.5307
4296,1141952,481.85,264,1021,99.7,6,1,0,1.565,0.005,-0.0057,46.5307
4297,1142416,553.81,159,1021,99.7,6,1,0,1.662,0.005,-0.0057,46.5307
4298,1142520,481.88,242,1024,100.0,6,1,0,0.95,0.005,-0.0057,46.5307
4299,1142856,481.04,246,1023,99.9,6,1,0,1.174,0.005,-0.0057,46.5307
4300,1142952,487.81,229,1024,100.0,6,1,0,1.126,0.005,-0.0057,46.5307
4301,1143592,548.81,147,1024,100.0,6,1,0,1.036,0.005,-0.0057,46.5307
4302,1143640,475.0,266,1021,99.7,6,1,0,1.457,0.005,-0.0057,46.5307
4303,1143688,472.79,261,1022,99.8,6,1,0,1.485,0.005,-0.0057,46.5307
4304,1143736,489.67,273,1024,100.0,6,1,0,1.629,0.005,-0.0057,46.5307
4305,1143736,478.17,223,1023,99.9,6,1,0,1.189,0.005,-0.0057,46.5307
4306,1143960,501.82,138,1022,99.8,6,1,0,1.541,0.005,-0.0057,46.5307
4307,1144656,465.56,267,1023,99.9,6,1,0,1.645,0.005,-0.0057,46.5307
4308,1144816,460.67,233,1020,99.6,6,1,0,1.322,0.005,-0.0057,46.5307
4309,1144968,591.48,166,1024,100.0,6,1,0,1.046,0.005,-0.0057,46.5307
4310,1145048,586.06,164,1024,100.0,6,1,0,0.82,0.005,-0.0057,46.5307
4311,1145064,583.51,166,1024,100.0,6,1,0,0.994,0.005,-0.0057,46.5307
4312,1145384,467.26,224,1024,100.0,6,1,0,1.032,0.005,-0.0057,46.5307
4313,1145856,466.07,271,1022,99.8,6,1,0,1.683,0.005,-0.0057,46.5307
4314,1145920,466.05,245,1024,100.0,6,1,0,1.22,0.005,-0.0057,46.5307
4315,1145976,492.15,145,1021,99.7,6,1,0,1.667,0.005,-0.0057,46.5307
4316,1146472,567.6,178,1024,100.0,6,1,0,1.507,0.005,-0.0057,46.5307
4317,1146528,501.24,143,1023,99.9,6,1,0,1.478,0.005,-0.0057,46.5307
4318,1146872,501.01,277,1024,100.0,6,1,0,0.824,0.005,-0.0057,46.5307
4319,1146952,487.05,248,1022,99.8,6,1,0,1.64,0.005,-0.0038,64.4705
4320,1147016,491.74,145,1018,99.4,6,1,0,1.723,0.005,-0.0038,64.4705
4321,1147216,484.33,269,1023,99.9,6,1,0,1.608,0.005,-0.0038,64.4705
4322,1147792,470.66,234,1024,100.0,6,1,0,1.275,0.005,-0.0038,64.4705
4323,1147912,483.08,242,1024,100.0,6,1,0,1.409,0.005,-0.0038,64.4705
4324,1148144,489.22,141,1019,99.5,6,1,0,1.701,0.005,-0.0038,64.4705
4325,1148440,577.59,186,1024,100.0,6,1,0,0.997,0.005,-0.0038,64.4705
4326,1148472,459.12,250,1024,100.0,6,1,0,0.885,0.005,-0.0038,64.4705
4327,1148480,544.92,158,1023,99.9,6,1,0,1.454,0.005,-0.0038,64.4705
4328,1148600,479.34,259,1024,100.0,6,1,0,1.435,0.005,-0.0038,64.4705
4329,1148856,459.56,248,1023,99.9,6,1,0,1.451,0.005,-0.0038,64.4705
4330,1148968,519.13,147,1022,99.8,6,1,0,1.451,0.005,-0.0038,64.4705
4331,1149192,547.9,160,1024,100.0,6,1,0,1.56,0.005,-0.0038,64.4705
4332,1149208,30.79,44,241,23.5,1,0,1,0.121,0.005,-0.0038,64.4705
4333,1149904,582.5,163,1024,100.0,6,1,0,0.962,0.005,-0.0038,64.4705
4334,1150112,458.04,246,1024,100.0,6,1,0,1.243,0.005,-0.0038,64.4705
4335,1150376,461.83,237,1024,100.0,6,1,0,1.304,0.005,-0.0038,64.4705
4336,1150432,473.85,245,1023,99.9,6,1,0,1.59,0.005,-0.0038,64.4705
4337,1150504,453.75,258,1024,100.0,6,1,0,1.414,0.005,-0.0038,64.4705
4338,1150944,474.53,247,1024,100.0,6,1,0,0.971,0.005,-0.0038,64.4705
4339,1151024,501.3,140,1023,99.9,6,1,0,1.534,0.005,-0.0038,64.4705
4340,1151072,497.37,233,1024,100.0,6,1,0,0.969,0.005,-0.0038,64.4705
4341,1151328,481.83,267,1023,99.9,6,1,0,1.555,0.005,-0.0038,64.4705
4342,1151336,580.89,153,1024,100.0,6,1,0,1.035,0.005,-0.0038,64.4705
4343,1151568,506.9,142,1024,100.0,6,1,0,1.208,0.005,-0.0038,64.4705
4344,1151584,562.99,151,1024,100.0,6,1,0,1.141,0.005,-0.0038,64.4705
4345,1151608,484.22,138,1019,99.5,6,1,0,1.852,0.005,-0.0038,64.4705
4346,1152712,504.36,143,1021,99.7,6,1,0,1.562,0.005,-0.0038,64.4705
4347,1152792,466.77,221,1024,100.0,6,1,0,1.382,0.005,-0.0038,64.4705
4348,1152800,515.71,149,1024,100.0,6,1,0,1.58,0.005,-0.0038,64.4705
4349,1152872,493.64,225,1023,99.9,6,1,0,1.372,0.005,-0.0038,64.4705
4350,1153104,465.7,270,1023,99.9,6,1,0,1.292,0.005,-0.0038,64.4705
4351,1153128,458.25,225,1024,100.0,6,1,0,1.076,0.005,-0.0038,64.4705
4352,1153400,480.32,258,1022,99.8,6,1,0,1.317,0.005,-0.0038,64.4705
4353,1153536,479.86,244,1024,100.0,6,1,0,0.998,0.005,-0.0038,64.4705
4354,1153960,506.71,146,1023,99.9,6,1,0,1.587,0.005,-0.0038,64.4705
4355,1154544,470.17,218,1024,100.0,6,1,0,1.058,0.005,-0.0038,64.4705
4356,1154616,478.91,218,1024,100.0,6,1,0,0.928,0.005,-0.0038,64.4705
4357,1154904,467.07,222,1024,100.0,6,1,0,1.396,0.005,-0.0038,64.4705
4358,1155016,490.86,288,1018,99.4,6,1,0,1.775,0.005,-0.0038,64.4705
4359,1155048,464.97,243,1024,100.0,6,1,0,1.267,0.005,-0.0038,64.4705
4360,1155448,480.04,256,1023,99.9,6,1,0,1.646,0.005,-0.0065,40.3054
4361,1155544,470.56,251,1024,100.0,6,1,0,0.98,0.005,-0.0065,40.3054
4362,1156056,496.85,262,1021,99.7,6,1,0,1.801,0.005,-0.0065,40.3054
4363,1156160,509.85,143,1024,100.0,6,1,0,1.476,0.005,-0.0065,40.3054
4364,1156256,542.39,151,1023,99.9,6,1,0,1.553,0.005,-0.0065,40.3054
4365,1156440,476.12,228,1024,100.0,6,1,0,1.427,0.005,-0.0065,40.3054
4366,1156488,478.67,243,1023,99.9,6,1,0,1.141,0.005,-0.0065,40.3054
4367,1156560,498.11,207,1024,100.0,6,1,0,1.636,0.005,-0.0065,40.3054
4368,1157640,496.76,274,1024,100.0,6,1,0,1.365,0.005,-0.0065,40.3054
4369,1157704,481.4,270,1019,99.5,6,1,0,1.629,0.005,-0.0065,40.3054
4370,1157936,470.28,222,1024,100.0,6,1,0,1.156,0.005,-0.0065,40.3054
4371,1158216,490.8,270,1023,99.9,6,1,0,1.515,0.005,-0.0065,40.3054
4372,1158240,481.72,248,1023,99.9,6,1,0,1.341,0.005,-0.0065,40.3054
4373,1158312,479.82,228,1024,100.0,6,1,0,1.131,0.005,-0.0065,40.3054
4374,1158344,461.67,223,1024,100.0,6,1,0,1.188,0.005,-0.0065,40.3054
4375,1158584,473.12,268,1021,99.7,6,1,0,1.529,0.005,-0.0065,40.3054
4376,1158952,550.94,156,1024,100.0,6,1,0,1.643,0.005,-0.0065,40.3054
4377,1159104,501.0,146,1023,99.9,6,1,0,1.336,0.005,-0.0065,40.3054
4378,1159424,455.57,223,1024,100.0,6,1,0,0.978,0.005,-0.0065,40.3054
4379,1159584,565.84,159,1024,100.0,6,1,0,1.246,0.005,-0.0065,40.3054
4380,1159752,521.53,146,1024,100.0,6,1,0,1.461,0.005,-0.0065,40.3054
4381,1159896,-6.28,18,200,19.5,1,0,1,0.128,0.005,-0.0065,40.3054
4382,1160192,487.03,247,1024,100.0,6,1,0,1.167,0.005,-0.0065,40.3054
4383,1160344,450.75,250,1024,100.0,6,1,0,1.609,0.005,-0.0065,40.3054
4384,1160400,484.0,270,1022,99.8,6,1,0,1.578,0.005,-0.0065,40.3054
4385,1160624,598.43,190,1024,100.0,6,1,0,1.104,0.005,-0.0065,40.3054
4386,1160752,475.05,225,1023,99.9,6,1,0,1.091,0.005,-0.0065,40.3054
4387,1160752,579.55,166,1024,100.0,6,1,0,1.019,0.005,-0.0065,40.3054
4388,1161064,11.9,39,220,21.5,1,0,1,0.157,0.005,-0.0065,40.3054
4389,1161096,572.15,150,1024,100.0,6,1,0,1.123,0.005,-0.0065,40.3054
4390,1161432,469.59,231,1024,100.0,6,1,0,1.366,0.005,-0.0065,40.3054
4391,1161656,559.35,157,1024,100.0,6,1,0,1.229,0.005,-0.0065,40.3054
4392,1162248,488.07,257,1023,99.9,6,1,0,1.599,0.005,-0.0065,40.3054
4393,1162400,495.9,222,1024,100.0,6,1,0,1.137,0.005,-0.0065,40.3054
4394,1162416,479.41,259,1024,100.0,6,1,0,1.448,0.005,-0.0065,40.3054
4395,1162552,498.5,140,1024,100.0,6,1,0,1.5,0.005,-0.0065,40.3054
4396,1162632,465.45,235,1024,100.0,6,1,0,1.272,0.005,-0.0065,40.3054
4397,1163184,478.67,261,1024,100.0,6,1,0,1.649,0.005,-0.0065,40.3054
4398,1163192,490.84,266,1024,100.0,6,1,0,1.462,0.005,-0.0065,40.3054
4399,1163784,484.44,266,1022,99.8,6,1,0,1.57,0.005,-0.0071,36.8695
4400,1164336,473.4,240,1024,100.0,6,1,0,1.107,0.005,-0.0071,36.8695
4401,1164400,481.11,221,1024,100.0,6,1,0,1.232,0.005,-0.0071,36.8695
4402,1164424,578.08,154,1024,100.0,6,1,0,1.29,0.005,-0.0071,36.8695
4403,1164456,480.44,276,1023,99.9,6,1,0,1.58,0.005,-0.0071,36.8695
4404,1164552,461.8,250,1023,99.9,6,1,0,1.014,0.005,-0.0071,36.8695
4405,1164552,478.29,269,1022,99.8,6,1,0,1.578,0.005,-0.0071,36.8695
4406,1165008,565.95,153,1024,100.0,6,1,0,1.171,0.005,-0.0071,36.8695
4407,1165136,492.96,244,1023,99.9,6,1,0,1.14,0.005,-0.0071,36.8695
4408,1165800,580.51,156,1024,100.0,6,1,0,1.267,0.005,-0.0071,36.8695
4409,1166160,461.27,217,1020,99.6,6,1,0,1.205,0.005,-0.0071,36.8695
4410,1166216,464.2,220,1023,99.9,6,1,0,1.15,0.005,-0.0071,36.8695
4411,1166256,480.12,213,1020,99.6,6,1,0,1.242,0.005,-0.0071,36.8695
4412,1166304,516.14,146,1022,99.8,6,1,0,1.574,0.005,-0.0071,36.8695
4413,1166312,478.43,247,1023,99.9,6,1,0,1.304,0.005,-0.0071,36.8695
4414,1166528,496.94,266,1020,99.6,6,1,0,1.417,0.005,-0.0071,36.8695
4415,1166968,519.19,146,1024,100.0,6,1,0,1.373,0.005,-0.0071,36.8695
4416,1166968,472.45,245,1024,100.0,6,1,0,1.071,0.005,-0.0071,36.8695
4417,1167408,566.11,156,1024,100.0,6,1,0,1.256,0.005,-0.0071,36.8695
4418,1168264,472.35,245,1024,100.0,6,1,0,1.154,0.005,-0.0071,36.8695
4419,1168280,479.86,253,1024,100.0,6,1,0,1.732,0.005,-0.0071,36.8695
4420,1168288,467.0,220,1024,100.0,6,1,0,1.296,0.005,-0.0071,36.8695
4421,1168384,477.19,271,1018,99.4,6,1,0,1.651,0.005,-0.0071,36.8695
4422,1168504,501.49,137,1023,99.9,6,1,0,1.518,0.005,-0.0071,36.8695
4423,1168744,464.88,222,1024,100.0,6,1,0,1.341,0.005,-0.0071,36.8695
4424,1168760,474.93,224,1024,100.0,6,1,0,0.768,0.005,-0.0071,36.8695
4425,1169496,577.94,154,1024,100.0,6,1,0,0.943,0.005,-0.0071,36.8695
4426,1169624,492.42,140,1017,99.3,6,1,0,1.877,0.005,-0.0071,36.8695
4427,1169912,513.13,144,1021,99.7,6,1,0,1.609,0.005,-0.0071,36.8695
4428,1170256,433.46,493,1024,100.0,6,1,0,1.522,0.005,-0.0071,36.8695
4429,1170264,483.33,247,1024,100.0,6,1,0,1.094,0.005,-0.0071,36.8695
4430,1170360,464.43,247,1024,100.0,6,1,0,0.992,0.005,-0.0071,36.8695
4431,1170440,490.3,270,1022,99.8,6,1,0,1.668,0.005,-0.0071,36.8695
4432,1170800,458.83,257,1022,99.8,6,1,0,1.644,0.005,-0.0071,36.8695
4433,1171432,484.44,226,1023,99.9,6,1,0,1.067,0.005,-0.0071,36.8695
4434,1171520,580.51,158,1024,100.0,6,1,0,1.222,0.005,-0.0028,25.5309
4435,1171592,445.98,262,1023,99.9,6,1,0,1.436,0.005,-0.0028,25.5309
4436,1171632,533.21,159,1023,99.9,6,1,0,1.58,0.005,-0.0028,25.5309
4437,1171696,492.37,223,1022,99.8,6,1,0,1.137,0.005,-0.0028,25.5309
4438,1171952,512.8,144,1024,100.0,6,1,0,1.636,0.005,-0.0028,25.5309
4439,1172544,473.07,263,1020,99.6,6,1,0,1.869,0.005,-0.0028,25.5309
4440,1172584,513.16,144,1024,100.0,6,1,0,1.479,0.005,-0.0028,25.5309
4441,1172648,507.14,141,1024,100.0,6,1,0,1.677,0.005,-0.0028,25.5309
4442,1172784,519.06,144,1020,99.6,6,1,0,1.744,0.005,-0.0028,25.5309
4443,1172928,500.77,333,1024,100.0,6,1,0,0.893,0.005,-0.0028,25.5309
4444,1173600,485.82,238,1024,100.0,6,1,0,1.168,0.005,-0.0028,25.5309
4445,1173664,492.43,140,1023,99.9,6,1,0,1.472,0.005,-0.0028,25.5309
4446,1173744,466.48,269,1019,99.5,6,1,0,1.508,0.005,-0.0028,25.5309
4447,1174024,591.87,172,1024,100.0,6,1,0,1.203,0.005,-0.0028,25.5309
4448,1174088,469.28,267,1023,99.9,6,1,0,1.551,0.005,-0.0028,25.5309
4449,1174552,475.99,221,1024,100.0,6,1,0,1.163,0.005,-0.0028,25.5309
4450,1174640,486.33,257,1018,99.4,6,1,0,1.487,0.005,-0.0028,25.5309
4451,1174888,501.15,143,1023,99.9,6,1,0,1.512,0.005,-0.0028,25.5309
4452,1174920,477.21,249,1023,99.9,6,1,0,1.046,0.005,-0.0028,25.5309
4453,1175384,478.47,223,1024,100.0,6,1,0,0.93,0.005,-0.0028,25.5309
4454,1175744,491.15,260,1020,99.6,6,1,0,1.635,0.005,-0.0028,25.5309
4455,1175816,509.34,147,1023,99.9,6,1,0,1.661,0.005,-0.0028,25.5309
4456,1175944,485.78,232,1024,100.0,6,1,0,1.209,0.005,-0.0028,25.5309
4457,1175976,460.96,244,1024,100.0,6,1,0,1.385,0.005,-0.0028,25.5309
4458,1176584,560.36,150,1024,100.0,6,1,0,0.895,0.005,-0.0028,25.5309
4459,1176624,457.61,259,1020,99.6,6,1,0,1.647,0.005,-0.0028,25.5309
4460,1176632,439.82,214,1020,99.6,6,1,0,1.165,0.005,-0.0028,25.5309
4461,1177064,480.48,272,1018,99.4,6,1,0,1.876,0.005,-0.0028,25.5309
4462,1177120,507.24,143,1023,99.9,6,1,0,1.737,0.005,-0.0028,25.5309
4463,1177144,591.32,166,1024,100.0,6,1,0,1.06,0.005,-0.0028,25.5309
4464,1177776,498.21,144,1024,100.0,6,1,0,1.331,0.005,-0.0028,25.5309
4465,1177832,562.26,156,1024,100.0,6,1,0,0.993,0.005,-0.0028,25.5309
4466,1177888,469.32,268,1017,99.3,6,1,0,1.723,0.005,-0.0028,25.5309
4467,1178056,472.46,264,1016,99.2,6,1,0,1.78,0.005,-0.0028,25.5309
4468,1179032,504.06,143,1017,99.3,6,1,0,1.83,0.005,-0.0028,25.5309
4469,1179072,505.8,241,1024,100.0,6,1,0,1.218,0.005,-0.0028,25.5309
4470,1179072,583.74,155,1024,100.0,6,1,0,1.079,0.005,-0.0028,25.5309
4471,1179184,485.05,265,1020,99.6,6,1,0,1.646,0.005,-0.0028,25.5309
4472,1179256,481.32,267,1024,100.0,6,1,0,1.302,0.005,-0.0028,25.5309
4473,1179552,468.98,222,1021,99.7,6,1,0,1.185,0.005,-0.0028,25.5309
4474,1180064,472.52,429,1021,99.7,6,1,0,1.873,0.005,-0.006,24.7896
4475,1180184,513.46,144,1019,99.5,6,1,0,1.472,0.005,-0.006,24.7896
4476,1180848,475.38,222,1023,99.9,6,1,0,0.968,0.005,-0.006,24.7896
4477,1181056,463.09,248,1023,99.9,6,1,0,0.846,0.005,-0.006,24.7896
4478,1181328,515.1,268,1023,99.9,6,1,0,1.438,0.005,-0.006,24.7896
4479,1181408,469.31,269,1023,99.9,6,1,0,1.608,0.005,-0.006,24.7896
4480,1181408,556.77,153,1024,100.0,6,1,0,1.273,0.005,-0.006,24.7896
4481,1181720,477.5,271,1023,99.9,6,1,0,1.627,0.005,-0.006,24.7896
4482,1182104,532.93,157,1021,99.7,6,1,0,1.825,0.005,-0.006,24.7896
4483,1182360,441.42,538,1024,100.0,6,1,0,1.112,0.005,-0.006,24.7896
4484,1182456,504.49,141,1024,100.0,6,1,0,1.386,0.005,-0.006,24.7896
4485,1183200,460.02,268,1017,99.3,6,1,0,1.687,0.005,-0.006,24.7896
4486,1183248,473.8,230,1024,100.0,6,1,0,1.301,0.005,-0.006,24.7896
4487,1183888,486.49,271,1021,99.7,6,1,0,1.548,0.005,-0.006,24.7896
4488,1183976,470.07,321,1023,99.9,6,1,0,1.551,0.005,-0.006,24.7896
4489,1184168,487.04,226,1022,99.8,6,1,0,0.984,0.005,-0.006,24.7896
4490,1184232,482.08,222,1024,100.0,6,1,0,1.13,0.005,-0.006,24.7896
4491,1184264,494.2,270,1020,99.6,6,1,0,1.618,0.005,-0.006,24.7896
4492,1184496,433.06,554,1021,99.7,6,1,0,1.636,0.005,-0.006,24.7896
4493,1185320,485.21,259,1024,100.0,6,1,0,1.675,0.005,-0.006,24.7896
4494,1185328,481.84,266,1021,99.7,6,1,0,1.43,0.005,-0.006,24.7896
4495,1185760,580.7,158,1024,100.0,6,1,0,1.111,0.005,-0.006,24.7896
4496,1186024,472.83,267,1023,99.9,6,1,0,1.773,0.005,-0.006,24.7896
4497,1186096,494.77,233,1024,100.0,6,1,0,0.915,0.005,-0.006,24.7896
4498,1186240,455.56,283,1018,99.4,6,1,0,1.558,0.005,-0.006,24.7896
4499,1186320,505.61,269,1022,99.8,6,1,0,1.432,0.005,-0.006,24.7896
4500,1186424,486.7,270,1020,99.6,6,1,0,1.664,0.005,-0.006,24.7896
4501,1186920,513.45,145,1024,100.0,6,1,0,1.304,0.005,-0.006,24.7896
4502,1187192,530.73,146,1023,99.9,6,1,0,1.408,0.005,-0.006,24.7896
4503,1187272,482.37,243,1023,99.9,6,1,0,1.078,0.005,-0.006,24.7896
4504,1187336,486.28,252,1020,99.6,6,1,0,1.481,0.005,-0.006,24.7896
4505,1187880,472.37,223,1024,100.0,6,1,0,1.148,0.005,-0.0039,31.7049
4506,1188352,488.02,264,1023,99.9,6,1,0,1.619,0.005,-0.0039,31.7049
4507,1188464,571.99,149,1024,100.0,6,1,0,0.898,0.005,-0.0039,31.7049
4508,1188512,461.19,261,1022,99.8,6,1,0,1.891,0.005,-0.0039,31.7049
4509,1188520,474.05,275,1019,99.5,6,1,0,1.722,0.005,-0.0039,31.7049
4510,1188960,461.39,221,1024,100.0,6,1,0,1.029,0.005,-0.0039,31.7049
4511,1189008,498.59,141,1024,100.0,6,1,0,1.817,0.005,-0.0039,31.7049
4512,1189024,478.77,263,1024,100.0,6,1,0,1.764,0.005,-0.0039,31.7049
4513,1189488,484.93,269,1016,99.2,6,1,0,1.736,0.005,-0.0039,31.7049
4514,1189648,560.67,148,1024,100.0,6,1,0,1.007,0.005,-0.0039,31.7049
4515,1190312,470.15,245,1024,100.0,6,1,0,0.919,0.005,-0.0039,31.7049
4516,1190624,460.76,264,1019,99.5,6,1,0,1.573,0.005,-0.0039,31.7049
4517,1190640,475.95,265,1017,99.3,6,1,0,1.75,0.005,-0.0039,31.7049
4518,1190720,471.71,220,1024,100.0,6,1,0,1.268,0.005,-0.0039,31.7049
4519,1190864,581.31,152,1024,100.0,6,1,0,1.062,0.005,-0.0039,31.7049
4520,1191024,595.52,192,1024,100.0,6,1,0,0.906,0.005,-0.0039,31.7049
4521,1191040,486.58,252,1023,99.9,6,1,0,1.12,0.005,-0.0039,31.7049
4522,1191152,478.32,268,1024,100.0,6,1,0,1.769,0.005,-0.0039,31.7049
4523,1192048,569.06,148,1024,100.0,6,1,0,1.155,0.005,-0.0039,31.7049
4524,1192320,556.5,146,1024,100.0,6,1,0,0.885,0.005,-0.0039,31.7049
4525,1192432,466.95,265,1020,99.6,6,1,0,1.553,0.005,-0.0039,31.7049
4526,1192728,470.27,263,1021,99.7,6,1,0,1.811,0.005,-0.0039,31.7049
4527,1192736,482.89,262,1024,100.0,6,1,0,0.909,0.005,-0.0039,31.7049
4528,1192744,451.95,253,1021,99.7,6,1,0,1.524,0.005,-0.0039,31.7049
4529,1192824,466.55,225,1024,100.0,6,1,0,1.141,0.005,-0.0039,31.7049
4530,1192992,491.38,244,1024,100.0,6,1,0,1.102,0.005,-0.0039,31.7049
4531,1193608,524.73,147,1024,100.0,6,1,0,1.658,0.005,-0.0039,31.7049
4532,1193840,501.54,139,1017,99.3,6,1,0,1.619,0.005,-0.0039,31.7049
4533,1193904,563.63,145,1024,100.0,6,1,0,0.945,0.005,-0.0039,31.7049
4534,1193928,468.65,235,1024,100.0,6,1,0,1.424,0.005,-0.0039,31.7049
4535,1194128,513.68,142,1020,99.6,6,1,0,1.675,0.005,-0.0039,31.7049
4536,1194320,485.37,250,1024,100.0,6,1,0,1.518,0.005,-0.0039,31.7049
4537,1194848,480.41,253,1024,100.0,6,1,0,1.696,0.005,-0.0039,31.7049
4538,1195032,457.6,287,1023,99.9,6,1,0,1.574,0.005,-0.0039,31.7049
4539,1195584,437.99,247,1022,99.8,6,1,0,1.46,0.005,-0.0039,31.7049
4540,1195864,484.98,242,1023,99.9,6,1,0,1.001,0.005,-0.0039,31.7049
4541,1195944,485.17,263,1020,99.6,6,1,0,1.617,0.005,-0.0039,31.7049
4542,1196016,557.57,146,1024,100.0,6,1,0,1.126,0.005,-0.0039,31.7049
4543,1196048,485.12,268,1024,100.0,6,1,0,1.79,0.005,-0.0064,20.1871
4544,1196176,478.28,232,1024,100.0,6,1,0,1.107,0.005,-0.0064,20.1871
4545,1196272,574.19,155,1024,100.0,6,1,0,1.004,0.005,-0.0064,20.1871
4546,1196288,484.2,270,1024,100.0,6,1,0,1.496,0.005,-0.0064,20.1871
4547,1196856,586.68,159,1024,100.0,6,1,0,1.146,0.005,-0.0064,20.1871
4548,1197400,542.57,153,1020,99.6,6,1,0,1.681,0.005,-0.0064,20.1871
4549,1197472,569.39,150,1024,100.0,6,1,0,1.081,0.005,-0.0064,20.1871
4550,1197672,473.94,226,1022,99.8,6,1,0,1.245,0.005,-0.0064,20.1871
4551,1197848,483.35,225,1024,100.0,6,1,0,1.001,0.005,-0.0064,20.1871
4552,1198152,453.63,267,1023,99.9,6,1,0,1.586,0.005,-0.0064,20.1871
4553,1198280,465.51,249,1023,99.9,6,1,0,0.931,0.005,-0.0064,20.1871
4554,1198336,11.85,23,229,22.4,1,0,1,0.191,0.005,-0.0064,20.1871
4555,1198592,566.24,149,1024,100.0,6,1,0,0.842,0.005,-0.0064,20.1871
4556,1198928,485.69,259,1021,99.7,6,1,0,1.616,0.005,-0.0064,20.1871
4557,1198936,542.52,158,1024,100.0,6,1,0,1.652,0.005,-0.0064,20.1871
4558,1199184,506.58,405,1021,99.7,6,1,0,1.861,0.005,-0.0064,20.1871
4559,1199224,467.91,219,1022,99.8,6,1,0,1.306,0.005,-0.0064,20.1871
4560,1199496,536.72,145,1024,100.0,6,1,0,0.674,0.005,-0.0064,20.1871
4561,1199624,467.18,222,1024,100.0,6,1,0,1.131,0.005,-0.0064,20.1871
4562,1200072,546.18,142,1024,100.0,6,1,0,0.984,0.005,-0.0064,20.1871
4563,1200184,571.08,157,1024,100.0,6,1,0,0.97,0.005,-0.0064,20.1871
4564,1200320,501.83,137,1018,99.4,6,1,0,1.81,0.005,-0.0064,20.1871
4565,1200424,478.32,268,1022,99.8,6,1,0,1.617,0.005,-0.0064,20.1871
4566,1200432,479.0,230,1024,100.0,6,1,0,1.192,0.005,-0.0064,20.1871
4567,1200664,518.84,146,1019,99.5,6,1,0,1.833,0.005,-0.0064,20.1871
4568,1201096,471.91,239,1024,100.0,6,1,0,1.099,0.005,-0.0064,20.1871
4569,1201552,577.38,154,1024,100.0,6,1,0,0.879,0.005,-0.0064,20.1871
4570,1201592,493.24,246,1024,100.0,6,1,0,1.042,0.005,-0.0064,20.1871
4571,1202016,462.1,229,1024,100.0,6,1,0,1.01,0.005,-0.0064,20.1871
4572,1202208,499.83,267,1019,99.5,6,1,0,1.716,0.005,-0.0064,20.1871
4573,1202240,456.03,227,1024,100.0,6,1,0,0.859,0.005,-0.0064,20.1871
4574,1202448,462.67,223,1024,100.0,6,1,0,1.108,0.005,-0.0064,20.1871
4575,1202472,479.34,255,1023,99.9,6,1,0,1.575,0.005,-0.0064,20.1871
4576,1203048,481.36,244,1024,100.0,6,1,0,0.972,0.005,-0.0064,20.1871
4577,1203368,498.49,141,1023,99.9,6,1,0,1.433,0.005,-0.0064,20.1871
4578,1203392,476.75,225,1024,100.0,6,1,0,1.188,0.005,-0.0064,20.1871
4579,1203544,462.01,249,1024,100.0,6,1,0,0.805,0.005,-0.0064,20.1871
4580,1204000,469.32,248,1024,100.0,6,1,0,0.887,0.005,-0.0064,20.1871
4581,1204224,467.28,252,1024,100.0,6,1,0,1.385,0.005,-0.0064,20.1871
4582,1204392,496.77,243,1024,100.0,6,1,0,1.195,0.005,-0.0063,36.2669
4583,1204504,470.49,254,1024,100.0,6,1,0,1.568,0.005,-0.0063,36.2669
4584,1204616,574.44,156,1024,100.0,6,1,0,1.146,0.005,-0.0063,36.2669
4585,1205016,473.54,246,1024,100.0,6,1,0,1.093,0.005,-0.0063,36.2669
4586,1205144,560.47,143,1024,100.0,6,1,0,0.776,0.005,-0.0063,36.2669
4587,1205192,487.45,225,1024,100.0,6,1,0,0.91,0.005,-0.0063,36.2669
4588,1205392,458.39,231,1024,100.0,6,1,0,1.354,0.005,-0.0063,36.2669
4589,1205936,464.43,214,1021,99.7,6,1,0,1.016,0.005,-0.0063,36.2669
4590,1206128,473.33,217,1024,100.0,6,1,0,1.118,0.005,-0.0063,36.2669
4591,1206144,492.58,141,1019,99.5,6,1,0,1.566,0.005,-0.0063,36.2669
4592,1206416,557.11,159,1022,99.8,6,1,0,1.786,0.005,-0.0063,36.2669
4593,1206464,491.99,231,1024,100.0,6,1,0,1.167,0.005,-0.0063,36.2669
4594,1206600,479.78,262,1024,100.0,6,1,0,1.414,0.005,-0.0063,36.2669
4595,1207280,476.79,261,1020,99.6,6,1,0,1.584,0.005,-0.0063,36.2669
4596,1207432,459.35,255,1021,99.7,6,1,0,1.526,0.005,-0.0063,36.2669
4597,1207736,513.38,142,1023,99.9,6,1,0,1.445,0.005,-0.0063,36.2669
4598,1208064,487.94,266,1023,99.9,6,1,0,1.503,0.005,-0.0063,36.2669
4599,1208064,465.88,242,1024,100.0,6,1,0,0.97,0.005,-0.0063,36.2669
4600,1208248,471.11,229,1024,100.0,6,1,0,1.146,0.005,-0.0063,36.2669
4601,1208360,477.03,277,1017,99.3,6,1,0,1.822,0.005,-0.0063,36.2669
4602,1208416,470.76,244,1024,100.0,6,1,0,1.202,0.005,-0.0063,36.2669
4603,1208520,575.1,155,1024,100.0,6,1,0,0.953,0.005,-0.0063,36.2669
4604,1208624,541.66,149,1024,100.0,6,1,0,1.076,0.005,-0.0063,36.2669
4605,1209616,453.25,235,1024,100.0,6,1,0,0.86,0.005,-0.0063,36.2669
4606,1209856,481.16,224,1024,100.0,6,1,0,1.195,0.005,-0.0063,36.2669
4607,1209864,574.54,155,1024,100.0,6,1,0,0.999,0.005,-0.0063,36.2669
4608,1210096,478.79,231,1024,100.0,6,1,0,0.934,0.005,-0.0063,36.2669
4609,1210144,448.79,260,1022,99.8,6,1,0,1.543,0.005,-0.0063,36.2669
4610,1210320,471.62,238,1024,100.0,6,1,0,0.717,0.005,-0.0063,36.2669
4611,1210544,496.47,273,1023,99.9,6,1,0,1.696,0.005,-0.0063,36.2669
4612,1210656,463.83,267,1018,99.4,6,1,0,1.67,0.005,-0.0063,36.2669
4613,1210856,578.01,155,1024,100.0,6,1,0,1.085,0.005,-0.0063,36.2669
4614,1211272,599.98,176,1024,100.0,6,1,0,0.985,0.005,-0.0063,36.2669
4615,1211328,521.72,148,1024,100.0,6,1,0,1.803,0.005,-0.0063,36.2669
4616,1211464,3.19,17,236,23.0,1,0,1,0.144,0.005,-0.0063,36.2669
4617,1211680,504.08,142,1024,100.0,6,1,0,1.579,0.005,-0.0063,36.2669
4618,1211824,460.44,246,1024,100.0,6,1,0,1.157,0.005,-0.0063,36.2669
4619,1212152,471.73,257,1021,99.7,6,1,0,1.883,0.005,-0.0063,36.2669
4620,1212200,484.75,235,1023,99.9,6,1,0,1.107,0.005,-0.0063,36.2669
4621,1212504,536.76,154,1021,99.7,6,1,0,1.795,0.005,-0.0027,35.9494
4622,1212544,481.14,236,1024,100.0,6,1,0,0.804,0.005,-0.0027,35.9494
4623,1213000,474.82,268,1022,99.8,6,1,0,1.675,0.005,-0.0027,35.9494
4624,1213368,559.97,152,1024,100.0,6,1,0,0.918,0.005,-0.0027,35.9494
4625,1213544,476.2,260,1023,99.9,6,1,0,1.487,0.005,-0.0027,35.9494
4626,1213712,480.17,254,1021,99.7,6,1,0,1.663,0.005,-0.0027,35.9494
4627,1213936,476.16,264,1019,99.5,6,1,0,1.642,0.005,-0.0027,35.9494
4628,1214032,458.61,229,1024,100.0,6,1,0,0.867,0.005,-0.0027,35.9494
4629,1214176,507.13,147,1022,99.8,6,1,0,1.678,0.005,-0.0027,35.9494
4630,1214632,469.54,266,1022,99.8,6,1,0,1.577,0.005,-0.0027,35.9494
4631,1214656,472.16,264,1020,99.6,6,1,0,1.767,0.005,-0.0027,35.9494
4632,1214832,504.7,140,1019,99.5,6,1,0,1.887,0.005,-0.0027,35.9494
4633,1215408,471.87,233,1024,100.0,6,1,0,0.794,0.005,-0.0027,35.9494
4634,1215512,475.81,268,1018,99.4,6,1,0,1.768,0.005,-0.0027,35.9494
4635,1215832,531.0,150,1018,99.4,6,1,0,1.808,0.005,-0.0027,35.9494
4636,1215864,550.84,151,1024,100.0,6,1,0,0.941,0.005,-0.0027,35.9494
4637,1215896,461.95,245,1024,100.0,6,1,0,1.001,0.005,-0.0027,35.9494
4638,1216008,522.33,147,1018,99.4,6,1,0,1.82,0.005,-0.0027,35.9494
4639,1216152,467.05,265,1020,99.6,6,1,0,1.844,0.005,-0.0027,35.9494
4640,1216160,462.72,248,1024,100.0,6,1,0,1.029,0.005,-0.0027,35.9494
4641,1216528,508.0,140,1021,99.7,6,1,0,1.708,0.005,-0.0027,35.9494
4642,1217672,493.78,270,1024,100.0,6,1,0,1.575,0.005,-0.0027,35.9494
4643,1217720,459.0,232,1024,100.0,6,1,0,0.705,0.005,-0.0027,35.9494
4644,1217752,475.89,240,1024,100.0,6,1,0,0.668,0.005,-0.0027,35.9494
4645,1217856,452.52,213,1024,100.0,6,1,0,1.06,0.005,-0.0027,35.9494
4646,1217968,455.91,259,1022,99.8,6,1,0,1.512,0.005,-0.0027,35.9494
4647,1218152,476.12,268,1019,99.5,6,1,0,1.677,0.005,-0.0027,35.9494
4648,1218240,467.5,260,1021,99.7,6,1,0,1.55,0.005,-0.0027,35.9494
4649,1218600,482.42,259,1021,99.7,6,1,0,1.807,0.005,-0.0027,35.9494
4650,1218896,557.17,153,1024,100.0,6,1,0,0.938,0.005,-0.0027,35.9494
4651,1218928,15.01,41,236,23.0,1,0,1,0.18,0.005,-0.0027,35.9494
4652,1218928,531.33,147,1019,99.5,6,1,0,1.581,0.005,-0.0027,35.9494
4653,1219096,513.59,141,1024,100.0,6,1,0,1.472,0.005,-0.0027,35.9494
4654,1219472,583.34,154,1024,100.0,6,1,0,0.895,0.005,-0.0027,35.9494
4655,1219640,474.47,223,1024,100.0,6,1,0,0.869,0.005,-0.0027,35.9494
4656,1219832,476.16,264,1018,99.4,6,1,0,1.857,0.005,-0.0027,35.9494
4657,1219968,482.53,227,1024,100.0,6,1,0,1.009,0.005,-0.0027,35.9494
4658,1220144,577.73,156,1024,100.0,6,1,0,1.056,0.005,-0.0027,35.9494
4659,1220680,458.01,219,1024,100.0,6,1,0,1.103,0.005,-0.0053,23.4613
4660,1220816,466.14,236,1024,100.0,6,1,0,1.005,0.005,-0.0053,23.4613
4661,1221008,499.61,239,1024,100.0,6,1,0,1.062,0.005,-0.0053,23.4613
4662,1221384,458.11,239,1023,99.9,6,1,0,0.943,0.005,-0.0053,23.4613
4663,1221408,471.25,221,1022,99.8,6,1,0,0.937,0.005,-0.0053,23.4613
4664,1221592,465.2,220,1024,100.0,6,1,0,1.016,0.005,-0.0053,23.4613
4665,1221752,463.57,223,1021,99.7,6,1,0,0.997,0.005,-0.0053,23.4613
4666,1221880,459.23,217,1022,99.8,6,1,0,1.079,0.005,-0.0053,23.4613
4667,1222440,438.5,220,1024,100.0,6,1,0,0.942,0.005,-0.0053,23.4613
4668,1222736,591.31,169,1024,100.0,6,1,0,1.278,0.005,-0.0053,23.4613
4669,1222856,467.33,255,1024,100.0,6,1,0,0.997,0.005,-0.0053,23.4613
4670,1223104,442.6,262,1023,99.9,6,1,0,1.676,0.005,-0.0053,23.4613
4671,1223224,471.23,227,1020,99.6,6,1,0,0.976,0.005,-0.0053,23.4613
4672,1223416,485.12,228,1022,99.8,6,1,0,1.057,0.005,-0.0053,23.4613
4673,1223680,474.99,241,1024,100.0,6,1,0,1.134,0.005,-0.0053,23.4613
4674,1223872,507.58,142,1022,99.8,6,1,0,1.685,0.005,-0.0053,23.4613
4675,1224016,476.13,267,1017,99.3,6,1,0,1.625,0.005,-0.0053,23.4613
4676,1224112,584.0,157,1024,100.0,6,1,0,1.03,0.005,-0.0053,23.4613
4677,1224280,467.2,230,1024,100.0,6,1,0,1.008,0.005,-0.0053,23.4613
4678,1224336,565.95,154,1024,100.0,6,1,0,0.935,0.005,-0.0053,23.4613
4679,1224456,571.79,154,1024,100.0,6,1,0,0.718,0.005,-0.0053,23.4613
4680,1224600,530.72,148,1024,100.0,6,1,0,1.641,0.005,-0.0053,23.4613
4681,1225168,519.02,144,1024,100.0,6,1,0,1.485,0.005,-0.0053,23.4613
4682,1225488,522.36,144,1023,99.9,6,1,0,1.509,0.005,-0.0053,23.4613
4683,1225672,575.71,152,1024,100.0,6,1,0,0.942,0.005,-0.0053,23.4613
4684,1225712,470.59,254,1021,99.7,6,1,0,1.777,0.005,-0.0053,23.4613
4685,1225784,512.72,148,1024,100.0,6,1,0,1.532,0.005,-0.0053,23.4613
4686,1225832,470.5,215,1023,99.9,6,1,0,0.801,0.005,-0.0053,23.4613
4687,1226024,478.97,218,1024,100.0,6,1,0,0.749,0.005,-0.0053,23.4613
4688,1226072,510.95,275,1024,100.0,6,1,0,1.685,0.005,-0.0053,23.4613
4689,1226608,498.0,140,1024,100.0,6,1,0,1.55,0.005,-0.0053,23.4613
4690,1227136,579.3,169,1024,100.0,6,1,0,1.111,0.005,-0.0053,23.4613
4691,1227184,589.24,189,1024,100.0,6,1,0,1.072,0.005,-0.0053,23.4613
4692,1227312,494.12,268,1023,99.9,6,1,0,1.618,0.005,-0.0053,23.4613
4693,1227840,481.34,266,1018,99.4,6,1,0,1.554,0.005,-0.0053,23.4613
4694,1227904,476.46,259,1022,99.8,6,1,0,1.653,0.005,-0.0053,23.4613
4695,1227944,462.86,234,1024,100.0,6,1,0,1.04,0.005,-0.0053,23.4613
4696,1228192,469.09,271,1023,99.9,6,1,0,1.76,0.005,-0.0053,23.4613
4697,1228560,456.56,244,1024,100.0,6,1,0,1.157,0.005,-0.0053,23.4613
4698,1229008,513.23,146,1022,99.8,6,1,0,1.801,0.005,-0.0036,20.7323
4699,1229040,479.12,238,1024,100.0,6,1,0,0.929,0.005,-0.0036,20.7323
4700,1229160,474.49,231,1024,100.0,6,1,0,1.424,0.005,-0.0036,20.7323
4701,1229168,462.42,248,1023,99.9,6,1,0,0.962,0.005,-0.0036,20.7323
4702,1229184,554.3,160,1024,100.0,6,1,0,1.646,0.005,-0.0036,20.7323
4703,1229728,451.57,223,1022,99.8,6,1,0,1.047,0.005,-0.0036,20.7323
4704,1230296,467.37,263,1020,99.6,6,1,0,1.734,0.005,-0.0036,20.7323
4705,1230320,573.93,164,1024,100.0,6,1,0,1.163,0.005,-0.0036,20.7323
4706,1230424,539.12,158,1023,99.9,6,1,0,1.612,0.005,-0.0036,20.7323
4707,1230552,483.71,249,1024,100.0,6,1,0,1.107,0.005,-0.0036,20.7323
4708,1230880,544.98,144,1024,100.0,6,1,0,0.957,0.005,-0.0036,20.7323
4709,1230912,461.42,218,1024,100.0,6,1,0,1.057,0.005,-0.0036,20.7323
4710,1231024,468.6,230,1024,100.0,6,1,0,1.2,0.005,-0.0036,20.7323
4711,1231120,476.4,260,1023,99.9,6,1,0,1.675,0.005,-0.0036,20.7323
4712,1231488,524.81,149,1019,99.5,6,1,0,1.535,0.005,-0.0036,20.7323
4713,1231712,507.05,145,1020,99.6,6,1,0,1.623,0.005,-0.0036,20.7323
4714,1232440,496.84,265,1021,99.7,6,1,0,1.544,0.005,-0.0036,20.7323
4715,1232464,603.65,168,1024,100.0,6,1,0,1.054,0.005,-0.0036,20.7323
4716,1232472,475.16,256,1022,99.8,6,1,0,1.665,0.005,-0.0036,20.7323
4717,1232800,457.5,240,1024,100.0,6,1,0,0.923,0.005,-0.0036,20.7323
4718,1233008,482.98,262,1024,100.0,6,1,0,1.377,0.005,-0.0036,20.7323
4719,1233104,494.7,260,1020,99.6,6,1,0,1.698,0.005,-0.0036,20.7323
4720,1233296,11.99,24,222,21.7,1,0,1,0.182,0.005,-0.0036,20.7323
4721,1233432,488.27,243,1024,100.0,6,1,0,1.123,0.005,-0.0036,20.7323
4722,1233760,592.11,162,1024,100.0,6,1,0,1.129,0.005,-0.0036,20.7323
4723,1233880,496.89,271,1023,99.9,6,1,0,1.438,0.005,-0.0036,20.7323
4724,1234408,456.64,246,1023,99.9,6,1,0,1.126,0.005,-0.0036,20.7323
4725,1234464,484.91,249,1024,100.0,6,1,0,1.072,0.005,-0.0036,20.7323
4726,1235040,521.87,145,1021,99.7,6,1,0,1.688,0.005,-0.0036,20.7323
4727,1235088,470.4,260,1021,99.7,6,1,0,1.826,0.005,-0.0036,20.7323
4728,1235296,469.2,250,1024,100.0,6,1,0,0.785,0.005,-0.0036,20.7323
4729,1235496,472.92,258,1022,99.8,6,1,0,1.602,0.005,-0.0036,20.7323
4730,1235568,496.12,138,1022,99.8,6,1,0,1.897,0.005,-0.0036,20.7323
4731,1235808,529.24,376,1024,100.0,6,1,0,1.12,0.005,-0.0036,20.7323
4732,1235856,476.38,262,1021,99.7,6,1,0,1.528,0.005,-0.0036,20.7323
4733,1236296,553.67,151,1024,100.0,6,1,0,0.912,0.005,-0.0036,20.7323
4734,1236384,572.95,168,1024,100.0,6,1,0,1.294,0.005,-0.0036,20.7323
4735,1236464,480.31,257,1020,99.6,6,1,0,1.632,0.005,-0.0036,20.7323
4736,1237008,471.96,214,1024,100.0,6,1,0,1.127,0.005,-0.0058,47.6352
4737,1237328,461.41,229,1024,100.0,6,1,0,0.948,0.005,-0.0058,47.6352
4738,1237440,498.27,143,1019,99.5,6,1,0,1.844,0.005,-0.0058,47.6352
4739,1237440,482.06,234,1023,99.9,6,1,0,1.459,0.005,-0.0058,47.6352
4740,1237736,574.42,159,1024,100.0,6,1,0,0.98,0.005,-0.0058,47.6352
4741,1237824,453.94,246,1024,100.0,6,1,0,1.144,0.005,-0.0058,47.6352
4742,1238032,470.28,278,1023,99.9,6,1,0,1.598,0.005,-0.0058,47.6352
4743,1238464,473.2,260,1020,99.6,6,1,0,1.701,0.005,-0.0058,47.6352
4744,1238608,501.44,146,1019,99.5,6,1,0,1.774,0.005,-0.0058,47.6352
4745,1238992,513.14,146,1019,99.5,6,1,0,1.76,0.005,-0.0058,47.6352
4746,1239008,557.11,159,1023,99.9,6,1,0,1.545,0.005,-0.0058,47.6352
4747,1239096,476.69,261,1016,99.2,6,1,0,1.507,0.005,-0.0058,47.6352
4748,1239144,471.43,227,1023,99.9,6,1,0,1.175,0.005,-0.0058,47.6352
4749,1239160,501.39,141,1019,99.5,6,1,0,1.633,0.005,-0.0058,47.6352
4750,1239232,490.86,224,1024,100.0,6,1,0,1.343,0.005,-0.0058,47.6352
4751,1240232,571.97,155,1024,100.0,6,1,0,0.828,0.005,-0.0058,47.6352
4752,1240280,568.48,159,1024,100.0,6,1,0,1.152,0.005,-0.0058,47.6352
4753,1240336,556.47,155,1024,100.0,6,1,0,1.204,0.005,-0.0058,47.6352
4754,1240384,508.5,240,1024,100.0,6,1,0,1.134,0.005,-0.0058,47.6352
4755,1240408,541.83,147,1024,100.0,6,1,0,1.174,0.005,-0.0058,47.6352
4756,1240696,487.77,261,1024,100.0,6,1,0,1.586,0.005,-0.0058,47.6352
4757,1240920,463.9,220,1024,100.0,6,1,0,1.113,0.005,-0.0058,47.6352
4758,1241224,492.2,260,1019,99.5,6,1,0,1.743,0.005,-0.0058,47.6352
4759,1241488,513.46,144,1020,99.6,6,1,0,1.622,0.005,-0.0058,47.6352
4760,1241840,500.98,143,1019,99.5,6,1,0,1.683,0.005,-0.0058,47.6352
4761,1242064,461.31,229,1024,100.0,6,1,0,1.167,0.005,-0.0058,47.6352
4762,1242112,482.81,229,1023,99.9,6,1,0,1.198,0.005,-0.0058,47.6352
4763,1242168,562.68,156,1024,100.0,6,1,0,1.083,0.005,-0.0058,47.6352
4764,1242528,496.32,268,1024,100.0,6,1,0,1.323,0.005,-0.0058,47.6352
4765,1242600,477.06,274,1023,99.9,6,1,0,1.724,0.005,-0.0058,47.6352
4766,1243272,485.67,223,1024,100.0,6,1,0,1.093,0.005,-0.0058,47.6352
4767,1243288,507.7,140,1024,100.0,6,1,0,1.61,0.005,-0.0058,47.6352
4768,1243312,460.21,261,1021,99.7,6,1,0,1.636,0.005,-0.0058,47.6352
4769,1243688,519.25,145,1019,99.5,6,1,0,1.813,0.005,-0.0058,47.6352
4770,1243840,477.6,250,1024,100.0,6,1,0,0.8,0.005,-0.0058,47.6352
4771,1244032,484.24,246,1024,100.0,6,1,0,1.247,0.005,-0.0058,47.6352
4772,1244296,485.87,273,1020,99.6,6,1,0,1.568,0.005,-0.0058,47.6352
4773,1244728,467.14,266,1024,100.0,6,1,0,1.512,0.005,-0.0058,47.6352
4774,1244952,586.51,158,1024,100.0,6,1,0,1.306,0.005,-0.0058,47.6352
4775,1245088,467.95,225,1021,99.7,6,1,0,1.189,0.005,-0.0058,47.6352
4776,1245264,453.66,244,1024,100.0,6,1,0,1.099,0.005,-0.0024,16.5684
4777,1245440,484.79,271,1024,100.0,6,1,0,1.701,0.005,-0.0024,16.5684
4778,1245528,533.26,154,1021,99.7,6,1,0,1.726,0.005,-0.0024,16.5684
4779,1245816,478.23,247,1024,100.0,6,1,0,1.093,0.005,-0.0024,16.5684
4780,1246128,491.87,262,1024,100.0,6,1,0,1.282,0.005,-0.0024,16.5684
4781,1246392,571.0,163,1024,100.0,6,1,0,1.303,0.005,-0.0024,16.5684
4782,1246864,493.41,267,1023,99.9,6,1,0,1.705,0.005,-0.0024,16.5684
4783,1246912,568.32,184,1023,99.9,6,1,0,1.008,0.005,-0.0024,16.5684
4784,1247120,483.99,271,1018,99.4,6,1,0,1.651,0.005,-0.0024,16.5684
4785,1247184,449.6,240,1024,100.0,6,1,0,1.112,0.005,-0.0024,16.5684
4786,1247440,490.81,239,1024,100.0,6,1,0,1.262,0.005,-0.0024,16.5684
4787,1247776,478.65,245,1024,100.0,6,1,0,1.014,0.005,-0.0024,16.5684
4788,1248016,512.91,144,1024,100.0,6,1,0,1.573,0.005,-0.0024,16.5684
4789,1248128,515.38,152,1017,99.3,6,1,0,1.516,0.005,-0.0024,16.5684
4790,1248272,467.92,268,1024,100.0,6,1,0,1.446,0.005,-0.0024,16.5684
4791,1248544,466.11,269,1019,99.5,6,1,0,1.733,0.005,-0.0024,16.5684
4792,1248584,516.27,143,1023,99.9,6,1,0,1.551,0.005,-0.0024,16.5684
4793,1248944,522.1,146,1024,100.0,6,1,0,1.466,0.005,-0.0024,16.5684
4794,1249272,482.01,269,1022,99.8,6,1,0,1.409,0.005,-0.0024,16.5684
4795,1249320,494.93,267,1022,99.8,6,1,0,1.562,0.005,-0.0024,16.5684
4796,1249376,573.38,170,1024,100.0,6,1,0,1.121,0.005,-0.0024,16.5684
4797,1249664,504.3,140,1023,99.9,6,1,0,1.546,0.005,-0.0024,16.5684
4798,1250136,480.35,251,1023,99.9,6,1,0,1.229,0.005,-0.0024,16.5684
4799,1250432,522.35,145,1024,100.0,6,1,0,1.591,0.005,-0.0024,16.5684
4800,1250504,498.08,141,1023,99.9,6,1,0,1.438,0.005,-0.0024,16.5684
4801,1250672,482.64,300,1024,100.0,6,1,0,1.274,0.005,-0.0024,16.5684
4802,1250768,474.57,273,1019,99.5,6,1,0,1.825,0.005,-0.0024,16.5684
4803,1251136,478.36,274,1023,99.9,6,1,0,1.569,0.005,-0.0024,16.5684
4804,1251408,539.11,159,1023,99.9,6,1,0,1.659,0.005,-0.0024,16.5684
4805,1251512,480.86,274,1022,99.8,6,1,0,1.374,0.005,-0.0024,16.5684
4806,1251576,513.86,143,1019,99.5,6,1,0,1.621,0.005,-0.0024,16.5684
4807,1251704,486.89,255,1024,100.0,6,1,0,0.883,0.005,-0.0024,16.5684
4808,1251744,559.93,155,1024,100.0,6,1,0,1.25,0.005,-0.0024,16.5684
4809,1252616,456.87,243,1024,100.0,6,1,0,1.323,0.005,-0.0024,16.5684
4810,1252704,556.06,162,1024,100.0,6,1,0,1.575,0.005,-0.0024,16.5684
4811,1252752,453.32,248,1024,100.0,6,1,0,1.161,0.005,-0.0024,16.5684
4812,1252768,571.54,157,1024,100.0,6,1,0,1.109,0.005,-0.0024,16.5684
4813,1252776,569.42,150,1024,100.0,6,1,0,0.943,0.005,-0.0024,16.5684
4814,1252816,498.81,139,1021,99.7,6,1,0,1.654,0.005,-0.0024,16.5684
4815,1252904,557.46,145,1024,100.0,6,1,0,1.005,0.005,-0.0024,16.5684
4816,1253088,473.16,244,1024,100.0,6,1,0,1.07,0.005,-0.0024,16.5684
4817,1253768,509.81,144,1018,99.4,6,1,0,1.749,0.005,-0.0054,23.6396
4818,1253912,525.13,145,1018,99.4,6,1,0,1.721,0.005,-0.0054,23.6396
4819,1253976,512.84,145,1017,99.3,6,1,0,1.603,0.005,-0.0054,23.6396
4820,1254664,475.03,237,1021,99.7,6,1,0,1.485,0.005,-0.0054,23.6396
4821,1254720,465.58,252,1018,99.4,6,1,0,1.409,0.005,-0.0054,23.6396
4822,1254872,485.88,262,1024,100.0,6,1,0,1.339,0.005,-0.0054,23.6396
4823,1255000,482.08,262,1019,99.5,6,1,0,1.719,0.005,-0.0054,23.6396
4824,1255064,462.93,247,1024,100.0,6,1,0,1.145,0.005,-0.0054,23.6396
4825,1255840,471.17,259,1023,99.9,6,1,0,1.475,0.005,-0.0054,23.6396
4826,1256056,487.82,268,1022,99.8,6,1,0,1.309,0.005,-0.0054,23.6396
4827,1256136,565.74,158,1024,100.0,6,1,0,1.125,0.005,-0.0054,23.6396
4828,1256208,557.21,151,1024,100.0,6,1,0,1.218,0.005,-0.0054,23.6396
4829,1256224,484.79,281,1021,99.7,6,1,0,1.616,0.005,-0.0054,23.6396
4830,1256792,475.74,266,1021,99.7,6,1,0,1.551,0.005,-0.0054,23.6396
4831,1256816,461.48,262,1020,99.6,6,1,0,1.837,0.005,-0.0054,23.6396
4832,1257008,17.0,27,219,21.4,1,0,1,0.163,0.005,-0.0054,23.6396
4833,1257136,565.16,162,1024,100.0,6,1,0,1.102,0.005,-0.0054,23.6396
4834,1257208,491.12,268,1017,99.3,6,1,0,1.637,0.005,-0.0054,23.6396
4835,1257344,574.35,161,1024,100.0,6,1,0,1.259,0.005,-0.0054,23.6396
4836,1257368,504.64,145,1017,99.3,6,1,0,1.463,0.005,-0.0054,23.6396
4837,1258104,462.74,246,1024,100.0,6,1,0,1.093,0.005,-0.0054,23.6396
4838,1258320,482.68,262,1019,99.5,6,1,0,1.636,0.005,-0.0054,23.6396
4839,1258328,489.48,140,1024,100.0,6,1,0,1.316,0.005,-0.0054,23.6396
4840,1258952,453.93,267,1022,99.8,6,1,0,1.639,0.005,-0.0054,23.6396
4841,1259000,475.61,249,1024,100.0,6,1,0,1.261,0.005,-0.0054,23.6396
4842,1259256,496.04,236,1024,100.0,6,1,0,1.301,0.005,-0.0054,23.6396
4843,1259312,469.58,272,1023,99.9,6,1,0,1.628,0.005,-0.0054,23.6396
4844,1259432,479.49,261,1024,100.0,6,1,0,1.562,0.005,-0.0054,23.6396
4845,1259504,513.08,148,1024,100.0,6,1,0,1.28,0.005,-0.0054,23.6396
4846,1259592,559.45,158,1024,100.0,6,1,0,1.115,0.005,-0.0054,23.6396
4847,1260040,473.18,242,1024,100.0,6,1,0,1.162,0.005,-0.0054,23.6396
4848,1260440,498.31,141,1023,99.9,6,1,0,1.429,0.005,-0.0054,23.6396
4849,1260720,468.25,215,1023,99.9,6,1,0,1.212,0.005,-0.0054,23.6396
4850,1260744,476.35,224,1024,100.0,6,1,0,1.308,0.005,-0.0054,23.6396
4851,1261024,486.39,221,1024,100.0,6,1,0,1.381,0.005,-0.0054,23.6396
4852,1261256,474.12,228,1023,99.9,6,1,0,1.485,0.005,-0.0054,23.6396
4853,1261312,576.84,159,1024,100.0,6,1,0,1.255,0.005,-0.0054,23.6396
4854,1261624,478.57,265,1022,99.8,6,1,0,1.627,0.005,-0.006,36.3853
4855,1261712,473.95,265,1024,100.0,6,1,0,1.741,0.005,-0.006,36.3853
4856,1262216,476.28,222,1023,99.9,6,1,0,1.216,0.005,-0.006,36.3853
4857,1262440,510.16,148,1023,99.9,6,1,0,1.832,0.005,-0.006,36.3853
4858,1262744,504.76,140,1024,100.0,6,1,0,1.579,0.005,-0.006,36.3853
4859,1262840,463.98,262,1020,99.6,6,1,0,1.573,0.005,-0.006,36.3853
4860,1262848,475.14,266,1024,100.0,6,1,0,1.67,0.005,-0.006,36.3853
4861,1262904,464.55,235,1024,100.0,6,1,0,1.113,0.005,-0.006,36.3853
4862,1263408,473.28,262,1023,99.9,6,1,0,1.617,0.005,-0.006,36.3853
4863,1263656,477.37,243,1024,100.0,6,1,0,1.062,0.005,-0.006,36.3853
4864,1264256,458.85,255,1022,99.8,6,1,0,1.71,0.005,-0.006,36.3853
4865,1264520,470.16,260,1020,99.6,6,1,0,1.683,0.005,-0.006,36.3853
4866,1264592,449.71,219,1022,99.8,6,1,0,1.157,0.005,-0.006,36.3853
4867,1264784,468.25,255,1023,99.9,6,1,0,1.611,0.005,-0.006,36.3853
4868,1264808,475.32,238,1024,100.0,6,1,0,1.15,0.005,-0.006,36.3853
4869,1264840,516.22,148,1019,99.5,6,1,0,1.872,0.005,-0.006,36.3853
4870,1265472,566.0,152,1024,100.0,6,1,0,1.275,0.005,-0.006,36.3853
4871,1265504,469.38,262,1023,99.9,6,1,0,1.43,0.005,-0.006,36.3853
4872,1265976,512.81,149,1023,99.9,6,1,0,1.625,0.005,-0.006,36.3853
4873,1266504,459.06,212,1024,100.0,6,1,0,1.316,0.005,-0.006,36.3853
4874,1266560,463.04,246,1023,99.9,6,1,0,1.502,0.005,-0.006,36.3853
4875,1266616,472.68,262,1019,99.5,6,1,0,1.511,0.005,-0.006,36.3853
4876,1266800,447.66,494,1021,99.7,6,1,0,1.284,0.005,-0.006,36.3853
4877,1266984,466.52,268,1020,99.6,6,1,0,1.731,0.005,-0.006,36.3853
4878,1267432,490.05,245,1024,100.0,6,1,0,1.051,0.005,-0.006,36.3853
4879,1267512,477.15,251,1024,100.0,6,1,0,0.85,0.005,-0.006,36.3853
4880,1267648,495.19,143,1024,100.0,6,1,0,1.709,0.005,-0.006,36.3853
4881,1267936,465.75,245,1024,100.0,6,1,0,1.122,0.005,-0.006,36.3853
4882,1267968,570.89,169,1024,100.0,6,1,0,1.379,0.005,-0.006,36.3853
4883,1268744,489.47,273,1019,99.5,6,1,0,1.742,0.005,-0.006,36.3853
4884,1268896,466.98,262,1019,99.5,6,1,0,1.748,0.005,-0.006,36.3853
4885,1268944,466.45,245,1024,100.0,6,1,0,1.081,0.005,-0.006,36.3853
4886,1269536,474.57,253,1023,99.9,6,1,0,1.508,0.005,-0.006,36.3853
4887,1269536,481.97,263,1021,99.7,6,1,0,1.504,0.005,-0.006,36.3853
4888,1269808,477.9,270,1022,99.8,6,1,0,1.571,0.005,-0.0046,21.777
4889,1270016,515.03,256,1023,99.9,6,1,0,1.055,0.005,-0.0046,21.777
4890,1270096,468.96,270,1022,99.8,6,1,0,1.574,0.005,-0.0046,21.777
4891,1270576,469.21,229,1023,99.9,6,1,0,1.225,0.005,-0.0046,21.777
4892,1271040,482.32,268,1024,100.0,6,1,0,1.544,0.005,-0.0046,21.777
4893,1271184,472.5,280,1022,99.8,6,1,0,1.553,0.005,-0.0046,21.777
4894,1271352,497.63,227,1024,100.0,6,1,0,1.444,0.005,-0.0046,21.777
4895,1271376,468.6,230,1023,99.9,6,1,0,1.135,0.005,-0.0046,21.777
4896,1271872,459.48,222,1022,99.8,6,1,0,1.322,0.005,-0.0046,21.777
4897,1271984,482.84,246,1024,100.0,6,1,0,1.123,0.005,-0.0046,21.777
4898,1272320,551.0,160,1024,100.0,6,1,0,1.471,0.005,-0.0046,21.777
4899,1272512,485.38,242,1023,99.9,6,1,0,1.064,0.005,-0.0046,21.777
4900,1272520,576.92,167,1024,100.0,6,1,0,1.59,0.005,-0.0046,21.777
4901,1272584,565.51,154,1024,100.0,6,1,0,0.995,0.005,-0.0046,21.777
4902,1272824,528.51,377,1024,100.0,6,1,0,1.057,0.005,-0.0046,21.777
4903,1273104,574.15,154,1024,100.0,6,1,0,1.112,0.005,-0.0046,21.777
4904,1273712,530.87,149,1023,99.9,6,1,0,1.534,0.005,-0.0046,21.777
4905,1274072,478.79,261,1019,99.5,6,1,0,1.695,0.005,-0.0046,21.777
4906,1274472,480.51,269,1023,99.9,6,1,0,1.483,0.005,-0.0046,21.777
4907,1274536,469.05,253,1024,100.0,6,1,0,1.484,0.005,-0.0046,21.777
4908,1274600,470.38,252,1024,100.0,6,1,0,1.049,0.005,-0.0046,21.777
4909,1274880,473.34,257,1024,100.0,6,1,0,1.629,0.005,-0.0046,21.777
4910,1275080,594.35,171,1024,100.0,6,1,0,1.302,0.005,-0.0046,21.777
4911,1275208,510.2,142,1022,99.8,6,1,0,1.296,0.005,-0.0046,21.777
4912,1275320,464.03,493,1023,99.9,6,1,0,1.638,0.005,-0.0046,21.777
4913,1275832,195.0,78,843,82.3,3,0,1,0.18,0.005,-0.0046,21.777
4914,1276008,504.37,141,1019,99.5,6,1,0,1.613,0.005,-0.0046,21.777
4915,1276456,501.33,142,1019,99.5,6,1,0,1.534,0.005,-0.0046,21.777
4916,1276600,468.7,250,1024,100.0,6,1,0,1.51,0.005,-0.0046,21.777
4917,1276600,481.94,266,1023,99.9,6,1,0,1.392,0.005,-0.0046,21.777
4918,1276720,486.07,273,1022,99.8,6,1,0,1.336,0.005,-0.0046,21.777
4919,1277032,447.92,491,1024,100.0,6,1,0,1.225,0.005,-0.0046,21.777
4920,1277184,460.97,263,1021,99.7,6,1,0,1.557,0.005,-0.0046,21.777
4921,1277200,557.43,149,1024,100.0,6,1,0,1.058,0.005,-0.0046,21.777
4922,1277272,64.51,30,541,52.8,2,0,1,0.211,0.005,-0.0046,21.777
4923,1277752,515.96,144,1018,99.4,6,1,0,1.494,0.005,-0.0046,21.777
4924,1277776,533.99,147,1024,100.0,6,1,0,1.572,0.005,-0.0046,21.777
4925,1277920,484.59,261,1021,99.7,6,1,0,1.527,0.005,-0.0046,21.777
4926,1278592,481.23,267,1023,99.9,6,1,0,1.357,0.005,-0.0052,56.6287
4927,1278712,480.91,249,1024,100.0,6,1,0,1.261,0.005,-0.0052,56.6287
4928,1278984,530.99,151,1019,99.5,6,1,0,1.652,0.005,-0.0052,56.6287
4929,1279024,479.7,230,1022,99.8,6,1,0,1.013,0.005,-0.0052,56.6287
4930,1279056,498.48,142,1023,99.9,6,1,0,1.483,0.005,-0.0052,56.6287
4931,1279376,479.06,263,1023,99.9,6,1,0,1.59,0.005,-0.0052,56.6287
4932,1279384,459.57,273,1022,99.8,6,1,0,1.744,0.005,-0.0052,56.6287
4933,1279544,12.25,20,231,22.6,1,0,1,0.184,0.005,-0.0052,56.6287
4934,1279872,471.95,265,1023,99.9,6,1,0,1.42,0.005,-0.0052,56.6287
4935,1280576,473.77,199,1023,99.9,6,1,0,1.45,0.005,-0.0052,56.6287
4936,1280608,490.73,237,1024,100.0,6,1,0,1.244,0.005,-0.0052,56.6287
4937,1280680,473.09,261,1024,100.0,6,1,0,1.437,0.005,-0.0052,56.6287
4938,1280712,528.21,146,1024,100.0,6,1,0,1.459,0.005,-0.0052,56.6287
4939,1280920,474.91,237,1024,100.0,6,1,0,1.112,0.005,-0.0052,56.6287
4940,1281160,482.27,263,1024,100.0,6,1,0,1.506,0.005,-0.0052,56.6287
4941,1281544,474.49,271,1024,100.0,6,1,0,1.425,0.005,-0.0052,56.6287
4942,1281712,501.24,142,1023,99.9,6,1,0,1.429,0.005,-0.0052,56.6287
4943,1281776,504.25,146,1021,99.7,6,1,0,1.613,0.005,-0.0052,56.6287
4944,1281912,512.99,150,1023,99.9,6,1,0,1.352,0.005,-0.0052,56.6287
4945,1282816,489.33,267,1022,99.8,6,1,0,1.515,0.005,-0.0052,56.6287
4946,1282920,545.68,151,1024,100.0,6,1,0,1.589,0.005,-0.0052,56.6287
4947,1282992,483.21,259,1023,99.9,6,1,0,1.623,0.005,-0.0052,56.6287
4948,1283016,490.97,393,1024,100.0,6,1,0,1.57,0.005,-0.0052,56.6287
4949,1283152,469.21,249,1024,100.0,6,1,0,0.951,0.005,-0.0052,56.6287
4950,1283696,457.11,269,1022,99.8,6,1,0,1.475,0.005,-0.0052,56.6287
4951,1283736,485.95,245,1024,100.0,6,1,0,1.132,0.005,-0.0052,56.6287
4952,1283888,475.13,247,1024,100.0,6,1,0,1.075,0.005,-0.0052,56.6287
4953,1283968,516.22,144,1022,99.8,6,1,0,1.599,0.005,-0.0052,56.6287
4954,1284136,501.62,140,1024,100.0,6,1,0,1.371,0.005,-0.0052,56.6287
4955,1284800,476.05,235,1024,100.0,6,1,0,1.325,0.005,-0.0052,56.6287
4956,1284880,507.01,143,1024,100.0,6,1,0,1.792,0.005,-0.0052,56.6287
4957,1285056,464.62,238,1023,99.9,6,1,0,1.605,0.005,-0.0052,56.6287
4958,1285152,484.3,270,1019,99.5,6,1,0,1.482,0.005,-0.0052,56.6287
4959,1285712,461.64,252,1024,100.0,6,1,0,0.993,0.005,-0.0052,56.6287
4960,1285848,462.75,245,1024,100.0,6,1,0,1.322,0.005,-0.0052,56.6287
4961,1286008,477.3,255,1022,99.8,6,1,0,1.722,0.005,-0.0052,56.6287
4962,1286160,470.71,253,1023,99.9,6,1,0,1.165,0.005,-0.004,35.5152
4963,1286664,474.37,223,1024,100.0,6,1,0,1.224,0.005,-0.004,35.5152
4964,1286944,500.02,268,1024,100.0,6,1,0,1.427,0.005,-0.004,35.5152
4965,1287160,465.59,251,1024,100.0,6,1,0,1.238,0.005,-0.004,35.5152
4966,1287208,493.61,269,1019,99.5,6,1,0,1.709,0.005,-0.004,35.5152
4967,1287624,469.88,222,1024,100.0,6,1,0,1.498,0.005,-0.004,35.5152
4968,1287640,580.84,185,1024,100.0,6,1,0,1.321,0.005,-0.004,35.5152
4969,1287664,483.96,244,1024,100.0,6,1,0,1.163,0.005,-0.004,35.5152
4970,1287848,569.44,148,1024,100.0,6,1,0,1.029,0.005,-0.004,35.5152
4971,1288144,484.22,267,1023,99.9,6,1,0,1.382,0.005,-0.004,35.5152
4972,1288760,513.97,142,1023,99.9,6,1,0,1.207,0.005,-0.004,35.5152
4973,1288968,468.67,253,1024,100.0,6,1,0,1.395,0.005,-0.004,35.5152
4974,1289040,557.25,149,1024,100.0,6,1,0,1.197,0.005,-0.004,35.5152
4975,1289208,476.89,256,1024,100.0,6,1,0,1.08,0.005,-0.004,35.5152
4976,1289312,518.89,146,1024,100.0,6,1,0,1.617,0.005,-0.004,35.5152
4977,1289368,478.7,270,1022,99.8,6,1,0,1.346,0.005,-0.004,35.5152
4978,1289640,487.2,250,1024,100.0,6,1,0,1.083,0.005,-0.004,35.5152
4979,1289800,474.93,267,1022,99.8,6,1,0,1.591,0.005,-0.004,35.5152
4980,1290128,515.81,145,1023,99.9,6,1,0,1.325,0.005,-0.004,35.5152
4981,1290192,516.44,144,1024,100.0,6,1,0,1.499,0.005,-0.004,35.5152
4982,1290768,516.0,141,1024,100.0,6,1,0,1.609,0.005,-0.004,35.5152
4983,1290920,496.2,270,1024,100.0,6,1,0,1.227,0.005,-0.004,35.5152
4984,1290936,512.69,142,1023,99.9,6,1,0,1.555,0.005,-0.004,35.5152
4985,1291000,489.36,224,1024,100.0,6,1,0,1.352,0.005,-0.004,35.5152
4986,1291448,465.93,267,1021,99.7,6,1,0,1.295,0.005,-0.004,35.5152
4987,1291520,469.31,269,1022,99.8,6,1,0,1.337,0.005,-0.004,35.5152
4988,1291592,590.46,183,1024,100.0,6,1,0,1.429,0.005,-0.004,35.5152
4989,1292104,518.98,146,1024,100.0,6,1,0,1.552,0.005,-0.004,35.5152
4990,1292136,493.57,243,1023,99.9,6,1,0,1.363,0.005,-0.004,35.5152
4991,1292640,522.01,149,1024,100.0,6,1,0,1.463,0.005,-0.004,35.5152
4992,1292720,475.96,244,1024,100.0,6,1,0,1.573,0.005,-0.004,35.5152
4993,1292776,562.99,148,1024,100.0,6,1,0,1.251,0.005,-0.004,35.5152
4994,1293024,465.57,253,1020,99.6,6,1,0,1.542,0.005,-0.004,35.5152
4995,1293056,478.23,267,1024,100.0,6,1,0,1.387,0.005,-0.004,35.5152
4996,1293432,571.09,162,1024,100.0,6,1,0,1.342,0.005,-0.004,35.5152
4997,1293608,464.08,261,1024,100.0,6,1,0,1.526,0.005,-0.004,35.5152
4998,1294008,539.66,154,1017,99.3,6,1,0,1.559,0.005,-0.004,35.5152
4999,1294104,478.6,250,1023,99.9,6,1,0,1.266,0.005,-0.004,35.5152
5000,1294584,494.27,243,1024,100.0,6,1,0,1.46,0.005,-0.0038,21.4118
5001,1294592,479.96,234,1024,100.0,6,1,0,1.433,0.005,-0.0038,21.4118
5002,1294992,473.24,246,1024,100.0,6,1,0,1.229,0.005,-0.0038,21.4118
5003,1295216,471.6,270,1020,99.6,6,1,0,1.537,0.005,-0.0038,21.4118
5004,1295248,495.48,143,1024,100.0,6,1,0,1.521,0.005,-0.0038,21.4118
5005,1295456,462.67,253,1023,99.9,6,1,0,1.224,0.005,-0.0038,21.4118
5006,1295568,490.65,245,1023,99.9,6,1,0,1.41,0.005,-0.0038,21.4118
5007,1296136,510.13,143,1017,99.3,6,1,0,1.798,0.005,-0.0038,21.4118
5008,1296160,481.11,269,1023,99.9,6,1,0,1.714,0.005,-0.0038,21.4118
5009,1296384,545.32,146,1024,100.0,6,1,0,0.857,0.005,-0.0038,21.4118
5010,1296680,458.32,261,1023,99.9,6,1,0,1.694,0.005,-0.0038,21.4118
5011,1296744,494.2,270,1022,99.8,6,1,0,1.376,0.005,-0.0038,21.4118
5012,1297248,510.08,139,1023,99.9,6,1,0,1.424,0.005,-0.0038,21.4118
5013,1297432,477.87,273,1023,99.9,6,1,0,1.622,0.005,-0.0038,21.4118
5014,1297432,484.97,233,1024,100.0,6,1,0,1.655,0.005,-0.0038,21.4118
5015,1297568,626.15,176,1024,100.0,6,1,0,1.387,0.005,-0.0038,21.4118
5016,1297616,484.3,270,1022,99.8,6,1,0,1.558,0.005,-0.0038,21.4118
5017,1297728,570.0,168,1024,100.0,6,1,0,1.408,0.005,-0.0038,21.4118
5018,1297872,554.31,149,1023,99.9,6,1,0,1.222,0.005,-0.0038,21.4118
5019,1298000,574.87,157,1024,100.0,6,1,0,1.195,0.005,-0.0038,21.4118
5020,1298640,547.8,151,1024,100.0,6,1,0,1.288,0.005,-0.0038,21.4118
5021,1299048,527.6,147,1023,99.9,6,1,0,1.341,0.005,-0.0038,21.4118
5022,1299360,466.26,264,1024,100.0,6,1,0,1.516,0.005,-0.0038,21.4118
5023,1299520,466.76,244,1024,100.0,6,1,0,1.388,0.005,-0.0038,21.4118
5024,1299544,466.39,241,1024,100.0,6,1,0,1.423,0.005,-0.0038,21.4118
5025,1299576,482.22,268,1024,100.0,6,1,0,1.58,0.005,-0.0038,21.4118
5026,1299656,473.39,241,1024,100.0,6,1,0,1.221,0.005,-0.0038,21.4118
5027,1300040,479.23,255,1024,100.0,6,1,0,1.565,0.005,-0.0038,21.4118
5028,1300816,490.48,272,1023,99.9,6,1,0,1.443,0.005,-0.0038,21.4118
5029,1301112,476.52,258,1018,99.4,6,1,0,1.86,0.005,-0.0038,21.4118
5030,1301432,482.51,239,1023,99.9,6,1,0,1.412,0.005,-0.0038,21.4118
5031,1301536,501.55,272,1023,99.9,6,1,0,1.467,0.005,-0.0038,21.4118
5032,1301552,487.09,251,1024,100.0,6,1,0,1.022,0.005,-0.0038,21.4118
5033,1301632,474.13,247,1024,100.0,6,1,0,1.322,0.005,-0.0038,21.4118
5034,1301688,494.15,264,1023,99.9,6,1,0,1.493,0.005,-0.0038,21.4118
5035,1302144,482.27,263,1022,99.8,6,1,0,1.508,0.005,-0.0038,21.4118
5036,1302712,485.93,237,1024,100.0,6,1,0,1.397,0.005,-0.0058,20.4627
5037,1302784,562.99,154,1024,100.0,6,1,0,1.277,0.005,-0.0058,20.4627
5038,1303184,485.61,259,1023,99.9,6,1,0,1.363,0.005,-0.0058,20.4627
5039,1303264,480.81,229,1024,100.0,6,1,0,1.139,0.005,-0.0058,20.4627
5040,1303520,481.72,248,1024,100.0,6,1,0,1.073,0.005,-0.0058,20.4627
5041,1303544,520.78,232,1023,99.9,6,1,0,1.171,0.005,-0.0058,20.4627
5042,1303616,470.72,248,1023,99.9,6,1,0,1.144,0.005,-0.0058,20.4627
5043,1303832,486.44,140,1023,99.9,6,1,0,1.404,0.005,-0.0058,20.4627
5044,1304232,483.09,261,1022,99.8,6,1,0,1.521,0.005,-0.0058,20.4627
5045,1304360,487.13,137,1023,99.9,6,1,0,1.384,0.005,-0.0058,20.4627
5046,1304760,551.65,143,1024,100.0,6,1,0,1.112,0.005,-0.0058,20.4627
5047,1304912,478.04,266,1023,99.9,6,1,0,1.318,0.005,-0.0058,20.4627
5048,1304992,509.88,145,1024,100.0,6,1,0,1.251,0.005,-0.0058,20.4627
5049,1305176,472.01,249,1024,100.0,6,1,0,1.065,0.005,-0.0058,20.4627
5050,1305632,466.66,264,1023,99.9,6,1,0,1.589,0.005,-0.0058,20.4627
5051,1305688,493.02,268,1022,99.8,6,1,0,1.834,0.005,-0.0058,20.4627
5052,1306080,551.45,146,1024,100.0,6,1,0,1.283,0.005,-0.0058,20.4627
5053,1306256,466.8,253,1024,100.0,6,1,0,1.151,0.005,-0.0058,20.4627
5054,1306384,500.76,253,1023,99.9,6,1,0,0.921,0.005,-0.0058,20.4627
5055,1306704,482.07,243,1024,100.0,6,1,0,1.22,0.005,-0.0058,20.4627
5056,1306800,489.84,226,1024,100.0,6,1,0,1.548,0.005,-0.0058,20.4627
5057,1306856,560.05,153,1024,100.0,6,1,0,0.981,0.005,-0.0058,20.4627
5058,1306888,527.62,150,1023,99.9,6,1,0,1.469,0.005,-0.0058,20.4627
5059,1307232,478.69,257,1024,100.0,6,1,0,1.209,0.005,-0.0058,20.4627
5060,1307576,557.75,149,1024,100.0,6,1,0,1.082,0.005,-0.0058,20.4627
5061,1307840,464.87,220,1024,100.0,6,1,0,1.657,0.005,-0.0058,20.4627
5062,1308272,474.98,252,1023,99.9,6,1,0,1.465,0.005,-0.0058,20.4627
5063,1308856,491.04,246,1023,99.9,6,1,0,1.066,0.005,-0.0058,20.4627
5064,1308864,468.8,270,1021,99.7,6,1,0,1.508,0.005,-0.0058,20.4627
5065,1308904,481.77,263,1022,99.8,6,1,0,1.643,0.005,-0.0058,20.4627
5066,1308968,462.89,264,1023,99.9,6,1,0,1.405,0.005,-0.0058,20.4627
5067,1309048,556.69,151,1024,100.0,6,1,0,1.117,0.005,-0.0058,20.4627
5068,1309400,481.49,271,1023,99.9,6,1,0,1.41,0.005,-0.0058,20.4627
5069,1309472,577.89,150,1024,100.0,6,1,0,1.287,0.005,-0.0058,20.4627
5070,1309616,506.4,255,1023,99.9,6,1,0,1.376,0.005,-0.0058,20.4627
5071,1310192,573.85,167,1024,100.0,6,1,0,1.435,0.005,-0.0058,20.4627
5072,1310304,559.47,157,1024,100.0,6,1,0,1.34,0.005,-0.0058,20.4627
5073,1310480,576.12,189,1024,100.0,6,1,0,1.469,0.005,-0.0058,20.4627
5074,1310952,467.19,261,1022,99.8,6,1,0,1.55,0.005,-0.0052,24.7926
5075,1311368,545.09,147,1024,100.0,6,1,0,1.024,0.005,-0.0052,24.7926
5076,1311448,490.93,247,1024,100.0,6,1,0,1.173,0.005,-0.0052,24.7926
5077,1311520,479.55,265,1024,100.0,6,1,0,1.609,0.005,-0.0052,24.7926
5078,1311528,568.88,153,1024,100.0,6,1,0,0.898,0.005,-0.0052,24.7926
5079,1311624,504.24,143,1024,100.0,6,1,0,1.418,0.005,-0.0052,24.7926
5080,1311656,460.98,255,1024,100.0,6,1,0,0.956,0.005,-0.0052,24.7926
5081,1311936,547.19,379,1024,100.0,6,1,0,1.096,0.005,-0.0052,24.7926
5082,1312072,507.18,140,1024,100.0,6,1,0,1.528,0.005,-0.0052,24.7926
5083,1312680,503.56,144,1022,99.8,6,1,0,1.385,0.005,-0.0052,24.7926
5084,1312880,580.81,153,1024,100.0,6,1,0,1.411,0.005,-0.0052,24.7926
5085,1312992,575.66,171,1024,100.0,6,1,0,1.303,0.005,-0.0052,24.7926
5086,1313272,478.72,238,1023,99.9,6,1,0,1.012,0.005,-0.0052,24.7926
5087,1313432,489.42,248,1024,100.0,6,1,0,1.077,0.005,-0.0052,24.7926
5088,1313640,478.55,265,1024,100.0,6,1,0,1.198,0.005,-0.0052,24.7926
5089,1313912,572.06,154,1024,100.0,6,1,0,1.311,0.005,-0.0052,24.7926
5090,1314032,507.33,144,1021,99.7,6,1,0,1.614,0.005,-0.0052,24.7926
5091,1314040,472.57,263,1024,100.0,6,1,0,1.504,0.005,-0.0052,24.7926
5092,1314224,481.77,269,1023,99.9,6,1,0,1.337,0.005,-0.0052,24.7926
5093,1314336,-5.52,14,246,24.0,1,0,1,0.159,0.005,-0.0052,24.7926
5094,1314528,524.23,157,1024,100.0,6,1,0,1.46,0.005,-0.0052,24.7926
5095,1315088,496.46,262,1024,100.0,6,1,0,1.429,0.005,-0.0052,24.7926
5096,1315184,488.91,143,1018,99.4,6,1,0,1.467,0.005,-0.0052,24.7926
5097,1315184,541.37,193,1023,99.9,6,1,0,1.274,0.005,-0.0052,24.7926
5098,1315200,503.52,146,1019,99.5,6,1,0,1.75,0.005,-0.0052,24.7926
5099,1315496,476.42,258,1024,100.0,6,1,0,1.666,0.005,-0.0052,24.7926
5100,1315680,512.96,144,1024,100.0,6,1,0,1.456,0.005,-0.0052,24.7926
5101,1315936,459.25,253,1023,99.9,6,1,0,1.569,0.005,-0.0052,24.7926
5102,1316136,469.85,225,1024,100.0,6,1,0,1.17,0.005,-0.0052,24.7926
5103,1316976,480.16,224,1024,100.0,6,1,0,1.224,0.005,-0.0052,24.7926
5104,1317136,481.78,242,1024,100.0,6,1,0,1.278,0.005,-0.0052,24.7926
5105,1317176,496.16,249,1024,100.0,6,1,0,1.324,0.005,-0.0052,24.7926
5106,1317224,468.81,267,1023,99.9,6,1,0,1.586,0.005,-0.0052,24.7926
5107,1317416,559.67,160,1024,100.0,6,1,0,1.462,0.005,-0.0052,24.7926
5108,1317664,453.52,248,1024,100.0,6,1,0,1.126,0.005,-0.0052,24.7926
5109,1317680,501.97,273,1024,100.0,6,1,0,1.454,0.005,-0.0052,24.7926
5110,1317840,481.82,238,1024,100.0,6,1,0,1.553,0.005,-0.0052,24.7926
5111,1318360,510.07,142,1024,100.0,6,1,0,1.481,0.005,-0.0052,24.7926
5112,1318896,584.01,154,1024,100.0,6,1,0,1.118,0.005,-0.0052,24.7926
5113,1319016,468.85,255,1023,99.9,6,1,0,1.285,0.005,-0.006,37.906
5114,1319200,464.42,258,1020,99.6,6,1,0,1.581,0.005,-0.006,37.906
5115,1319256,485.2,260,1021,99.7,6,1,0,1.566,0.005,-0.006,37.906
5116,1319536,519.23,147,1024,100.0,6,1,0,1.339,0.005,-0.006,37.906
5117,1319576,496.1,270,1023,99.9,6,1,0,1.65,0.005,-0.006,37.906
5118,1319672,491.91,249,1024,100.0,6,1,0,1.217,0.005,-0.006,37.906
5119,1319976,491.23,267,1024,100.0,6,1,0,1.493,0.005,-0.006,37.906
5120,1320464,556.4,151,1024,100.0,6,1,0,1.561,0.005,-0.006,37.906
5121,1320848,474.41,229,1022,99.8,6,1,0,1.296,0.005,-0.006,37.906
5122,1320896,486.76,250,1024,100.0,6,1,0,0.968,0.005,-0.006,37.906
5123,1321368,505.49,271,1022,99.8,6,1,0,1.412,0.005,-0.006,37.906
5124,1321480,494.67,243,1024,100.0,6,1,0,1.572,0.005,-0.006,37.906
5125,1321528,450.58,232,1024,100.0,6,1,0,1.029,0.005,-0.006,37.906
5126,1321648,476.61,259,1023,99.9,6,1,0,1.621,0.005,-0.006,37.906
5127,1321976,514.6,250,1024,100.0,6,1,0,1.266,0.005,-0.006,37.906
5128,1322128,560.0,154,1024,100.0,6,1,0,1.214,0.005,-0.006,37.906
5129,1322608,484.12,268,1018,99.4,6,1,0,1.522,0.005,-0.006,37.906
5130,1322688,513.18,145,1022,99.8,6,1,0,1.558,0.005,-0.006,37.906
5131,1323008,470.3,270,1022,99.8,6,1,0,1.553,0.005,-0.006,37.906
5132,1323136,507.46,145,1023,99.9,6,1,0,1.265,0.005,-0.006,37.906
5133,1323488,491.35,265,1022,99.8,6,1,0,1.229,0.005,-0.006,37.906
5134,1323496,471.38,252,1022,99.8,6,1,0,1.4,0.005,-0.006,37.906
5135,1323776,479.54,266,1024,100.0,6,1,0,1.524,0.005,-0.006,37.906
5136,1324064,486.68,242,1024,100.0,6,1,0,1.094,0.005,-0.006,37.906
5137,1324552,508.07,233,1024,100.0,6,1,0,1.272,0.005,-0.006,37.906
5138,1324608,465.0,250,1024,100.0,6,1,0,1.271,0.005,-0.006,37.906
5139,1324760,583.34,159,1024,100.0,6,1,0,1.196,0.005,-0.006,37.906
5140,1324976,483.1,230,1022,99.8,6,1,0,1.282,0.005,-0.006,37.906
5141,1325000,479.21,249,1024,100.0,6,1,0,1.24,0.005,-0.006,37.906
5142,1325504,470.99,251,1022,99.8,6,1,0,1.432,0.005,-0.006,37.906
5143,1325728,466.06,244,1024,100.0,6,1,0,1.397,0.005,-0.006,37.906
5144,1326176,465.95,264,1021,99.7,6,1,0,1.43,0.005,-0.006,37.906
5145,1326280,462.3,216,1024,100.0,6,1,0,1.388,0.005,-0.006,37.906
5146,1326584,487.43,247,1024,100.0,6,1,0,1.313,0.005,-0.006,37.906
5147,1326872,491.26,264,1020,99.6,6,1,0,1.46,0.005,-0.006,37.906
5148,1326944,569.12,152,1024,100.0,6,1,0,1.54,0.005,-0.006,37.906
5149,1327080,469.73,263,1021,99.7,6,1,0,1.481,0.005,-0.006,37.906
5150,1327112,485.12,264,1023,99.9,6,1,0,1.252,0.005,-0.0046,18.1064
5151,1327344,569.17,146,1024,100.0,6,1,0,1.208,0.005,-0.0046,18.1064
5152,1327632,488.94,266,1023,99.9,6,1,0,1.386,0.005,-0.0046,18.1064
5153,1327712,501.68,141,1022,99.8,6,1,0,1.373,0.005,-0.0046,18.1064
5154,1328088,548.66,143,1024,100.0,6,1,0,1.232,0.005,-0.0046,18.1064
5155,1328280,470.9,250,1024,100.0,6,1,0,0.997,0.005,-0.0046,18.1064
5156,1328296,571.17,152,1024,100.0,6,1,0,1.396,0.005,-0.0046,18.1064
5157,1328904,467.69,254,1024,100.0,6,1,0,1.102,0.005,-0.0046,18.1064
5158,1329168,491.62,228,1024,100.0,6,1,0,1.462,0.005,-0.0046,18.1064
5159,1329216,481.87,263,1024,100.0,6,1,0,1.4,0.005,-0.0046,18.1064
5160,1329416,492.46,140,1023,99.9,6,1,0,1.472,0.005,-0.0046,18.1064
5161,1329680,453.27,256,1024,100.0,6,1,0,1.629,0.005,-0.0046,18.1064
5162,1329696,497.02,248,1024,100.0,6,1,0,1.412,0.005,-0.0046,18.1064
5163,1330064,462.17,223,1024,100.0,6,1,0,1.44,0.005,-0.0046,18.1064
5164,1330600,518.92,148,1024,100.0,6,1,0,1.635,0.005,-0.0046,18.1064
5165,1330640,583.48,184,1024,100.0,6,1,0,1.165,0.005,-0.0046,18.1064
5166,1330968,467.32,258,1022,99.8,6,1,0,1.299,0.005,-0.0046,18.1064
5167,1331120,466.92,238,1023,99.9,6,1,0,1.451,0.005,-0.0046,18.1064
5168,1331248,553.64,148,1024,100.0,6,1,0,1.239,0.005,-0.0046,18.1064
5169,1331856,496.18,272,1024,100.0,6,1,0,1.44,0.005,-0.0046,18.1064
5170,1331864,456.59,271,1022,99.8,6,1,0,1.535,0.005,-0.0046,18.1064
5171,1332152,438.32,508,1020,99.6,6,1,0,1.776,0.005,-0.0046,18.1064
5172,1332312,512.15,149,1023,99.9,6,1,0,1.513,0.005,-0.0046,18.1064
5173,1332456,553.68,151,1024,100.0,6,1,0,1.38,0.005,-0.0046,18.1064
5174,1332616,493.23,247,1024,100.0,6,1,0,1.271,0.005,-0.0046,18.1064
5175,1332704,478.27,263,1024,100.0,6,1,0,1.326,0.005,-0.0046,18.1064
5176,1332752,478.77,223,1024,100.0,6,1,0,1.499,0.005,-0.0046,18.1064
5177,1333008,516.62,144,1022,99.8,6,1,0,1.377,0.005,-0.0046,18.1064
5178,1333336,551.48,148,1024,100.0,6,1,0,1.294,0.005,-0.0046,18.1064
5179,1333520,563.26,151,1024,100.0,6,1,0,1.04,0.005,-0.0046,18.1064
5180,1333808,483.71,138,1023,99.9,6,1,0,1.418,0.005,-0.0046,18.1064
5181,1333968,486.17,263,1023,99.9,6,1,0,1.478,0.005,-0.0046,18.1064
5182,1334096,574.42,168,1023,99.9,6,1,0,1.424,0.005,-0.0046,18.1064
5183,1334432,484.43,227,1024,100.0,6,1,0,1.264,0.005,-0.0046,18.1064
5184,1334560,488.27,263,1022,99.8,6,1,0,1.547,0.005,-0.0046,18.1064
5185,1335088,497.44,260,1024,100.0,6,1,0,1.561,0.005,-0.0046,18.1064
5186,1335128,501.25,145,1023,99.9,6,1,0,1.485,0.005,-0.0046,18.1064
5187,1335208,476.56,234,1024,100.0,6,1,0,1.325,0.005,-0.0046,18.1064
5188,1335288,464.24,221,1024,100.0,6,1,0,1.299,0.005,-0.0046,18.1064
5189,1335784,459.73,247,1024,100.0,6,1,0,1.315,0.005,-0.0038,20.6577
5190,1336000,479.82,238,1024,100.0,6,1,0,1.304,0.005,-0.0038,20.6577
5191,1336264,501.78,142,1024,100.0,6,1,0,1.304,0.005,-0.0038,20.6577
5192,1336296,569.14,151,1024,100.0,6,1,0,1.378,0.005,-0.0038,20.6577
5193,1336352,510.11,143,1023,99.9,6,1,0,1.417,0.005,-0.0038,20.6577
5194,1336616,474.43,257,1024,100.0,6,1,0,1.327,0.005,-0.0038,20.6577
5195,1337416,476.34,266,1024,100.0,6,1,0,1.502,0.005,-0.0038,20.6577
5196,1337456,566.11,149,1024,100.0,6,1,0,1.425,0.005,-0.0038,20.6577
5197,1337504,519.35,144,1021,99.7,6,1,0,1.554,0.005,-0.0038,20.6577
5198,1337808,464.9,253,1024,100.0,6,1,0,1.365,0.005,-0.0038,20.6577
5199,1338064,476.51,258,1024,100.0,6,1,0,1.426,0.005,-0.0038,20.6577
5200,1338280,439.72,481,1019,99.5,6,1,0,1.623,0.005,-0.0038,20.6577
5201,1338392,466.78,262,1023,99.9,6,1,0,1.335,0.005,-0.0038,20.6577
5202,1338400,487.37,223,1024,100.0,6,1,0,1.174,0.005,-0.0038,20.6577
5203,1338944,504.7,142,1023,99.9,6,1,0,1.441,0.005,-0.0038,20.6577
5204,1339152,489.44,136,1018,99.4,6,1,0,1.613,0.005,-0.0038,20.6577
5205,1339240,466.67,223,1024,100.0,6,1,0,1.066,0.005,-0.0038,20.6577
5206,1339432,469.79,241,1024,100.0,6,1,0,1.221,0.005,-0.0038,20.6577
5207,1339520,473.27,263,1024,100.0,6,1,0,1.341,0.005,-0.0038,20.6577
5208,1339576,557.0,147,1024,100.0,6,1,0,1.207,0.005,-0.0038,20.6577
5209,1340112,510.14,146,1024,100.0,6,1,0,1.614,0.005,-0.0038,20.6577
5210,1340240,460.15,245,1024,100.0,6,1,0,1.378,0.005,-0.0038,20.6577
5211,1340296,513.37,143,1023,99.9,6,1,0,1.326,0.005,-0.0038,20.6577
5212,1340336,468.67,243,1024,100.0,6,1,0,1.356,0.005,-0.0038,20.6577
5213,1341296,560.45,148,1024,100.0,6,1,0,1.213,0.005,-0.0038,20.6577
5214,1341360,470.79,241,1024,100.0,6,1,0,1.541,0.005,-0.0038,20.6577
5215,1341400,490.8,270,1024,100.0,6,1,0,1.7,0.005,-0.0038,20.6577
5216,1341496,468.6,240,1023,99.9,6,1,0,1.494,0.005,-0.0038,20.6577
5217,1341504,472.22,248,1024,100.0,6,1,0,1.311,0.005,-0.0038,20.6577
5218,1342152,468.28,232,1024,100.0,6,1,0,1.296,0.005,-0.0038,20.6577
5219,1342168,469.89,241,1024,100.0,6,1,0,1.525,0.005,-0.0038,20.6577
5220,1342408,479.51,259,1024,100.0,6,1,0,1.439,0.005,-0.0038,20.6577
5221,1342648,516.67,143,1024,100.0,6,1,0,1.393,0.005,-0.0038,20.6577
5222,1343272,486.66,140,1019,99.5,6,1,0,1.58,0.005,-0.0038,20.6577
5223,1343296,462.26,250,1021,99.7,6,1,0,1.516,0.005,-0.0038,20.6577
5224,1343472,485.36,264,1019,99.5,6,1,0,1.721,0.005,-0.0038,20.6577
5225,1343488,480.01,261,1024,100.0,6,1,0,1.402,0.005,-0.0038,20.6577
5226,1343496,472.25,250,1023,99.9,6,1,0,1.413,0.005,-0.0048,24.6355
5227,1343792,513.7,143,1018,99.4,6,1,0,1.806,0.005,-0.0048,24.6355
5228,1344224,469.07,227,1024,100.0,6,1,0,1.391,0.005,-0.0048,24.6355
5229,1344288,476.36,265,1022,99.8,6,1,0,1.547,0.005,-0.0048,24.6355
5230,1344440,500.78,143,1019,99.5,6,1,0,1.735,0.005,-0.0048,24.6355
5231,1344648,519.2,147,1023,99.9,6,1,0,1.399,0.005,-0.0048,24.6355
5232,1345016,475.29,218,1024,100.0,6,1,0,1.469,0.005,-0.0048,24.6355
5233,1345216,468.95,215,1024,100.0,6,1,0,1.257,0.005,-0.0048,24.6355
5234,1345416,516.89,141,1024,100.0,6,1,0,1.45,0.005,-0.0048,24.6355
5235,1345584,476.98,262,1020,99.6,6,1,0,1.549,0.005,-0.0048,24.6355
5236,1345896,475.43,263,1021,99.7,6,1,0,1.782,0.005,-0.0048,24.6355
5237,1346304,474.1,260,1022,99.8,6,1,0,1.211,0.005,-0.0048,24.6355
5238,1346384,542.26,146,1024,100.0,6,1,0,1.316,0.005,-0.0048,24.6355
5239,1346544,478.73,237,1023,99.9,6,1,0,1.536,0.005,-0.0048,24.6355
5240,1347000,450.79,248,1020,99.6,6,1,0,1.516,0.005,-0.0048,24.6355
5241,1347088,519.61,149,1023,99.9,6,1,0,1.427,0.005,-0.0048,24.6355
5242,1347456,558.53,377,1024,100.0,6,1,0,1.258,0.005,-0.0048,24.6355
5243,1347480,554.35,147,1024,100.0,6,1,0,1.442,0.005,-0.0048,24.6355
5244,1347488,470.91,259,1024,100.0,6,1,0,1.511,0.005,-0.0048,24.6355
5245,1347720,484.53,267,1022,99.8,6,1,0,1.487,0.005,-0.0048,24.6355
5246,1347904,46.87,23,548,53.5,2,0,1,0.116,0.005,-0.0048,24.6355
5247,1348272,563.07,148,1024,100.0,6,1,0,1.311,0.005,-0.0048,24.6355
5248,1348496,475.62,264,1021,99.7,6,1,0,1.536,0.005,-0.0048,24.6355
5249,1348504,472.65,245,1024,100.0,6,1,0,1.374,0.005,-0.0048,24.6355
5250,1348616,542.56,145,1024,100.0,6,1,0,1.172,0.005,-0.0048,24.6355
5251,1349008,498.92,138,1024,100.0,6,1,0,1.359,0.005,-0.0048,24.6355
5252,1349032,471.46,254,1020,99.6,6,1,0,1.691,0.005,-0.0048,24.6355
5253,1349376,492.03,237,1024,100.0,6,1,0,1.514,0.005,-0.0048,24.6355
5254,1349416,495.55,143,1021,99.7,6,1,0,1.634,0.005,-0.0048,24.6355
5255,1349512,476.49,253,1024,100.0,6,1,0,0.955,0.005,-0.0048,24.6355
5256,1349728,495.16,139,1022,99.8,6,1,0,1.444,0.005,-0.0048,24.6355
5257,1350176,516.31,143,1023,99.9,6,1,0,1.568,0.005,-0.0048,24.6355
5258,1350424,481.69,241,1024,100.0,6,1,0,1.464,0.005,-0.0048,24.6355
5259,1350472,483.24,246,1024,100.0,6,1,0,1.286,0.005,-0.0048,24.6355
5260,1351096,485.68,261,1024,100.0,6,1,0,1.504,0.005,-0.0048,24.6355
5261,1351288,479.98,222,1024,100.0,6,1,0,1.57,0.005,-0.0048,24.6355
5262,1351376,460.05,245,1024,100.0,6,1,0,1.238,0.005,-0.0048,24.6355
5263,1351480,463.87,263,1022,99.8,6,1,0,1.292,0.005,-0.0048,24.6355
5264,1351600,-10.09,28,209,20.4,1,0,1,0.185,0.005,-0.0048,24.6355
5265,1351640,559.75,152,1024,100.0,6,1,0,1.528,0.005,-0.0048,24.6355
5266,1351776,487.84,256,1024,100.0,6,1,0,1.495,0.005,-0.0051,57.0337
5267,1352184,474.18,251,1024,100.0,6,1,0,0.971,0.005,-0.0051,57.0337
5268,1352280,478.54,226,1024,100.0,6,1,0,1.413,0.005,-0.0051,57.0337
5269,1352368,489.95,135,1020,99.6,6,1,0,1.858,0.005,-0.0051,57.0337
5270,1352744,510.82,138,1023,99.9,6,1,0,1.223,0.005,-0.0051,57.0337
5271,1353176,489.0,260,1023,99.9,6,1,0,1.256,0.005,-0.0051,57.0337
5272,1353472,513.92,138,1024,100.0,6,1,0,1.376,0.005,-0.0051,57.0337
5273,1353504,470.39,253,1023,99.9,6,1,0,1.371,0.005,-0.0051,57.0337
5274,1353696,469.58,262,1022,99.8,6,1,0,1.386,0.005,-0.0051,57.0337
5275,1353864,469.78,261,1021,99.7,6,1,0,1.469,0.005,-0.0051,57.0337
5276,1354016,573.92,159,1024,100.0,6,1,0,1.409,0.005,-0.0051,57.0337
5277,1354216,487.68,254,1024,100.0,6,1,0,1.091,0.005,-0.0051,57.0337
5278,1354408,476.14,266,1022,99.8,6,1,0,1.277,0.005,-0.0051,57.0337
5279,1355104,460.19,241,1024,100.0,6,1,0,1.269,0.005,-0.0051,57.0337
5280,1355168,522.13,144,1020,99.6,6,1,0,1.728,0.005,-0.0051,57.0337
5281,1355176,558.88,164,1024,100.0,6,1,0,1.631,0.005,-0.0051,57.0337
5282,1355240,455.23,221,1024,100.0,6,1,0,1.319,0.005,-0.0051,57.0337
5283,1355384,480.28,235,1024,100.0,6,1,0,1.18,0.005,-0.0051,57.0337
5284,1355608,445.37,239,1023,99.9,6,1,0,1.453,0.005,-0.0051,57.0337
5285,1356368,490.61,269,1024,100.0,6,1,0,1.554,0.005,-0.0051,57.0337
5286,1356376,589.87,159,1024,100.0,6,1,0,1.368,0.005,-0.0051,57.0337
5287,1356480,480.59,259,1024,100.0,6,1,0,1.615,0.005,-0.0051,57.0337
5288,1357152,466.53,247,1024,100.0,6,1,0,1.277,0.005,-0.0051,57.0337
5289,1357272,500.47,263,1023,99.9,6,1,0,1.401,0.005,-0.0051,57.0337
5290,1357296,464.58,257,1023,99.9,6,1,0,1.352,0.005,-0.0051,57.0337
5291,1357480,509.38,262,1023,99.9,6,1,0,1.496,0.005,-0.0051,57.0337
5292,1357528,558.44,145,1024,100.0,6,1,0,1.19,0.005,-0.0051,57.0337
5293,1357528,478.9,240,1024,100.0,6,1,0,1.09,0.005,-0.0051,57.0337
5294,1357584,565.76,151,1024,100.0,6,1,0,1.279,0.005,-0.0051,57.0337
5295,1358384,461.62,238,1024,100.0,6,1,0,1.322,0.005,-0.0051,57.0337
5296,1358640,547.65,145,1024,100.0,6,1,0,1.035,0.005,-0.0051,57.0337
5297,1359096,483.22,228,1024,100.0,6,1,0,1.025,0.005,-0.0051,57.0337
5298,1359120,462.94,246,1024,100.0,6,1,0,0.843,0.005,-0.0051,57.0337
5299,1359248,486.31,215,1023,99.9,6,1,0,1.332,0.005,-0.0051,57.0337
5300,1359352,471.33,257,1024,100.0,6,1,0,1.274,0.005,-0.0051,57.0337
5301,1359504,459.34,247,1023,99.9,6,1,0,1.6,0.005,-0.0051,57.0337
5302,1359616,461.97,254,1019,99.5,6,1,0,1.725,0.005,-0.0051,57.0337
5303,1360344,487.45,245,1024,100.0,6,1,0,1.322,0.005,-0.005,23.3747
5304,1360416,554.28,146,1024,100.0,6,1,0,1.111,0.005,-0.005,23.3747
5305,1360632,490.71,249,1024,100.0,6,1,0,1.072,0.005,-0.005,23.3747
5306,1360848,457.94,216,1024,100.0,6,1,0,1.34,0.005,-0.005,23.3747
5307,1361072,463.13,247,1024,100.0,6,1,0,1.247,0.005,-0.005,23.3747
5308,1361232,484.65,235,1023,99.9,6,1,0,1.386,0.005,-0.005,23.3747
5309,1361464,469.39,231,1023,99.9,6,1,0,1.268,0.005,-0.005,23.3747
5310,1361480,481.22,247,1023,99.9,6,1,0,0.774,0.005,-0.005,23.3747
5311,1361528,537.47,139,1024,100.0,6,1,0,1.346,0.005,-0.005,23.3747
5312,1361848,563.29,152,1024,100.0,6,1,0,1.57,0.005,-0.005,23.3747
5313,1362304,468.95,245,1024,100.0,6,1,0,1.325,0.005,-0.005,23.3747
5314,1362408,603.73,167,1024,100.0,6,1,0,1.068,0.005,-0.005,23.3747
5315,1362640,507.32,145,1022,99.8,6,1,0,1.445,0.005,-0.005,23.3747
5316,1362712,513.32,148,1021,99.7,6,1,0,1.393,0.005,-0.005,23.3747
5317,1362792,492.57,243,1024,100.0,6,1,0,1.458,0.005,-0.005,23.3747
5318,1363320,476.76,261,1021,99.7,6,1,0,1.716,0.005,-0.005,23.3747
5319,1363456,545.37,144,1024,100.0,6,1,0,1.256,0.005,-0.005,23.3747
5320,1363504,482.79,255,1024,100.0,6,1,0,1.643,0.005,-0.005,23.3747
5321,1363512,499.02,138,1023,99.9,6,1,0,1.352,0.005,-0.005,23.3747
5322,1363920,479.61,259,1021,99.7,6,1,0,1.416,0.005,-0.005,23.3747
5323,1364576,477.88,242,1024,100.0,6,1,0,1.242,0.005,-0.005,23.3747
5324,1364624,516.7,140,1024,100.0,6,1,0,1.292,0.005,-0.005,23.3747
5325,1364624,522.54,146,1021,99.7,6,1,0,1.678,0.005,-0.005,23.3747
5326,1364776,468.7,248,1024,100.0,6,1,0,1.661,0.005,-0.005,23.3747
5327,1364792,488.9,260,1020,99.6,6,1,0,1.599,0.005,-0.005,23.3747
5328,1365288,483.74,246,1024,100.0,6,1,0,1.323,0.005,-0.005,23.3747
5329,1365464,475.26,244,1024,100.0,6,1,0,1.388,0.005,-0.005,23.3747
5330,1365928,507.27,142,1024,100.0,6,1,0,1.449,0.005,-0.005,23.3747
5331,1366008,470.89,261,1023,99.9,6,1,0,1.476,0.005,-0.005,23.3747
5332,1366552,471.99,241,1024,100.0,6,1,0,1.574,0.005,-0.005,23.3747
5333,1366640,458.62,258,1024,100.0,6,1,0,1.387,0.005,-0.005,23.3747
5334,1366728,479.77,263,1023,99.9,6,1,0,1.519,0.005,-0.005,23.3747
5335,1366792,483.78,252,1024,100.0,6,1,0,1.003,0.005,-0.005,23.3747
5336,1367072,480.94,133,1024,100.0,6,1,0,1.359,0.005,-0.005,23.3747
5337,1367208,-3.08,17,248,24.2,1,0,1,0.157,0.005,-0.005,23.3747
5338,1367328,483.15,255,1024,100.0,6,1,0,1.268,0.005,-0.005,23.3747
5339,1367592,482.14,266,1023,99.9,6,1,0,1.599,0.005,-0.005,23.3747
5340,1367688,501.49,142,1018,99.4,6,1,0,1.574,0.005,-0.005,23.3747
5341,1367888,489.94,137,1020,99.6,6,1,0,1.799,0.005,-0.005,23.3747
5342,1368000,491.26,259,1023,99.9,6,1,0,1.461,0.005,-0.005,23.3747
5343,1368432,472.36,224,1024,100.0,6,1,0,1.263,0.005,-0.0057,30.1799
5344,1368528,466.97,225,1024,100.0,6,1,0,1.611,0.005,-0.0057,30.1799
5345,1368768,545.36,147,1024,100.0,6,1,0,1.144,0.005,-0.0057,30.1799
5346,1369040,472.41,229,1024,100.0,6,1,0,1.623,0.005,-0.0057,30.1799
5347,1369320,442.5,249,1024,100.0,6,1,0,1.578,0.005,-0.0057,30.1799
5348,1369392,-17.32,9,433,42.3,1,0,1,0.166,0.005,-0.0057,30.1799
5349,1369472,459.21,223,1024,100.0,6,1,0,1.508,0.005,-0.0057,30.1799
5350,1369624,556.58,149,1024,100.0,6,1,0,1.274,0.005,-0.0057,30.1799
5351,1369648,498.7,140,1024,100.0,6,1,0,1.425,0.005,-0.0057,30.1799
5352,1369880,507.81,139,1021,99.7,6,1,0,1.402,0.005,-0.0057,30.1799
5353,1369968,471.3,260,1024,100.0,6,1,0,1.404,0.005,-0.0057,30.1799
5354,1370104,457.11,263,1023,99.9,6,1,0,1.438,0.005,-0.0057,30.1799
5355,1370624,501.46,144,1019,99.5,6,1,0,1.478,0.005,-0.0057,30.1799
5356,1370944,464.32,238,1024,100.0,6,1,0,1.289,0.005,-0.0057,30.1799
5357,1371344,457.42,212,1024,100.0,6,1,0,1.189,0.005,-0.0057,30.1799
5358,1371352,494.65,245,1024,100.0,6,1,0,1.372,0.005,-0.0057,30.1799
5359,1371592,445.14,246,1024,100.0,6,1,0,1.333,0.005,-0.0057,30.1799
5360,1371784,465.93,210,1024,100.0,6,1,0,1.344,0.005,-0.0057,30.1799
5361,1371920,471.25,255,1024,100.0,6,1,0,1.316,0.005,-0.0057,30.1799
5362,1372064,507.2,140,1020,99.6,6,1,0,1.522,0.005,-0.0057,30.1799
5363,1372080,488.36,264,1024,100.0,6,1,0,1.323,0.005,-0.0057,30.1799
5364,1372728,478.46,263,1024,100.0,6,1,0,1.728,0.005,-0.0057,30.1799
5365,1373008,492.4,136,1023,99.9,6,1,0,1.607,0.005,-0.0057,30.1799
5366,1373136,485.77,223,1024,100.0,6,1,0,1.359,0.005,-0.0057,30.1799
5367,1373256,554.54,147,1024,100.0,6,1,0,1.341,0.005,-0.0057,30.1799
5368,1373368,487.38,222,1024,100.0,6,1,0,1.21,0.005,-0.0057,30.1799
5369,1373368,464.97,253,1023,99.9,6,1,0,1.486,0.005,-0.0057,30.1799
5370,1373832,470.93,256,1022,99.8,6,1,0,1.455,0.005,-0.0057,30.1799
5371,1374096,477.38,254,1024,100.0,6,1,0,1.461,0.005,-0.0057,30.1799
5372,1374152,548.7,143,1024,100.0,6,1,0,0.941,0.005,-0.0057,30.1799
5373,1374400,495.9,143,1024,100.0,6,1,0,1.411,0.005,-0.0057,30.1799
5374,1374768,456.15,255,1020,99.6,6,1,0,1.735,0.005,-0.0057,30.1799
5375,1375056,559.91,153,1024,100.0,6,1,0,1.312,0.005,-0.0057,30.1799
5376,1375112,469.28,218,1023,99.9,6,1,0,1.28,0.005,-0.0057,30.1799
5377,1375144,459.43,251,1024,100.0,6,1,0,1.145,0.005,-0.0057,30.1799
5378,1375392,586.71,162,1024,100.0,6,1,0,1.064,0.005,-0.0057,30.1799
5379,1375440,497.08,259,1024,100.0,6,1,0,1.316,0.005,-0.0057,30.1799
5380,1376248,479.53,262,1021,99.7,6,1,0,1.631,0.005,-0.0057,30.1799
5381,1376280,533.17,153,1022,99.8,6,1,0,1.702,0.005,-0.0045,39.0425
5382,1376368,454.0,246,1020,99.6,6,1,0,1.535,0.005,-0.0045,39.0425
5383,1376520,480.55,219,1024,100.0,6,1,0,1.264,0.005,-0.0045,39.0425
5384,1376808,458.67,212,1022,99.8,6,1,0,1.091,0.005,-0.0045,39.0425
5385,1377136,471.0,218,1024,100.0,6,1,0,1.209,0.005,-0.0045,39.0425
5386,1377176,470.17,254,1023,99.9,6,1,0,1.541,0.005,-0.0045,39.0425
5387,1377400,447.95,245,1024,100.0,6,1,0,0.894,0.005,-0.0045,39.0425
5388,1377400,566.85,144,1024,100.0,6,1,0,1.025,0.005,-0.0045,39.0425
5389,1378088,475.84,226,1024,100.0,6,1,0,1.136,0.005,-0.0045,39.0425
5390,1378296,519.15,145,1024,100.0,6,1,0,1.397,0.005,-0.0045,39.0425
5391,1378328,531.33,144,1022,99.8,6,1,0,1.852,0.005,-0.0045,39.0425
5392,1378456,489.49,261,1023,99.9,6,1,0,1.594,0.005,-0.0045,39.0425
5393,1378544,454.27,217,1023,99.9,6,1,0,1.322,0.005,-0.0045,39.0425
5394,1378576,563.22,147,1024,100.0,6,1,0,1.176,0.005,-0.0045,39.0425
5395,1378600,554.29,150,1024,100.0,6,1,0,1.188,0.005,-0.0045,39.0425
5396,1378624,465.87,263,1023,99.9,6,1,0,1.593,0.005,-0.0045,39.0425
5397,1379496,577.73,150,1024,100.0,6,1,0,1.223,0.005,-0.0045,39.0425
5398,1379672,507.79,141,1022,99.8,6,1,0,1.596,0.005,-0.0045,39.0425
5399,1379896,464.94,226,1024,100.0,6,1,0,1.34,0.005,-0.0045,39.0425
5400,1379920,582.84,168,1024,100.0,6,1,0,1.444,0.005,-0.0045,39.0425
5401,1380104,458.83,222,1024,100.0,6,1,0,1.448,0.005,-0.0045,39.0425
5402,1380528,485.61,259,1023,99.9,6,1,0,1.445,0.005,-0.0045,39.0425
5403,1380552,471.89,241,1024,100.0,6,1,0,1.403,0.005,-0.0045,39.0425
5404,1380616,475.02,252,1024,100.0,6,1,0,1.236,0.005,-0.0045,39.0425
5405,1381608,478.46,264,1022,99.8,6,1,0,1.524,0.005,-0.0045,39.0425
5406,1381616,503.27,243,1024,100.0,6,1,0,1.289,0.005,-0.0045,39.0425
5407,1381632,483.28,214,1022,99.8,6,1,0,1.391,0.005,-0.0045,39.0425
5408,1381896,466.16,224,1024,100.0,6,1,0,1.198,0.005,-0.0045,39.0425
5409,1381936,479.69,255,1024,100.0,6,1,0,0.923,0.005,-0.0045,39.0425
5410,1382240,461.24,214,1024,100.0,6,1,0,1.302,0.005,-0.0045,39.0425
5411,1382248,447.19,212,1024,100.0,6,1,0,1.169,0.005,-0.0045,39.0425
5412,1382768,503.98,142,1024,100.0,6,1,0,1.608,0.005,-0.0045,39.0425
5413,1382768,513.46,144,1020,99.6,6,1,0,1.534,0.005,-0.0045,39.0425
5414,1382776,493.1,270,1023,99.9,6,1,0,1.301,0.005,-0.0045,39.0425
5415,1383648,465.55,255,1023,99.9,6,1,0,1.541,0.005,-0.0045,39.0425
5416,1383856,494.25,245,1024,100.0,6,1,0,1.241,0.005,-0.0045,39.0425
5417,1383936,561.01,146,1024,100.0,6,1,0,1.442,0.005,-0.0045,39.0425
5418,1384040,461.45,263,1024,100.0,6,1,0,1.351,0.005,-0.0045,39.0425
5419,1384144,427.22,238,1023,99.9,6,1,0,1.276,0.005,-0.0045,39.0425
5420,1384160,466.22,239,1024,100.0,6,1,0,1.726,0.005,-0.0045,39.0425
5421,1384464,460.27,211,1024,100.0,6,1,0,1.169,0.005,-0.0055,22.1956
5422,1384808,481.33,255,1024,100.0,6,1,0,1.682,0.005,-0.0055,22.1956
5423,1385032,550.95,147,1024,100.0,6,1,0,1.42,0.005,-0.0055,22.1956
5424,1385696,484.96,256,1024,100.0,6,1,0,1.469,0.005,-0.0055,22.1956
5425,1385976,532.53,146,1024,100.0,6,1,0,1.403,0.005,-0.0055,22.1956
5426,1386000,485.68,258,1022,99.8,6,1,0,1.509,0.005,-0.0055,22.1956
5427,1386104,453.58,243,1022,99.8,6,1,0,1.319,0.005,-0.0055,22.1956
5428,1386120,472.12,247,1024,100.0,6,1,0,1.467,0.005,-0.0055,22.1956
5429,1386120,482.66,260,1022,99.8,6,1,0,1.304,0.005,-0.0055,22.1956
5430,1386528,467.52,258,1021,99.7,6,1,0,1.691,0.005,-0.0055,22.1956
5431,1386856,474.22,228,1024,100.0,6,1,0,1.402,0.005,-0.0055,22.1956
5432,1387120,498.9,140,1024,100.0,6,1,0,1.318,0.005,-0.0055,22.1956
5433,1387608,466.81,239,1024,100.0,6,1,0,1.178,0.005,-0.0055,22.1956
5434,1387872,468.1,219,1024,100.0,6,1,0,0.853,0.005,-0.0055,22.1956
5435,1387928,487.76,244,1024,100.0,6,1,0,1.351,0.005,-0.0055,22.1956
5436,1388040,442.96,242,1022,99.8,6,1,0,1.338,0.005,-0.0055,22.1956
5437,1388056,457.17,242,1024,100.0,6,1,0,1.399,0.005,-0.0055,22.1956
5438,1388288,463.06,220,1024,100.0,6,1,0,1.3,0.005,-0.0055,22.1956
5439,1388848,453.84,249,1024,100.0,6,1,0,1.28,0.005,-0.0055,22.1956
5440,1389080,441.93,245,1024,100.0,6,1,0,1.549,0.005,-0.0055,22.1956
5441,1389088,534.08,152,1024,100.0,6,1,0,1.459,0.005,-0.0055,22.1956
5442,1389104,560.02,147,1024,100.0,6,1,0,0.922,0.005,-0.0055,22.1956
5443,1389392,582.78,167,1024,100.0,6,1,0,1.141,0.005,-0.0055,22.1956
5444,1389504,545.78,152,1023,99.9,6,1,0,1.454,0.005,-0.0055,22.1956
5445,1389584,473.03,247,1024,100.0,6,1,0,1.397,0.005,-0.0055,22.1956
5446,1390064,462.88,253,1024,100.0,6,1,0,1.34,0.005,-0.0055,22.1956
5447,1390232,545.96,143,1024,100.0,6,1,0,1.178,0.005,-0.0055,22.1956
5448,1390584,467.77,217,1023,99.9,6,1,0,1.221,0.005,-0.0055,22.1956
5449,1390696,571.76,149,1024,100.0,6,1,0,1.293,0.005,-0.0055,22.1956
5450,1391000,474.8,240,1022,99.8,6,1,0,1.288,0.005,-0.0055,22.1956
5451,1391168,483.82,258,1023,99.9,6,1,0,1.303,0.005,-0.0055,22.1956
5452,1391504,473.9,240,1024,100.0,6,1,0,1.16,0.005,-0.0055,22.1956
5453,1391536,500.32,268,1024,100.0,6,1,0,1.409,0.005,-0.0055,22.1956
5454,1392016,470.87,223,1024,100.0,6,1,0,1.411,0.005,-0.0055,22.1956
5455,1392096,495.66,254,1024,100.0,6,1,0,1.098,0.005,-0.0055,22.1956
5456,1392624,473.98,255,1023,99.9,6,1,0,1.459,0.005,-0.0055,22.1956
5457,1392648,498.61,139,1024,100.0,6,1,0,1.462,0.005,-0.0048,21.5329
5458,1392648,504.87,143,1024,100.0,6,1,0,1.388,0.005,-0.0048,21.5329
5459,1392712,471.46,252,1021,99.7,6,1,0,1.681,0.005,-0.0048,21.5329
5460,1392992,458.36,249,1024,100.0,6,1,0,1.652,0.005,-0.0048,21.5329
5461,1393152,478.83,248,1022,99.8,6,1,0,1.385,0.005,-0.0048,21.5329
5462,1393232,530.98,152,1023,99.9,6,1,0,1.761,0.005,-0.0048,21.5329
5463,1393792,504.67,143,1024,100.0,6,1,0,1.441,0.005,-0.0048,21.5329
5464,1394120,474.49,253,1024,100.0,6,1,0,1.487,0.005,-0.0048,21.5329
5465,1394280,504.29,141,1022,99.8,6,1,0,1.696,0.005,-0.0048,21.5329
5466,1394384,519.17,144,1018,99.4,6,1,0,1.65,0.005,-0.0048,21.5329
5467,1394424,466.08,214,1024,100.0,6,1,0,1.271,0.005,-0.0048,21.5329
5468,1394704,477.26,257,1019,99.5,6,1,0,1.716,0.005,-0.0048,21.5329
5469,1394736,473.36,264,1022,99.8,6,1,0,1.364,0.005,-0.0048,21.5329
5470,1395104,488.02,264,1024,100.0,6,1,0,1.415,0.005,-0.0048,21.5329
5471,1395808,459.58,252,1024,100.0,6,1,0,1.677,0.005,-0.0048,21.5329
5472,1395880,473.6,220,1024,100.0,6,1,0,1.534,0.005,-0.0048,21.5329
5473,1396064,463.75,223,1023,99.9,6,1,0,1.443,0.005,-0.0048,21.5329
5474,1396336,445.36,244,1024,100.0,6,1,0,1.616,0.005,-0.0048,21.5329
5475,1396432,472.84,216,1024,100.0,6,1,0,1.095,0.005,-0.0048,21.5329
5476,1396480,460.55,218,1022,99.8,6,1,0,1.157,0.005,-0.0048,21.5329
5477,1396752,18.09,40,232,22.7,1,0,1,0.19,0.005,-0.0048,21.5329
5478,1397032,457.59,241,1024,100.0,6,1,0,1.647,0.005,-0.0048,21.5329
5479,1397224,547.32,145,1024,100.0,6,1,0,0.968,0.005,-0.0048,21.5329
5480,1397536,530.21,389,1023,99.9,6,1,0,1.474,0.005,-0.0048,21.5329
5481,1397624,581.13,161,1024,100.0,6,1,0,1.422,0.005,-0.0048,21.5329
5482,1397744,483.18,242,1023,99.9,6,1,0,1.594,0.005,-0.0048,21.5329
5483,1397944,470.92,258,1022,99.8,6,1,0,1.492,0.005,-0.0048,21.5329
5484,1398520,474.45,255,1023,99.9,6,1,0,1.49,0.005,-0.0048,21.5329
5485,1398624,470.06,234,1024,100.0,6,1,0,1.145,0.005,-0.0048,21.5329
5486,1398736,504.43,139,1024,100.0,6,1,0,1.524,0.005,-0.0048,21.5329
5487,1399152,473.55,265,1022,99.8,6,1,0,1.444,0.005,-0.0048,21.5329
5488,1399280,491.32,257,1024,100.0,6,1,0,1.428,0.005,-0.0048,21.5329
5489,1399528,70.06,31,549,53.6,2,0,1,0.194,0.005,-0.0048,21.5329
5490,1399576,480.71,255,1024,100.0,6,1,0,1.621,0.005,-0.0048,21.5329
5491,1399672,484.45,241,1024,100.0,6,1,0,0.617,0.005,-0.0048,21.5329
5492,1399752,513.2,141,1024,100.0,6,1,0,1.53,0.005,-0.0048,21.5329
5493,1400032,470.19,261,1024,100.0,6,1,0,1.565,0.005,-0.0048,21.5329
5494,1400616,485.37,262,1024,100.0,6,1,0,1.482,0.005,-0.0048,21.5329
5495,1400704,460.24,246,1024,100.0,6,1,0,1.211,0.005,-0.0048,21.5329
5496,1400760,560.9,148,1024,100.0,6,1,0,1.111,0.005,-0.0048,21.5329
5497,1400824,513.16,144,1020,99.6,6,1,0,1.624,0.005,-0.0048,21.5329
5498,1401112,465.85,245,1023,99.9,6,1,0,1.477,0.005,-0.0052,54.4633
5499,1401520,460.09,249,1023,99.9,6,1,0,1.376,0.005,-0.0052,54.4633
5500,1401968,473.93,277,1022,99.8,6,1,0,1.647,0.005,-0.0052,54.4633
5501,1402168,497.73,267,1023,99.9,6,1,0,1.609,0.005,-0.0052,54.4633
5502,1402360,458.28,218,1024,100.0,6,1,0,1.306,0.005,-0.0052,54.4633
5503,1402648,554.3,141,1024,100.0,6,1,0,1.265,0.005,-0.0052,54.4633
5504,1402672,482.06,246,1021,99.7,6,1,0,1.602,0.005,-0.0052,54.4633
5505,1402696,457.05,242,1024,100.0,6,1,0,1.382,0.005,-0.0052,54.4633
5506,1402848,468.66,253,1024,100.0,6,1,0,1.468,0.005,-0.0052,54.4633
5507,1403096,551.11,141,1024,100.0,6,1,0,1.126,0.005,-0.0052,54.4633
5508,1403120,472.58,251,1024,100.0,6,1,0,1.191,0.005,-0.0052,54.4633
5509,1403520,513.28,145,1020,99.6,6,1,0,1.302,0.005,-0.0052,54.4633
5510,1403864,545.78,152,1018,99.4,6,1,0,1.403,0.005,-0.0052,54.4633
5511,1404112,472.55,243,1024,100.0,6,1,0,1.647,0.005,-0.0052,54.4633
5512,1404408,462.05,214,1023,99.9,6,1,0,0.863,0.005,-0.0052,54.4633
5513,1404784,454.53,242,1024,100.0,6,1,0,1.561,0.005,-0.0052,54.4633
5514,1404816,479.03,268,1024,100.0,6,1,0,1.355,0.005,-0.0052,54.4633
5515,1405040,460.53,240,1024,100.0,6,1,0,1.488,0.005,-0.0052,54.4633
5516,1405080,478.77,248,1024,100.0,6,1,0,1.368,0.005,-0.0052,54.4633
5517,1405248,20.7,21,534,52.1,1,0,1,0.135,0.005,-0.0052,54.4633
5518,1405384,-2.99,17,234,22.9,1,0,1,0.144,0.005,-0.0052,54.4633
5519,1405544,474.89,253,1023,99.9,6,1,0,1.376,0.005,-0.0052,54.4633
5520,1405952,480.08,261,1023,99.9,6,1,0,1.491,0.005,-0.0052,54.4633
5521,1406016,564.71,150,1024,100.0,6,1,0,1.489,0.005,-0.0052,54.4633
5522,1406160,449.25,256,1023,99.9,6,1,0,1.387,0.005,-0.0052,54.4633
5523,1406360,463.06,244,1024,100.0,6,1,0,1.724,0.005,-0.0052,54.4633
5524,1406728,481.47,243,1024,100.0,6,1,0,0.937,0.005,-0.0052,54.4633
5525,1406944,449.81,238,1024,100.0,6,1,0,0.682,0.005,-0.0052,54.4633
5526,1407192,556.59,147,1024,100.0,6,1,0,1.209,0.005,-0.0052,54.4633
5527,1407472,488.59,261,1024,100.0,6,1,0,1.186,0.005,-0.0052,54.4633
5528,1407528,484.42,248,1024,100.0,6,1,0,1.325,0.005,-0.0052,54.4633
5529,1407896,454.82,243,1023,99.9,6,1,0,1.553,0.005,-0.0052,54.4633
5530,1408112,474.4,244,1022,99.8,6,1,0,1.342,0.005,-0.0052,54.4633
5531,1408376,507.64,252,1023,99.9,6,1,0,1.255,0.005,-0.0052,54.4633
5532,1408704,450.49,247,1024,100.0,6,1,0,1.582,0.005,-0.0052,54.4633
5533,1408896,448.44,244,1021,99.7,6,1,0,1.52,0.005,-0.0052,54.4633
5534,1409040,528.3,143,1024,100.0,6,1,0,1.586,0.005,-0.007,57.0681
5535,1409176,465.28,248,1023,99.9,6,1,0,1.37,0.005,-0.007,57.0681
5536,1409256,556.86,143,1024,100.0,6,1,0,1.194,0.005,-0.007,57.0681
5537,1409400,467.03,241,1023,99.9,6,1,0,1.401,0.005,-0.007,57.0681
5538,1409592,470.9,258,1024,100.0,6,1,0,1.553,0.005,-0.007,57.0681
5539,1410144,571.48,221,1024,100.0,6,1,0,1.587,0.005,-0.007,57.0681
5540,1410576,559.79,147,1024,100.0,6,1,0,1.326,0.005,-0.007,57.0681
5541,1410712,469.4,251,1020,99.6,6,1,0,1.719,0.005,-0.007,57.0681
5542,1410712,513.6,140,1023,99.9,6,1,0,1.573,0.005,-0.007,57.0681
5543,1410752,469.98,232,1023,99.9,6,1,0,1.251,0.005,-0.007,57.0681
5544,1411016,471.74,220,1024,100.0,6,1,0,1.436,0.005,-0.007,57.0681
5545,1411112,460.68,242,1024,100.0,6,1,0,1.56,0.005,-0.007,57.0681
5546,1411120,479.66,260,1019,99.5,6,1,0,1.398,0.005,-0.007,57.0681
5547,1411848,557.58,142,1024,100.0,6,1,0,1.134,0.005,-0.007,57.0681
5548,1412136,461.7,249,1022,99.8,6,1,0,1.684,0.005,-0.007,57.0681
5549,1412360,445.56,223,1022,99.8,6,1,0,0.419,0.005,-0.007,57.0681
5550,1412760,468.08,256,1022,99.8,6,1,0,1.369,0.005,-0.007,57.0681
5551,1412816,562.25,225,1023,99.9,6,1,0,1.433,0.005,-0.007,57.0681
5552,1413040,469.83,241,1024,100.0,6,1,0,1.358,0.005,-0.007,57.0681
5553,1413160,462.87,255,1024,100.0,6,1,0,1.494,0.005,-0.007,57.0681
5554,1413168,486.99,302,1024,100.0,6,1,0,1.107,0.005,-0.007,57.0681
5555,1413888,461.97,255,1023,99.9,6,1,0,1.484,0.005,-0.007,57.0681
5556,1414136,462.89,250,1023,99.9,6,1,0,1.475,0.005,-0.007,57.0681
5557,1414144,498.72,138,1023,99.9,6,1,0,1.294,0.005,-0.007,57.0681
5558,1414336,553.71,146,1024,100.0,6,1,0,1.245,0.005,-0.007,57.0681
5559,1414368,484.98,251,1023,99.9,6,1,0,1.321,0.005,-0.007,57.0681
5560,1414568,476.39,219,1024,100.0,6,1,0,0.749,0.005,-0.007,57.0681
5561,1414776,474.71,252,1021,99.7,6,1,0,1.664,0.005,-0.007,57.0681
5562,1415320,522.62,148,1024,100.0,6,1,0,1.32,0.005,-0.007,57.0681
5563,1415536,553.41,146,1024,100.0,6,1,0,1.22,0.005,-0.007,57.0681
5564,1415872,474.12,216,1024,100.0,6,1,0,1.292,0.005,-0.007,57.0681
5565,1415944,474.03,257,1024,100.0,6,1,0,1.36,0.005,-0.007,57.0681
5566,1416296,471.3,245,1024,100.0,6,1,0,1.559,0.005,-0.007,57.0681
5567,1416504,559.56,148,1024,100.0,6,1,0,1.358,0.005,-0.007,57.0681
5568,1416552,479.28,248,1024,100.0,6,1,0,1.169,0.005,-0.007,57.0681
5569,1416696,525.25,145,1021,99.7,6,1,0,1.551,0.005,-0.007,57.0681
5570,1416760,468.99,248,1023,99.9,6,1,0,1.432,0.005,-0.007,57.0681
5571,1417120,460.35,495,1024,100.0,6,1,0,1.092,0.005,-0.007,57.0681
5572,1417368,490.46,134,1024,100.0,6,1,0,1.247,0.005,-0.005,46.3512
5573,1417616,475.25,218,1024,100.0,6,1,0,0.929,0.005,-0.005,46.3512
5574,1417872,472.32,241,1023,99.9,6,1,0,1.622,0.005,-0.005,46.3512
5575,1417888,545.42,141,1024,100.0,6,1,0,0.898,0.005,-0.005,46.3512
5576,1418240,522.38,140,1024,100.0,6,1,0,1.534,0.005,-0.005,46.3512
5577,1418344,475.84,224,1024,100.0,6,1,0,1.345,0.005,-0.005,46.3512
5578,1418504,321.33,226,1019,99.5,5,0,1,0.146,0.005,-0.005,46.3512
5579,1418536,499.66,254,1024,100.0,6,1,0,0.998,0.005,-0.005,46.3512
5580,1418752,513.74,142,1024,100.0,6,1,0,1.574,0.005,-0.005,46.3512
5581,1418976,489.94,136,1023,99.9,6,1,0,1.407,0.005,-0.005,46.3512
5582,1419376,459.72,251,1022,99.8,6,1,0,1.581,0.005,-0.005,46.3512
5583,1419440,505.13,137,1024,100.0,6,1,0,1.392,0.005,-0.005,46.3512
5584,1419640,462.36,221,1024,100.0,6,1,0,1.182,0.005,-0.005,46.3512
5585,1419784,570.75,160,1024,100.0,6,1,0,1.34,0.005,-0.005,46.3512
5586,1420112,467.46,234,1024,100.0,6,1,0,1.455,0.005,-0.005,46.3512
5587,1420496,466.01,245,1023,99.9,6,1,0,1.37,0.005,-0.005,46.3512
5588,1420568,450.39,227,1024,100.0,6,1,0,1.429,0.005,-0.005,46.3512
5589,1420848,527.39,151,1023,99.9,6,1,0,1.676,0.005,-0.005,46.3512
5590,1420856,585.25,177,1024,100.0,6,1,0,1.296,0.005,-0.005,46.3512
5591,1420896,489.81,139,1024,100.0,6,1,0,1.424,0.005,-0.005,46.3512
5592,1420904,451.21,241,1023,99.9,6,1,0,1.326,0.005,-0.005,46.3512
5593,1421320,461.89,243,1023,99.9,6,1,0,1.131,0.005,-0.005,46.3512
5594,1421344,574.92,154,1024,100.0,6,1,0,1.387,0.005,-0.005,46.3512
5595,1421800,586.35,163,1024,100.0,6,1,0,1.286,0.005,-0.005,46.3512
5596,1422048,516.86,143,1020,99.6,6,1,0,1.527,0.005,-0.005,46.3512
5597,1422320,450.04,219,1024,100.0,6,1,0,1.288,0.005,-0.005,46.3512
5598,1422632,468.98,222,1023,99.9,6,1,0,1.206,0.005,-0.005,46.3512
5599,1422648,471.66,219,1024,100.0,6,1,0,1.125,0.005,-0.005,46.3512
5600,1422864,486.04,252,1024,100.0,6,1,0,1.058,0.005,-0.005,46.3512
5601,1423008,462.94,211,1022,99.8,6,1,0,1.292,0.005,-0.005,46.3512
5602,1423296,478.76,244,1024,100.0,6,1,0,1.18,0.005,-0.005,46.3512
5603,1423424,495.84,138,1019,99.5,6,1,0,1.846,0.005,-0.005,46.3512
5604,1423744,458.17,243,1024,100.0,6,1,0,1.386,0.005,-0.005,46.3512
5605,1423992,466.07,243,1024,100.0,6,1,0,1.157,0.005,-0.005,46.3512
5606,1424008,553.68,143,1024,100.0,6,1,0,1.374,0.005,-0.005,46.3512
5607,1424560,455.09,241,1024,100.0,6,1,0,0.942,0.005,-0.005,46.3512
5608,1424608,475.68,245,1023,99.9,6,1,0,0.766,0.005,-0.005,46.3512
5609,1424752,459.21,218,1024,100.0,6,1,0,0.958,0.005,-0.005,46.3512
5610,1424904,554.4,145,1024,100.0,6,1,0,1.377,0.005,-0.005,46.3512
5611,1425216,465.0,240,1024,100.0,6,1,0,1.643,0.005,-0.005,46.3512
5612,1425328,464.22,238,1024,100.0,6,1,0,1.227,0.005,-0.005,46.3512
5613,1425872,451.2,233,1024,100.0,6,1,0,1.543,0.005,-0.0052,37.6554
5614,1425976,464.77,248,1024,100.0,6,1,0,1.399,0.005,-0.0052,37.6554
5615,1426464,470.12,238,1024,100.0,6,1,0,1.002,0.005,-0.0052,37.6554
5616,1426472,473.82,215,1024,100.0,6,1,0,1.163,0.005,-0.0052,37.6554
5617,1426544,565.22,152,1024,100.0,6,1,0,1.22,0.005,-0.0052,37.6554
5618,1426560,573.68,168,1024,100.0,6,1,0,1.413,0.005,-0.0052,37.6554
5619,1426632,485.23,253,1024,100.0,6,1,0,0.938,0.005,-0.0052,37.6554
5620,1426808,472.12,238,1024,100.0,6,1,0,1.231,0.005,-0.0052,37.6554
5621,1427600,504.48,142,1021,99.7,6,1,0,1.417,0.005,-0.0052,37.6554
5622,1427704,562.14,145,1024,100.0,6,1,0,0.991,0.005,-0.0052,37.6554
5623,1427904,499.23,137,1023,99.9,6,1,0,1.431,0.005,-0.0052,37.6554
5624,1427912,479.18,242,1024,100.0,6,1,0,1.3,0.005,-0.0052,37.6554
5625,1427928,470.93,257,1023,99.9,6,1,0,1.491,0.005,-0.0052,37.6554
5626,1428024,554.47,183,1021,99.7,6,1,0,1.605,0.005,-0.0052,37.6554
5627,1428144,457.08,209,1024,100.0,6,1,0,1.48,0.005,-0.0052,37.6554
5628,1428608,462.78,247,1024,100.0,6,1,0,0.984,0.005,-0.0052,37.6554
5629,1428816,539.5,139,1024,100.0,6,1,0,1.065,0.005,-0.0052,37.6554
5630,1429056,504.12,144,1021,99.7,6,1,0,1.42,0.005,-0.0052,37.6554
5631,1429160,516.33,142,1023,99.9,6,1,0,1.509,0.005,-0.0052,37.6554
5632,1429648,473.85,256,1023,99.9,6,1,0,1.655,0.005,-0.0052,37.6554
5633,1429680,496.06,134,1024,100.0,6,1,0,1.255,0.005,-0.0052,37.6554
5634,1429816,455.24,236,1023,99.9,6,1,0,1.305,0.005,-0.0052,37.6554
5635,1429936,455.95,253,1022,99.8,6,1,0,1.421,0.005,-0.0052,37.6554
5636,1430048,465.52,238,1022,99.8,6,1,0,1.324,0.005,-0.0052,37.6554
5637,1430696,460.05,235,1024,100.0,6,1,0,1.324,0.005,-0.0052,37.6554
5638,1430904,493.64,136,1024,100.0,6,1,0,1.382,0.005,-0.0052,37.6554
5639,1431032,441.37,247,1024,100.0,6,1,0,1.636,0.005,-0.0052,37.6554
5640,1431160,478.1,250,1022,99.8,6,1,0,1.273,0.005,-0.0052,37.6554
5641,1431208,560.56,145,1024,100.0,6,1,0,1.326,0.005,-0.0052,37.6554
5642,1431592,460.29,243,1020,99.6,6,1,0,1.794,0.005,-0.0052,37.6554
5643,1431600,475.1,240,1024,100.0,6,1,0,1.326,0.005,-0.0052,37.6554
5644,1431928,466.55,249,1023,99.9,6,1,0,1.695,0.005,-0.0052,37.6554
5645,1432032,548.97,141,1024,100.0,6,1,0,0.847,0.005,-0.0052,37.6554
5646,1432136,507.82,138,1024,100.0,6,1,0,1.604,0.005,-0.0052,37.6554
5647,1432704,481.07,251,1020,99.6,6,1,0,1.518,0.005,-0.0052,37.6554
5648,1432744,545.63,144,1024,100.0,6,1,0,1.284,0.005,-0.0052,37.6554
5649,1432936,461.91,216,1024,100.0,6,1,0,1.006,0.005,-0.0052,37.6554
5650,1433136,11.42,25,219,21.4,1,0,1,0.185,0.005,-0.0052,37.6554
5651,1433136,481.49,247,1024,100.0,6,1,0,1.489,0.005,-0.0052,37.6554
5652,1433208,580.04,160,1024,100.0,6,1,0,1.55,0.005,-0.0052,37.6554
5653,1433528,475.86,241,1023,99.9,6,1,0,1.689,0.005,-0.0052,37.6554
5654,1433808,454.54,222,1023,99.9,6,1,0,1.67,0.005,-0.0043,41.7692
5655,1434120,473.22,248,1023,99.9,6,1,0,1.255,0.005,-0.0043,41.7692
5656,1434304,518.94,146,1022,99.8,6,1,0,1.592,0.005,-0.0043,41.7692
5657,1434456,471.94,219,1023,99.9,6,1,0,1.528,0.005,-0.0043,41.7692
5658,1434664,459.0,240,1023,99.9,6,1,0,1.357,0.005,-0.0043,41.7692
5659,1434768,524.15,155,1022,99.8,6,1,0,1.203,0.005,-0.0043,41.7692
5660,1435208,474.3,259,1023,99.9,6,1,0,1.482,0.005,-0.0043,41.7692
5661,1435224,546.07,138,1024,100.0,6,1,0,1.141,0.005,-0.0043,41.7692
5662,1435272,474.32,258,1023,99.9,6,1,0,1.625,0.005,-0.0043,41.7692
5663,1435792,458.95,248,1023,99.9,6,1,0,1.236,0.005,-0.0043,41.7692
5664,1436104,579.13,167,1024,100.0,6,1,0,1.443,0.005,-0.0043,41.7692
5665,1436200,471.91,218,1023,99.9,6,1,0,0.751,0.005,-0.0043,41.7692
5666,1436328,485.11,253,1023,99.9,6,1,0,1.159,0.005,-0.0043,41.7692
5667,1436336,507.48,141,1023,99.9,6,1,0,1.471,0.005,-0.0043,41.7692
5668,1436704,473.84,255,1024,100.0,6,1,0,1.316,0.005,-0.0043,41.7692
5669,1436952,484.2,216,1023,99.9,6,1,0,1.217,0.005,-0.0043,41.7692
5670,1437032,488.5,220,1024,100.0,6,1,0,1.358,0.005,-0.0043,41.7692
5671,1437416,564.74,164,1024,100.0,6,1,0,0.771,0.005,-0.0043,41.7692
5672,1437440,545.35,155,1024,100.0,6,1,0,1.46,0.005,-0.0043,41.7692
5673,1437448,501.71,139,1023,99.9,6,1,0,1.277,0.005,-0.0043,41.7692
5674,1437864,470.45,259,1022,99.8,6,1,0,1.437,0.005,-0.0043,41.7692
5675,1438320,478.07,249,1024,100.0,6,1,0,1.58,0.005,-0.0043,41.7692
5676,1438680,460.06,247,1024,100.0,6,1,0,1.521,0.005,-0.0043,41.7692
5677,1438944,474.01,239,1024,100.0,6,1,0,1.156,0.005,-0.0043,41.7692
5678,1438960,477.75,251,1023,99.9,6,1,0,1.22,0.005,-0.0043,41.7692
5679,1439232,490.26,223,1024,100.0,6,1,0,1.177,0.005,-0.0043,41.7692
5680,1439344,473.49,241,1024,100.0,6,1,0,1.254,0.005,-0.0043,41.7692
5681,1439504,563.59,148,1024,100.0,6,1,0,1.219,0.005,-0.0043,41.7692
5682,1439512,488.23,259,1022,99.8,6,1,0,1.317,0.005,-0.0043,41.7692
5683,1440496,580.68,158,1024,100.0,6,1,0,1.427,0.005,-0.0043,41.7692
5684,1440648,554.86,143,1024,100.0,6,1,0,1.169,0.005,-0.0043,41.7692
5685,1440656,474.8,247,1022,99.8,6,1,0,1.482,0.005,-0.0043,41.7692
5686,1440896,454.56,244,1024,100.0,6,1,0,1.004,0.005,-0.0043,41.7692
5687,1441024,483.46,258,1022,99.8,6,1,0,1.24,0.005,-0.0043,41.7692
5688,1441040,535.83,397,1023,99.9,6,1,0,1.322,0.005,-0.0043,41.7692
5689,1441120,463.28,222,1022,99.8,6,1,0,0.98,0.005,-0.0043,41.7692
5690,1441248,459.95,217,1024,100.0,6,1,0,1.267,0.005,-0.0043,41.7692
5691,1441792,531.53,143,1021,99.7,6,1,0,1.602,0.005,-0.0043,41.7692
5692,1442000,505.02,138,1024,100.0,6,1,0,1.276,0.005,-0.0051,38.3054
5693,1442152,511.01,139,1022,99.8,6,1,0,1.774,0.005,-0.0051,38.3054
5694,1442296,559.87,147,1024,100.0,6,1,0,1.295,0.005,-0.0051,38.3054
5695,1442312,572.19,161,1024,100.0,6,1,0,1.179,0.005,-0.0051,38.3054
5696,1442496,474.28,250,1024,100.0,6,1,0,0.9,0.005,-0.0051,38.3054
5697,1442608,469.22,244,1024,100.0,6,1,0,1.62,0.005,-0.0051,38.3054
5698,1442992,450.95,218,1024,100.0,6,1,0,1.06,0.005,-0.0051,38.3054
5699,1443584,490.34,136,1022,99.8,6,1,0,1.331,0.005,-0.0051,38.3054
5700,1443840,477.76,256,1023,99.9,6,1,0,1.525,0.005,-0.0051,38.3054
5701,1444032,467.9,217,1023,99.9,6,1,0,1.119,0.005,-0.0051,38.3054
5702,1444056,465.57,257,1024,100.0,6,1,0,1.105,0.005,-0.0051,38.3054
5703,1444064,469.11,239,1024,100.0,6,1,0,1.265,0.005,-0.0051,38.3054
5704,1444352,452.3,255,1023,99.9,6,1,0,1.699,0.005,-0.0051,38.3054
5705,1444624,462.77,252,1022,99.8,6,1,0,1.41,0.005,-0.0051,38.3054
5706,1444736,456.36,218,1023,99.9,6,1,0,1.435,0.005,-0.0051,38.3054
5707,1444968,531.79,141,1024,100.0,6,1,0,1.453,0.005,-0.0051,38.3054
5708,1445264,456.31,210,1024,100.0,6,1,0,1.149,0.005,-0.0051,38.3054
5709,1445432,511.25,135,1024,100.0,6,1,0,1.1,0.005,-0.0051,38.3054
5710,1445728,461.19,212,1024,100.0,6,1,0,1.2,0.005,-0.0051,38.3054
5711,1445904,478.67,230,1024,100.0,6,1,0,0.628,0.005,-0.0051,38.3054
5712,1446128,461.3,259,1024,100.0,6,1,0,1.366,0.005,-0.0051,38.3054
5713,1446328,459.63,213,1024,100.0,6,1,0,1.225,0.005,-0.0051,38.3054
5714,1446496,449.03,220,1024,100.0,6,1,0,1.17,0.005,-0.0051,38.3054
5715,1446808,481.25,135,1021,99.7,6,1,0,1.592,0.005,-0.0051,38.3054
5716,1446880,455.13,239,1024,100.0,6,1,0,1.322,0.005,-0.0051,38.3054
5717,1447032,542.99,141,1024,100.0,6,1,0,1.081,0.005,-0.0051,38.3054
5718,1447160,482.12,216,1024,100.0,6,1,0,1.347,0.005,-0.0051,38.3054
5719,1447320,471.33,257,1023,99.9,6,1,0,1.271,0.005,-0.0051,38.3054
5720,1447784,472.23,207,1021,99.7,6,1,0,1.012,0.005,-0.0051,38.3054
5721,1448072,581.23,149,1024,100.0,6,1,0,1.183,0.005,-0.0051,38.3054
5722,1448168,519.48,142,1024,100.0,6,1,0,1.63,0.005,-0.0051,38.3054
5723,1448248,487.14,136,1023,99.9,6,1,0,1.279,0.005,-0.0051,38.3054
5724,1448256,460.49,241,1024,100.0,6,1,0,0.879,0.005,-0.0051,38.3054
5725,1448472,471.43,247,1024,100.0,6,1,0,1.363,0.005,-0.0051,38.3054
5726,1448768,487.04,245,1023,99.9,6,1,0,1.469,0.005,-0.0051,38.3054
5727,1449056,467.8,217,1023,99.9,6,1,0,1.197,0.005,-0.0051,38.3054
5728,1449240,531.24,146,1023,99.9,6,1,0,1.588,0.005,-0.0051,38.3054
5729,1449328,569.43,145,1024,100.0,6,1,0,1.264,0.005,-0.0051,38.3054
5730,1449704,454.5,240,1024,100.0,6,1,0,1.32,0.005,-0.0051,38.3054
5731,1450224,488.31,246,1023,99.9,6,1,0,1.515,0.005,-0.0045,21.7502
5732,1450280,468.83,254,1024,100.0,6,1,0,1.461,0.005,-0.0045,21.7502
5733,1450440,467.62,246,1024,100.0,6,1,0,0.707,0.005,-0.0045,21.7502
5734,1450528,466.76,220,1020,99.6,6,1,0,1.44,0.005,-0.0045,21.7502
5735,1450888,556.79,148,1024,100.0,6,1,0,1.31,0.005,-0.0045,21.7502
5736,1450936,460.64,212,1022,99.8,6,1,0,1.218,0.005,-0.0045,21.7502
5737,1450976,473.2,240,1024,100.0,6,1,0,1.329,0.005,-0.0045,21.7502
5738,1451312,464.17,248,1024,100.0,6,1,0,1.282,0.005,-0.0045,21.7502
5739,1451656,498.89,141,1021,99.7,6,1,0,1.469,0.005,-0.0045,21.7502
5740,1451968,501.95,135,1024,100.0,6,1,0,1.493,0.005,-0.0045,21.7502
5741,1452272,480.63,256,1023,99.9,6,1,0,1.391,0.005,-0.0045,21.7502
5742,1452336,458.64,237,1022,99.8,6,1,0,1.527,0.005,-0.0045,21.7502
5743,1452776,465.8,230,1024,100.0,6,1,0,1.212,0.005,-0.0045,21.7502
5744,1452920,476.07,243,1024,100.0,6,1,0,0.97,0.005,-0.0045,21.7502
5745,1453056,576.7,175,1024,100.0,6,1,0,1.079,0.005,-0.0045,21.7502
5746,1453064,510.53,137,1019,99.5,6,1,0,1.435,0.005,-0.0045,21.7502
5747,1453064,453.88,219,1023,99.9,6,1,0,1.333,0.005,-0.0045,21.7502
5748,1453392,549.02,140,1024,100.0,6,1,0,1.101,0.005,-0.0045,21.7502
5749,1453432,511.03,137,1024,100.0,6,1,0,1.44,0.005,-0.0045,21.7502
5750,1453656,445.27,422,1024,100.0,6,1,0,1.315,0.005,-0.0045,21.7502
5751,1454112,475.29,131,1021,99.7,6,1,0,1.564,0.005,-0.0045,21.7502
5752,1454144,583.43,153,1024,100.0,6,1,0,1.152,0.005,-0.0045,21.7502
5753,1454656,449.55,235,1024,100.0,6,1,0,1.214,0.005,-0.0045,21.7502
5754,1454848,477.8,223,1024,100.0,6,1,0,1.469,0.005,-0.0045,21.7502
5755,1454984,470.89,241,1023,99.9,6,1,0,1.197,0.005,-0.0045,21.7502
5756,1455320,474.44,236,1024,100.0,6,1,0,0.931,0.005,-0.0045,21.7502
5757,1455456,477.98,258,1023,99.9,6,1,0,1.242,0.005,-0.0045,21.7502
5758,1455512,488.88,232,1024,100.0,6,1,0,1.61,0.005,-0.0045,21.7502
5759,1456048,476.18,242,1024,100.0,6,1,0,1.361,0.005,-0.0045,21.7502
5760,1456112,513.57,141,1023,99.9,6,1,0,1.457,0.005,-0.0045,21.7502
5761,1456128,466.59,248,1023,99.9,6,1,0,1.122,0.005,-0.0045,21.7502
5762,1456248,-6.02,17,233,22.8,1,0,1,0.18,0.005,-0.0045,21.7502
5763,1456664,453.91,251,1024,100.0,6,1,0,1.635,0.005,-0.0045,21.7502
5764,1456816,577.2,163,1024,100.0,6,1,0,1.397,0.005,-0.0045,21.7502
5765,1456840,477.16,249,1022,99.8,6,1,0,1.293,0.005,-0.0045,21.7502
5766,1457168,552.18,140,1024,100.0,6,1,0,1.071,0.005,-0.0045,21.7502
5767,1457288,444.84,246,1024,100.0,6,1,0,1.458,0.005,-0.0045,21.7502
5768,1457384,553.94,142,1024,100.0,6,1,0,1.152,0.005,-0.0045,21.7502
5769,1457480,487.23,253,1023,99.9,6,1,0,1.378,0.005,-0.0045,21.7502
5770,1457976,460.98,231,1023,99.9,6,1,0,1.345,0.005,-0.0045,21.7502
5771,1458384,499.13,137,1024,100.0,6,1,0,1.603,0.005,-0.0033,48.6268
5772,1458560,433.38,215,1023,99.9,6,1,0,1.306,0.005,-0.0033,48.6268
5773,1458672,503.29,251,1019,99.5,6,1,0,1.626,0.005,-0.0033,48.6268
5774,1458840,475.83,253,1024,100.0,6,1,0,1.152,0.005,-0.0033,48.6268
5775,1459104,474.48,242,1023,99.9,6,1,0,1.446,0.005,-0.0033,48.6268
5776,1459432,467.96,244,1023,99.9,6,1,0,1.425,0.005,-0.0033,48.6268
5777,1459440,472.83,257,1024,100.0,6,1,0,1.352,0.005,-0.0033,48.6268
5778,1459672,595.0,161,1024,100.0,6,1,0,1.037,0.005,-0.0033,48.6268
5779,1459712,535.89,144,1024,100.0,6,1,0,0.935,0.005,-0.0033,48.6268
5780,1459920,442.82,243,1023,99.9,6,1,0,1.381,0.005,-0.0033,48.6268
5781,1460536,505.07,137,1021,99.7,6,1,0,1.643,0.005,-0.0033,48.6268
5782,1460608,454.88,242,1024,100.0,6,1,0,1.122,0.005,-0.0033,48.6268
5783,1460840,477.0,250,1024,100.0,6,1,0,0.984,0.005,-0.0033,48.6268
5784,1460880,560.54,151,1024,100.0,6,1,0,1.12,0.005,-0.0033,48.6268
5785,1461072,513.66,144,1020,99.6,6,1,0,1.463,0.005,-0.0033,48.6268
5786,1461104,483.67,250,1022,99.8,6,1,0,1.592,0.005,-0.0033,48.6268
5787,1461472,484.52,255,1023,99.9,6,1,0,1.393,0.005,-0.0033,48.6268
5788,1461560,454.25,231,1024,100.0,6,1,0,1.148,0.005,-0.0033,48.6268
5789,1461936,510.83,137,1023,99.9,6,1,0,1.426,0.005,-0.0033,48.6268
5790,1462336,460.55,225,1023,99.9,6,1,0,1.306,0.005,-0.0033,48.6268
5791,1462552,469.75,243,1024,100.0,6,1,0,0.644,0.005,-0.0033,48.6268
5792,1462912,471.3,254,1021,99.7,6,1,0,1.779,0.005,-0.0033,48.6268
5793,1462976,469.92,238,1024,100.0,6,1,0,1.427,0.005,-0.0033,48.6268
5794,1463104,482.66,250,1023,99.9,6,1,0,1.513,0.005,-0.0033,48.6268
5795,1463376,471.52,238,1023,99.9,6,1,0,1.206,0.005,-0.0033,48.6268
5796,1463432,537.96,137,1024,100.0,6,1,0,1.32,0.005,-0.0033,48.6268
5797,1463528,472.11,246,1024,100.0,6,1,0,1.48,0.005,-0.0033,48.6268
5798,1463656,513.92,138,1024,100.0,6,1,0,1.162,0.005,-0.0033,48.6268
5799,1463896,472.51,245,1024,100.0,6,1,0,1.376,0.005,-0.0033,48.6268
5800,1464104,504.55,141,1024,100.0,6,1,0,1.496,0.005,-0.0033,48.6268
5801,1464616,470.43,213,1024,100.0,6,1,0,1.024,0.005,-0.0033,48.6268
5802,1464792,507.58,142,1023,99.9,6,1,0,1.486,0.005,-0.0033,48.6268
5803,1464840,455.9,217,1022,99.8,6,1,0,1.371,0.005,-0.0033,48.6268
5804,1465008,501.91,139,1020,99.6,6,1,0,1.75,0.005,-0.0033,48.6268
5805,1465248,446.66,234,1024,100.0,6,1,0,1.635,0.005,-0.0033,48.6268
5806,1465368,488.38,242,1024,100.0,6,1,0,1.29,0.005,-0.0033,48.6268
5807,1465488,448.05,245,1024,100.0,6,1,0,1.323,0.005,-0.0033,48.6268
5808,1465824,474.35,215,1023,99.9,6,1,0,1.386,0.005,-0.0033,48.6268
5809,1466336,471.98,215,1024,100.0,6,1,0,1.476,0.005,-0.0033,48.6268
5810,1466600,596.04,169,1024,100.0,6,1,0,1.29,0.005,-0.0037,26.1855
5811,1466784,478.91,222,1024,100.0,6,1,0,1.254,0.005,-0.0037,26.1855
5812,1466784,485.99,249,1024,100.0,6,1,0,1.223,0.005,-0.0037,26.1855
5813,1466896,480.93,257,1023,99.9,6,1,0,1.272,0.005,-0.0037,26.1855
5814,1467056,571.91,154,1024,100.0,6,1,0,1.01,0.005,-0.0037,26.1855
5815,1467384,462.98,252,1022,99.8,6,1,0,1.303,0.005,-0.0037,26.1855
5816,1467520,467.1,254,1022,99.8,6,1,0,1.374,0.005,-0.0037,26.1855
5817,1467752,551.5,144,1024,100.0,6,1,0,1.403,0.005,-0.0037,26.1855
5818,1468048,472.54,214,1020,99.6,6,1,0,1.427,0.005,-0.0037,26.1855
5819,1468568,571.97,148,1024,100.0,6,1,0,1.314,0.005,-0.0037,26.1855
5820,1468776,462.49,249,1024,100.0,6,1,0,1.211,0.005,-0.0037,26.1855
5821,1468776,463.45,249,1024,100.0,6,1,0,1.198,0.005,-0.0037,26.1855
5822,1468792,447.43,237,1024,100.0,6,1,0,1.168,0.005,-0.0037,26.1855
5823,1469008,451.93,244,1024,100.0,6,1,0,1.313,0.005,-0.0037,26.1855
5824,1469544,471.76,253,1023,99.9,6,1,0,1.382,0.005,-0.0037,26.1855
5825,1469704,510.78,142,1024,100.0,6,1,0,1.284,0.005,-0.0037,26.1855
5826,1469776,478.19,253,1024,100.0,6,1,0,1.259,0.005,-0.0037,26.1855
5827,1469920,479.03,234,1024,100.0,6,1,0,1.33,0.005,-0.0037,26.1855
5828,1469992,530.88,152,1023,99.9,6,1,0,1.297,0.005,-0.0037,26.1855
5829,1470528,476.2,219,1023,99.9,6,1,0,1.288,0.005,-0.0037,26.1855
5830,1470704,513.15,145,1022,99.8,6,1,0,1.639,0.005,-0.0037,26.1855
5831,1470792,501.57,136,1018,99.4,6,1,0,1.745,0.005,-0.0037,26.1855
5832,1471008,478.06,250,1024,100.0,6,1,0,1.341,0.005,-0.0037,26.1855
5833,1471144,485.52,294,1024,100.0,6,1,0,1.328,0.005,-0.0037,26.1855
5834,1471544,470.94,221,1024,100.0,6,1,0,1.66,0.005,-0.0037,26.1855
5835,1471760,449.9,230,1024,100.0,6,1,0,1.441,0.005,-0.0037,26.1855
5836,1471824,548.58,140,1024,100.0,6,1,0,1.386,0.005,-0.0037,26.1855
5837,1471976,481.5,248,1023,99.9,6,1,0,1.454,0.005,-0.0037,26.1855
5838,1472584,465.45,257,1023,99.9,6,1,0,1.269,0.005,-0.0037,26.1855
5839,1472736,470.87,243,1024,100.0,6,1,0,1.541,0.005,-0.0037,26.1855
5840,1472744,457.61,217,1024,100.0,6,1,0,1.338,0.005,-0.0037,26.1855
5841,1472896,462.23,219,1023,99.9,6,1,0,1.325,0.005,-0.0037,26.1855
5842,1472904,556.86,143,1024,100.0,6,1,0,0.942,0.005,-0.0037,26.1855
5843,1473080,40.72,23,528,51.6,2,0,1,0.192,0.005,-0.0037,26.1855
5844,1473608,473.92,258,1021,99.7,6,1,0,1.401,0.005,-0.0037,26.1855
5845,1473688,470.82,233,1023,99.9,6,1,0,1.729,0.005,-0.0037,26.1855
5846,1473896,554.08,145,1024,100.0,6,1,0,0.976,0.005,-0.0037,26.1855
5847,1474024,465.24,256,1024,100.0,6,1,0,1.318,0.005,-0.0037,26.1855
5848,1474176,502.02,137,1024,100.0,6,1,0,1.493,0.005,-0.0037,26.1855
5849,1474552,470.12,246,1024,100.0,6,1,0,1.388,0.005,-0.0037,26.1855
5850,1474680,462.12,242,1024,100.0,6,1,0,1.899,0.005,-0.005,29.4929
5851,1474744,544.74,142,1024,100.0,6,1,0,1.136,0.005,-0.005,29.4929
5852,1474784,461.15,235,1024,100.0,6,1,0,1.364,0.005,-0.005,29.4929
5853,1475320,536.58,143,1024,100.0,6,1,0,1.212,0.005,-0.005,29.4929
5854,1475568,474.25,235,1024,100.0,6,1,0,1.407,0.005,-0.005,29.4929
5855,1475816,442.6,240,1023,99.9,6,1,0,1.684,0.005,-0.005,29.4929
5856,1475824,478.39,225,1024,100.0,6,1,0,1.669,0.005,-0.005,29.4929
5857,1475840,493.23,137,1024,100.0,6,1,0,1.291,0.005,-0.005,29.4929
5858,1475872,495.94,136,1023,99.9,6,1,0,1.39,0.005,-0.005,29.4929
5859,1476288,462.93,217,1024,100.0,6,1,0,1.667,0.005,-0.005,29.4929
5860,1476512,506.41,149,1022,99.8,6,1,0,1.354,0.005,-0.005,29.4929
5861,1476696,463.29,252,1023,99.9,6,1,0,1.085,0.005,-0.005,29.4929
5862,1476920,536.85,137,1024,100.0,6,1,0,1.426,0.005,-0.005,29.4929
5863,1477536,468.74,215,1024,100.0,6,1,0,1.49,0.005,-0.005,29.4929
5864,1477608,494.96,221,1023,99.9,6,1,0,1.265,0.005,-0.005,29.4929
5865,1477632,504.24,140,1023,99.9,6,1,0,1.133,0.005,-0.005,29.4929
5866,1477664,470.78,262,1024,100.0,6,1,0,1.331,0.005,-0.005,29.4929
5867,1477856,475.99,248,1024,100.0,6,1,0,1.446,0.005,-0.005,29.4929
5868,1477888,554.29,149,1024,100.0,6,1,0,1.317,0.005,-0.005,29.4929
5869,1478072,516.26,144,1022,99.8,6,1,0,1.563,0.005,-0.005,29.4929
5870,1478192,455.12,238,1023,99.9,6,1,0,1.52,0.005,-0.005,29.4929
5871,1478712,502.42,138,1024,100.0,6,1,0,1.052,0.005,-0.005,29.4929
5872,1478752,511.0,140,1023,99.9,6,1,0,1.33,0.005,-0.005,29.4929
5873,1478984,588.91,165,1024,100.0,6,1,0,1.346,0.005,-0.005,29.4929
5874,1479448,467.91,239,1024,100.0,6,1,0,1.461,0.005,-0.005,29.4929
5875,1479608,464.94,219,1023,99.9,6,1,0,1.4,0.005,-0.005,29.4929
5876,1479848,442.57,245,1024,100.0,6,1,0,1.525,0.005,-0.005,29.4929
5877,1480168,484.78,262,1022,99.8,6,1,0,1.563,0.005,-0.005,29.4929
5878,1480248,481.53,257,1024,100.0,6,1,0,1.174,0.005,-0.005,29.4929
5879,1480768,492.84,257,1022,99.8,6,1,0,1.388,0.005,-0.005,29.4929
5880,1480824,565.57,152,1024,100.0,6,1,0,1.225,0.005,-0.005,29.4929
5881,1480880,485.25,266,1021,99.7,6,1,0,1.262,0.005,-0.005,29.4929
5882,1480976,519.79,141,1023,99.9,6,1,0,1.421,0.005,-0.005,29.4929
5883,1481104,478.31,265,1023,99.9,6,1,0,1.408,0.005,-0.005,29.4929
5884,1481384,460.68,242,1024,100.0,6,1,0,1.705,0.005,-0.005,29.4929
5885,1481992,507.81,139,1023,99.9,6,1,0,1.567,0.005,-0.005,29.4929
5886,1482096,490.39,241,1024,100.0,6,1,0,1.476,0.005,-0.005,29.4929
5887,1482344,473.88,262,1024,100.0,6,1,0,1.226,0.005,-0.005,29.4929
5888,1482512,464.35,211,1024,100.0,6,1,0,1.286,0.005,-0.005,29.4929
5889,1482864,483.68,262,1022,99.8,6,1,0,1.385,0.005,0.0005,20.1297
5890,1482920,470.03,227,1023,99.9,6,1,0,1.558,0.005,0.0005,20.1297
5891,1482936,475.85,245,1024,100.0,6,1,0,1.566,0.005,0.0005,20.1297
5892,1483104,543.34,139,1024,100.0,6,1,0,1.361,0.005,0.0005,20.1297
5893,1483472,476.44,261,1023,99.9,6,1,0,1.535,0.005,0.0005,20.1297
5894,1484024,565.79,145,1024,100.0,6,1,0,1.329,0.005,0.0005,20.1297
5895,1484072,454.5,247,1024,100.0,6,1,0,1.469,0.005,0.0005,20.1297
5896,1484216,501.59,139,1023,99.9,6,1,0,1.275,0.005,0.0005,20.1297
5897,1484296,488.56,244,1022,99.8,6,1,0,1.178,0.005,0.0005,20.1297
5898,1484496,451.55,248,1023,99.9,6,1,0,1.517,0.005,0.0005,20.1297
5899,1484656,531.32,148,1023,99.9,6,1,0,1.246,0.005,0.0005,20.1297
5900,1484896,474.75,245,1022,99.8,6,1,0,1.529,0.005,0.0005,20.1297
5901,1484912,468.99,249,1023,99.9,6,1,0,1.292,0.005,0.0005,20.1297
5902,1485144,548.13,140,1024,100.0,6,1,0,1.482,0.005,0.0005,20.1297
5903,1485200,551.94,141,1024,100.0,6,1,0,1.079,0.005,0.0005,20.1297
5904,1485504,586.32,161,1024,100.0,6,1,0,1.479,0.005,0.0005,20.1297
5905,1486048,489.41,219,1024,100.0,6,1,0,1.351,0.005,0.0005,20.1297
5906,1486352,459.56,212,1024,100.0,6,1,0,1.078,0.005,0.0005,20.1297
5907,1486376,553.83,154,1024,100.0,6,1,0,1.309,0.005,0.0005,20.1297
5908,1486496,471.62,250,1023,99.9,6,1,0,1.344,0.005,0.0005,20.1297
5909,1486728,572.18,153,1024,100.0,6,1,0,1.533,0.005,0.0005,20.1297
5910,1486784,459.16,234,1023,99.9,6,1,0,1.836,0.005,0.0005,20.1297
5911,1486888,460.41,249,1021,99.7,6,1,0,1.246,0.005,0.0005,20.1297
5912,1487240,478.3,255,1022,99.8,6,1,0,1.57,0.005,0.0005,20.1297
5913,1487256,546.96,151,1024,100.0,6,1,0,1.218,0.005,0.0005,20.1297
5914,1487440,495.72,136,1022,99.8,6,1,0,1.533,0.005,0.0005,20.1297
5915,1488376,469.36,250,1024,100.0,6,1,0,1.348,0.005,0.0005,20.1297
5916,1488472,468.73,247,1024,100.0,6,1,0,1.294,0.005,0.0005,20.1297
5917,1488696,589.35,157,1024,100.0,6,1,0,1.417,0.005,0.0005,20.1297
5918,1488736,471.86,244,1023,99.9,6,1,0,1.521,0.005,0.0005,20.1297
5919,1488944,458.61,257,1024,100.0,6,1,0,1.36,0.005,0.0005,20.1297
5920,1488960,477.09,213,1024,100.0,6,1,0,1.239,0.005,0.0005,20.1297
5921,1489336,473.08,262,1022,99.8,6,1,0,1.414,0.005,0.0005,20.1297
5922,1489576,437.57,356,1024,100.0,6,1,0,1.48,0.005,0.0005,20.1297
5923,1489608,507.95,142,1023,99.9,6,1,0,1.266,0.005,0.0005,20.1297
5924,1490216,475.5,230,1023,99.9,6,1,0,1.532,0.005,0.0005,20.1297
5925,1490728,454.36,254,1023,99.9,6,1,0,1.328,0.005,0.0005,20.1297
5926,1490728,461.41,249,1024,100.0,6,1,0,1.436,0.005,0.0005,20.1297
5927,1490992,461.42,256,1023,99.9,6,1,0,1.563,0.005,-0.0046,23.4861
5928,1491008,443.34,256,1023,99.9,6,1,0,1.308,0.005,-0.0046,23.4861
5929,1491328,458.01,215,1024,100.0,6,1,0,1.595,0.005,-0.0046,23.4861
5930,1491344,468.81,251,1023,99.9,6,1,0,1.244,0.005,-0.0046,23.4861
5931,1491512,468.38,242,1023,99.9,6,1,0,1.298,0.005,-0.0046,23.4861
5932,1491976,467.91,220,1024,100.0,6,1,0,1.45,0.005,-0.0046,23.4861
5933,1492432,470.1,213,1024,100.0,6,1,0,1.372,0.005,-0.0046,23.4861
5934,1492688,457.91,245,1023,99.9,6,1,0,1.152,0.005,-0.0046,23.4861
5935,1492880,481.14,236,1024,100.0,6,1,0,1.652,0.005,-0.0046,23.4861
5936,1493056,464.5,256,1023,99.9,6,1,0,1.308,0.005,-0.0046,23.4861
5937,1493176,488.91,229,1023,99.9,6,1,0,1.725,0.005,-0.0046,23.4861
5938,1493328,490.45,250,1024,100.0,6,1,0,1.482,0.005,-0.0046,23.4861
5939,1493464,493.96,244,1024,100.0,6,1,0,1.448,0.005,-0.0046,23.4861
5940,1493624,560.07,149,1024,100.0,6,1,0,1.382,0.005,-0.0046,23.4861
5941,1493728,478.64,219,1024,100.0,6,1,0,1.463,0.005,-0.0046,23.4861
5942,1494584,507.9,140,1024,100.0,6,1,0,1.091,0.005,-0.0046,23.4861
5943,1494640,459.65,244,1022,99.8,6,1,0,1.439,0.005,-0.0046,23.4861
5944,1494752,455.46,234,1024,100.0,6,1,0,1.561,0.005,-0.0046,23.4861
5945,1494760,513.28,142,1022,99.8,6,1,0,1.657,0.005,-0.0046,23.4861
5946,1494888,474.61,229,1023,99.9,6,1,0,1.577,0.005,-0.0046,23.4861
5947,1494896,458.95,215,1023,99.9,6,1,0,1.597,0.005,-0.0046,23.4861
5948,1495384,468.94,257,1024,100.0,6,1,0,1.459,0.005,-0.0046,23.4861
5949,1495696,505.11,139,1020,99.6,6,1,0,1.394,0.005,-0.0046,23.4861
5950,1495736,480.94,251,1023,99.9,6,1,0,1.124,0.005,-0.0046,23.4861
5951,1496344,474.68,213,1024,100.0,6,1,0,1.322,0.005,-0.0046,23.4861
5952,1496600,469.0,230,1023,99.9,6,1,0,1.203,0.005,-0.0046,23.4861
5953,1496720,460.87,229,1023,99.9,6,1,0,1.406,0.005,-0.0046,23.4861
5954,1496752,475.81,250,1023,99.9,6,1,0,1.28,0.005,-0.0046,23.4861
5955,1496808,463.89,239,1023,99.9,6,1,0,1.414,0.005,-0.0046,23.4861
5956,1496888,553.74,149,1024,100.0,6,1,0,1.55,0.005,-0.0046,23.4861
5957,1497112,486.2,216,1024,100.0,6,1,0,1.219,0.005,-0.0046,23.4861
5958,1497576,340.5,230,1017,99.3,5,0,1,0.183,0.005,-0.0046,23.4861
5959,1497848,525.49,141,1023,99.9,6,1,0,1.232,0.005,-0.0046,23.4861
5960,1497944,484.48,132,1022,99.8,6,1,0,1.46,0.005,-0.0046,23.4861
5961,1498232,494.44,236,1024,100.0,6,1,0,1.478,0.005,-0.0046,23.4861
5962,1498488,470.54,236,1024,100.0,6,1,0,1.451,0.005,-0.0046,23.4861
5963,1498704,469.45,244,1023,99.9,6,1,0,1.486,0.005,-0.0046,23.4861
5964,1498736,554.09,145,1024,100.0,6,1,0,1.225,0.005,-0.0046,23.4861
5965,1498800,475.58,249,1024,100.0,6,1,0,1.26,0.005,-0.0046,23.4861
5966,1498880,474.96,221,1024,100.0,6,1,0,0.828,0.005,-0.0046,23.4861
5967,1499840,511.12,138,1024,100.0,6,1,0,1.366,0.005,-0.0054,25.5076
5968,1499840,462.67,249,1023,99.9,6,1,0,1.307,0.005,-0.0054,25.5076
5969,1499864,451.3,240,1022,99.8,6,1,0,1.454,0.005,-0.0054,25.5076
5970,1499968,453.32,217,1024,100.0,6,1,0,1.47,0.005,-0.0054,25.5076
5971,1500448,469.43,245,1024,100.0,6,1,0,1.276,0.005,-0.0054,25.5076
5972,1500616,463.59,239,1024,100.0,6,1,0,1.234,0.005,-0.0054,25.5076
5973,1500648,448.21,221,1023,99.9,6,1,0,1.59,0.005,-0.0054,25.5076
5974,1500944,501.62,138,1024,100.0,6,1,0,1.211,0.005,-0.0054,25.5076
5975,1501008,546.02,143,1024,100.0,6,1,0,1.241,0.005,-0.0054,25.5076
5976,1501096,577.4,157,1024,100.0,6,1,0,1.442,0.005,-0.0054,25.5076
5977,1501656,451.0,357,1020,99.6,6,1,0,1.49,0.005,-0.0054,25.5076
5978,1501680,575.59,154,1024,100.0,6,1,0,1.267,0.005,-0.0054,25.5076
5979,1501920,464.36,244,1024,100.0,6,1,0,1.502,0.005,-0.0054,25.5076
5980,1502152,478.68,132,1024,100.0,6,1,0,1.425,0.005,-0.0054,25.5076
5981,1502472,479.72,228,1023,99.9,6,1,0,1.494,0.005,-0.0054,25.5076
5982,1502560,476.5,243,1020,99.6,6,1,0,1.373,0.005,-0.0054,25.5076
5983,1502824,474.95,235,1023,99.9,6,1,0,1.672,0.005,-0.0054,25.5076
5984,1502944,467.28,242,1023,99.9,6,1,0,1.56,0.005,-0.0054,25.5076
5985,1503504,472.42,228,1024,100.0,6,1,0,1.57,0.005,-0.0054,25.5076
5986,1503568,461.6,239,1024,100.0,6,1,0,1.39,0.005,-0.0054,25.5076
5987,1503616,542.25,143,1024,100.0,6,1,0,1.407,0.005,-0.0054,25.5076
5988,1503648,443.28,216,1024,100.0,6,1,0,1.367,0.005,-0.0054,25.5076
5989,1503704,510.47,143,1022,99.8,6,1,0,1.542,0.005,-0.0054,25.5076
5990,1504072,470.3,240,1024,100.0,6,1,0,1.575,0.005,-0.0054,25.5076
5991,1504256,-1.08,23,221,21.6,1,0,1,0.173,0.005,-0.0054,25.5076
5992,1504680,510.7,139,1024,100.0,6,1,0,1.152,0.005,-0.0054,25.5076
5993,1504728,490.05,135,1024,100.0,6,1,0,1.084,0.005,-0.0054,25.5076
5994,1504776,532.73,145,1024,100.0,6,1,0,1.52,0.005,-0.0054,25.5076
5995,1504840,462.49,252,1024,100.0,6,1,0,1.244,0.005,-0.0054,25.5076
5996,1504888,476.19,243,1024,100.0,6,1,0,1.261,0.005,-0.0054,25.5076
5997,1505472,448.89,246,1023,99.9,6,1,0,1.309,0.005,-0.0054,25.5076
5998,1505608,3.43,17,242,23.6,1,0,1,0.195,0.005,-0.0054,25.5076
5999,1505744,474.19,255,1024,100.0,6,1,0,1.176,0.005,-0.0054,25.5076
6000,1505832,502.19,138,1024,100.0,6,1,0,1.355,0.005,-0.0054,25.5076
6001,1505984,542.91,143,1024,100.0,6,1,0,1.29,0.005,-0.0054,25.5076
6002,1506184,448.94,241,1024,100.0,6,1,0,1.341,0.005,-0.0054,25.5076
6003,1506680,466.74,250,1023,99.9,6,1,0,1.693,0.005,-0.0054,25.5076
6004,1506704,486.49,241,1024,100.0,6,1,0,0.995,0.005,-0.0054,25.5076
6005,1506792,463.92,238,1024,100.0,6,1,0,0.969,0.005,-0.0054,25.5076
6006,1506896,484.32,133,1024,100.0,6,1,0,1.326,0.005,-0.0054,25.5076
6007,1507328,557.53,143,1024,100.0,6,1,0,1.504,0.005,-0.0054,25.5076
