episode,timestep,ep_return,steps,explored_voxels,coverage_pct,visited_rooms,success,crashed,min_lidar,ent_coef,actor_loss,critic_loss
1,144,-21.22,18,345,33.7,1,0,1,0.192,0.005,0.0,0.0
2,544,-45.79,68,254,24.8,1,0,1,0.158,0.005,0.0,0.0
3,992,8.73,124,209,20.4,1,0,1,0.142,0.005,0.0,0.0
4,1088,-15.29,136,267,26.1,1,0,1,0.189,0.005,0.0,0.0
5,1392,-8.99,174,216,21.1,1,0,1,0.124,0.005,0.0,0.0
6,1496,-17.65,13,385,37.6,1,0,1,0.101,0.005,0.0,0.0
7,1496,8.81,119,201,19.6,1,0,1,0.192,0.005,0.0,0.0
8,1672,-17.0,73,192,18.8,1,0,1,0.185,0.005,0.0,0.0
9,1704,179.08,213,606,59.2,1,0,1,0.197,0.005,0.0,0.0
10,1808,-27.64,102,270,26.4,1,0,1,0.121,0.005,0.0,0.0
11,2072,-74.28,259,275,26.9,1,0,1,0.137,0.005,0.0,0.0
12,2128,49.18,79,447,43.7,1,0,1,0.175,0.005,0.0,0.0
13,2248,18.68,68,210,20.5,1,0,1,0.132,0.005,0.0,0.0
14,2528,-7.04,50,368,35.9,1,0,1,0.087,0.005,0.0,0.0
15,2592,65.47,98,496,48.4,1,0,1,0.137,0.005,0.0,0.0
16,3344,5.16,159,434,42.4,1,0,1,0.178,0.005,0.0,0.0
17,3576,-13.02,238,443,43.3,1,0,1,0.181,0.005,0.0,0.0
18,3984,65.91,311,499,48.7,1,0,1,0.168,0.005,0.0,0.0
19,4288,313.42,518,683,66.7,2,0,1,0.156,0.005,0.0,0.0
20,4352,-27.47,126,389,38.0,1,0,1,0.176,0.005,0.0,0.0
21,4512,7.04,28,206,20.1,1,0,1,0.086,0.005,0.0,0.0
22,4688,2.67,22,201,19.6,1,0,1,0.131,0.005,0.0,0.0
23,4800,67.85,600,486,47.5,1,0,0,2.46,0.005,0.0,0.0
24,5048,26.1,315,438,42.8,1,0,1,0.178,0.005,0.0,0.0
25,5352,-10.38,222,424,41.4,1,0,1,0.044,0.005,0.0,0.0
26,5808,151.8,402,515,50.3,1,0,1,0.056,0.005,0.0,0.0
27,5920,162.1,459,446,43.6,1,0,1,0.075,0.005,0.0,0.0
28,6088,-27.57,217,203,19.8,1,0,1,0.093,0.005,0.0,0.0
29,6248,-2.78,283,470,45.9,1,0,1,0.116,0.005,0.0,0.0
30,6432,-12.4,64,349,34.1,1,0,1,0.056,0.005,0.0,0.0
31,6768,-17.78,65,348,34.0,1,0,1,0.109,0.005,0.0,0.0
32,7280,53.99,310,483,47.2,1,0,1,0.128,0.005,0.0,0.0
33,7480,45.75,89,468,45.7,1,0,1,0.171,0.005,0.0,0.0
34,7616,96.65,226,482,47.1,1,0,1,0.196,0.005,0.0,0.0
35,8080,33.95,206,441,43.1,1,0,1,0.19,0.005,0.0,0.0
36,8816,88.69,167,510,49.8,1,0,1,0.153,0.005,-0.0154,93.5694
37,9488,274.03,600,658,64.3,1,0,0,1.869,0.005,-0.0154,93.5694
38,9848,125.09,600,460,44.9,1,0,0,2.075,0.005,-0.0154,93.5694
39,9896,121.18,327,523,51.1,1,0,1,0.067,0.005,-0.0154,93.5694
40,10008,55.14,65,468,45.7,1,0,1,0.179,0.005,-0.0154,93.5694
41,10136,192.97,315,536,52.3,2,0,1,0.172,0.005,-0.0154,93.5694
42,10152,25.82,600,321,31.3,1,0,0,2.527,0.005,-0.0154,93.5694
43,10888,161.13,600,575,56.2,1,0,0,3.089,0.005,-0.0154,93.5694
44,10904,78.88,94,509,49.7,1,0,1,0.055,0.005,-0.0154,93.5694
45,11088,-0.55,25,193,18.8,1,0,1,0.177,0.005,-0.0154,93.5694
46,11568,20.34,179,450,43.9,1,0,1,0.124,0.005,-0.0154,93.5694
47,11976,52.94,260,469,45.8,1,0,1,0.203,0.005,-0.0154,93.5694
48,12056,225.44,405,650,63.5,1,0,1,0.125,0.005,-0.0154,93.5694
49,12152,71.69,133,448,43.8,1,0,1,0.208,0.005,-0.0154,93.5694
50,12480,-0.74,197,202,19.7,1,0,1,0.214,0.005,-0.0154,93.5694
51,12560,32.1,73,467,45.6,1,0,1,0.205,0.005,-0.0154,93.5694
52,12680,222.35,575,555,54.2,2,0,1,0.199,0.005,-0.0154,93.5694
53,12896,112.1,166,498,48.6,2,0,1,0.15,0.005,-0.0154,93.5694
54,13432,52.8,172,463,45.2,1,0,1,0.159,0.005,-0.0154,93.5694
55,14648,110.0,600,342,33.4,1,0,0,2.791,0.005,-0.0154,93.5694
56,14808,211.1,600,517,50.5,2,0,0,1.83,0.005,-0.0154,93.5694
57,14880,161.11,181,597,58.3,1,0,1,0.183,0.005,-0.0154,93.5694
58,15160,412.91,376,746,72.9,2,0,1,0.099,0.005,-0.0154,93.5694
59,16064,131.64,177,456,44.5,2,0,1,0.174,0.005,-0.0154,93.5694
60,16888,315.01,541,574,56.1,2,0,1,0.19,0.005,-0.0133,99.3956
61,17280,268.07,600,687,67.1,2,0,0,1.567,0.005,-0.0133,99.3956
62,17480,183.3,600,394,38.5,1,0,0,2.335,0.005,-0.0133,99.3956
63,17520,4.18,30,194,18.9,1,0,1,0.106,0.005,-0.0133,99.3956
64,17616,147.02,351,604,59.0,1,0,1,0.199,0.005,-0.0133,99.3956
65,17696,227.0,600,521,50.9,2,0,0,0.738,0.005,-0.0133,99.3956
66,17800,104.1,114,504,49.2,1,0,1,0.151,0.005,-0.0133,99.3956
67,18472,100.91,84,557,54.4,1,0,1,0.169,0.005,-0.0133,99.3956
68,18616,290.42,432,571,55.8,2,0,1,0.212,0.005,-0.0133,99.3956
69,18672,-0.95,25,218,21.3,1,0,1,0.122,0.005,-0.0133,99.3956
70,19400,88.45,91,270,26.4,1,0,1,0.207,0.005,-0.0133,99.3956
71,19680,269.88,600,698,68.2,2,0,0,1.785,0.005,-0.0133,99.3956
72,20864,265.3,600,491,47.9,1,0,0,1.346,0.005,-0.0133,99.3956
73,21616,87.25,94,533,52.1,1,0,1,0.18,0.005,-0.0133,99.3956
74,22280,476.16,600,767,74.9,2,0,0,1.864,0.005,-0.0133,99.3956
75,22320,329.4,600,694,67.8,2,0,0,1.351,0.005,-0.0133,99.3956
76,22416,625.72,600,877,85.6,3,0,0,1.852,0.005,-0.0133,99.3956
77,22416,297.02,475,582,56.8,2,0,1,0.134,0.005,-0.0133,99.3956
78,22496,407.67,600,635,62.0,2,0,0,0.829,0.005,-0.0133,99.3956
79,23176,42.91,112,231,22.6,1,0,1,0.191,0.005,-0.0133,99.3956
80,23680,168.53,148,516,50.4,1,0,1,0.2,0.005,-0.0133,99.3956
81,24024,96.42,201,543,53.0,1,0,1,0.159,0.005,-0.0133,99.3956
82,24200,219.99,235,547,53.4,2,0,1,0.12,0.005,-0.0133,99.3956
83,24200,533.77,600,801,78.2,3,0,0,2.007,0.005,-0.0133,99.3956
84,24480,296.9,600,501,48.9,2,0,0,1.898,0.005,-0.0133,99.3956
85,24680,38.25,125,235,22.9,1,0,1,0.198,0.005,-0.011,106.4022
86,24720,-13.65,30,168,16.4,1,0,1,0.189,0.005,-0.011,106.4022
87,24912,268.34,312,630,61.5,2,0,1,0.163,0.005,-0.011,106.4022
88,25272,111.04,156,509,49.7,1,0,1,0.178,0.005,-0.011,106.4022
89,25744,216.81,193,532,52.0,2,0,1,0.187,0.005,-0.011,106.4022
90,25776,149.66,108,526,51.4,1,0,1,0.178,0.005,-0.011,106.4022
91,26416,271.4,600,681,66.5,2,0,0,1.991,0.005,-0.011,106.4022
92,26632,122.67,239,517,50.5,1,0,1,0.128,0.005,-0.011,106.4022
93,27080,27.11,226,221,21.6,1,0,1,0.175,0.005,-0.011,106.4022
94,27976,267.8,600,662,64.6,2,0,0,1.106,0.005,-0.011,106.4022
95,29000,245.8,600,679,66.3,1,0,0,1.435,0.005,-0.011,106.4022
96,29144,269.91,425,514,50.2,2,0,1,0.195,0.005,-0.011,106.4022
97,29480,270.66,600,699,68.3,2,0,0,1.93,0.005,-0.011,106.4022
98,30576,539.84,600,830,81.1,3,0,0,0.919,0.005,-0.011,106.4022
99,31152,84.4,72,481,47.0,1,0,1,0.085,0.005,-0.011,106.4022
100,31216,285.13,600,686,67.0,2,0,0,1.994,0.005,-0.011,106.4022
101,31360,-0.64,18,428,41.8,1,0,1,0.176,0.005,-0.011,106.4022
102,31432,478.29,600,736,71.9,3,0,0,0.705,0.005,-0.011,106.4022
103,31880,468.35,600,808,78.9,2,0,0,1.427,0.005,-0.011,106.4022
104,32488,283.86,436,699,68.3,1,0,1,0.173,0.005,-0.011,106.4022
105,32776,292.8,600,696,68.0,2,0,0,1.07,0.005,-0.0089,110.4985
106,33600,39.44,103,227,22.2,1,0,1,0.106,0.005,-0.0089,110.4985
107,33856,4.37,32,205,20.0,1,0,1,0.19,0.005,-0.0089,110.4985
108,33944,275.29,600,722,70.5,2,0,0,1.506,0.005,-0.0089,110.4985
109,34280,320.4,600,708,69.1,2,0,0,1.693,0.005,-0.0089,110.4985
110,34440,319.46,411,572,55.9,2,0,1,0.181,0.005,-0.0089,110.4985
111,34616,63.16,42,493,48.1,1,0,1,0.013,0.005,-0.0089,110.4985
112,36160,278.27,600,711,69.4,2,0,0,1.525,0.005,-0.0089,110.4985
113,36232,243.91,600,705,68.8,2,0,0,1.707,0.005,-0.0089,110.4985
114,36536,156.65,240,527,51.5,1,0,1,0.189,0.005,-0.0089,110.4985
115,36680,277.9,600,698,68.2,2,0,0,1.358,0.005,-0.0089,110.4985
116,37288,515.98,600,873,85.3,4,0,0,1.478,0.005,-0.0089,110.4985
117,37528,1.52,30,210,20.5,1,0,1,0.098,0.005,-0.0089,110.4985
118,37712,149.06,147,523,51.1,1,0,1,0.175,0.005,-0.0089,110.4985
119,38320,68.95,99,512,50.0,1,0,1,0.206,0.005,-0.0089,110.4985
120,38656,413.01,600,744,72.7,2,0,0,1.418,0.005,-0.0089,110.4985
121,38744,212.6,600,707,69.0,2,0,0,1.799,0.005,-0.0089,110.4985
122,39240,235.65,600,693,67.7,2,0,0,1.62,0.005,-0.0089,110.4985
123,39360,120.2,77,509,49.7,1,0,1,0.221,0.005,-0.0089,110.4985
124,40520,349.99,233,736,71.9,2,0,1,0.098,0.005,-0.0089,110.4985
125,40960,303.8,600,706,68.9,2,0,0,1.742,0.005,-0.0089,110.4985
126,41032,486.52,600,848,82.8,3,0,0,1.734,0.005,-0.0063,126.9591
127,41480,500.1,600,747,72.9,3,0,0,1.661,0.005,-0.0063,126.9591
128,42512,429.72,600,829,81.0,3,0,0,1.867,0.005,-0.0063,126.9591
129,43056,-2.99,68,209,20.4,1,0,1,0.057,0.005,-0.0063,126.9591
130,43120,478.61,600,784,76.6,3,0,0,1.078,0.005,-0.0063,126.9591
131,43296,2.13,22,215,21.0,1,0,1,0.168,0.005,-0.0063,126.9591
132,43744,79.08,56,551,53.8,1,0,1,0.207,0.005,-0.0063,126.9591
133,43944,-1.15,25,218,21.3,1,0,1,0.142,0.005,-0.0063,126.9591
134,44040,245.5,600,693,67.7,2,0,0,1.738,0.005,-0.0063,126.9591
135,44160,528.17,600,863,84.3,4,0,0,1.659,0.005,-0.0063,126.9591
136,45320,212.4,600,678,66.2,2,0,0,1.496,0.005,-0.0063,126.9591
137,45624,150.1,183,518,50.6,1,0,1,0.189,0.005,-0.0063,126.9591
138,45760,495.72,600,896,87.5,4,0,0,1.56,0.005,-0.0063,126.9591
139,45832,430.9,600,779,76.1,3,0,0,1.612,0.005,-0.0063,126.9591
140,45896,4.04,34,215,21.0,1,0,1,0.219,0.005,-0.0063,126.9591
141,46280,237.9,600,689,67.3,2,0,0,1.59,0.005,-0.0063,126.9591
142,46520,4.51,30,211,20.6,1,0,1,0.194,0.005,-0.0063,126.9591
143,47856,452.04,600,885,86.4,4,0,0,1.835,0.005,-0.0063,126.9591
144,48744,260.1,600,712,69.5,2,0,0,2.282,0.005,-0.0063,126.9591
145,48840,232.3,600,725,70.8,2,0,0,1.752,0.005,-0.0063,126.9591
146,50120,219.9,600,668,65.2,2,0,0,1.15,0.005,-0.0061,114.0187
147,50560,455.3,600,814,79.5,3,0,0,1.895,0.005,-0.0061,114.0187
148,50632,210.2,600,674,65.8,2,0,0,1.99,0.005,-0.0061,114.0187
149,50696,466.01,600,875,85.4,4,0,0,2.032,0.005,-0.0061,114.0187
150,51320,283.5,600,728,71.1,2,0,0,1.857,0.005,-0.0061,114.0187
151,52048,210.03,186,516,50.4,2,0,1,0.182,0.005,-0.0061,114.0187
152,52656,545.69,600,889,86.8,4,0,0,1.891,0.005,-0.0061,114.0187
153,53544,424.42,600,853,83.3,4,0,0,1.68,0.005,-0.0061,114.0187
154,53640,353.38,600,790,77.1,3,0,0,1.516,0.005,-0.0061,114.0187
155,53720,-14.52,10,426,41.6,1,0,1,0.106,0.005,-0.0061,114.0187
156,54920,497.34,600,903,88.2,4,0,0,1.825,0.005,-0.0061,114.0187
157,55432,540.0,600,918,89.6,4,0,0,1.62,0.005,-0.0061,114.0187
158,55496,285.9,600,721,70.4,2,0,0,1.949,0.005,-0.0061,114.0187
159,55560,43.35,230,231,22.6,1,0,1,0.138,0.005,-0.0061,114.0187
160,56120,462.87,600,866,84.6,4,0,0,1.366,0.005,-0.0061,114.0187
161,56696,244.81,142,727,71.0,2,0,1,0.208,0.005,-0.0061,114.0187
162,56848,438.4,600,774,75.6,3,0,0,1.838,0.005,-0.0061,114.0187
163,57440,41.81,165,233,22.8,1,0,1,0.179,0.005,-0.005,107.7703
164,57456,184.4,600,673,65.7,2,0,0,1.466,0.005,-0.005,107.7703
165,58344,234.6,600,679,66.3,2,0,0,1.955,0.005,-0.005,107.7703
166,59720,378.41,600,834,81.4,3,0,0,1.852,0.005,-0.005,107.7703
167,60232,504.15,600,847,82.7,4,0,0,0.95,0.005,-0.005,107.7703
168,60248,-29.6,444,212,20.7,1,0,1,0.185,0.005,-0.005,107.7703
169,60296,412.42,600,781,76.3,3,0,0,1.673,0.005,-0.005,107.7703
170,61648,202.6,600,694,67.8,2,0,0,1.815,0.005,-0.005,107.7703
171,62240,482.98,600,890,86.9,4,0,0,1.858,0.005,-0.005,107.7703
172,62256,435.99,600,790,77.1,3,0,0,1.657,0.005,-0.005,107.7703
173,63144,424.4,600,888,86.7,4,0,0,1.657,0.005,-0.005,107.7703
174,64520,322.72,600,745,72.8,2,0,0,2.031,0.005,-0.005,107.7703
175,65032,211.69,600,740,72.3,2,0,0,1.849,0.005,-0.005,107.7703
176,65048,498.33,600,812,79.3,3,0,0,2.372,0.005,-0.005,107.7703
177,65096,402.94,600,898,87.7,4,0,0,1.689,0.005,-0.005,107.7703
178,66448,198.17,600,736,71.9,2,0,0,1.986,0.005,-0.0066,78.1427
179,67040,242.3,600,722,70.5,2,0,0,1.485,0.005,-0.0066,78.1427
180,67056,509.17,600,819,80.0,3,0,0,2.079,0.005,-0.0066,78.1427
181,67944,197.79,600,740,72.3,2,0,0,1.925,0.005,-0.0066,78.1427
182,68288,6.1,154,210,20.5,1,0,1,0.155,0.005,-0.0066,78.1427
183,69320,462.59,600,885,86.4,4,0,0,1.89,0.005,-0.0066,78.1427
184,69832,357.34,600,795,77.6,3,0,0,2.004,0.005,-0.0066,78.1427
185,69848,442.49,600,798,77.9,3,0,0,1.625,0.005,-0.0066,78.1427
186,69896,443.06,600,803,78.4,3,0,0,1.379,0.005,-0.0066,78.1427
187,70032,20.46,25,217,21.2,1,0,1,0.066,0.005,-0.0066,78.1427
188,70096,-3.83,25,184,18.0,1,0,1,0.17,0.005,-0.0066,78.1427
189,70248,1.69,27,213,20.8,1,0,1,0.044,0.005,-0.0066,78.1427
190,71248,209.95,600,730,71.3,2,0,0,1.83,0.005,-0.0066,78.1427
191,71840,439.93,600,895,87.4,4,0,0,1.667,0.005,-0.0066,78.1427
192,72712,154.69,109,653,63.8,2,0,1,0.204,0.005,-0.0066,78.1427
193,72744,192.4,600,685,66.9,2,0,0,1.878,0.005,-0.0066,78.1427
194,73088,386.39,600,876,85.5,4,0,0,1.802,0.005,-0.0066,78.1427
195,74120,394.8,600,871,85.1,4,0,0,1.763,0.005,-0.0053,103.6487
196,74648,393.0,600,868,84.8,3,0,0,1.811,0.005,-0.0053,103.6487
197,74896,395.39,600,788,77.0,3,0,0,1.897,0.005,-0.0053,103.6487
198,75048,340.0,600,805,78.6,3,0,0,1.213,0.005,-0.0053,103.6487
199,76048,133.4,600,722,70.5,2,0,0,1.14,0.005,-0.0053,103.6487
200,77512,411.6,600,835,81.5,3,0,0,1.984,0.005,-0.0053,103.6487
201,77544,384.78,600,904,88.3,4,0,0,1.795,0.005,-0.0053,103.6487
202,77888,391.64,600,835,81.5,3,0,0,1.433,0.005,-0.0053,103.6487
203,78920,358.07,600,850,83.0,3,0,0,1.898,0.005,-0.0053,103.6487
204,79128,-10.35,26,177,17.3,1,0,1,0.0,0.005,-0.0053,103.6487
205,79448,379.29,600,849,82.9,3,0,0,1.682,0.005,-0.0053,103.6487
206,79696,236.11,600,731,71.4,2,0,0,1.762,0.005,-0.0053,103.6487
207,79848,445.96,600,929,90.7,4,0,0,2.085,0.005,-0.0053,103.6487
208,80848,387.77,600,899,87.8,4,0,0,1.705,0.005,-0.0053,103.6487
209,82312,353.74,600,812,79.3,3,0,0,1.757,0.005,-0.0068,52.5612
210,82344,369.24,600,891,87.0,4,0,0,1.527,0.005,-0.0068,52.5612
211,82688,193.2,600,721,70.4,2,0,0,1.417,0.005,-0.0068,52.5612
212,83000,106.03,86,257,25.1,1,0,1,0.09,0.005,-0.0068,52.5612
213,83512,36.65,64,221,21.6,1,0,1,0.213,0.005,-0.0068,52.5612
214,83928,244.33,600,714,69.7,2,0,0,1.392,0.005,-0.0068,52.5612
215,84248,426.7,600,808,78.9,3,0,0,1.959,0.005,-0.0068,52.5612
216,84496,364.93,600,759,74.1,2,0,0,1.609,0.005,-0.0068,52.5612
217,84648,366.47,600,827,80.8,3,0,0,1.912,0.005,-0.0068,52.5612
218,85648,174.38,600,726,70.9,2,0,0,1.692,0.005,-0.0068,52.5612
219,85696,177.36,419,734,71.7,2,0,1,0.208,0.005,-0.0068,52.5612
220,87488,316.2,600,829,81.0,3,0,0,1.869,0.005,-0.0068,52.5612
221,88312,406.96,600,891,87.0,4,0,0,1.834,0.005,-0.0068,52.5612
222,88728,237.47,600,726,70.9,2,0,0,1.844,0.005,-0.0068,52.5612
223,89048,267.6,600,735,71.8,2,0,0,1.79,0.005,-0.0068,52.5612
224,89296,135.9,600,688,67.2,2,0,0,1.964,0.005,-0.0068,52.5612
225,89448,194.6,600,678,66.2,2,0,0,1.864,0.005,-0.0068,52.5612
226,90448,189.6,600,679,66.3,2,0,0,1.328,0.005,-0.0062,67.8858
227,90496,152.95,600,318,31.1,2,0,0,1.145,0.005,-0.0062,67.8858
228,92288,223.08,600,724,70.7,2,0,0,1.875,0.005,-0.0062,67.8858
229,93112,237.58,600,703,68.7,2,0,0,1.698,0.005,-0.0062,67.8858
230,93528,198.0,600,679,66.3,2,0,0,1.924,0.005,-0.0062,67.8858
231,93848,351.35,600,850,83.0,3,0,0,1.852,0.005,-0.0062,67.8858
232,94096,237.77,600,751,73.3,2,0,0,1.602,0.005,-0.0062,67.8858
233,94224,2.69,16,455,44.4,1,0,1,0.183,0.005,-0.0062,67.8858
234,94248,292.43,600,751,73.3,2,0,0,1.52,0.005,-0.0062,67.8858
235,95248,376.9,600,923,90.1,4,0,0,1.478,0.005,-0.0062,67.8858
236,95272,164.5,131,518,50.6,2,0,1,0.149,0.005,-0.0062,67.8858
237,95296,450.01,600,856,83.6,4,0,0,1.918,0.005,-0.0062,67.8858
238,95600,47.05,44,247,24.1,1,0,1,0.059,0.005,-0.0062,67.8858
239,97088,405.01,600,791,77.2,3,0,0,1.698,0.005,-0.0062,67.8858
240,97912,158.8,600,738,72.1,2,0,0,1.854,0.005,-0.0062,67.8858
241,98328,343.37,600,782,76.4,2,0,0,1.91,0.005,-0.0064,78.4765
242,98648,383.75,600,832,81.2,3,0,0,1.257,0.005,-0.0064,78.4765
243,99048,401.96,600,815,79.6,3,0,0,1.225,0.005,-0.0064,78.4765
244,100072,230.21,600,697,68.1,2,0,0,1.856,0.005,-0.0064,78.4765
245,100096,225.72,600,745,72.8,2,0,0,0.614,0.005,-0.0064,78.4765
246,100400,418.9,600,922,90.0,4,0,0,0.76,0.005,-0.0064,78.4765
247,100624,-16.23,28,201,19.6,1,0,1,0.023,0.005,-0.0064,78.4765
248,101856,161.53,401,516,50.4,2,0,1,0.182,0.005,-0.0064,78.4765
249,101888,331.1,600,898,87.7,4,0,0,1.409,0.005,-0.0064,78.4765
250,102616,164.17,315,690,67.4,2,0,1,0.135,0.005,-0.0064,78.4765
251,102712,371.72,600,807,78.8,3,0,0,1.512,0.005,-0.0064,78.4765
252,103016,105.11,145,287,28.0,1,0,1,0.127,0.005,-0.0064,78.4765
253,103128,478.09,600,862,84.2,4,0,0,1.785,0.005,-0.0064,78.4765
254,103848,396.2,600,922,90.0,4,0,0,1.949,0.005,-0.0064,78.4765
255,104872,242.47,600,766,74.8,2,0,0,1.938,0.005,-0.0064,78.4765
256,105424,417.69,600,912,89.1,4,0,0,1.182,0.005,-0.0064,78.4765
257,105952,24.96,66,219,21.4,1,0,1,0.195,0.005,-0.0064,78.4765
258,106688,388.29,600,820,80.1,3,0,0,1.335,0.005,-0.0076,109.2215
259,107416,317.75,600,783,76.5,3,0,0,1.459,0.005,-0.0076,109.2215
260,107512,293.28,600,752,73.4,3,0,0,1.775,0.005,-0.0076,109.2215
261,107816,606.73,600,987,96.4,5,0,0,0.926,0.005,-0.0076,109.2215
262,107928,494.95,600,956,93.4,4,0,0,0.864,0.005,-0.0076,109.2215
263,108648,397.6,600,923,90.1,4,0,0,1.748,0.005,-0.0076,109.2215
264,109672,246.5,600,730,71.3,2,0,0,1.478,0.005,-0.0076,109.2215
265,110752,208.8,600,713,69.6,2,0,0,1.199,0.005,-0.0076,109.2215
266,111488,208.69,600,742,72.5,2,0,0,1.982,0.005,-0.0076,109.2215
267,112216,306.47,600,735,71.8,2,0,0,1.027,0.005,-0.0076,109.2215
268,112312,510.0,600,1014,99.0,5,0,0,2.216,0.005,-0.0076,109.2215
269,112616,361.06,600,902,88.1,4,0,0,1.55,0.005,-0.0076,109.2215
270,112728,312.38,600,770,75.2,3,0,0,1.431,0.005,-0.0076,109.2215
271,113448,330.37,600,773,75.5,3,0,0,1.941,0.005,-0.0076,109.2215
272,114472,337.35,600,891,87.0,3,0,0,1.383,0.005,-0.0076,109.2215
273,114600,425.48,286,988,96.5,5,0,1,0.108,0.005,-0.0076,109.2215
274,115552,441.88,600,943,92.1,4,0,0,2.462,0.005,-0.008,69.3187
275,116288,453.91,600,939,91.7,4,0,0,1.64,0.005,-0.008,69.3187
276,116472,5.54,23,209,20.4,1,0,1,0.195,0.005,-0.008,69.3187
277,117008,257.81,301,724,70.7,3,0,1,0.164,0.005,-0.008,69.3187
278,117008,336.68,599,976,95.3,4,0,1,0.196,0.005,-0.008,69.3187
279,117416,273.66,600,786,76.8,3,0,0,2.481,0.005,-0.008,69.3187
280,117528,379.39,600,897,87.6,3,0,0,1.872,0.005,-0.008,69.3187
281,117600,389.96,256,912,89.1,3,0,1,0.199,0.005,-0.008,69.3187
282,118248,245.29,600,795,77.6,3,0,0,1.281,0.005,-0.008,69.3187
283,119272,376.17,600,923,90.1,4,0,0,2.642,0.005,-0.008,69.3187
284,119872,389.23,358,866,84.6,4,0,1,0.223,0.005,-0.008,69.3187
285,120056,-4.01,23,197,19.2,1,0,1,0.0,0.005,-0.008,69.3187
286,121272,436.64,600,999,97.6,5,0,0,2.734,0.005,-0.008,69.3187
287,121656,327.02,516,927,90.5,3,0,1,0.2,0.005,-0.008,69.3187
288,121808,94.9,600,425,41.5,1,0,0,2.005,0.005,-0.008,69.3187
289,121840,473.76,530,892,87.1,4,0,1,0.174,0.005,-0.008,69.3187
290,122216,431.02,600,1013,98.9,5,0,0,1.708,0.005,-0.008,69.3187
291,122264,155.4,76,517,50.5,2,0,1,0.183,0.005,-0.008,69.3187
292,122672,324.81,553,849,82.9,3,0,1,0.191,0.005,-0.008,69.3187
293,124072,372.25,600,896,87.5,3,0,0,1.289,0.005,-0.0087,140.4868
294,124320,25.82,31,475,46.4,1,0,1,0.065,0.005,-0.0087,140.4868
295,124352,373.69,314,725,70.8,3,0,1,0.204,0.005,-0.0087,140.4868
296,124576,-7.3,28,204,19.9,1,0,1,0.026,0.005,-0.0087,140.4868
297,124664,-14.92,11,414,40.4,1,0,1,0.15,0.005,-0.0087,140.4868
298,124856,430.43,600,956,93.4,4,0,0,2.683,0.005,-0.0087,140.4868
299,126072,263.15,600,793,77.4,2,0,0,0.998,0.005,-0.0087,140.4868
300,126608,237.03,600,763,74.5,3,0,0,2.691,0.005,-0.0087,140.4868
301,126616,291.7,550,936,91.4,4,0,1,0.18,0.005,-0.0087,140.4868
302,127064,417.85,600,930,90.8,4,0,0,2.756,0.005,-0.0087,140.4868
303,127152,6.0,67,216,21.1,1,0,1,0.181,0.005,-0.0087,140.4868
304,127472,440.94,600,995,97.2,5,0,0,0.992,0.005,-0.0087,140.4868
305,127640,-3.47,21,214,20.9,1,0,1,0.165,0.005,-0.0087,140.4868
306,128072,593.94,469,1012,98.8,5,0,1,0.147,0.005,-0.0087,140.4868
307,129464,364.21,600,926,90.4,4,0,0,2.634,0.005,-0.0087,140.4868
308,129656,427.37,600,951,92.9,4,0,0,2.427,0.005,-0.0087,140.4868
309,130872,418.52,600,993,97.0,5,0,0,2.387,0.005,-0.0087,140.4868
310,131408,300.57,600,788,77.0,3,0,0,1.686,0.005,-0.007,117.2893
311,131864,341.26,600,933,91.1,4,0,0,0.623,0.005,-0.007,117.2893
312,131952,264.66,600,771,75.3,2,0,0,1.215,0.005,-0.007,117.2893
313,132408,682.37,368,1024,100.0,6,1,0,1.573,0.005,-0.007,117.2893
314,132440,462.92,600,997,97.4,5,0,0,1.17,0.005,-0.007,117.2893
315,132680,220.46,159,732,71.5,2,0,1,0.154,0.005,-0.007,117.2893
316,132872,465.87,600,1011,98.7,5,0,0,0.952,0.005,-0.007,117.2893
317,134456,496.18,600,991,96.8,5,0,0,2.377,0.005,-0.007,117.2893
318,135672,510.26,600,1005,98.1,5,0,0,1.778,0.005,-0.007,117.2893
319,136056,322.83,200,927,90.5,3,0,1,0.208,0.005,-0.007,117.2893
320,136664,481.75,600,998,97.5,5,0,0,1.96,0.005,-0.007,117.2893
321,136752,456.44,600,947,92.5,4,0,0,0.906,0.005,-0.007,117.2893
322,136920,1.05,32,194,18.9,1,0,1,0.196,0.005,-0.007,117.2893
323,137208,445.06,600,860,84.0,4,0,0,1.843,0.005,-0.007,117.2893
324,137240,467.45,600,913,89.2,4,0,0,2.695,0.005,-0.007,117.2893
325,137480,403.99,600,927,90.5,3,0,0,1.571,0.005,-0.007,117.2893
326,137672,409.82,600,900,87.9,4,0,0,0.834,0.005,-0.007,117.2893
327,138256,714.43,323,1024,100.0,6,1,0,0.605,0.005,-0.007,117.2893
328,139400,664.86,310,1024,100.0,6,1,0,1.237,0.005,-0.007,130.9588
329,140856,335.53,600,917,89.6,4,0,0,1.291,0.005,-0.007,130.9588
330,140904,338.9,458,939,91.7,4,0,1,0.183,0.005,-0.007,130.9588
331,141552,476.1,600,950,92.8,4,0,0,2.825,0.005,-0.007,130.9588
332,141736,235.95,110,813,79.4,3,0,1,0.157,0.005,-0.007,130.9588
333,142008,429.0,600,955,93.3,4,0,0,2.507,0.005,-0.007,130.9588
334,142280,552.74,600,1010,98.6,5,0,0,1.591,0.005,-0.007,130.9588
335,142472,356.04,600,826,80.7,3,0,0,0.906,0.005,-0.007,130.9588
336,143056,437.92,600,987,96.4,5,0,0,0.868,0.005,-0.007,130.9588
337,143744,405.54,217,866,84.6,4,0,1,0.218,0.005,-0.007,130.9588
338,144200,412.97,600,992,96.9,4,0,0,0.786,0.005,-0.007,130.9588
339,145704,379.37,600,969,94.6,4,0,0,1.02,0.005,-0.007,130.9588
340,146352,450.41,600,963,94.0,4,0,0,1.364,0.005,-0.007,130.9588
341,146536,337.9,600,923,90.1,4,0,0,1.157,0.005,-0.007,130.9588
342,146720,307.75,315,880,85.9,3,0,1,0.161,0.005,-0.007,130.9588
343,147080,417.59,600,989,96.6,5,0,0,2.57,0.005,-0.007,130.9588
344,147272,285.04,600,804,78.5,3,0,0,2.25,0.005,-0.007,130.9588
345,147584,655.81,235,1024,100.0,6,1,0,1.458,0.005,-0.0045,79.9381
346,147856,233.94,600,786,76.8,3,0,0,1.24,0.005,-0.0045,79.9381
347,148544,402.8,600,976,95.3,5,0,0,1.726,0.005,-0.0045,79.9381
348,150176,744.4,363,1024,100.0,6,1,0,1.176,0.005,-0.0045,79.9381
349,150472,536.13,515,1024,100.0,6,1,0,1.392,0.005,-0.0045,79.9381
350,151336,321.14,600,923,90.1,4,0,0,2.082,0.005,-0.0045,79.9381
351,151520,469.43,600,1008,98.4,5,0,0,1.915,0.005,-0.0045,79.9381
352,151880,411.7,600,948,92.6,4,0,0,1.689,0.005,-0.0045,79.9381
353,152320,129.89,55,729,71.2,2,0,1,0.209,0.005,-0.0045,79.9381
354,152384,201.6,600,813,79.4,3,0,0,2.414,0.005,-0.0045,79.9381
355,152576,5.47,24,217,21.2,1,0,1,0.196,0.005,-0.0045,79.9381
356,152656,318.21,600,964,94.1,3,0,0,1.051,0.005,-0.0045,79.9381
357,153344,405.95,600,949,92.7,4,0,0,1.05,0.005,-0.0045,79.9381
358,154768,343.46,537,938,91.6,5,0,1,0.181,0.005,-0.0045,79.9381
359,154872,409.29,319,883,86.2,4,0,1,0.145,0.005,-0.0045,79.9381
360,154976,337.47,600,897,87.6,4,0,0,1.047,0.005,-0.0045,79.9381
361,156136,573.42,600,941,91.9,5,0,0,1.103,0.005,-0.0051,174.0223
362,156320,314.96,600,866,84.6,3,0,0,1.772,0.005,-0.0051,174.0223
363,156616,329.82,409,929,90.7,4,0,1,0.158,0.005,-0.0051,174.0223
364,156816,-3.64,25,202,19.7,1,0,1,0.046,0.005,-0.0051,174.0223
365,157376,398.69,600,941,91.9,4,0,0,1.467,0.005,-0.0051,174.0223
366,157456,439.95,600,939,91.7,4,0,0,1.905,0.005,-0.0051,174.0223
367,159568,378.48,600,1002,97.9,5,0,0,1.449,0.005,-0.0051,174.0223
368,159672,334.38,600,931,90.9,4,0,0,1.329,0.005,-0.0051,174.0223
369,159744,385.57,428,953,93.1,4,0,1,0.139,0.005,-0.0051,174.0223
370,159776,439.55,600,1002,97.9,5,0,0,0.913,0.005,-0.0051,174.0223
371,159984,33.6,39,223,21.8,1,0,1,0.185,0.005,-0.0051,174.0223
372,160912,589.97,597,1023,99.9,6,1,0,1.375,0.005,-0.0051,174.0223
373,161616,434.51,600,973,95.0,4,0,0,1.038,0.005,-0.0051,174.0223
374,162176,419.7,600,940,91.8,4,0,0,2.211,0.005,-0.0051,174.0223
375,162256,380.68,600,997,97.4,5,0,0,0.831,0.005,-0.0051,174.0223
376,164064,707.46,306,1024,100.0,6,1,0,0.758,0.005,-0.0066,91.4852
377,164368,476.57,600,1001,97.8,5,0,0,1.616,0.005,-0.0066,91.4852
378,164544,328.79,600,919,89.7,4,0,0,1.021,0.005,-0.0066,91.4852
379,164576,11.39,26,220,21.5,1,0,1,0.193,0.005,-0.0066,91.4852
380,164576,410.17,600,959,93.7,4,0,0,1.759,0.005,-0.0066,91.4852
381,164728,-8.85,19,170,16.6,1,0,1,0.139,0.005,-0.0066,91.4852
382,164784,369.05,600,990,96.7,5,0,0,1.472,0.005,-0.0066,91.4852
383,165592,360.16,427,1015,99.1,5,0,1,0.177,0.005,-0.0066,91.4852
384,165712,484.64,600,1003,97.9,5,0,0,1.824,0.005,-0.0066,91.4852
385,166856,310.48,266,904,88.3,4,0,1,0.2,0.005,-0.0066,91.4852
386,167056,399.83,600,1008,98.4,5,0,0,0.862,0.005,-0.0066,91.4852
387,168864,369.18,600,962,93.9,4,0,0,1.194,0.005,-0.0066,91.4852
388,169344,383.4,600,970,94.7,4,0,0,2.706,0.005,-0.0066,91.4852
389,169376,396.03,600,1004,98.0,5,0,0,2.708,0.005,-0.0066,91.4852
390,169584,32.45,26,545,53.2,1,0,1,0.18,0.005,-0.0066,91.4852
391,169584,457.36,600,1016,99.2,5,0,0,2.729,0.005,-0.0066,91.4852
392,169808,29.12,28,487,47.6,1,0,1,0.047,0.005,-0.0066,91.4852
393,170080,454.14,546,1006,98.2,5,0,1,0.145,0.005,-0.0066,91.4852
394,170392,365.8,600,954,93.2,4,0,0,1.427,0.005,-0.0066,91.4852
395,170848,672.04,248,1024,100.0,6,1,0,0.485,0.005,-0.0066,91.4852
396,171656,361.31,600,921,89.9,4,0,0,1.566,0.005,-0.0066,91.4852
397,171856,352.83,600,948,92.6,4,0,0,2.102,0.005,-0.0066,91.4852
398,172048,643.6,308,1024,100.0,6,1,0,0.404,0.005,-0.0065,176.4059
399,172088,36.88,29,479,46.8,1,0,1,0.197,0.005,-0.0065,176.4059
400,172296,19.28,31,477,46.6,1,0,1,0.04,0.005,-0.0065,176.4059
401,172376,58.17,36,508,49.6,1,0,1,0.09,0.005,-0.0065,176.4059
402,172728,701.94,292,1024,100.0,6,1,0,1.307,0.005,-0.0065,176.4059
403,174144,528.4,600,1021,99.7,5,0,0,1.399,0.005,-0.0065,176.4059
404,174304,372.49,562,1009,98.5,5,0,1,0.162,0.005,-0.0065,176.4059
405,174328,592.45,531,1024,100.0,6,1,0,1.389,0.005,-0.0065,176.4059
406,175648,373.64,600,1004,98.0,5,0,0,2.743,0.005,-0.0065,176.4059
407,176408,557.55,514,1024,100.0,6,1,0,1.251,0.005,-0.0065,176.4059
408,176456,399.3,600,876,85.5,4,0,0,0.865,0.005,-0.0065,176.4059
409,176488,343.98,514,935,91.3,4,0,1,0.209,0.005,-0.0065,176.4059
410,177528,372.67,600,999,97.6,5,0,0,2.605,0.005,-0.0065,176.4059
411,178256,557.15,491,1024,100.0,6,1,0,1.488,0.005,-0.0065,176.4059
412,178944,378.9,600,945,92.3,4,0,0,2.752,0.005,-0.0065,176.4059
413,179104,356.05,600,973,95.0,4,0,0,1.853,0.005,-0.0065,176.4059
414,180184,662.62,241,1024,100.0,6,1,0,0.587,0.005,-0.0065,176.4059
415,180448,365.92,600,928,90.6,4,0,0,2.624,0.005,-0.0051,146.6019
416,181016,470.67,576,1014,99.0,5,0,1,0.178,0.005,-0.0051,146.6019
417,181056,522.62,244,1014,99.0,5,0,1,0.162,0.005,-0.0051,146.6019
418,181256,485.25,600,982,95.9,5,0,0,1.694,0.005,-0.0051,146.6019
419,181288,409.14,600,1017,99.3,5,0,0,0.513,0.005,-0.0051,146.6019
420,182328,446.85,600,1010,98.6,5,0,0,1.529,0.005,-0.0051,146.6019
421,182696,635.1,205,1024,100.0,6,1,0,1.188,0.005,-0.0051,146.6019
422,182944,140.22,77,407,39.7,2,0,1,0.172,0.005,-0.0051,146.6019
423,183128,376.51,335,1002,97.9,5,0,1,0.142,0.005,-0.0051,146.6019
424,183744,501.14,600,1000,97.7,5,0,0,1.258,0.005,-0.0051,146.6019
425,184416,395.68,425,1017,99.3,5,0,1,0.167,0.005,-0.0051,146.6019
426,184984,411.0,600,1005,98.1,5,0,0,1.629,0.005,-0.0051,146.6019
427,186056,391.72,600,956,93.4,4,0,0,1.804,0.005,-0.0051,146.6019
428,186088,336.08,600,975,95.2,4,0,0,2.588,0.005,-0.0051,146.6019
429,186288,17.51,25,221,21.6,1,0,1,0.166,0.005,-0.0051,146.6019
430,186904,649.5,240,1024,100.0,6,1,0,0.981,0.005,-0.0051,146.6019
431,187048,496.03,544,1024,100.0,6,1,0,1.311,0.005,-0.0051,146.6019
432,187744,339.77,600,889,86.8,4,0,0,1.08,0.005,-0.0051,146.6019
433,187928,412.57,600,993,97.0,5,0,0,1.678,0.005,-0.0051,146.6019
434,188544,427.55,600,1012,98.8,5,0,0,1.094,0.005,-0.0036,146.5397
435,188984,379.18,155,881,86.0,4,0,1,0.19,0.005,-0.0036,146.5397
436,189216,430.91,600,1017,99.3,5,0,0,2.037,0.005,-0.0036,146.5397
437,190312,573.54,221,1020,99.6,6,1,0,1.839,0.005,-0.0036,146.5397
438,190576,368.02,536,997,97.4,5,0,1,0.125,0.005,-0.0036,146.5397
439,190632,507.93,448,1023,99.9,6,1,0,1.655,0.005,-0.0036,146.5397
440,190856,395.19,600,969,94.6,4,0,0,2.784,0.005,-0.0036,146.5397
441,191176,630.93,274,1024,100.0,6,1,0,1.241,0.005,-0.0036,146.5397
442,191704,389.05,600,918,89.6,4,0,0,1.076,0.005,-0.0036,146.5397
443,192352,66.18,222,260,25.4,1,0,1,0.147,0.005,-0.0036,146.5397
444,192360,20.79,393,502,49.0,2,0,1,0.2,0.005,-0.0036,146.5397
445,192640,579.57,223,1021,99.7,6,1,0,1.566,0.005,-0.0036,146.5397
446,192728,396.99,600,986,96.3,4,0,0,1.395,0.005,-0.0036,146.5397
447,194352,649.55,214,1024,100.0,6,1,0,1.118,0.005,-0.0036,146.5397
448,195112,285.49,600,929,90.7,4,0,0,2.885,0.005,-0.0036,146.5397
449,195432,426.06,600,1004,98.0,5,0,0,1.855,0.005,-0.0036,146.5397
450,195920,578.45,196,1024,100.0,6,1,0,1.193,0.005,-0.0036,146.5397
451,195976,427.73,600,1002,97.9,5,0,0,1.448,0.005,-0.0036,146.5397
452,196040,391.3,414,1015,99.1,5,0,1,0.098,0.005,-0.0036,146.5397
453,196088,-0.27,21,201,19.6,1,0,1,0.212,0.005,-0.0036,146.5397
454,196504,342.26,600,981,95.8,5,0,0,1.471,0.005,-0.0036,146.5397
455,196624,417.33,534,1017,99.3,5,0,1,0.163,0.005,-0.0049,149.3838
456,196800,346.68,171,953,93.1,4,0,1,0.229,0.005,-0.0049,149.3838
457,197160,382.2,600,1003,97.9,5,0,0,1.984,0.005,-0.0049,149.3838
458,197352,5.48,24,217,21.2,1,0,1,0.175,0.005,-0.0049,149.3838
459,197624,461.41,192,1011,98.7,5,0,1,0.155,0.005,-0.0049,149.3838
460,198392,612.32,236,1024,100.0,6,1,0,1.476,0.005,-0.0049,149.3838
461,199312,632.57,211,1023,99.9,6,1,0,1.834,0.005,-0.0049,149.3838
462,199488,-0.17,22,205,20.0,1,0,1,0.189,0.005,-0.0049,149.3838
463,199912,505.27,600,1006,98.2,5,0,0,1.892,0.005,-0.0049,149.3838
464,200288,383.35,531,1017,99.3,5,0,1,0.145,0.005,-0.0049,149.3838
465,200488,545.41,564,1021,99.7,6,1,0,1.214,0.005,-0.0049,149.3838
466,201296,491.22,584,1024,100.0,6,1,0,1.729,0.005,-0.0049,149.3838
467,201464,2.93,21,229,22.4,1,0,1,0.135,0.005,-0.0049,149.3838
468,201600,386.31,600,1011,98.7,5,0,0,1.045,0.005,-0.0049,149.3838
469,201944,621.58,207,1024,100.0,6,1,0,1.444,0.005,-0.0049,149.3838
470,202152,427.19,600,1013,98.9,5,0,0,1.06,0.005,-0.0049,149.3838
471,202256,489.69,483,1021,99.7,6,1,0,1.496,0.005,-0.0049,149.3838
472,203592,349.51,388,1013,98.9,5,0,1,0.209,0.005,-0.0049,149.3838
473,203736,624.32,224,1020,99.6,6,1,0,1.449,0.005,-0.0049,149.3838
474,204288,438.87,600,1005,98.1,5,0,0,1.835,0.005,-0.0049,149.3838
475,204480,-0.98,24,204,19.9,1,0,1,0.078,0.005,-0.0049,149.3838
476,204648,389.56,381,1020,99.6,5,0,1,0.2,0.005,-0.0049,149.3838
477,204712,400.05,600,1002,97.9,5,0,0,1.51,0.005,-0.0049,149.3838
478,204896,-3.39,23,207,20.2,1,0,1,0.146,0.005,-0.0045,152.6337
479,205040,351.23,163,947,92.5,4,0,1,0.164,0.005,-0.0045,152.6337
480,206264,335.2,600,1013,98.9,5,0,0,0.903,0.005,-0.0045,152.6337
481,206440,-3.65,22,193,18.8,1,0,1,0.092,0.005,-0.0045,152.6337
482,206896,370.53,413,1012,98.8,5,0,1,0.221,0.005,-0.0045,152.6337
483,206952,363.29,600,1005,98.1,5,0,0,1.144,0.005,-0.0045,152.6337
484,207056,346.36,600,936,91.4,4,0,0,1.888,0.005,-0.0045,152.6337
485,208312,544.63,409,1024,100.0,6,1,0,1.194,0.005,-0.0045,152.6337
486,208328,583.67,179,1024,100.0,6,1,0,0.671,0.005,-0.0045,152.6337
487,209280,340.81,600,858,83.8,4,0,0,1.954,0.005,-0.0045,152.6337
488,209384,398.83,592,957,93.5,5,0,1,0.098,0.005,-0.0045,152.6337
489,209488,-10.51,26,183,17.9,1,0,1,0.133,0.005,-0.0045,152.6337
490,209616,537.1,397,1021,99.7,6,1,0,1.118,0.005,-0.0045,152.6337
491,209696,344.18,600,977,95.4,4,0,0,1.453,0.005,-0.0045,152.6337
492,209840,372.74,361,1020,99.6,5,0,1,0.191,0.005,-0.0045,152.6337
493,209864,5.78,21,227,22.2,1,0,1,0.087,0.005,-0.0045,152.6337
494,210144,626.58,227,1024,100.0,6,1,0,0.918,0.005,-0.0045,152.6337
495,211192,589.39,213,1023,99.9,6,1,0,1.355,0.005,-0.0045,152.6337
496,211576,660.28,214,1024,100.0,6,1,0,1.199,0.005,-0.0045,152.6337
497,211672,497.54,191,1014,99.0,5,0,1,0.156,0.005,-0.0045,152.6337
498,211856,364.7,600,1011,98.7,5,0,0,1.903,0.005,-0.0045,152.6337
499,212424,315.18,154,855,83.5,4,0,1,0.048,0.005,-0.0045,152.6337
500,212608,-9.46,23,190,18.6,1,0,1,0.151,0.005,-0.0045,152.6337
501,212656,364.14,409,1009,98.5,5,0,1,0.197,0.005,-0.0045,152.6337
502,213056,473.16,593,1021,99.7,6,1,0,1.448,0.005,-0.0059,153.0992
503,213360,576.18,468,1024,100.0,6,1,0,1.117,0.005,-0.0059,153.0992
504,214640,393.93,600,1023,99.9,5,0,0,1.196,0.005,-0.0059,153.0992
505,215032,348.42,397,1004,98.0,5,0,1,0.176,0.005,-0.0059,153.0992
506,215440,570.98,348,1019,99.5,6,1,0,1.678,0.005,-0.0059,153.0992
507,215464,613.09,263,1024,100.0,6,1,0,1.869,0.005,-0.0059,153.0992
508,215864,552.41,351,1024,100.0,6,1,0,1.578,0.005,-0.0059,153.0992
509,215944,440.9,546,1024,100.0,6,1,0,1.091,0.005,-0.0059,153.0992
510,216056,318.86,128,952,93.0,4,0,1,0.12,0.005,-0.0059,153.0992
511,216352,563.24,585,1021,99.7,6,1,0,1.379,0.005,-0.0059,153.0992
512,217040,324.11,147,859,83.9,4,0,1,0.096,0.005,-0.0059,153.0992
513,217088,-23.02,6,403,39.4,1,0,1,0.0,0.005,-0.0059,153.0992
514,217408,435.33,600,1010,98.6,5,0,0,0.937,0.005,-0.0059,153.0992
515,218848,662.37,312,1024,100.0,6,1,0,1.169,0.005,-0.0059,153.0992
516,218872,485.28,529,1024,100.0,6,1,0,1.596,0.005,-0.0059,153.0992
517,219120,568.1,397,1024,100.0,6,1,0,1.085,0.005,-0.0059,153.0992
518,219120,369.59,254,920,89.8,4,0,1,0.121,0.005,-0.0059,153.0992
519,219184,625.97,222,1021,99.7,6,1,0,1.57,0.005,-0.0059,153.0992
520,219328,5.4,26,490,47.9,1,0,1,0.188,0.005,-0.0059,153.0992
521,219448,541.87,424,1024,100.0,6,1,0,1.073,0.005,-0.0059,153.0992
522,220240,445.07,600,1011,98.7,5,0,0,1.231,0.005,-0.0059,153.0992
523,220264,386.14,600,1012,98.8,5,0,0,2.61,0.005,-0.0059,153.0992
524,222136,522.01,369,1024,100.0,6,1,0,1.403,0.005,-0.0046,223.4511
525,222456,484.26,451,1014,99.0,5,0,1,0.194,0.005,-0.0046,223.4511
526,222920,560.52,449,1024,100.0,6,1,0,1.831,0.005,-0.0046,223.4511
527,223552,511.87,411,1024,100.0,6,1,0,1.546,0.005,-0.0046,223.4511
528,223672,448.07,600,1008,98.4,5,0,0,1.762,0.005,-0.0046,223.4511
529,223744,584.95,201,1024,100.0,6,1,0,1.207,0.005,-0.0046,223.4511
530,223920,430.08,600,1007,98.3,5,0,0,0.729,0.005,-0.0046,223.4511
531,224248,419.92,600,997,97.4,5,0,0,1.311,0.005,-0.0046,223.4511
532,224496,630.1,197,1024,100.0,6,1,0,0.728,0.005,-0.0046,223.4511
533,225040,339.17,600,1009,98.5,5,0,0,1.468,0.005,-0.0046,223.4511
534,225224,581.93,194,1020,99.6,6,1,0,1.261,0.005,-0.0046,223.4511
535,225280,449.88,353,1012,98.8,5,0,1,0.23,0.005,-0.0046,223.4511
536,226624,510.66,360,1021,99.7,6,1,0,1.292,0.005,-0.0046,223.4511
537,226648,491.51,387,1024,100.0,6,1,0,1.13,0.005,-0.0046,223.4511
538,226808,11.44,23,227,22.2,1,0,1,0.192,0.005,-0.0046,223.4511
539,226872,431.38,328,1017,99.3,5,0,1,0.155,0.005,-0.0046,223.4511
540,227080,616.22,232,1024,100.0,6,1,0,1.167,0.005,-0.0046,223.4511
541,227104,44.33,57,239,23.3,1,0,1,0.158,0.005,-0.0046,223.4511
542,227360,508.03,430,1023,99.9,6,1,0,1.313,0.005,-0.0046,223.4511
543,227552,-6.71,24,181,17.7,1,0,1,0.084,0.005,-0.0046,223.4511
544,227672,548.45,299,1024,100.0,6,1,0,1.42,0.005,-0.0046,223.4511
545,228144,292.45,133,864,84.4,4,0,1,0.191,0.005,-0.0046,223.4511
546,228280,486.8,184,1014,99.0,5,0,1,0.165,0.005,-0.0046,223.4511
547,228848,530.84,544,1024,100.0,6,1,0,0.88,0.005,-0.0046,223.4511
548,229392,365.85,315,996,97.3,5,0,1,0.137,0.005,-0.0042,201.1075
549,229424,126.85,72,482,47.1,2,0,1,0.112,0.005,-0.0042,201.1075
550,229504,464.45,558,1024,100.0,6,1,0,1.284,0.005,-0.0042,201.1075
551,229576,340.8,162,958,93.6,4,0,1,0.202,0.005,-0.0042,201.1075
552,230192,464.67,386,1022,99.8,6,1,0,1.475,0.005,-0.0042,201.1075
553,230632,422.08,311,1019,99.5,5,0,1,0.187,0.005,-0.0042,201.1075
554,231168,573.44,199,1023,99.9,6,1,0,1.084,0.005,-0.0042,201.1075
555,231808,556.62,517,1024,100.0,6,1,0,1.642,0.005,-0.0042,201.1075
556,232352,467.56,600,1013,98.9,5,0,0,1.627,0.005,-0.0042,201.1075
557,233352,318.65,340,977,95.4,5,0,1,0.132,0.005,-0.0042,201.1075
558,233472,481.79,506,1024,100.0,6,1,0,1.462,0.005,-0.0042,201.1075
559,233816,513.98,553,1022,99.8,6,1,0,1.571,0.005,-0.0042,201.1075
560,233824,559.2,540,1022,99.8,6,1,0,1.734,0.005,-0.0042,201.1075
561,234128,211.11,97,830,81.1,3,0,1,0.205,0.005,-0.0042,201.1075
562,234704,505.99,442,1023,99.9,6,1,0,1.462,0.005,-0.0042,201.1075
563,234992,419.77,600,1016,99.2,5,0,0,2.776,0.005,-0.0042,201.1075
564,235168,518.04,352,1018,99.4,6,1,0,1.506,0.005,-0.0042,201.1075
565,235424,546.13,452,1024,100.0,6,1,0,1.281,0.005,-0.0042,201.1075
566,236768,590.52,368,1024,100.0,6,1,0,1.681,0.005,-0.0042,201.1075
567,236792,555.29,415,1024,100.0,6,1,0,1.788,0.005,-0.0042,201.1075
568,236864,535.2,381,1021,99.7,6,1,0,1.839,0.005,-0.0042,201.1075
569,237152,52.78,216,542,52.9,3,0,1,0.187,0.005,-0.0042,201.1075
570,237256,392.47,261,962,93.9,5,0,1,0.2,0.005,-0.0042,201.1075
571,237400,64.05,31,549,53.6,2,0,1,0.203,0.005,-0.0042,201.1075
572,238448,473.38,198,1013,98.9,5,0,1,0.189,0.005,-0.0037,199.8117
573,238896,133.76,56,518,50.6,2,0,1,0.173,0.005,-0.0037,199.8117
574,238928,324.08,600,975,95.2,5,0,0,1.157,0.005,-0.0037,199.8117
575,239032,8.78,17,457,44.6,1,0,1,0.201,0.005,-0.0037,199.8117
576,239232,84.66,38,520,50.8,2,0,1,0.209,0.005,-0.0037,199.8117
577,239360,582.29,546,1024,100.0,6,1,0,1.309,0.005,-0.0037,199.8117
578,239472,34.31,30,525,51.3,1,0,1,0.145,0.005,-0.0037,199.8117
579,239504,379.27,600,962,93.9,4,0,0,1.366,0.005,-0.0037,199.8117
580,239776,122.25,52,660,64.5,2,0,1,0.209,0.005,-0.0037,199.8117
581,239912,328.4,393,956,93.4,5,0,1,0.131,0.005,-0.0037,199.8117
582,240376,593.85,448,1024,100.0,6,1,0,1.484,0.005,-0.0037,199.8117
583,240800,567.39,443,1024,100.0,6,1,0,1.331,0.005,-0.0037,199.8117
584,241568,532.44,521,1023,99.9,6,1,0,1.412,0.005,-0.0037,199.8117
585,242408,534.4,422,1023,99.9,6,1,0,1.739,0.005,-0.0037,199.8117
586,242824,502.82,381,1024,100.0,6,1,0,1.848,0.005,-0.0037,199.8117
587,242928,493.11,377,1020,99.6,6,1,0,1.576,0.005,-0.0037,199.8117
588,243224,501.38,469,1023,99.9,6,1,0,1.228,0.005,-0.0037,199.8117
589,243656,122.0,54,657,64.2,2,0,1,0.188,0.005,-0.0037,199.8117
590,244112,555.66,318,1023,99.9,6,1,0,1.231,0.005,-0.0037,199.8117
591,244304,297.56,600,966,94.3,5,0,0,1.32,0.005,-0.0037,199.8117
592,244320,609.48,187,1024,100.0,6,1,0,1.012,0.005,-0.0037,199.8117
593,244528,527.36,519,1024,100.0,6,1,0,1.525,0.005,-0.0037,199.8117
594,244672,99.04,44,644,62.9,2,0,1,0.182,0.005,-0.0037,199.8117
595,245080,319.95,269,960,93.8,5,0,1,0.174,0.005,-0.0037,199.8117
596,245080,611.69,535,1024,100.0,6,1,0,1.57,0.005,-0.0037,199.8117
597,245224,196.67,87,827,80.8,3,0,1,0.192,0.005,-0.0037,199.8117
598,245832,604.79,191,1024,100.0,6,1,0,0.983,0.005,-0.0065,247.7599
599,247208,396.0,600,1011,98.7,5,0,0,1.188,0.005,-0.0065,247.7599
600,247560,526.19,361,1024,100.0,6,1,0,1.797,0.005,-0.0065,247.7599
601,247720,549.19,330,1023,99.9,6,1,0,1.523,0.005,-0.0065,247.7599
602,247952,528.26,359,1024,100.0,6,1,0,1.448,0.005,-0.0065,247.7599
603,248152,366.02,366,1015,99.1,5,0,1,0.185,0.005,-0.0065,247.7599
604,248304,193.29,93,731,71.4,2,0,1,0.129,0.005,-0.0065,247.7599
605,248440,446.74,598,1021,99.7,6,1,0,1.081,0.005,-0.0065,247.7599
606,248912,397.89,600,1020,99.6,5,0,0,1.77,0.005,-0.0065,247.7599
607,248968,503.21,392,1021,99.7,6,1,0,1.221,0.005,-0.0065,247.7599
608,249720,352.46,314,979,95.6,5,0,1,0.185,0.005,-0.0065,247.7599
609,250160,432.67,156,1016,99.2,5,0,1,0.156,0.005,-0.0065,247.7599
610,250528,581.76,195,1024,100.0,6,1,0,1.171,0.005,-0.0065,247.7599
611,250776,67.17,31,498,48.6,2,0,1,0.182,0.005,-0.0065,247.7599
612,251120,528.61,425,1023,99.9,6,1,0,1.515,0.005,-0.0065,247.7599
613,251264,513.7,414,1023,99.9,6,1,0,1.345,0.005,-0.0065,247.7599
614,251272,508.66,371,1023,99.9,6,1,0,1.327,0.005,-0.0065,247.7599
615,252624,592.32,188,1024,100.0,6,1,0,1.437,0.005,-0.0065,247.7599
616,252784,571.52,189,1022,99.8,6,1,0,1.483,0.005,-0.0065,247.7599
617,252952,325.51,600,1011,98.7,5,0,0,1.683,0.005,-0.0065,247.7599
618,252968,17.35,23,227,22.2,1,0,1,0.147,0.005,-0.0065,247.7599
619,253240,489.5,600,1009,98.5,5,0,0,1.759,0.005,-0.0065,247.7599
620,253776,610.81,375,1019,99.5,6,1,0,1.715,0.005,-0.0065,247.7599
621,254520,403.74,600,1008,98.4,5,0,0,2.574,0.005,-0.0049,168.8597
622,254560,595.71,201,1024,100.0,6,1,0,1.639,0.005,-0.0049,168.8597
623,254584,571.86,202,1024,100.0,6,1,0,1.056,0.005,-0.0049,168.8597
624,254784,52.78,33,506,49.4,1,0,1,0.174,0.005,-0.0049,168.8597
625,254960,213.59,600,655,64.0,3,0,0,0.567,0.005,-0.0049,168.8597
626,256064,381.82,600,977,95.4,4,0,0,2.48,0.005,-0.0049,168.8597
627,256208,360.63,448,950,92.8,5,0,1,0.134,0.005,-0.0049,168.8597
628,257248,342.61,308,868,84.8,5,0,1,0.072,0.005,-0.0049,168.8597
629,257696,571.6,186,1022,99.8,6,1,0,1.677,0.005,-0.0049,168.8597
630,257728,506.23,561,1023,99.9,6,1,0,1.339,0.005,-0.0049,168.8597
631,258576,28.28,600,506,49.4,2,0,0,0.776,0.005,-0.0049,168.8597
632,258984,492.2,550,1022,99.8,6,1,0,1.801,0.005,-0.0049,168.8597
633,259360,375.58,600,1020,99.6,5,0,0,1.088,0.005,-0.0049,168.8597
634,259760,303.9,600,975,95.2,4,0,0,1.298,0.005,-0.0049,168.8597
635,260016,73.03,32,511,49.9,2,0,1,0.199,0.005,-0.0049,168.8597
636,260104,62.06,357,523,51.1,3,0,1,0.142,0.005,-0.0049,168.8597
637,260664,590.21,261,1024,100.0,6,1,0,1.139,0.005,-0.0049,168.8597
638,260864,367.35,600,1009,98.5,5,0,0,0.808,0.005,-0.0049,168.8597
639,261008,545.6,410,1024,100.0,6,1,0,1.44,0.005,-0.0049,168.8597
640,261040,550.25,418,1024,100.0,6,1,0,1.566,0.005,-0.0049,168.8597
641,262232,594.91,196,1021,99.7,6,1,0,1.354,0.005,-0.0054,136.8836
642,262256,439.59,174,1015,99.1,5,0,1,0.203,0.005,-0.0054,136.8836
643,262648,518.08,458,1024,100.0,6,1,0,1.66,0.005,-0.0054,136.8836
644,263072,335.96,258,970,94.7,5,0,1,0.189,0.005,-0.0054,136.8836
645,263080,277.91,372,964,94.1,5,0,1,0.141,0.005,-0.0054,136.8836
646,263440,524.76,510,1023,99.9,6,1,0,1.429,0.005,-0.0054,136.8836
647,263800,594.78,196,1024,100.0,6,1,0,1.661,0.005,-0.0054,136.8836
648,263808,582.81,194,1023,99.9,6,1,0,1.782,0.005,-0.0054,136.8836
649,263864,330.24,353,965,94.2,5,0,1,0.055,0.005,-0.0054,136.8836
650,264288,506.27,534,1024,100.0,6,1,0,1.036,0.005,-0.0054,136.8836
651,264656,595.23,197,1019,99.5,6,1,0,1.256,0.005,-0.0054,136.8836
652,265328,556.68,191,1022,99.8,6,1,0,1.51,0.005,-0.0054,136.8836
653,266288,515.63,356,1023,99.9,6,1,0,1.632,0.005,-0.0054,136.8836
654,266312,572.01,207,1024,100.0,6,1,0,1.396,0.005,-0.0054,136.8836
655,266432,156.38,268,560,54.7,3,0,1,0.161,0.005,-0.0054,136.8836
656,266640,512.27,347,1021,99.7,6,1,0,1.536,0.005,-0.0054,136.8836
657,266656,-16.26,28,191,18.7,1,0,1,0.133,0.005,-0.0054,136.8836
658,267448,304.13,600,976,95.3,5,0,0,1.543,0.005,-0.0054,136.8836
659,267600,306.97,474,976,95.3,5,0,1,0.206,0.005,-0.0054,136.8836
660,267816,-10.13,27,210,20.5,1,0,1,0.169,0.005,-0.0054,136.8836
661,267872,372.15,600,1018,99.4,5,0,0,1.597,0.005,-0.0054,136.8836
662,268112,72.54,37,548,53.5,2,0,1,0.177,0.005,-0.0054,136.8836
663,268120,577.91,183,1016,99.2,6,1,0,1.501,0.005,-0.0054,136.8836
664,268256,508.7,366,1024,100.0,6,1,0,1.368,0.005,-0.0054,136.8836
665,268408,325.46,265,965,94.2,5,0,1,0.111,0.005,-0.0054,136.8836
666,269176,216.79,96,825,80.6,3,0,1,0.142,0.005,-0.0054,136.8836
667,269336,588.27,183,1024,100.0,6,1,0,1.397,0.005,-0.0054,136.8836
668,269520,491.86,360,1020,99.6,6,1,0,1.45,0.005,-0.0054,136.8836
669,270496,578.66,165,1024,100.0,6,1,0,1.151,0.005,-0.0051,170.243
670,270848,557.73,166,1024,100.0,6,1,0,1.236,0.005,-0.0051,170.243
671,271112,32.98,600,513,50.1,2,0,0,1.189,0.005,-0.0051,170.243
672,271664,513.35,443,1023,99.9,6,1,0,1.435,0.005,-0.0051,170.243
673,271968,582.12,482,1023,99.9,6,1,0,1.589,0.005,-0.0051,170.243
674,272248,320.86,600,973,95.0,5,0,0,0.662,0.005,-0.0051,170.243
675,272392,527.71,517,1024,100.0,6,1,0,1.095,0.005,-0.0051,170.243
676,272640,546.63,413,1024,100.0,6,1,0,1.856,0.005,-0.0051,170.243
677,272864,61.56,28,507,49.5,2,0,1,0.224,0.005,-0.0051,170.243
678,273248,476.89,344,1022,99.8,6,1,0,1.654,0.005,-0.0051,170.243
679,273432,610.27,183,1024,100.0,6,1,0,1.03,0.005,-0.0051,170.243
680,273704,591.66,182,1024,100.0,6,1,0,1.04,0.005,-0.0051,170.243
681,273912,322.61,131,874,85.4,4,0,1,0.188,0.005,-0.0051,170.243
682,273912,4.47,26,220,21.5,1,0,1,0.094,0.005,-0.0051,170.243
683,273936,536.62,193,1024,100.0,6,1,0,1.855,0.005,-0.0051,170.243
684,273968,480.57,357,1021,99.7,6,1,0,1.481,0.005,-0.0051,170.243
685,274176,296.79,314,958,93.6,5,0,1,0.166,0.005,-0.0051,170.243
686,274208,-5.08,30,206,20.1,1,0,1,0.174,0.005,-0.0051,170.243
687,274448,79.25,34,513,50.1,2,0,1,0.212,0.005,-0.0051,170.243
688,274624,536.8,172,1021,99.7,6,1,0,1.494,0.005,-0.0051,170.243
689,274784,443.46,169,1016,99.2,5,0,1,0.156,0.005,-0.0051,170.243
690,275312,116.05,172,562,54.9,3,0,1,0.118,0.005,-0.0051,170.243
691,275648,383.56,600,1013,98.9,5,0,0,1.664,0.005,-0.0051,170.243
692,275664,568.16,182,1019,99.5,6,1,0,1.791,0.005,-0.0051,170.243
693,276608,429.07,162,1013,98.9,5,0,1,0.212,0.005,-0.0051,170.243
694,276904,484.6,374,1021,99.7,6,1,0,1.525,0.005,-0.0051,170.243
695,277128,492.9,402,1023,99.9,6,1,0,1.54,0.005,-0.0051,170.243
696,277320,329.34,359,902,88.1,5,0,1,0.173,0.005,-0.0051,170.243
697,277384,575.88,217,1024,100.0,6,1,0,1.154,0.005,-0.0051,170.243
698,277640,510.78,357,1023,99.9,6,1,0,1.59,0.005,-0.0051,170.243
699,278464,515.85,480,1024,100.0,6,1,0,1.637,0.005,-0.0051,170.243
700,278624,622.3,187,1024,100.0,6,1,0,1.271,0.005,-0.0061,196.3646
701,278752,556.48,179,1020,99.6,6,1,0,1.72,0.005,-0.0061,196.3646
702,278760,482.13,387,1022,99.8,6,1,0,1.381,0.005,-0.0061,196.3646
703,279032,632.59,206,1024,100.0,6,1,0,1.485,0.005,-0.0061,196.3646
704,279184,611.92,193,1024,100.0,6,1,0,1.408,0.005,-0.0061,196.3646
705,279496,519.01,361,1023,99.9,6,1,0,1.35,0.005,-0.0061,196.3646
706,279960,518.67,382,1023,99.9,6,1,0,1.702,0.005,-0.0061,196.3646
707,280160,202.7,83,585,57.1,3,0,1,0.152,0.005,-0.0061,196.3646
708,280176,552.02,177,1022,99.8,6,1,0,1.776,0.005,-0.0061,196.3646
709,280472,554.1,180,1021,99.7,6,1,0,1.662,0.005,-0.0061,196.3646
710,281408,589.71,181,1024,100.0,6,1,0,1.318,0.005,-0.0061,196.3646
711,281568,358.91,368,978,95.5,5,0,1,0.187,0.005,-0.0061,196.3646
712,281624,472.5,359,1023,99.9,6,1,0,1.457,0.005,-0.0061,196.3646
713,281968,336.8,438,965,94.2,5,0,1,0.173,0.005,-0.0061,196.3646
714,282120,485.66,367,1024,100.0,6,1,0,1.515,0.005,-0.0061,196.3646
715,282896,505.08,342,1021,99.7,6,1,0,1.562,0.005,-0.0061,196.3646
716,283096,29.64,25,504,49.2,1,0,1,0.116,0.005,-0.0061,196.3646
717,283328,612.52,220,1024,100.0,6,1,0,1.23,0.005,-0.0061,196.3646
718,283376,542.57,176,1022,99.8,6,1,0,1.446,0.005,-0.0061,196.3646
719,283384,495.36,364,1023,99.9,6,1,0,1.812,0.005,-0.0061,196.3646
720,283600,564.06,185,1023,99.9,6,1,0,1.557,0.005,-0.0061,196.3646
721,284072,112.23,59,655,64.0,2,0,1,0.23,0.005,-0.0061,196.3646
722,284264,488.72,357,1021,99.7,6,1,0,1.549,0.005,-0.0061,196.3646
723,284568,67.92,38,506,49.4,1,0,1,0.204,0.005,-0.0061,196.3646
724,284976,348.11,600,913,89.2,5,0,0,0.95,0.005,-0.0061,196.3646
725,285208,334.84,264,967,94.4,5,0,1,0.107,0.005,-0.0061,196.3646
726,285216,302.81,449,974,95.1,5,0,1,0.205,0.005,-0.0061,196.3646
727,285552,93.03,42,516,50.4,2,0,1,0.129,0.005,-0.0061,196.3646
728,285944,226.45,92,836,81.6,3,0,1,0.166,0.005,-0.0061,196.3646
729,286040,600.39,184,1024,100.0,6,1,0,1.287,0.005,-0.0061,196.3646
730,286400,509.19,377,1023,99.9,6,1,0,1.538,0.005,-0.0061,196.3646
731,286600,498.44,403,1021,99.7,6,1,0,1.568,0.005,-0.0061,196.3646
732,286912,458.14,355,1018,99.4,6,1,0,1.746,0.005,-0.0047,210.6294
733,287480,585.99,192,1023,99.9,6,1,0,1.72,0.005,-0.0047,210.6294
734,287768,476.93,349,1022,99.8,6,1,0,1.671,0.005,-0.0047,210.6294
735,288128,151.93,600,636,62.1,3,0,0,0.923,0.005,-0.0047,210.6294
736,288952,336.91,294,963,94.0,5,0,1,0.173,0.005,-0.0047,210.6294
737,289144,488.12,343,1022,99.8,6,1,0,1.788,0.005,-0.0047,210.6294
738,289160,517.57,390,1024,100.0,6,1,0,1.053,0.005,-0.0047,210.6294
739,289832,517.62,365,1023,99.9,6,1,0,1.642,0.005,-0.0047,210.6294
740,290352,375.44,600,1014,99.0,5,0,0,1.758,0.005,-0.0047,210.6294
741,290392,604.83,180,1024,100.0,6,1,0,1.132,0.005,-0.0047,210.6294
742,290496,-2.96,13,453,44.2,1,0,1,0.119,0.005,-0.0047,210.6294
743,290520,538.89,380,1024,100.0,6,1,0,1.662,0.005,-0.0047,210.6294
744,290688,530.86,365,1022,99.8,6,1,0,1.498,0.005,-0.0047,210.6294
745,290744,497.49,327,1022,99.8,6,1,0,1.704,0.005,-0.0047,210.6294
746,290896,14.22,26,212,20.7,1,0,1,0.143,0.005,-0.0047,210.6294
747,291208,70.49,39,637,62.2,1,0,1,0.211,0.005,-0.0047,210.6294
748,291640,331.65,143,962,93.9,4,0,1,0.203,0.005,-0.0047,210.6294
749,291680,331.67,315,968,94.5,5,0,1,0.18,0.005,-0.0047,210.6294
750,292264,559.23,190,1020,99.6,6,1,0,1.871,0.005,-0.0047,210.6294
751,292440,360.49,326,1009,98.5,5,0,1,0.161,0.005,-0.0047,210.6294
752,293072,231.09,101,824,80.5,3,0,1,0.128,0.005,-0.0047,210.6294
753,293424,313.11,123,970,94.7,4,0,1,0.149,0.005,-0.0047,210.6294
754,293432,492.03,536,1024,100.0,6,1,0,0.878,0.005,-0.0047,210.6294
755,293536,489.3,377,1020,99.6,6,1,0,1.527,0.005,-0.0047,210.6294
756,293888,521.41,335,1023,99.9,6,1,0,1.649,0.005,-0.0047,210.6294
757,294208,577.07,482,1024,100.0,6,1,0,1.65,0.005,-0.0047,210.6294
758,294360,12.16,19,236,23.0,1,0,1,0.177,0.005,-0.0047,210.6294
759,294448,519.66,346,1018,99.4,6,1,0,1.325,0.005,-0.0047,210.6294
760,294872,566.62,167,1024,100.0,6,1,0,1.12,0.005,-0.0047,210.6294
761,294928,591.23,188,1024,100.0,6,1,0,1.348,0.005,-0.0041,231.4343
762,295120,-3.86,24,218,21.3,1,0,1,0.114,0.005,-0.0041,231.4343
763,295288,589.0,175,1024,100.0,6,1,0,1.262,0.005,-0.0041,231.4343
764,295816,565.95,182,1021,99.7,6,1,0,1.815,0.005,-0.0041,231.4343
765,296440,388.79,600,1012,98.8,5,0,0,0.982,0.005,-0.0041,231.4343
766,296536,583.17,388,1017,99.3,6,1,0,1.478,0.005,-0.0041,231.4343
767,296592,216.55,97,828,80.9,3,0,1,0.136,0.005,-0.0041,231.4343
768,296632,373.04,273,897,87.6,5,0,1,0.197,0.005,-0.0041,231.4343
769,296720,11.83,23,212,20.7,1,0,1,0.162,0.005,-0.0041,231.4343
770,296736,559.97,181,1018,99.4,6,1,0,1.51,0.005,-0.0041,231.4343
771,297184,514.98,289,1021,99.7,6,1,0,1.351,0.005,-0.0041,231.4343
772,297208,129.98,61,504,49.2,2,0,1,0.167,0.005,-0.0041,231.4343
773,297328,100.41,87,552,53.9,3,0,1,0.204,0.005,-0.0041,231.4343
774,297872,358.83,600,1012,98.8,5,0,0,1.701,0.005,-0.0041,231.4343
775,298600,331.04,233,961,93.8,5,0,1,0.161,0.005,-0.0041,231.4343
776,298656,562.16,184,1018,99.4,6,1,0,1.659,0.005,-0.0041,231.4343
777,299288,494.61,356,1024,100.0,6,1,0,1.854,0.005,-0.0041,231.4343
778,299400,570.23,191,1019,99.5,6,1,0,1.491,0.005,-0.0041,231.4343
779,299624,154.41,121,507,49.5,2,0,1,0.185,0.005,-0.0041,231.4343
780,299920,31.91,600,542,52.9,3,0,0,0.953,0.005,-0.0041,231.4343
781,300104,573.88,188,1023,99.9,6,1,0,1.652,0.005,-0.0041,231.4343
782,300208,516.51,360,1019,99.5,6,1,0,1.725,0.005,-0.0041,231.4343
783,301128,319.16,230,874,85.4,5,0,1,0.144,0.005,-0.0041,231.4343
784,301392,335.07,600,968,94.5,5,0,0,1.02,0.005,-0.0041,231.4343
785,301872,487.25,583,1024,100.0,6,1,0,1.148,0.005,-0.0041,231.4343
786,302208,70.45,42,643,62.8,1,0,1,0.137,0.005,-0.0041,231.4343
787,302592,283.88,399,873,85.3,5,0,1,0.196,0.005,-0.0041,231.4343
788,302816,353.44,211,877,85.6,5,0,1,0.123,0.005,-0.0041,231.4343
789,303064,306.11,357,962,93.9,5,0,1,0.195,0.005,-0.0041,231.4343
790,303248,340.98,393,947,92.5,5,0,1,0.205,0.005,-0.0068,186.8463
791,303560,354.63,271,963,94.0,5,0,1,0.212,0.005,-0.0068,186.8463
792,304424,358.43,600,1020,99.6,5,0,0,0.568,0.005,-0.0068,186.8463
793,304472,481.37,569,1024,100.0,6,1,0,1.277,0.005,-0.0068,186.8463
794,304576,576.76,189,1020,99.6,6,1,0,1.769,0.005,-0.0068,186.8463
795,305008,349.52,220,962,93.9,5,0,1,0.205,0.005,-0.0068,186.8463
796,305808,489.0,374,1021,99.7,6,1,0,1.529,0.005,-0.0068,186.8463
797,305832,530.42,170,1021,99.7,6,1,0,1.713,0.005,-0.0068,186.8463
798,305968,503.04,422,1024,100.0,6,1,0,1.35,0.005,-0.0068,186.8463
799,306040,369.49,310,985,96.2,5,0,1,0.133,0.005,-0.0068,186.8463
800,306392,595.84,173,1024,100.0,6,1,0,1.083,0.005,-0.0068,186.8463
801,306584,14.43,24,211,20.6,1,0,1,0.138,0.005,-0.0068,186.8463
802,307008,278.02,600,878,85.7,5,0,0,0.928,0.005,-0.0068,186.8463
803,307016,360.79,324,1011,98.7,5,0,1,0.2,0.005,-0.0068,186.8463
804,307200,-9.59,23,201,19.6,1,0,1,0.125,0.005,-0.0068,186.8463
805,307536,503.77,370,1023,99.9,6,1,0,1.715,0.005,-0.0068,186.8463
806,307568,577.15,191,1019,99.5,6,1,0,1.56,0.005,-0.0068,186.8463
807,308320,302.74,294,966,94.3,5,0,1,0.193,0.005,-0.0068,186.8463
808,308712,523.54,363,1024,100.0,6,1,0,1.21,0.005,-0.0068,186.8463
809,308776,576.84,197,1018,99.4,6,1,0,1.86,0.005,-0.0068,186.8463
810,309192,118.4,60,507,49.5,2,0,1,0.189,0.005,-0.0068,186.8463
811,310024,290.18,524,974,95.1,5,0,1,0.091,0.005,-0.0068,186.8463
812,310360,493.47,472,1024,100.0,6,1,0,1.135,0.005,-0.0068,186.8463
813,310448,417.23,157,1017,99.3,5,0,1,0.16,0.005,-0.0068,186.8463
814,310512,501.79,372,1023,99.9,6,1,0,1.81,0.005,-0.0068,186.8463
815,310656,481.14,456,1024,100.0,6,1,0,1.198,0.005,-0.0068,186.8463
816,310824,139.81,58,660,64.5,2,0,1,0.114,0.005,-0.0068,186.8463
817,311280,507.72,464,1024,100.0,6,1,0,1.403,0.005,-0.0068,186.8463
818,311576,81.68,37,640,62.5,2,0,1,0.167,0.005,-0.0056,182.7891
819,312048,573.7,192,1023,99.9,6,1,0,1.624,0.005,-0.0056,182.7891
820,312144,540.17,165,1024,100.0,6,1,0,1.329,0.005,-0.0056,182.7891
821,312336,57.16,36,548,53.5,2,0,1,0.158,0.005,-0.0056,182.7891
822,312424,546.36,300,1020,99.6,6,1,0,1.616,0.005,-0.0056,182.7891
823,312816,536.53,296,1020,99.6,6,1,0,1.755,0.005,-0.0056,182.7891
824,312864,484.16,568,1024,100.0,6,1,0,1.435,0.005,-0.0056,182.7891
825,313064,581.81,186,1024,100.0,6,1,0,0.853,0.005,-0.0056,182.7891
826,313576,349.76,600,1016,99.2,5,0,0,1.678,0.005,-0.0056,182.7891
827,313696,432.34,159,1012,98.8,5,0,1,0.167,0.005,-0.0056,182.7891
828,313840,601.62,188,1018,99.4,6,1,0,1.598,0.005,-0.0056,182.7891
829,314200,565.31,173,1024,100.0,6,1,0,1.387,0.005,-0.0056,182.7891
830,314488,583.89,178,1024,100.0,6,1,0,1.473,0.005,-0.0056,182.7891
831,314760,463.88,327,1024,100.0,6,1,0,1.31,0.005,-0.0056,182.7891
832,315184,579.33,168,1024,100.0,6,1,0,1.431,0.005,-0.0056,182.7891
833,315456,342.44,600,989,96.6,5,0,0,0.773,0.005,-0.0056,182.7891
834,315464,523.37,158,1024,100.0,6,1,0,1.627,0.005,-0.0056,182.7891
835,315696,305.64,354,958,93.6,5,0,1,0.104,0.005,-0.0056,182.7891
836,316104,569.39,168,1024,100.0,6,1,0,1.296,0.005,-0.0056,182.7891
837,316304,526.8,341,1021,99.7,6,1,0,1.376,0.005,-0.0056,182.7891
838,316584,171.84,175,789,77.1,3,0,1,0.216,0.005,-0.0056,182.7891
839,316832,587.15,172,1024,100.0,6,1,0,1.211,0.005,-0.0056,182.7891
840,316968,534.42,188,1019,99.5,6,1,0,1.333,0.005,-0.0056,182.7891
841,317192,565.61,187,1019,99.5,6,1,0,1.389,0.005,-0.0056,182.7891
842,317416,323.73,465,969,94.6,5,0,1,0.205,0.005,-0.0056,182.7891
843,317504,571.63,175,1024,100.0,6,1,0,1.365,0.005,-0.0056,182.7891
844,317688,576.04,173,1021,99.7,6,1,0,1.473,0.005,-0.0056,182.7891
845,317960,417.3,434,973,95.0,5,0,1,0.191,0.005,-0.0056,182.7891
846,318392,580.25,195,1022,99.8,6,1,0,1.817,0.005,-0.0056,182.7891
847,318680,540.42,186,1018,99.4,6,1,0,1.397,0.005,-0.0056,182.7891
848,318984,598.39,185,1024,100.0,6,1,0,1.256,0.005,-0.0056,182.7891
849,319304,57.85,40,500,48.8,1,0,1,0.182,0.005,-0.0056,182.7891
850,319448,619.15,186,1024,100.0,6,1,0,1.476,0.005,-0.0056,182.7891
851,319592,272.6,272,868,84.8,4,0,1,0.19,0.005,-0.0053,215.9599
852,319816,513.4,266,1018,99.4,6,1,0,1.455,0.005,-0.0053,215.9599
853,320880,484.46,537,1024,100.0,6,1,0,1.329,0.005,-0.0053,215.9599
854,320920,546.93,280,1024,100.0,6,1,0,1.876,0.005,-0.0053,215.9599
855,320976,483.55,501,1024,100.0,6,1,0,1.399,0.005,-0.0053,215.9599
856,321384,594.68,196,1024,100.0,6,1,0,1.714,0.005,-0.0053,215.9599
857,321952,502.37,331,1022,99.8,6,1,0,1.612,0.005,-0.0053,215.9599
858,322104,347.01,314,1002,97.9,5,0,1,0.192,0.005,-0.0053,215.9599
859,322144,11.44,24,226,22.1,1,0,1,0.199,0.005,-0.0053,215.9599
860,322160,507.5,339,1023,99.9,6,1,0,1.833,0.005,-0.0053,215.9599
861,322616,553.27,154,1024,100.0,6,1,0,1.17,0.005,-0.0053,215.9599
862,323192,297.25,600,980,95.7,5,0,0,0.556,0.005,-0.0053,215.9599
863,323416,572.57,164,1024,100.0,6,1,0,1.383,0.005,-0.0053,215.9599
864,323456,56.19,33,634,61.9,1,0,1,0.185,0.005,-0.0053,215.9599
865,323536,584.31,172,1024,100.0,6,1,0,1.365,0.005,-0.0053,215.9599
866,323728,504.44,351,1020,99.6,6,1,0,1.68,0.005,-0.0053,215.9599
867,323728,508.37,356,1024,100.0,6,1,0,1.805,0.005,-0.0053,215.9599
868,323800,500.17,353,1022,99.8,6,1,0,1.799,0.005,-0.0053,215.9599
869,323920,-1.28,24,185,18.1,1,0,1,0.113,0.005,-0.0053,215.9599
870,324000,554.96,173,1019,99.5,6,1,0,1.521,0.005,-0.0053,215.9599
871,324576,397.61,145,1014,99.0,5,0,1,0.202,0.005,-0.0053,215.9599
872,325248,569.28,181,1022,99.8,6,1,0,1.521,0.005,-0.0053,215.9599
873,325600,557.93,200,1024,100.0,6,1,0,1.627,0.005,-0.0053,215.9599
874,325728,502.46,448,1024,100.0,6,1,0,1.042,0.005,-0.0053,215.9599
875,326456,472.31,375,1024,100.0,6,1,0,1.603,0.005,-0.0053,215.9599
876,326872,481.77,369,1023,99.9,6,1,0,1.757,0.005,-0.0053,215.9599
877,327080,465.77,443,1024,100.0,6,1,0,1.746,0.005,-0.0053,215.9599
878,327112,574.59,189,1020,99.6,6,1,0,1.867,0.005,-0.0053,215.9599
879,327128,500.01,425,1024,100.0,6,1,0,1.277,0.005,-0.0053,215.9599
880,327560,122.03,54,652,63.7,2,0,1,0.209,0.005,-0.0053,215.9599
881,327776,331.33,316,903,88.2,5,0,1,0.201,0.005,-0.0039,207.3101
882,327992,547.49,283,1023,99.9,6,1,0,1.654,0.005,-0.0039,207.3101
883,328000,575.79,193,1022,99.8,6,1,0,1.554,0.005,-0.0039,207.3101
884,328208,582.1,167,1024,100.0,6,1,0,1.111,0.005,-0.0039,207.3101
885,328376,111.19,47,649,63.4,2,0,1,0.216,0.005,-0.0039,207.3101
886,328528,563.7,177,1019,99.5,6,1,0,1.421,0.005,-0.0039,207.3101
887,328992,329.6,125,951,92.9,4,0,1,0.147,0.005,-0.0039,207.3101
888,329376,289.72,600,956,93.4,5,0,0,0.841,0.005,-0.0039,207.3101
889,329768,587.85,195,1022,99.8,6,1,0,1.883,0.005,-0.0039,207.3101
890,329800,592.18,178,1024,100.0,6,1,0,1.154,0.005,-0.0039,207.3101
891,329848,497.67,346,1020,99.6,6,1,0,1.461,0.005,-0.0039,207.3101
892,330472,498.64,364,1020,99.6,6,1,0,1.612,0.005,-0.0039,207.3101
893,330576,474.62,350,1019,99.5,6,1,0,1.453,0.005,-0.0039,207.3101
894,330976,575.45,200,1023,99.9,6,1,0,1.68,0.005,-0.0039,207.3101
895,331184,542.36,173,1022,99.8,6,1,0,1.512,0.005,-0.0039,207.3101
896,331448,39.64,59,237,23.1,1,0,1,0.201,0.005,-0.0039,207.3101
897,331648,360.3,225,922,90.0,5,0,1,0.162,0.005,-0.0039,207.3101
898,331696,476.04,338,1024,100.0,6,1,0,1.464,0.005,-0.0039,207.3101
899,331840,23.74,24,494,48.2,1,0,1,0.0,0.005,-0.0039,207.3101
900,332096,72.81,32,509,49.7,2,0,1,0.159,0.005,-0.0039,207.3101
901,332248,531.67,310,1024,100.0,6,1,0,1.48,0.005,-0.0039,207.3101
902,332416,8.7,21,228,22.3,1,0,1,0.104,0.005,-0.0039,207.3101
903,332584,581.38,175,1024,100.0,6,1,0,1.508,0.005,-0.0039,207.3101
904,332704,450.76,522,1024,100.0,6,1,0,1.338,0.005,-0.0039,207.3101
905,332864,12.26,20,230,22.5,1,0,1,0.083,0.005,-0.0039,207.3101
906,333392,511.62,365,1024,100.0,6,1,0,1.475,0.005,-0.0039,207.3101
907,333408,479.86,354,1020,99.6,6,1,0,1.885,0.005,-0.0039,207.3101
908,333600,608.47,188,1024,100.0,6,1,0,1.633,0.005,-0.0039,207.3101
909,333712,523.33,252,1024,100.0,6,1,0,1.398,0.005,-0.0039,207.3101
910,334160,508.91,339,1022,99.8,6,1,0,1.751,0.005,-0.0039,207.3101
911,334776,541.23,295,1021,99.7,6,1,0,1.642,0.005,-0.0039,207.3101
912,334920,570.95,189,1020,99.6,6,1,0,1.662,0.005,-0.0039,207.3101
913,335056,567.32,309,1024,100.0,6,1,0,1.27,0.005,-0.0039,207.3101
914,335208,329.72,227,980,95.7,5,0,1,0.138,0.005,-0.0039,207.3101
915,335840,479.08,372,1024,100.0,6,1,0,1.258,0.005,-0.0039,207.3101
916,336232,43.93,49,245,23.9,1,0,1,0.114,0.005,-0.0043,274.4209
917,336424,490.62,339,1023,99.9,6,1,0,1.619,0.005,-0.0043,274.4209
918,336520,539.67,365,1024,100.0,6,1,0,1.308,0.005,-0.0043,274.4209
919,336592,531.95,304,1024,100.0,6,1,0,1.389,0.005,-0.0043,274.4209
920,337112,526.86,274,1018,99.4,6,1,0,1.397,0.005,-0.0043,274.4209
921,337384,224.6,99,750,73.2,3,0,1,0.128,0.005,-0.0043,274.4209
922,337544,557.7,164,1024,100.0,6,1,0,1.522,0.005,-0.0043,274.4209
923,337864,524.0,168,1022,99.8,6,1,0,1.846,0.005,-0.0043,274.4209
924,337880,478.15,334,1021,99.7,6,1,0,1.397,0.005,-0.0043,274.4209
925,337888,529.18,389,1024,100.0,6,1,0,1.154,0.005,-0.0043,274.4209
926,337896,493.16,355,1024,100.0,6,1,0,1.412,0.005,-0.0043,274.4209
927,338272,504.49,231,1024,100.0,6,1,0,1.368,0.005,-0.0043,274.4209
928,338512,586.52,175,1024,100.0,6,1,0,1.502,0.005,-0.0043,274.4209
929,339200,536.83,167,1021,99.7,6,1,0,1.612,0.005,-0.0043,274.4209
930,339312,548.98,177,1020,99.6,6,1,0,1.536,0.005,-0.0043,274.4209
931,339832,551.59,243,1024,100.0,6,1,0,1.278,0.005,-0.0043,274.4209
932,339832,570.44,165,1024,100.0,6,1,0,1.066,0.005,-0.0043,274.4209
933,339856,486.62,309,1024,100.0,6,1,0,1.428,0.005,-0.0043,274.4209
934,340032,49.53,25,550,53.7,2,0,1,0.092,0.005,-0.0043,274.4209
935,340136,457.8,324,1023,99.9,6,1,0,1.591,0.005,-0.0043,274.4209
936,340712,469.5,354,1024,100.0,6,1,0,1.242,0.005,-0.0043,274.4209
937,340920,494.53,331,1023,99.9,6,1,0,1.667,0.005,-0.0043,274.4209
938,341216,581.68,170,1024,100.0,6,1,0,1.302,0.005,-0.0043,274.4209
939,341416,522.64,160,1022,99.8,6,1,0,1.594,0.005,-0.0043,274.4209
940,341536,532.61,278,1024,100.0,6,1,0,1.274,0.005,-0.0043,274.4209
941,341840,87.34,38,515,50.3,2,0,1,0.188,0.005,-0.0043,274.4209
942,341880,511.92,335,1020,99.6,6,1,0,1.854,0.005,-0.0043,274.4209
943,342056,550.61,278,1023,99.9,6,1,0,1.515,0.005,-0.0043,274.4209
944,342384,559.55,183,1020,99.6,6,1,0,1.788,0.005,-0.0043,274.4209
945,342568,557.52,169,1020,99.6,6,1,0,1.667,0.005,-0.0043,274.4209
946,342784,493.11,344,1021,99.7,6,1,0,1.735,0.005,-0.0043,274.4209
947,343288,526.86,181,1020,99.6,6,1,0,1.7,0.005,-0.0043,274.4209
948,343728,552.54,168,1021,99.7,6,1,0,1.84,0.005,-0.0043,274.4209
949,343760,464.44,381,1024,100.0,6,1,0,1.189,0.005,-0.0043,274.4209
950,343888,514.58,251,1024,100.0,6,1,0,1.59,0.005,-0.0043,274.4209
951,344128,107.66,46,652,63.7,2,0,1,0.087,0.005,-0.004,231.6389
952,344200,540.04,268,1019,99.5,6,1,0,1.647,0.005,-0.004,231.6389
953,344224,467.8,351,1019,99.5,6,1,0,1.649,0.005,-0.004,231.6389
954,344584,516.54,252,1019,99.5,6,1,0,1.749,0.005,-0.004,231.6389
955,344872,75.71,36,544,53.1,2,0,1,0.175,0.005,-0.004,231.6389
956,345296,334.1,314,937,91.5,5,0,1,0.185,0.005,-0.004,231.6389
957,345488,90.8,200,554,54.1,3,0,1,0.106,0.005,-0.004,231.6389
958,345776,578.31,194,1024,100.0,6,1,0,1.267,0.005,-0.004,231.6389
959,345912,527.41,273,1019,99.5,6,1,0,1.598,0.005,-0.004,231.6389
960,346024,480.15,342,1024,100.0,6,1,0,1.56,0.005,-0.004,231.6389
961,346624,505.63,219,1024,100.0,6,1,0,1.159,0.005,-0.004,231.6389
962,346896,497.5,346,1019,99.5,6,1,0,1.652,0.005,-0.004,231.6389
963,347200,572.81,178,1020,99.6,6,1,0,1.534,0.005,-0.004,231.6389
964,347296,548.7,173,1020,99.6,6,1,0,1.603,0.005,-0.004,231.6389
965,347336,505.27,231,1022,99.8,6,1,0,1.205,0.005,-0.004,231.6389
966,347360,440.93,395,1024,100.0,6,1,0,1.444,0.005,-0.004,231.6389
967,347408,547.65,173,1019,99.5,6,1,0,1.673,0.005,-0.004,231.6389
968,347472,533.23,272,1019,99.5,6,1,0,1.639,0.005,-0.004,231.6389
969,347680,116.02,60,428,41.8,2,0,1,0.144,0.005,-0.004,231.6389
970,348096,547.95,184,1018,99.4,6,1,0,1.63,0.005,-0.004,231.6389
971,348296,574.97,175,1024,100.0,6,1,0,1.294,0.005,-0.004,231.6389
972,348352,73.48,32,510,49.8,2,0,1,0.187,0.005,-0.004,231.6389
973,348728,529.88,171,1022,99.8,6,1,0,1.789,0.005,-0.004,231.6389
974,348992,547.23,164,1021,99.7,6,1,0,1.648,0.005,-0.004,231.6389
975,349304,323.44,229,962,93.9,5,0,1,0.182,0.005,-0.004,231.6389
976,349696,534.34,168,1022,99.8,6,1,0,1.762,0.005,-0.004,231.6389
977,349760,589.55,183,1020,99.6,6,1,0,1.787,0.005,-0.004,231.6389
978,349912,115.64,115,540,52.7,3,0,1,0.18,0.005,-0.004,231.6389
979,350056,481.72,345,1020,99.6,6,1,0,1.749,0.005,-0.004,231.6389
980,350144,462.02,342,1022,99.8,6,1,0,1.685,0.005,-0.004,231.6389
981,350240,513.72,363,1019,99.5,6,1,0,1.846,0.005,-0.004,231.6389
982,350592,540.98,161,1022,99.8,6,1,0,1.538,0.005,-0.004,231.6389
983,351392,512.56,333,1020,99.6,6,1,0,1.656,0.005,-0.004,231.6389
984,351536,552.02,174,1020,99.6,6,1,0,1.643,0.005,-0.004,231.6389
985,352032,528.33,284,1024,100.0,6,1,0,1.852,0.005,-0.004,231.6389
986,352152,547.9,280,1022,99.8,6,1,0,1.763,0.005,-0.004,231.6389
987,352256,508.06,275,1020,99.6,6,1,0,1.558,0.005,-0.004,231.6389
988,352568,501.1,359,1021,99.7,6,1,0,1.654,0.005,-0.005,253.6917
989,353008,472.44,346,1021,99.7,6,1,0,1.758,0.005,-0.005,253.6917
990,353296,506.27,338,1024,100.0,6,1,0,1.226,0.005,-0.005,253.6917
991,353416,511.42,235,1024,100.0,6,1,0,1.117,0.005,-0.005,253.6917
992,353672,588.57,190,1024,100.0,6,1,0,1.289,0.005,-0.005,253.6917
993,354152,471.65,345,1019,99.5,6,1,0,1.517,0.005,-0.005,253.6917
994,354200,218.08,98,842,82.2,3,0,1,0.201,0.005,-0.005,253.6917
995,354312,556.03,163,1022,99.8,6,1,0,1.621,0.005,-0.005,253.6917
996,354368,542.92,292,1024,100.0,6,1,0,1.545,0.005,-0.005,253.6917
997,354464,545.84,237,1024,100.0,6,1,0,1.418,0.005,-0.005,253.6917
998,354496,-11.61,16,200,19.5,1,0,1,0.178,0.005,-0.005,253.6917
999,354632,575.08,167,1024,100.0,6,1,0,1.568,0.005,-0.005,253.6917
1000,354960,464.22,338,1024,100.0,6,1,0,1.123,0.005,-0.005,253.6917
1001,355152,511.72,185,1024,100.0,6,1,0,1.251,0.005,-0.005,253.6917
1002,356320,399.16,271,979,95.6,5,0,1,0.13,0.005,-0.005,253.6917
1003,356480,572.54,166,1024,100.0,6,1,0,1.116,0.005,-0.005,253.6917
1004,356536,519.67,255,1020,99.6,6,1,0,1.575,0.005,-0.005,253.6917
1005,356672,499.39,309,1024,100.0,6,1,0,1.194,0.005,-0.005,253.6917
1006,356880,504.69,302,1020,99.6,6,1,0,1.729,0.005,-0.005,253.6917
1007,356952,455.47,330,1024,100.0,6,1,0,1.525,0.005,-0.005,253.6917
1008,357008,525.39,297,1021,99.7,6,1,0,1.35,0.005,-0.005,253.6917
1009,357608,479.57,331,1022,99.8,6,1,0,1.817,0.005,-0.005,253.6917
1010,358000,573.74,166,1024,100.0,6,1,0,1.752,0.005,-0.005,253.6917
1011,358328,568.71,172,1024,100.0,6,1,0,1.413,0.005,-0.005,253.6917
1012,358520,533.04,248,1022,99.8,6,1,0,1.787,0.005,-0.005,253.6917
1013,359088,513.22,346,1024,100.0,6,1,0,1.36,0.005,-0.005,253.6917
1014,359256,564.01,281,1024,100.0,6,1,0,1.428,0.005,-0.005,253.6917
1015,359368,530.92,361,1024,100.0,6,1,0,1.393,0.005,-0.005,253.6917
1016,359656,523.33,347,1024,100.0,6,1,0,1.4,0.005,-0.005,253.6917
1017,359792,581.02,183,1019,99.5,6,1,0,1.488,0.005,-0.005,253.6917
1018,360608,534.67,375,1024,100.0,6,1,0,1.078,0.005,-0.0046,221.4954
1019,360680,509.1,335,1022,99.8,6,1,0,1.496,0.005,-0.0046,221.4954
1020,361040,568.89,173,1024,100.0,6,1,0,1.476,0.005,-0.0046,221.4954
1021,361272,517.72,252,1020,99.6,6,1,0,1.83,0.005,-0.0046,221.4954
1022,361280,480.71,345,1023,99.9,6,1,0,1.676,0.005,-0.0046,221.4954
1023,361720,501.86,329,1024,100.0,6,1,0,1.332,0.005,-0.0046,221.4954
1024,361912,501.73,318,1024,100.0,6,1,0,1.744,0.005,-0.0046,221.4954
1025,362312,480.19,315,1021,99.7,6,1,0,1.735,0.005,-0.0046,221.4954
1026,362560,571.36,161,1024,100.0,6,1,0,1.397,0.005,-0.0046,221.4954
1027,363048,480.97,305,1016,99.2,6,1,0,1.625,0.005,-0.0046,221.4954
1028,363160,481.82,310,1020,99.6,6,1,0,1.417,0.005,-0.0046,221.4954
1029,363920,560.01,170,1024,100.0,6,1,0,1.019,0.005,-0.0046,221.4954
1030,364160,458.0,390,1024,100.0,6,1,0,1.432,0.005,-0.0046,221.4954
1031,364272,77.69,44,557,54.4,2,0,1,0.178,0.005,-0.0046,221.4954
1032,364720,527.51,430,1022,99.8,6,1,0,1.551,0.005,-0.0046,221.4954
1033,364888,550.01,230,1024,100.0,6,1,0,1.253,0.005,-0.0046,221.4954
1034,365080,505.8,420,1022,99.8,6,1,0,1.658,0.005,-0.0046,221.4954
1035,365128,478.9,352,1017,99.3,6,1,0,1.522,0.005,-0.0046,221.4954
1036,365304,11.97,22,219,21.4,1,0,1,0.183,0.005,-0.0046,221.4954
1037,365840,537.06,491,1024,100.0,6,1,0,1.302,0.005,-0.0046,221.4954
1038,366008,503.44,356,1024,100.0,6,1,0,1.523,0.005,-0.0046,221.4954
1039,366408,573.67,166,1024,100.0,6,1,0,1.343,0.005,-0.0046,221.4954
1040,366432,620.05,284,1024,100.0,6,1,0,1.394,0.005,-0.0046,221.4954
1041,366712,505.82,228,1024,100.0,6,1,0,1.204,0.005,-0.0046,221.4954
1042,366952,478.5,335,1020,99.6,6,1,0,1.759,0.005,-0.0046,221.4954
1043,367256,561.42,244,1024,100.0,6,1,0,1.517,0.005,-0.0046,221.4954
1044,367720,583.85,164,1024,100.0,6,1,0,1.215,0.005,-0.0046,221.4954
1045,368136,554.25,178,1019,99.5,6,1,0,1.809,0.005,-0.0046,221.4954
1046,368200,552.95,156,1024,100.0,6,1,0,1.339,0.005,-0.0046,221.4954
1047,368304,-6.24,13,432,42.2,1,0,1,0.18,0.005,-0.0046,221.4954
1048,368560,484.81,340,1023,99.9,6,1,0,1.836,0.005,-0.0046,221.4954
1049,368560,472.21,480,1024,100.0,6,1,0,1.295,0.005,-0.0046,221.4954
1050,368816,537.04,351,1024,100.0,6,1,0,1.258,0.005,-0.0051,219.9003
1051,368984,489.4,319,1022,99.8,6,1,0,1.633,0.005,-0.0051,219.9003
1052,369928,540.12,171,1018,99.4,6,1,0,1.574,0.005,-0.0051,219.9003
1053,369952,510.26,337,1024,100.0,6,1,0,1.137,0.005,-0.0051,219.9003
1054,370144,-0.36,24,207,20.2,1,0,1,0.149,0.005,-0.0051,219.9003
1055,370216,502.87,312,1024,100.0,6,1,0,1.155,0.005,-0.0051,219.9003
1056,370304,561.96,165,1024,100.0,6,1,0,1.488,0.005,-0.0051,219.9003
1057,370312,508.06,251,1023,99.9,6,1,0,1.544,0.005,-0.0051,219.9003
1058,370560,484.82,303,1018,99.4,6,1,0,1.455,0.005,-0.0051,219.9003
1059,371192,504.57,329,1023,99.9,6,1,0,1.468,0.005,-0.0051,219.9003
1060,371296,575.32,171,1024,100.0,6,1,0,1.66,0.005,-0.0051,219.9003
1061,371328,486.65,314,1021,99.7,6,1,0,1.642,0.005,-0.0051,219.9003
1062,372520,549.25,166,1021,99.7,6,1,0,1.769,0.005,-0.0051,219.9003
1063,372528,480.74,289,1024,100.0,6,1,0,1.601,0.005,-0.0051,219.9003
1064,372616,573.55,165,1024,100.0,6,1,0,1.429,0.005,-0.0051,219.9003
1065,372920,506.58,347,1020,99.6,6,1,0,1.754,0.005,-0.0051,219.9003
1066,373032,494.89,309,1024,100.0,6,1,0,0.818,0.005,-0.0051,219.9003
1067,373200,486.34,362,1024,100.0,6,1,0,1.096,0.005,-0.0051,219.9003
1068,373488,500.87,397,1024,100.0,6,1,0,1.582,0.005,-0.0051,219.9003
1069,373632,109.99,54,493,48.1,2,0,1,0.187,0.005,-0.0051,219.9003
1070,373840,552.52,164,1024,100.0,6,1,0,1.654,0.005,-0.0051,219.9003
1071,373872,490.29,318,1022,99.8,6,1,0,1.577,0.005,-0.0051,219.9003
1072,374832,573.78,168,1024,100.0,6,1,0,1.28,0.005,-0.0051,219.9003
1073,375008,475.47,299,1024,100.0,6,1,0,1.558,0.005,-0.0051,219.9003
1074,375032,480.63,314,1024,100.0,6,1,0,0.947,0.005,-0.0051,219.9003
1075,375192,445.94,169,1015,99.1,5,0,1,0.08,0.005,-0.0051,219.9003
1076,375280,59.16,34,647,63.2,1,0,1,0.087,0.005,-0.0051,219.9003
1077,375408,101.52,47,554,54.1,2,0,1,0.162,0.005,-0.0051,219.9003
1078,375432,478.28,314,1024,100.0,6,1,0,1.066,0.005,-0.0051,219.9003
1079,375648,475.96,327,1024,100.0,6,1,0,1.43,0.005,-0.0051,219.9003
1080,376016,520.09,298,1024,100.0,6,1,0,1.279,0.005,-0.0051,219.9003
1081,376040,564.36,271,1023,99.9,6,1,0,1.858,0.005,-0.0051,219.9003
1082,376336,81.82,37,642,62.7,2,0,1,0.088,0.005,-0.0051,219.9003
1083,376816,542.63,173,1021,99.7,6,1,0,1.878,0.005,-0.0051,219.9003
1084,377160,596.29,189,1019,99.5,6,1,0,1.607,0.005,-0.0057,217.4395
1085,377296,464.52,308,1020,99.6,6,1,0,1.747,0.005,-0.0057,217.4395
1086,377376,8.22,27,209,20.4,1,0,1,0.087,0.005,-0.0057,217.4395
1087,377712,579.04,172,1021,99.7,6,1,0,1.853,0.005,-0.0057,217.4395
1088,377824,487.99,329,1022,99.8,6,1,0,1.809,0.005,-0.0057,217.4395
1089,378000,537.62,340,1024,100.0,6,1,0,1.304,0.005,-0.0057,217.4395
1090,378016,-4.19,24,202,19.7,1,0,1,0.193,0.005,-0.0057,217.4395
1091,378032,508.48,328,1024,100.0,6,1,0,1.241,0.005,-0.0057,217.4395
1092,378608,532.67,324,1024,100.0,6,1,0,0.997,0.005,-0.0057,217.4395
1093,378688,567.63,174,1019,99.5,6,1,0,1.639,0.005,-0.0057,217.4395
1094,379168,598.06,182,1024,100.0,6,1,0,1.483,0.005,-0.0057,217.4395
1095,379304,463.09,311,1023,99.9,6,1,0,1.628,0.005,-0.0057,217.4395
1096,379360,555.65,170,1020,99.6,6,1,0,1.686,0.005,-0.0057,217.4395
1097,379688,87.4,41,643,62.8,2,0,1,0.221,0.005,-0.0057,217.4395
1098,379800,522.98,223,1024,100.0,6,1,0,1.276,0.005,-0.0057,217.4395
1099,379968,528.16,170,1022,99.8,6,1,0,1.784,0.005,-0.0057,217.4395
1100,379984,487.05,326,1024,100.0,6,1,0,1.506,0.005,-0.0057,217.4395
1101,380104,587.35,177,1024,100.0,6,1,0,1.338,0.005,-0.0057,217.4395
1102,380616,504.66,323,1024,100.0,6,1,0,1.701,0.005,-0.0057,217.4395
1103,381032,528.44,168,1022,99.8,6,1,0,1.777,0.005,-0.0057,217.4395
1104,381272,37.68,30,513,50.1,1,0,1,0.158,0.005,-0.0057,217.4395
1105,381288,582.63,165,1024,100.0,6,1,0,1.313,0.005,-0.0057,217.4395
1106,381560,81.61,36,507,49.5,2,0,1,0.215,0.005,-0.0057,217.4395
1107,381688,549.68,315,1024,100.0,6,1,0,1.091,0.005,-0.0057,217.4395
1108,382104,116.07,52,658,64.3,2,0,1,0.185,0.005,-0.0057,217.4395
1109,382112,482.49,351,1024,100.0,6,1,0,1.114,0.005,-0.0057,217.4395
1110,382264,505.63,308,1024,100.0,6,1,0,1.344,0.005,-0.0057,217.4395
1111,382632,489.52,316,1020,99.6,6,1,0,1.652,0.005,-0.0057,217.4395
1112,382792,498.79,351,1021,99.7,6,1,0,1.596,0.005,-0.0057,217.4395
1113,383208,464.08,324,1024,100.0,6,1,0,1.153,0.005,-0.0057,217.4395
1114,384016,486.12,307,1016,99.2,6,1,0,1.727,0.005,-0.0057,217.4395
1115,384080,477.29,349,1021,99.7,6,1,0,1.457,0.005,-0.0057,217.4395
1116,384104,539.18,250,1024,100.0,6,1,0,1.769,0.005,-0.0057,217.4395
1117,384728,513.88,327,1024,100.0,6,1,0,1.185,0.005,-0.0057,217.4395
1118,384792,525.72,270,1019,99.5,6,1,0,1.689,0.005,-0.0057,217.4395
1119,384960,503.9,337,1021,99.7,6,1,0,1.487,0.005,-0.0057,217.4395
1120,385256,515.88,308,1024,100.0,6,1,0,1.28,0.005,-0.0048,233.259
1121,385280,145.74,69,516,50.4,3,0,1,0.179,0.005,-0.0048,233.259
1122,385864,471.82,332,1024,100.0,6,1,0,1.15,0.005,-0.0048,233.259
1123,386216,506.18,267,1019,99.5,6,1,0,1.623,0.005,-0.0048,233.259
1124,386568,546.52,164,1024,100.0,6,1,0,1.702,0.005,-0.0048,233.259
1125,386624,571.22,168,1023,99.9,6,1,0,1.6,0.005,-0.0048,233.259
1126,386624,458.45,315,1024,100.0,6,1,0,1.857,0.005,-0.0048,233.259
1127,386632,497.08,327,1023,99.9,6,1,0,1.653,0.005,-0.0048,233.259
1128,386896,96.27,41,652,63.7,2,0,1,0.196,0.005,-0.0048,233.259
1129,386960,96.56,42,660,64.5,2,0,1,0.182,0.005,-0.0048,233.259
1130,387136,11.71,22,216,21.1,1,0,1,0.121,0.005,-0.0048,233.259
1131,387448,471.1,311,1020,99.6,6,1,0,1.492,0.005,-0.0048,233.259
1132,387496,496.4,338,1024,100.0,6,1,0,1.414,0.005,-0.0048,233.259
1133,387648,7.62,25,212,20.7,1,0,1,0.111,0.005,-0.0048,233.259
1134,388024,599.77,175,1024,100.0,6,1,0,1.333,0.005,-0.0048,233.259
1135,388704,145.61,85,596,58.2,2,0,1,0.146,0.005,-0.0048,233.259
1136,388784,531.07,161,1023,99.9,6,1,0,1.683,0.005,-0.0048,233.259
1137,388888,482.48,334,1024,100.0,6,1,0,1.715,0.005,-0.0048,233.259
1138,388896,-13.25,24,183,17.9,1,0,1,0.214,0.005,-0.0048,233.259
1139,388952,569.67,163,1024,100.0,6,1,0,1.215,0.005,-0.0048,233.259
1140,389256,500.42,328,1024,100.0,6,1,0,1.778,0.005,-0.0048,233.259
1141,389608,484.82,309,1019,99.5,6,1,0,1.641,0.005,-0.0048,233.259
1142,389720,542.54,353,1024,100.0,6,1,0,1.478,0.005,-0.0048,233.259
1143,389816,10.83,26,207,20.2,1,0,1,0.148,0.005,-0.0048,233.259
1144,389984,73.25,33,517,50.5,2,0,1,0.195,0.005,-0.0048,233.259
1145,390296,424.51,554,1024,100.0,6,1,0,1.052,0.005,-0.0048,233.259
1146,390544,70.0,31,499,48.7,2,0,1,0.2,0.005,-0.0048,233.259
1147,390768,30.3,28,468,45.7,1,0,1,0.194,0.005,-0.0048,233.259
1148,391384,513.52,312,1024,100.0,6,1,0,1.116,0.005,-0.0048,233.259
1149,391432,503.01,331,1021,99.7,6,1,0,1.795,0.005,-0.0048,233.259
1150,391568,482.91,327,1024,100.0,6,1,0,1.809,0.005,-0.0048,233.259
1151,391736,549.62,310,1023,99.9,6,1,0,1.199,0.005,-0.0048,233.259
1152,392224,607.34,182,1024,100.0,6,1,0,1.196,0.005,-0.0048,233.259
1153,392352,516.91,317,1024,100.0,6,1,0,1.179,0.005,-0.0048,233.259
1154,392504,58.68,35,510,49.8,1,0,1,0.164,0.005,-0.0048,233.259
1155,392584,333.97,144,956,93.4,4,0,1,0.169,0.005,-0.0048,233.259
1156,392752,8.81,21,229,22.4,1,0,1,0.149,0.005,-0.0048,233.259
1157,392768,533.02,348,1024,100.0,6,1,0,1.409,0.005,-0.0048,233.259
1158,392936,551.08,171,1024,100.0,6,1,0,1.857,0.005,-0.0048,233.259
1159,393696,410.99,600,1020,99.6,5,0,0,0.474,0.005,-0.0073,284.2767
1160,394048,472.08,333,1022,99.8,6,1,0,1.597,0.005,-0.0073,284.2767
1161,394072,543.59,165,1018,99.4,6,1,0,1.726,0.005,-0.0073,284.2767
1162,394400,474.27,333,1024,100.0,6,1,0,1.179,0.005,-0.0073,284.2767
1163,395008,490.85,332,1024,100.0,6,1,0,1.261,0.005,-0.0073,284.2767
1164,395064,552.03,171,1021,99.7,6,1,0,1.865,0.005,-0.0073,284.2767
1165,395184,499.66,335,1021,99.7,6,1,0,1.865,0.005,-0.0073,284.2767
1166,395504,496.53,342,1018,99.4,6,1,0,1.661,0.005,-0.0073,284.2767
1167,395624,488.42,336,1023,99.9,6,1,0,1.884,0.005,-0.0073,284.2767
1168,396584,495.66,197,1024,100.0,6,1,0,1.339,0.005,-0.0073,284.2767
1169,396600,557.44,177,1019,99.5,6,1,0,1.593,0.005,-0.0073,284.2767
1170,396624,478.77,319,1024,100.0,6,1,0,1.515,0.005,-0.0073,284.2767
1171,396728,510.14,335,1024,100.0,6,1,0,1.529,0.005,-0.0073,284.2767
1172,396800,530.97,162,1021,99.7,6,1,0,1.679,0.005,-0.0073,284.2767
1173,396944,-3.15,18,198,19.3,1,0,1,0.197,0.005,-0.0073,284.2767
1174,396984,554.82,170,1022,99.8,6,1,0,1.888,0.005,-0.0073,284.2767
1175,397048,528.0,331,1022,99.8,6,1,0,1.738,0.005,-0.0073,284.2767
1176,397264,513.39,275,1024,100.0,6,1,0,1.37,0.005,-0.0073,284.2767
1177,397856,420.7,157,1019,99.5,5,0,1,0.205,0.005,-0.0073,284.2767
1178,397928,524.68,168,1021,99.7,6,1,0,1.77,0.005,-0.0073,284.2767
1179,398272,529.7,153,1024,100.0,6,1,0,1.727,0.005,-0.0073,284.2767
1180,398296,579.98,164,1024,100.0,6,1,0,1.485,0.005,-0.0073,284.2767
1181,398560,563.93,162,1024,100.0,6,1,0,1.408,0.005,-0.0073,284.2767
1182,399176,495.59,306,1024,100.0,6,1,0,1.55,0.005,-0.0073,284.2767
1183,399232,394.83,326,1019,99.5,5,0,1,0.135,0.005,-0.0073,284.2767
1184,399496,493.21,319,1024,100.0,6,1,0,1.272,0.005,-0.0073,284.2767
1185,400344,488.82,302,1020,99.6,6,1,0,1.62,0.005,-0.0073,284.2767
1186,400368,526.17,314,1024,100.0,6,1,0,1.172,0.005,-0.0073,284.2767
1187,400632,78.87,36,649,63.4,2,0,1,0.182,0.005,-0.0073,284.2767
1188,400864,471.15,324,1024,100.0,6,1,0,1.807,0.005,-0.0073,284.2767
1189,400976,102.23,43,645,63.0,2,0,1,0.165,0.005,-0.0073,284.2767
1190,401104,567.77,351,1016,99.2,6,1,0,1.677,0.005,-0.0073,284.2767
1191,401184,22.93,26,495,48.3,1,0,1,0.062,0.005,-0.0073,284.2767
1192,401296,512.29,342,1019,99.5,6,1,0,1.716,0.005,-0.0073,284.2767
1193,401320,520.95,228,1023,99.9,6,1,0,1.489,0.005,-0.0073,284.2767
1194,401352,518.92,265,1018,99.4,6,1,0,1.599,0.005,-0.0073,284.2767
1195,401856,541.46,335,1024,100.0,6,1,0,1.589,0.005,-0.0049,194.0223
1196,402664,575.88,168,1024,100.0,6,1,0,1.282,0.005,-0.0049,194.0223
1197,402744,496.76,297,1024,100.0,6,1,0,1.343,0.005,-0.0049,194.0223
1198,402792,348.38,201,1013,98.9,5,0,1,0.212,0.005,-0.0049,194.0223
1199,403104,544.4,156,1024,100.0,6,1,0,1.709,0.005,-0.0049,194.0223
1200,403480,534.15,327,1023,99.9,6,1,0,1.888,0.005,-0.0049,194.0223
1201,403696,499.22,324,1024,100.0,6,1,0,1.4,0.005,-0.0049,194.0223
1202,403928,533.23,329,1024,100.0,6,1,0,1.188,0.005,-0.0049,194.0223
1203,404032,512.8,335,1024,100.0,6,1,0,1.225,0.005,-0.0049,194.0223
1204,404040,545.21,156,1024,100.0,6,1,0,1.55,0.005,-0.0049,194.0223
1205,405160,535.09,154,1019,99.5,6,1,0,1.635,0.005,-0.0049,194.0223
1206,405168,478.67,313,1019,99.5,6,1,0,1.813,0.005,-0.0049,194.0223
1207,405208,335.61,308,1013,98.9,5,0,1,0.194,0.005,-0.0049,194.0223
1208,405240,-14.49,9,424,41.4,1,0,1,0.143,0.005,-0.0049,194.0223
1209,405440,527.35,176,1020,99.6,6,1,0,1.54,0.005,-0.0049,194.0223
1210,405512,87.61,38,645,63.0,2,0,1,0.198,0.005,-0.0049,194.0223
1211,405784,503.48,335,1020,99.6,6,1,0,1.868,0.005,-0.0049,194.0223
1212,405832,484.63,294,1021,99.7,6,1,0,1.527,0.005,-0.0049,194.0223
1213,406280,543.43,323,1024,100.0,6,1,0,1.099,0.005,-0.0049,194.0223
1214,406696,515.06,332,1024,100.0,6,1,0,1.161,0.005,-0.0049,194.0223
1215,406768,552.77,166,1021,99.7,6,1,0,1.622,0.005,-0.0049,194.0223
1216,407200,557.35,177,1019,99.5,6,1,0,1.816,0.005,-0.0049,194.0223
1217,407552,492.88,299,1020,99.6,6,1,0,1.716,0.005,-0.0049,194.0223
1218,407616,539.81,167,1021,99.7,6,1,0,1.883,0.005,-0.0049,194.0223
1219,407720,486.75,310,1019,99.5,6,1,0,1.505,0.005,-0.0049,194.0223
1220,407840,58.99,36,509,49.7,1,0,1,0.196,0.005,-0.0049,194.0223
1221,407848,495.71,292,1024,100.0,6,1,0,1.515,0.005,-0.0049,194.0223
1222,408320,540.93,311,1024,100.0,6,1,0,1.75,0.005,-0.0049,194.0223
1223,408600,560.97,175,1019,99.5,6,1,0,1.721,0.005,-0.0049,194.0223
1224,408696,-8.36,12,450,43.9,1,0,1,0.189,0.005,-0.0049,194.0223
1225,408976,576.29,170,1024,100.0,6,1,0,1.521,0.005,-0.0049,194.0223
1226,409224,516.28,307,1024,100.0,6,1,0,1.461,0.005,-0.0049,194.0223
1227,409264,565.52,177,1019,99.5,6,1,0,1.862,0.005,-0.0049,194.0223
1228,409376,521.61,335,1024,100.0,6,1,0,1.745,0.005,-0.0049,194.0223
1229,409664,527.51,168,1022,99.8,6,1,0,1.83,0.005,-0.0045,184.4128
1230,409936,69.08,34,553,54.0,2,0,1,0.16,0.005,-0.0045,184.4128
1231,410304,470.76,308,1017,99.3,6,1,0,1.689,0.005,-0.0045,184.4128
1232,410312,510.88,324,1023,99.9,6,1,0,1.766,0.005,-0.0045,184.4128
1233,410720,555.92,168,1021,99.7,6,1,0,1.598,0.005,-0.0045,184.4128
1234,411144,540.75,306,1024,100.0,6,1,0,1.281,0.005,-0.0045,184.4128
1235,411304,526.13,255,1023,99.9,6,1,0,1.615,0.005,-0.0045,184.4128
1236,411520,542.33,318,1021,99.7,6,1,0,1.66,0.005,-0.0045,184.4128
1237,411920,538.47,337,1024,100.0,6,1,0,1.329,0.005,-0.0045,184.4128
1238,412368,503.28,304,1024,100.0,6,1,0,1.499,0.005,-0.0045,184.4128
1239,412680,489.0,296,1024,100.0,6,1,0,1.399,0.005,-0.0045,184.4128
1240,412888,516.61,323,1024,100.0,6,1,0,1.725,0.005,-0.0045,184.4128
1241,413240,474.39,315,1022,99.8,6,1,0,1.813,0.005,-0.0045,184.4128
1242,413240,551.91,242,1024,100.0,6,1,0,1.555,0.005,-0.0045,184.4128
1243,413552,464.94,301,1017,99.3,6,1,0,1.67,0.005,-0.0045,184.4128
1244,413920,348.24,250,1003,97.9,5,0,1,0.098,0.005,-0.0045,184.4128
1245,414088,2.91,21,226,22.1,1,0,1,0.185,0.005,-0.0045,184.4128
1246,414224,479.62,338,1022,99.8,6,1,0,1.84,0.005,-0.0045,184.4128
1247,414312,10.8,28,218,21.3,1,0,1,0.144,0.005,-0.0045,184.4128
1248,414584,561.98,168,1022,99.8,6,1,0,1.879,0.005,-0.0045,184.4128
1249,414728,492.06,295,1024,100.0,6,1,0,1.392,0.005,-0.0045,184.4128
1250,414984,356.63,288,1021,99.7,5,0,1,0.187,0.005,-0.0045,184.4128
1251,415208,17.16,28,220,21.5,1,0,1,0.172,0.005,-0.0045,184.4128
1252,415264,360.73,253,979,95.6,5,0,1,0.175,0.005,-0.0045,184.4128
1253,415440,494.08,319,1019,99.5,6,1,0,1.73,0.005,-0.0045,184.4128
1254,415952,531.79,153,1024,100.0,6,1,0,1.768,0.005,-0.0045,184.4128
1255,415984,484.74,304,1024,100.0,6,1,0,1.331,0.005,-0.0045,184.4128
1256,416016,509.86,213,1024,100.0,6,1,0,1.17,0.005,-0.0045,184.4128
1257,416424,465.98,275,1024,100.0,6,1,0,1.588,0.005,-0.0045,184.4128
1258,416648,579.2,173,1024,100.0,6,1,0,1.419,0.005,-0.0045,184.4128
1259,417552,514.85,293,1024,100.0,6,1,0,1.301,0.005,-0.0045,184.4128
1260,417632,507.12,381,1022,99.8,6,1,0,1.86,0.005,-0.0045,184.4128
1261,417736,540.24,164,1023,99.9,6,1,0,1.606,0.005,-0.0045,184.4128
1262,417880,376.89,233,1011,98.7,5,0,1,0.189,0.005,-0.0042,191.5742
1263,417968,491.84,316,1024,100.0,6,1,0,1.464,0.005,-0.0042,191.5742
1264,418224,477.09,284,1020,99.6,6,1,0,1.348,0.005,-0.0042,191.5742
1265,418424,473.9,305,1024,100.0,6,1,0,1.507,0.005,-0.0042,191.5742
1266,418952,575.81,165,1024,100.0,6,1,0,1.732,0.005,-0.0042,191.5742
1267,418992,558.16,157,1024,100.0,6,1,0,1.54,0.005,-0.0042,191.5742
1268,419096,305.42,109,954,93.2,4,0,1,0.186,0.005,-0.0042,191.5742
1269,419224,525.34,322,1024,100.0,6,1,0,1.704,0.005,-0.0042,191.5742
1270,419232,564.94,158,1024,100.0,6,1,0,1.253,0.005,-0.0042,191.5742
1271,419392,-12.64,21,191,18.7,1,0,1,0.0,0.005,-0.0042,191.5742
1272,420056,485.47,313,1023,99.9,6,1,0,1.808,0.005,-0.0042,191.5742
1273,420248,540.22,162,1024,100.0,6,1,0,1.798,0.005,-0.0042,191.5742
1274,420424,582.41,166,1024,100.0,6,1,0,1.37,0.005,-0.0042,191.5742
1275,420568,567.25,167,1024,100.0,6,1,0,1.388,0.005,-0.0042,191.5742
1276,420624,553.68,154,1024,100.0,6,1,0,1.697,0.005,-0.0042,191.5742
1277,420648,524.25,278,1024,100.0,6,1,0,1.509,0.005,-0.0042,191.5742
1278,421048,532.92,396,1024,100.0,6,1,0,1.1,0.005,-0.0042,191.5742
1279,421472,488.4,310,1024,100.0,6,1,0,1.816,0.005,-0.0042,191.5742
1280,421520,532.18,159,1021,99.7,6,1,0,1.875,0.005,-0.0042,191.5742
1281,421808,561.86,219,1024,100.0,6,1,0,1.698,0.005,-0.0042,191.5742
1282,421912,561.94,161,1024,100.0,6,1,0,1.444,0.005,-0.0042,191.5742
1283,422136,526.59,214,1022,99.8,6,1,0,1.398,0.005,-0.0042,191.5742
1284,423160,511.14,324,1023,99.9,6,1,0,1.644,0.005,-0.0042,191.5742
1285,423256,490.12,326,1024,100.0,6,1,0,1.738,0.005,-0.0042,191.5742
1286,423768,521.38,340,1021,99.7,6,1,0,1.865,0.005,-0.0042,191.5742
1287,423952,454.86,310,1023,99.9,6,1,0,1.58,0.005,-0.0042,191.5742
1288,423952,519.44,304,1024,100.0,6,1,0,1.412,0.005,-0.0042,191.5742
1289,424344,517.77,317,1024,100.0,6,1,0,1.18,0.005,-0.0042,191.5742
1290,424360,503.01,306,1024,100.0,6,1,0,1.734,0.005,-0.0042,191.5742
1291,424840,548.19,338,1020,99.6,6,1,0,1.655,0.005,-0.0042,191.5742
1292,425064,483.32,226,1016,99.2,6,1,0,1.692,0.005,-0.0042,191.5742
1293,425320,534.13,171,1021,99.7,6,1,0,1.653,0.005,-0.0042,191.5742
1294,425504,362.38,194,996,97.3,5,0,1,0.162,0.005,-0.0042,191.5742
1295,425728,494.19,321,1024,100.0,6,1,0,1.27,0.005,-0.0042,191.5742
1296,426280,516.0,314,1024,100.0,6,1,0,1.517,0.005,-0.0036,169.6647
1297,426840,495.31,310,1019,99.5,6,1,0,1.238,0.005,-0.0036,169.6647
1298,426856,509.57,224,1024,100.0,6,1,0,1.179,0.005,-0.0036,169.6647
1299,426872,503.17,316,1023,99.9,6,1,0,1.741,0.005,-0.0036,169.6647
1300,426872,511.62,254,1020,99.6,6,1,0,1.846,0.005,-0.0036,169.6647
1301,427800,492.7,310,1022,99.8,6,1,0,1.874,0.005,-0.0036,169.6647
1302,428024,504.81,315,1022,99.8,6,1,0,1.825,0.005,-0.0036,169.6647
1303,428104,520.51,154,1024,100.0,6,1,0,1.877,0.005,-0.0036,169.6647
1304,428296,520.41,321,1024,100.0,6,1,0,1.735,0.005,-0.0036,169.6647
1305,428656,527.39,227,1024,100.0,6,1,0,1.724,0.005,-0.0036,169.6647
1306,428800,503.39,315,1018,99.4,6,1,0,1.438,0.005,-0.0036,169.6647
1307,429216,467.56,295,1024,100.0,6,1,0,1.515,0.005,-0.0036,169.6647
1308,429384,485.66,314,1024,100.0,6,1,0,1.88,0.005,-0.0036,169.6647
1309,429544,549.67,156,1024,100.0,6,1,0,1.123,0.005,-0.0036,169.6647
1310,430048,550.67,156,1022,99.8,6,1,0,1.54,0.005,-0.0036,169.6647
1311,430184,550.5,260,1020,99.6,6,1,0,1.657,0.005,-0.0036,169.6647
1312,430208,529.83,301,1024,100.0,6,1,0,1.317,0.005,-0.0036,169.6647
1313,430432,531.87,152,1024,100.0,6,1,0,1.884,0.005,-0.0036,169.6647
1314,430480,72.6,34,551,53.8,2,0,1,0.22,0.005,-0.0036,169.6647
1315,430648,539.01,158,1021,99.7,6,1,0,1.539,0.005,-0.0036,169.6647
1316,430664,517.5,330,1024,100.0,6,1,0,1.806,0.005,-0.0036,169.6647
1317,430768,520.63,153,1024,100.0,6,1,0,1.854,0.005,-0.0036,169.6647
1318,430848,116.36,52,651,63.6,2,0,1,0.148,0.005,-0.0036,169.6647
1319,430968,530.72,289,1024,100.0,6,1,0,1.529,0.005,-0.0036,169.6647
1320,431904,558.33,157,1024,100.0,6,1,0,1.359,0.005,-0.0036,169.6647
1321,431976,513.58,151,1023,99.9,6,1,0,1.36,0.005,-0.0036,169.6647
1322,432328,522.49,285,1024,100.0,6,1,0,1.652,0.005,-0.0036,169.6647
1323,432640,515.53,247,1024,100.0,6,1,0,1.796,0.005,-0.0036,169.6647
1324,432744,502.07,320,1023,99.9,6,1,0,1.647,0.005,-0.0036,169.6647
1325,432952,481.33,309,1024,100.0,6,1,0,1.406,0.005,-0.0036,169.6647
1326,433232,576.35,166,1024,100.0,6,1,0,1.259,0.005,-0.0036,169.6647
1327,433288,570.48,164,1024,100.0,6,1,0,1.643,0.005,-0.0036,169.6647
1328,433416,502.84,321,1023,99.9,6,1,0,1.763,0.005,-0.0036,169.6647
1329,433456,490.09,311,1018,99.4,6,1,0,1.501,0.005,-0.0036,169.6647
1330,434616,459.44,286,1024,100.0,6,1,0,1.23,0.005,-0.0047,154.0164
1331,434648,329.67,177,970,94.7,5,0,1,0.194,0.005,-0.0047,154.0164
1332,434672,516.36,241,1022,99.8,6,1,0,1.86,0.005,-0.0047,154.0164
1333,434904,515.5,244,1022,99.8,6,1,0,1.838,0.005,-0.0047,154.0164
1334,435080,474.41,305,1021,99.7,6,1,0,1.682,0.005,-0.0047,154.0164
1335,435104,2.06,25,207,20.2,1,0,1,0.099,0.005,-0.0047,154.0164
1336,435808,378.88,299,1015,99.1,5,0,1,0.139,0.005,-0.0047,154.0164
1337,435856,523.39,151,1024,100.0,6,1,0,1.687,0.005,-0.0047,154.0164
1338,435904,558.31,161,1024,100.0,6,1,0,1.54,0.005,-0.0047,154.0164
1339,435920,511.82,329,1023,99.9,6,1,0,1.869,0.005,-0.0047,154.0164
1340,436008,524.88,319,1021,99.7,6,1,0,1.436,0.005,-0.0047,154.0164
1341,436360,567.98,160,1024,100.0,6,1,0,1.378,0.005,-0.0047,154.0164
1342,437136,476.99,308,1024,100.0,6,1,0,0.896,0.005,-0.0047,154.0164
1343,437144,518.32,153,1023,99.9,6,1,0,1.882,0.005,-0.0047,154.0164
1344,437160,573.49,163,1024,100.0,6,1,0,1.235,0.005,-0.0047,154.0164
1345,437568,500.61,308,1022,99.8,6,1,0,1.641,0.005,-0.0047,154.0164
1346,438024,354.7,252,1014,99.0,5,0,1,0.168,0.005,-0.0047,154.0164
1347,438240,518.64,304,1024,100.0,6,1,0,1.524,0.005,-0.0047,154.0164
1348,438424,564.73,158,1024,100.0,6,1,0,1.588,0.005,-0.0047,154.0164
1349,438456,550.06,164,1020,99.6,6,1,0,1.527,0.005,-0.0047,154.0164
1350,438496,493.39,324,1024,100.0,6,1,0,1.62,0.005,-0.0047,154.0164
1351,439416,497.84,382,1023,99.9,6,1,0,1.804,0.005,-0.0047,154.0164
1352,439528,473.41,299,1021,99.7,6,1,0,1.818,0.005,-0.0047,154.0164
1353,439792,548.97,171,1024,100.0,6,1,0,1.778,0.005,-0.0047,154.0164
1354,440000,583.42,188,1024,100.0,6,1,0,1.163,0.005,-0.0047,154.0164
1355,440040,524.13,309,1024,100.0,6,1,0,1.206,0.005,-0.0047,154.0164
1356,440304,362.52,258,1005,98.1,5,0,1,0.182,0.005,-0.0047,154.0164
1357,440864,480.82,301,1018,99.4,6,1,0,1.666,0.005,-0.0047,154.0164
1358,441128,534.0,388,1019,99.5,6,1,0,1.653,0.005,-0.0047,154.0164
1359,441208,526.26,151,1023,99.9,6,1,0,1.74,0.005,-0.0047,154.0164
1360,441288,517.17,156,1024,100.0,6,1,0,1.721,0.005,-0.0047,154.0164
1361,441312,-2.26,13,461,45.0,1,0,1,0.182,0.005,-0.0047,154.0164
1362,441744,472.66,291,1024,100.0,6,1,0,1.565,0.005,-0.0047,154.0164
1363,441920,479.27,299,1022,99.8,6,1,0,1.146,0.005,-0.0047,154.0164
1364,442248,513.91,307,1024,100.0,6,1,0,1.341,0.005,-0.0047,154.0164
1365,442560,538.74,156,1021,99.7,6,1,0,1.727,0.005,-0.0037,155.227
1366,442784,507.9,240,1024,100.0,6,1,0,1.708,0.005,-0.0037,155.227
1367,442880,-14.81,12,426,41.6,1,0,1,0.135,0.005,-0.0037,155.227
1368,443232,93.37,44,650,63.5,2,0,1,0.198,0.005,-0.0037,155.227
1369,443336,467.81,379,1021,99.7,6,1,0,1.796,0.005,-0.0037,155.227
1370,443456,58.43,28,532,52.0,2,0,1,0.183,0.005,-0.0037,155.227
1371,443528,528.24,160,1021,99.7,6,1,0,1.56,0.005,-0.0037,155.227
1372,443592,7.37,32,212,20.7,1,0,1,0.133,0.005,-0.0037,155.227
1373,443728,513.49,325,1024,100.0,6,1,0,1.821,0.005,-0.0037,155.227
1374,443728,515.53,305,1024,100.0,6,1,0,1.102,0.005,-0.0037,155.227
1375,443960,543.15,255,1019,99.5,6,1,0,1.775,0.005,-0.0037,155.227
1376,444192,532.32,306,1021,99.7,6,1,0,1.792,0.005,-0.0037,155.227
1377,444640,521.08,148,1019,99.5,6,1,0,1.748,0.005,-0.0037,155.227
1378,444976,542.97,156,1024,100.0,6,1,0,1.764,0.005,-0.0037,155.227
1379,445080,511.84,315,1023,99.9,6,1,0,1.873,0.005,-0.0037,155.227
1380,445848,503.11,290,1020,99.6,6,1,0,1.851,0.005,-0.0037,155.227
1381,445968,518.08,297,1020,99.6,6,1,0,1.78,0.005,-0.0037,155.227
1382,446296,519.29,321,1023,99.9,6,1,0,1.746,0.005,-0.0037,155.227
1383,446472,492.14,314,1020,99.6,6,1,0,1.799,0.005,-0.0037,155.227
1384,446512,343.89,290,1023,99.9,5,0,1,0.2,0.005,-0.0037,155.227
1385,447136,478.98,312,1016,99.2,6,1,0,1.616,0.005,-0.0037,155.227
1386,447448,469.51,296,1019,99.5,6,1,0,1.764,0.005,-0.0037,155.227
1387,447488,507.16,314,1024,100.0,6,1,0,1.329,0.005,-0.0037,155.227
1388,447952,328.07,248,1002,97.9,5,0,1,0.191,0.005,-0.0037,155.227
1389,448224,531.23,241,1023,99.9,6,1,0,1.76,0.005,-0.0037,155.227
1390,448296,495.55,306,1018,99.4,6,1,0,1.707,0.005,-0.0037,155.227
1391,448832,479.7,295,1024,100.0,6,1,0,1.553,0.005,-0.0037,155.227
1392,448888,502.59,297,1019,99.5,6,1,0,1.758,0.005,-0.0037,155.227
1393,448928,199.45,88,785,76.7,3,0,1,0.185,0.005,-0.0037,155.227
1394,449080,354.82,199,1008,98.4,5,0,1,0.206,0.005,-0.0037,155.227
1395,449104,277.52,246,923,90.1,4,0,1,0.151,0.005,-0.0037,155.227
1396,449184,544.74,154,1021,99.7,6,1,0,1.588,0.005,-0.0037,155.227
1397,449200,76.02,34,509,49.7,2,0,1,0.159,0.005,-0.0037,155.227
1398,449624,495.5,272,1024,100.0,6,1,0,1.389,0.005,-0.0037,155.227
1399,449624,573.63,166,1024,100.0,6,1,0,1.656,0.005,-0.0037,155.227
1400,450128,552.09,162,1024,100.0,6,1,0,1.598,0.005,-0.0037,155.227
1401,450200,552.93,164,1024,100.0,6,1,0,1.538,0.005,-0.0037,155.227
1402,450344,552.65,155,1024,100.0,6,1,0,1.288,0.005,-0.0037,155.227
1403,450408,2.31,26,213,20.8,1,0,1,0.158,0.005,-0.0037,155.227
1404,450808,541.06,148,1024,100.0,6,1,0,1.432,0.005,-0.0047,221.8224
1405,451072,325.74,181,980,95.7,4,0,1,0.192,0.005,-0.0047,221.8224
1406,451304,403.41,147,950,92.8,5,0,1,0.192,0.005,-0.0047,221.8224
1407,451416,464.85,279,1024,100.0,6,1,0,1.437,0.005,-0.0047,221.8224
1408,451544,496.97,150,1019,99.5,6,1,0,1.748,0.005,-0.0047,221.8224
1409,451576,479.68,312,1020,99.6,6,1,0,1.885,0.005,-0.0047,221.8224
1410,451736,494.16,317,1024,100.0,6,1,0,1.843,0.005,-0.0047,221.8224
1411,452720,488.79,289,1022,99.8,6,1,0,1.801,0.005,-0.0047,221.8224
1412,452824,557.58,160,1024,100.0,6,1,0,1.444,0.005,-0.0047,221.8224
1413,453232,337.8,241,1003,97.9,5,0,1,0.169,0.005,-0.0047,221.8224
1414,453328,465.27,315,1024,100.0,6,1,0,1.766,0.005,-0.0047,221.8224
1415,453608,526.69,234,1024,100.0,6,1,0,1.672,0.005,-0.0047,221.8224
1416,453776,469.79,295,1019,99.5,6,1,0,1.716,0.005,-0.0047,221.8224
1417,453824,472.94,344,1024,100.0,6,1,0,1.565,0.005,-0.0047,221.8224
1418,454528,534.83,150,1024,100.0,6,1,0,1.194,0.005,-0.0047,221.8224
1419,454592,-20.08,8,412,40.2,1,0,1,0.089,0.005,-0.0047,221.8224
1420,454752,504.87,397,1023,99.9,6,1,0,1.828,0.005,-0.0047,221.8224
1421,454992,472.65,284,1024,100.0,6,1,0,1.457,0.005,-0.0047,221.8224
1422,455216,38.39,28,508,49.6,1,0,1,0.153,0.005,-0.0047,221.8224
1423,455296,478.93,309,1021,99.7,6,1,0,1.584,0.005,-0.0047,221.8224
1424,455672,494.8,305,1019,99.5,6,1,0,1.39,0.005,-0.0047,221.8224
1425,455848,550.69,157,1022,99.8,6,1,0,1.815,0.005,-0.0047,221.8224
1426,456008,512.8,300,1024,100.0,6,1,0,1.419,0.005,-0.0047,221.8224
1427,456016,461.49,280,1024,100.0,6,1,0,1.341,0.005,-0.0047,221.8224
1428,456440,508.98,143,1020,99.6,6,1,0,1.527,0.005,-0.0047,221.8224
1429,456616,505.97,233,1024,100.0,6,1,0,1.662,0.005,-0.0047,221.8224
1430,456632,575.93,177,1020,99.6,6,1,0,1.826,0.005,-0.0047,221.8224
1431,457416,459.46,449,1022,99.8,6,1,0,1.84,0.005,-0.0047,221.8224
1432,457848,535.4,154,1023,99.9,6,1,0,1.697,0.005,-0.0047,221.8224
1433,457880,515.06,234,1022,99.8,6,1,0,1.772,0.005,-0.0047,221.8224
1434,457912,496.71,280,1023,99.9,6,1,0,1.545,0.005,-0.0047,221.8224
1435,458168,492.6,290,1024,100.0,6,1,0,1.467,0.005,-0.0047,221.8224
1436,458336,491.85,290,1021,99.7,6,1,0,1.771,0.005,-0.0047,221.8224
1437,458840,505.6,276,1023,99.9,6,1,0,1.644,0.005,-0.0064,198.4395
1438,458928,503.36,311,1024,100.0,6,1,0,1.588,0.005,-0.0064,198.4395
1439,459384,520.29,152,1023,99.9,6,1,0,1.706,0.005,-0.0064,198.4395
1440,460024,569.13,326,1022,99.8,6,1,0,1.797,0.005,-0.0064,198.4395
1441,460192,455.36,293,1024,100.0,6,1,0,1.778,0.005,-0.0064,198.4395
1442,460312,517.77,300,1019,99.5,6,1,0,1.801,0.005,-0.0064,198.4395
1443,460344,517.1,308,1023,99.9,6,1,0,1.866,0.005,-0.0064,198.4395
1444,460448,73.04,32,509,49.7,2,0,1,0.15,0.005,-0.0064,198.4395
1445,460624,531.64,155,1021,99.7,6,1,0,1.606,0.005,-0.0064,198.4395
1446,460824,542.13,311,1024,100.0,6,1,0,1.207,0.005,-0.0064,198.4395
1447,461304,294.7,124,964,94.1,4,0,1,0.124,0.005,-0.0064,198.4395
1448,461320,467.62,299,1024,100.0,6,1,0,1.506,0.005,-0.0064,198.4395
1449,461440,503.87,325,1023,99.9,6,1,0,1.887,0.005,-0.0064,198.4395
1450,461624,512.67,147,1022,99.8,6,1,0,1.877,0.005,-0.0064,198.4395
1451,462560,547.39,157,1023,99.9,6,1,0,1.86,0.005,-0.0064,198.4395
1452,462704,538.41,158,1023,99.9,6,1,0,1.609,0.005,-0.0064,198.4395
1453,463032,479.22,301,1021,99.7,6,1,0,1.655,0.005,-0.0064,198.4395
1454,463184,479.2,295,1024,100.0,6,1,0,1.673,0.005,-0.0064,198.4395
1455,463312,214.18,94,835,81.5,3,0,1,0.185,0.005,-0.0064,198.4395
1456,463624,495.13,288,1020,99.6,6,1,0,1.722,0.005,-0.0064,198.4395
1457,463832,450.8,476,1024,100.0,6,1,0,1.539,0.005,-0.0064,198.4395
1458,463976,472.8,294,1020,99.6,6,1,0,1.674,0.005,-0.0064,198.4395
1459,464288,93.64,39,649,63.4,2,0,1,0.182,0.005,-0.0064,198.4395
1460,465136,489.57,599,1024,100.0,6,1,0,1.735,0.005,-0.0064,198.4395
1461,465304,475.0,325,1024,100.0,6,1,0,1.554,0.005,-0.0064,198.4395
1462,465360,454.83,291,1024,100.0,6,1,0,1.368,0.005,-0.0064,198.4395
1463,465432,84.96,37,658,64.3,2,0,1,0.144,0.005,-0.0064,198.4395
1464,465520,540.28,154,1024,100.0,6,1,0,1.492,0.005,-0.0064,198.4395
1465,465736,466.19,303,1024,100.0,6,1,0,1.464,0.005,-0.0064,198.4395
1466,465744,511.63,320,1024,100.0,6,1,0,1.552,0.005,-0.0064,198.4395
1467,466040,474.62,302,1019,99.5,6,1,0,1.71,0.005,-0.0064,198.4395
1468,466248,477.61,302,1019,99.5,6,1,0,1.727,0.005,-0.0064,198.4395
1469,467024,583.5,160,1024,100.0,6,1,0,1.49,0.005,-0.0034,174.8955
1470,467296,536.89,233,1023,99.9,6,1,0,1.725,0.005,-0.0034,174.8955
1471,467320,567.48,160,1024,100.0,6,1,0,1.587,0.005,-0.0034,174.8955
1472,467792,501.76,284,1021,99.7,6,1,0,1.796,0.005,-0.0034,174.8955
1473,467832,466.61,309,1022,99.8,6,1,0,1.727,0.005,-0.0034,174.8955
1474,468256,464.57,369,1022,99.8,6,1,0,1.512,0.005,-0.0034,174.8955
1475,468568,530.56,290,1024,100.0,6,1,0,1.506,0.005,-0.0034,174.8955
1476,468576,568.21,157,1024,100.0,6,1,0,1.387,0.005,-0.0034,174.8955
1477,468640,502.51,363,1022,99.8,6,1,0,1.749,0.005,-0.0034,174.8955
1478,468768,52.74,25,500,48.8,2,0,1,0.11,0.005,-0.0034,174.8955
1479,468952,-3.31,23,195,19.0,1,0,1,0.157,0.005,-0.0034,174.8955
1480,469072,550.61,155,1024,100.0,6,1,0,1.409,0.005,-0.0034,174.8955
1481,469088,565.26,162,1024,100.0,6,1,0,0.973,0.005,-0.0034,174.8955
1482,469312,360.38,252,986,96.3,5,0,1,0.17,0.005,-0.0034,174.8955
1483,469488,504.14,308,1024,100.0,6,1,0,1.472,0.005,-0.0034,174.8955
1484,469744,53.43,32,637,62.2,1,0,1,0.179,0.005,-0.0034,174.8955
1485,469920,567.04,160,1024,100.0,6,1,0,1.446,0.005,-0.0034,174.8955
1486,470944,512.38,336,1023,99.9,6,1,0,1.844,0.005,-0.0034,174.8955
1487,471040,580.08,162,1024,100.0,6,1,0,1.352,0.005,-0.0034,174.8955
1488,471080,481.5,313,1021,99.7,6,1,0,1.583,0.005,-0.0034,174.8955
1489,471240,-3.87,25,206,20.1,1,0,1,0.11,0.005,-0.0034,174.8955
1490,471320,480.15,296,1024,100.0,6,1,0,1.636,0.005,-0.0034,174.8955
1491,471424,467.17,294,1021,99.7,6,1,0,1.79,0.005,-0.0034,174.8955
1492,471448,-10.14,26,186,18.2,1,0,1,0.095,0.005,-0.0034,174.8955
1493,471496,515.5,301,1020,99.6,6,1,0,1.887,0.005,-0.0034,174.8955
1494,471600,2.63,22,224,21.9,1,0,1,0.044,0.005,-0.0034,174.8955
1495,471776,519.46,308,1024,100.0,6,1,0,1.672,0.005,-0.0034,174.8955
1496,471784,-9.59,23,184,18.0,1,0,1,0.184,0.005,-0.0034,174.8955
1497,471856,267.46,97,865,84.5,4,0,1,0.215,0.005,-0.0034,174.8955
1498,472152,523.19,151,1021,99.7,6,1,0,1.608,0.005,-0.0034,174.8955
1499,472360,477.18,305,1023,99.9,6,1,0,1.878,0.005,-0.0034,174.8955
1500,472704,508.52,151,1018,99.4,6,1,0,1.752,0.005,-0.0034,174.8955
1501,473040,529.79,157,1023,99.9,6,1,0,1.871,0.005,-0.0034,174.8955
1502,473600,553.35,155,1024,100.0,6,1,0,1.813,0.005,-0.0034,174.8955
1503,473976,485.01,332,1023,99.9,6,1,0,1.799,0.005,-0.0034,174.8955
1504,474000,579.48,162,1024,100.0,6,1,0,1.562,0.005,-0.0034,174.8955
1505,474152,463.42,287,1024,100.0,6,1,0,1.667,0.005,-0.0034,174.8955
1506,474176,17.74,22,506,49.4,1,0,1,0.191,0.005,-0.0034,174.8955
1507,474200,483.24,303,1024,100.0,6,1,0,1.571,0.005,-0.0034,174.8955
1508,474464,489.84,377,1024,100.0,6,1,0,1.788,0.005,-0.0034,174.8955
1509,474672,500.92,315,1024,100.0,6,1,0,1.489,0.005,-0.0034,174.8955
1510,474968,78.53,37,511,49.9,2,0,1,0.189,0.005,-0.0034,174.8955
1511,475256,506.07,277,1024,100.0,6,1,0,1.372,0.005,-0.007,229.5739
1512,476392,470.87,274,1021,99.7,6,1,0,1.715,0.005,-0.007,229.5739
1513,476424,506.01,306,1024,100.0,6,1,0,1.656,0.005,-0.007,229.5739
1514,476520,487.08,296,1020,99.6,6,1,0,1.742,0.005,-0.007,229.5739
1515,476648,503.96,273,1024,100.0,6,1,0,1.296,0.005,-0.007,229.5739
1516,476776,450.33,397,1024,100.0,6,1,0,1.414,0.005,-0.007,229.5739
1517,477376,480.4,301,1021,99.7,6,1,0,1.556,0.005,-0.007,229.5739
1518,477528,487.26,284,1024,100.0,6,1,0,0.994,0.005,-0.007,229.5739
1519,477592,508.66,150,1024,100.0,6,1,0,1.821,0.005,-0.007,229.5739
1520,477808,-10.46,27,198,19.3,1,0,1,0.142,0.005,-0.007,229.5739
1521,477968,537.75,165,1021,99.7,6,1,0,1.772,0.005,-0.007,229.5739
1522,478392,426.73,527,1024,100.0,6,1,0,1.543,0.005,-0.007,229.5739
1523,478976,339.54,200,1009,98.5,5,0,1,0.177,0.005,-0.007,229.5739
1524,479200,492.8,303,1019,99.5,6,1,0,1.596,0.005,-0.007,229.5739
1525,479672,555.34,160,1024,100.0,6,1,0,1.447,0.005,-0.007,229.5739
1526,479880,536.21,432,1024,100.0,6,1,0,1.173,0.005,-0.007,229.5739
1527,479936,501.3,266,1024,100.0,6,1,0,1.417,0.005,-0.007,229.5739
1528,479992,480.76,308,1019,99.5,6,1,0,1.579,0.005,-0.007,229.5739
1529,480120,460.23,450,1024,100.0,6,1,0,1.528,0.005,-0.007,229.5739
1530,480368,483.43,300,1024,100.0,6,1,0,1.715,0.005,-0.007,229.5739
1531,480936,547.18,158,1024,100.0,6,1,0,1.961,0.005,-0.007,229.5739
1532,481400,320.91,176,889,86.8,5,0,1,0.176,0.005,-0.007,229.5739
1533,481552,478.71,294,1024,100.0,6,1,0,1.562,0.005,-0.007,229.5739
1534,481568,492.77,324,1024,100.0,6,1,0,1.701,0.005,-0.007,229.5739
1535,481752,546.13,227,1024,100.0,6,1,0,1.388,0.005,-0.007,229.5739
1536,481832,76.01,33,506,49.4,2,0,1,0.183,0.005,-0.007,229.5739
1537,482592,518.15,339,1023,99.9,6,1,0,1.803,0.005,-0.007,229.5739
1538,482600,380.38,208,1005,98.1,5,0,1,0.184,0.005,-0.007,229.5739
1539,482736,495.14,327,1022,99.8,6,1,0,1.757,0.005,-0.007,229.5739
1540,482880,75.66,35,641,62.6,2,0,1,0.067,0.005,-0.007,229.5739
1541,482912,516.61,318,1024,100.0,6,1,0,1.575,0.005,-0.007,229.5739
1542,483160,525.78,166,1022,99.8,6,1,0,1.707,0.005,-0.007,229.5739
1543,483736,485.85,292,1021,99.7,6,1,0,1.779,0.005,-0.0032,146.656
1544,483944,594.26,169,1024,100.0,6,1,0,1.353,0.005,-0.0032,146.656
1545,484128,508.31,156,1023,99.9,6,1,0,1.691,0.005,-0.0032,146.656
1546,484136,469.76,298,1024,100.0,6,1,0,1.611,0.005,-0.0032,146.656
1547,484272,530.6,340,1024,100.0,6,1,0,1.884,0.005,-0.0032,146.656
1548,484752,281.94,101,884,86.3,4,0,1,0.181,0.005,-0.0032,146.656
1549,484792,449.55,235,1018,99.4,5,0,1,0.202,0.005,-0.0032,146.656
1550,485160,342.66,250,973,95.0,5,0,1,0.126,0.005,-0.0032,146.656
1551,485648,505.11,239,1022,99.8,6,1,0,1.815,0.005,-0.0032,146.656
1552,486432,469.27,287,1024,100.0,6,1,0,1.726,0.005,-0.0032,146.656
1553,486712,522.44,323,1021,99.7,6,1,0,1.797,0.005,-0.0032,146.656
1554,486888,494.54,327,1021,99.7,6,1,0,1.612,0.005,-0.0032,146.656
1555,487208,504.85,307,1024,100.0,6,1,0,1.708,0.005,-0.0032,146.656
1556,487232,498.21,562,1021,99.7,6,1,0,1.802,0.005,-0.0032,146.656
1557,487304,489.79,314,1019,99.5,6,1,0,1.738,0.005,-0.0032,146.656
1558,487504,66.61,34,553,54.0,2,0,1,0.175,0.005,-0.0032,146.656
1559,487576,515.39,143,1019,99.5,6,1,0,1.811,0.005,-0.0032,146.656
1560,487632,403.66,309,991,96.8,5,0,1,0.212,0.005,-0.0032,146.656
1561,487832,50.14,32,501,48.9,1,0,1,0.195,0.005,-0.0032,146.656
1562,487960,495.28,289,1024,100.0,6,1,0,1.784,0.005,-0.0032,146.656
1563,488464,565.09,157,1024,100.0,6,1,0,1.819,0.005,-0.0032,146.656
1564,488488,372.1,200,1012,98.8,5,0,1,0.148,0.005,-0.0032,146.656
1565,488568,541.62,158,1023,99.9,6,1,0,1.794,0.005,-0.0032,146.656
1566,488896,496.4,273,1024,100.0,6,1,0,1.527,0.005,-0.0032,146.656
1567,489144,535.61,148,1024,100.0,6,1,0,1.24,0.005,-0.0032,146.656
1568,489168,567.46,167,1024,100.0,6,1,0,1.874,0.005,-0.0032,146.656
1569,489936,514.63,304,1024,100.0,6,1,0,1.748,0.005,-0.0032,146.656
1570,489976,526.84,293,1024,100.0,6,1,0,1.446,0.005,-0.0032,146.656
1571,490136,554.15,155,1021,99.7,6,1,0,1.716,0.005,-0.0032,146.656
1572,490192,500.01,203,1024,100.0,6,1,0,1.134,0.005,-0.0032,146.656
1573,490856,487.4,296,1021,99.7,6,1,0,1.496,0.005,-0.0032,146.656
1574,491168,524.02,338,1024,100.0,6,1,0,1.508,0.005,-0.0032,146.656
1575,491192,550.25,157,1024,100.0,6,1,0,1.539,0.005,-0.0032,146.656
1576,491352,496.83,276,1024,100.0,6,1,0,1.437,0.005,-0.0032,146.656
1577,491424,61.14,29,502,49.0,2,0,1,0.135,0.005,-0.0032,146.656
1578,491552,477.04,298,1021,99.7,6,1,0,1.825,0.005,-0.0035,211.7573
1579,491592,521.59,175,1020,99.6,6,1,0,1.724,0.005,-0.0035,211.7573
1580,491752,52.79,25,533,52.1,2,0,1,0.179,0.005,-0.0035,211.7573
1581,492144,517.25,161,1021,99.7,6,1,0,1.789,0.005,-0.0035,211.7573
1582,492424,58.95,35,496,48.4,1,0,1,0.183,0.005,-0.0035,211.7573
1583,492800,516.65,151,1021,99.7,6,1,0,1.747,0.005,-0.0035,211.7573
1584,492800,504.94,333,1023,99.9,6,1,0,1.75,0.005,-0.0035,211.7573
1585,493864,516.48,337,1024,100.0,6,1,0,1.815,0.005,-0.0035,211.7573
1586,493912,498.99,311,1019,99.5,6,1,0,1.728,0.005,-0.0035,211.7573
1587,493936,493.98,323,1022,99.8,6,1,0,1.794,0.005,-0.0035,211.7573
1588,494112,476.04,295,1022,99.8,6,1,0,1.876,0.005,-0.0035,211.7573
1589,494584,495.6,576,1024,100.0,6,1,0,1.761,0.005,-0.0035,211.7573
1590,494848,499.88,303,1024,100.0,6,1,0,1.781,0.005,-0.0035,211.7573
1591,495088,540.3,153,1021,99.7,6,1,0,1.833,0.005,-0.0035,211.7573
1592,495152,547.66,155,1024,100.0,6,1,0,1.59,0.005,-0.0035,211.7573
1593,495168,512.76,296,1024,100.0,6,1,0,1.482,0.005,-0.0035,211.7573
1594,495200,498.65,300,1020,99.6,6,1,0,1.852,0.005,-0.0035,211.7573
1595,495384,559.14,159,1024,100.0,6,1,0,1.463,0.005,-0.0035,211.7573
1596,495488,96.76,40,641,62.6,2,0,1,0.169,0.005,-0.0035,211.7573
1597,495848,543.16,158,1024,100.0,6,1,0,1.616,0.005,-0.0035,211.7573
1598,496208,477.43,284,1020,99.6,6,1,0,1.617,0.005,-0.0035,211.7573
1599,496688,281.72,105,880,85.9,4,0,1,0.187,0.005,-0.0035,211.7573
1600,497216,469.77,296,1021,99.7,6,1,0,1.755,0.005,-0.0035,211.7573
1601,497336,529.39,244,1024,100.0,6,1,0,1.552,0.005,-0.0035,211.7573
1602,497488,481.26,300,1020,99.6,6,1,0,1.781,0.005,-0.0035,211.7573
1603,497960,552.28,159,1024,100.0,6,1,0,1.653,0.005,-0.0035,211.7573
1604,498016,-23.06,7,397,38.8,1,0,1,0.191,0.005,-0.0035,211.7573
1605,498384,452.68,404,1024,100.0,6,1,0,1.458,0.005,-0.0035,211.7573
1606,498488,535.85,159,1022,99.8,6,1,0,1.55,0.005,-0.0035,211.7573
1607,498504,509.03,146,1019,99.5,6,1,0,1.72,0.005,-0.0035,211.7573
1608,498608,479.99,300,1020,99.6,6,1,0,1.802,0.005,-0.0035,211.7573
1609,498752,508.22,408,1024,100.0,6,1,0,1.413,0.005,-0.0035,211.7573
1610,498808,552.83,165,1021,99.7,6,1,0,1.449,0.005,-0.0035,211.7573
1611,499544,447.78,543,1022,99.8,6,1,0,1.85,0.005,-0.0035,211.7573
1612,499920,508.66,146,1019,99.5,6,1,0,1.813,0.005,-0.0048,173.5403
1613,500080,538.34,159,1024,100.0,6,1,0,1.653,0.005,-0.0048,173.5403
1614,500248,470.58,279,1024,100.0,6,1,0,1.685,0.005,-0.0048,173.5403
1615,500720,344.26,292,1023,99.9,5,0,1,0.225,0.005,-0.0048,173.5403
1616,500872,451.3,283,1024,100.0,6,1,0,1.761,0.005,-0.0048,173.5403
1617,500904,457.42,300,1024,100.0,6,1,0,1.715,0.005,-0.0048,173.5403
1618,501128,529.7,330,1024,100.0,6,1,0,1.317,0.005,-0.0048,173.5403
1619,501208,570.47,161,1024,100.0,6,1,0,1.515,0.005,-0.0048,173.5403
1620,501288,520.62,151,1021,99.7,6,1,0,1.402,0.005,-0.0048,173.5403
1621,501504,58.2,37,509,49.7,1,0,1,0.061,0.005,-0.0048,173.5403
1622,501816,465.53,284,1023,99.9,6,1,0,1.796,0.005,-0.0048,173.5403
1623,501976,579.89,157,1024,100.0,6,1,0,1.689,0.005,-0.0048,173.5403
1624,502200,553.18,162,1023,99.9,6,1,0,1.763,0.005,-0.0048,173.5403
1625,502344,-5.9,18,201,19.6,1,0,1,0.131,0.005,-0.0048,173.5403
1626,502712,329.63,308,980,95.7,5,0,1,0.194,0.005,-0.0048,173.5403
1627,502808,306.9,124,886,86.5,4,0,1,0.189,0.005,-0.0048,173.5403
1628,502824,526.11,244,1024,100.0,6,1,0,1.628,0.005,-0.0048,173.5403
1629,503008,-0.99,25,190,18.6,1,0,1,0.164,0.005,-0.0048,173.5403
1630,503496,529.14,296,1024,100.0,6,1,0,1.727,0.005,-0.0048,173.5403
1631,503896,479.48,299,1024,100.0,6,1,0,1.729,0.005,-0.0048,173.5403
1632,504104,556.75,160,1022,99.8,6,1,0,1.886,0.005,-0.0048,173.5403
1633,504248,475.68,284,1024,100.0,6,1,0,1.737,0.005,-0.0048,173.5403
1634,504264,564.76,157,1024,100.0,6,1,0,1.74,0.005,-0.0048,173.5403
1635,504312,-10.6,26,179,17.5,1,0,1,0.192,0.005,-0.0048,173.5403
1636,504736,553.53,155,1024,100.0,6,1,0,1.297,0.005,-0.0048,173.5403
1637,504832,477.28,311,1024,100.0,6,1,0,1.527,0.005,-0.0048,173.5403
1638,504896,504.43,451,1024,100.0,6,1,0,1.778,0.005,-0.0048,173.5403
1639,504960,483.2,281,1024,100.0,6,1,0,1.402,0.005,-0.0048,173.5403
1640,505136,532.63,155,1019,99.5,6,1,0,1.767,0.005,-0.0048,173.5403
1641,505488,552.39,155,1024,100.0,6,1,0,1.619,0.005,-0.0048,173.5403
1642,505616,540.94,163,1023,99.9,6,1,0,1.627,0.005,-0.0048,173.5403
1643,506008,541.75,159,1019,99.5,6,1,0,1.736,0.005,-0.0048,173.5403
1644,506232,503.49,175,1023,99.9,6,1,0,1.479,0.005,-0.0048,173.5403
1645,506288,570.83,166,1024,100.0,6,1,0,1.72,0.005,-0.0048,173.5403
1646,506512,507.94,281,1024,100.0,6,1,0,1.436,0.005,-0.0048,173.5403
1647,506608,537.69,214,1022,99.8,6,1,0,1.612,0.005,-0.0048,173.5403
1648,507416,513.0,285,1024,100.0,6,1,0,1.795,0.005,-0.0048,173.5403
1649,507472,496.45,148,1022,99.8,6,1,0,1.428,0.005,-0.0048,173.5403
1650,507656,67.07,30,641,62.6,2,0,1,0.133,0.005,-0.0048,173.5403
1651,507712,471.07,278,1024,100.0,6,1,0,1.764,0.005,-0.0048,173.5403
1652,507912,471.79,287,1022,99.8,6,1,0,1.898,0.005,-0.0044,179.6554
1653,508192,353.48,245,1010,98.6,5,0,1,0.168,0.005,-0.0044,179.6554
1654,508792,547.34,348,1018,99.4,6,1,0,1.77,0.005,-0.0044,179.6554
1655,508896,507.03,298,1024,100.0,6,1,0,1.614,0.005,-0.0044,179.6554
1656,508960,539.04,156,1023,99.9,6,1,0,1.705,0.005,-0.0044,179.6554
1657,509040,467.78,304,1018,99.4,6,1,0,1.734,0.005,-0.0044,179.6554
1658,509432,371.2,190,1013,98.9,5,0,1,0.214,0.005,-0.0044,179.6554
1659,509888,497.83,302,1024,100.0,6,1,0,1.211,0.005,-0.0044,179.6554
1660,510104,309.25,133,975,95.2,4,0,1,0.177,0.005,-0.0044,179.6554
1661,510160,539.27,313,1023,99.9,6,1,0,1.591,0.005,-0.0044,179.6554
1662,510640,484.21,306,1018,99.4,6,1,0,1.615,0.005,-0.0044,179.6554
1663,511096,508.7,288,1024,100.0,6,1,0,1.638,0.005,-0.0044,179.6554
1664,511296,467.38,292,1022,99.8,6,1,0,1.88,0.005,-0.0044,179.6554
1665,511296,490.04,300,1020,99.6,6,1,0,1.784,0.005,-0.0044,179.6554
1666,511480,570.06,172,1021,99.7,6,1,0,1.826,0.005,-0.0044,179.6554
1667,512344,355.66,307,1023,99.9,5,0,1,0.212,0.005,-0.0044,179.6554
1668,512632,552.18,167,1022,99.8,6,1,0,1.722,0.005,-0.0044,179.6554
1669,512736,535.81,322,1024,100.0,6,1,0,1.554,0.005,-0.0044,179.6554
1670,512904,6.06,21,225,22.0,1,0,1,0.213,0.005,-0.0044,179.6554
1671,513152,527.53,314,1024,100.0,6,1,0,1.084,0.005,-0.0044,179.6554
1672,513344,485.25,489,1021,99.7,6,1,0,1.552,0.005,-0.0044,179.6554
1673,513632,499.02,317,1023,99.9,6,1,0,1.707,0.005,-0.0044,179.6554
1674,513656,555.65,164,1021,99.7,6,1,0,1.877,0.005,-0.0044,179.6554
1675,513792,452.35,312,1024,100.0,6,1,0,1.599,0.005,-0.0044,179.6554
1676,513840,496.89,295,1020,99.6,6,1,0,1.734,0.005,-0.0044,179.6554
1677,514192,565.16,161,1024,100.0,6,1,0,0.858,0.005,-0.0044,179.6554
1678,514736,401.32,135,974,95.1,5,0,1,0.205,0.005,-0.0044,179.6554
1679,514904,546.51,159,1024,100.0,6,1,0,1.467,0.005,-0.0044,179.6554
1680,515272,526.73,330,1024,100.0,6,1,0,1.489,0.005,-0.0044,179.6554
1681,515616,520.63,308,1022,99.8,6,1,0,1.784,0.005,-0.0044,179.6554
1682,515696,454.02,294,1022,99.8,6,1,0,1.658,0.005,-0.0044,179.6554
1683,516032,499.74,274,1024,100.0,6,1,0,1.526,0.005,-0.0044,179.6554
1684,516104,477.77,289,1024,100.0,6,1,0,1.634,0.005,-0.0049,131.7827
1685,516288,72.9,32,502,49.0,2,0,1,0.179,0.005,-0.0049,131.7827
1686,516592,565.29,165,1024,100.0,6,1,0,1.588,0.005,-0.0049,131.7827
1687,516800,514.07,148,1017,99.3,6,1,0,1.41,0.005,-0.0049,131.7827
1688,516976,579.82,160,1024,100.0,6,1,0,1.762,0.005,-0.0049,131.7827
1689,517096,462.07,295,1023,99.9,6,1,0,1.598,0.005,-0.0049,131.7827
1690,517320,545.22,302,1024,100.0,6,1,0,1.435,0.005,-0.0049,131.7827
1691,517384,512.69,399,1024,100.0,6,1,0,1.469,0.005,-0.0049,131.7827
1692,518280,468.53,272,1024,100.0,6,1,0,1.503,0.005,-0.0049,131.7827
1693,518568,534.59,285,1024,100.0,6,1,0,1.682,0.005,-0.0049,131.7827
1694,518704,546.54,165,1020,99.6,6,1,0,1.644,0.005,-0.0049,131.7827
1695,518888,474.77,287,1024,100.0,6,1,0,0.998,0.005,-0.0049,131.7827
1696,519024,505.44,278,1024,100.0,6,1,0,1.835,0.005,-0.0049,131.7827
1697,519336,478.78,295,1021,99.7,6,1,0,1.803,0.005,-0.0049,131.7827
1698,519464,473.35,296,1024,100.0,6,1,0,1.7,0.005,-0.0049,131.7827
1699,519736,520.91,302,1024,100.0,6,1,0,1.75,0.005,-0.0049,131.7827
1700,520640,554.82,163,1024,100.0,6,1,0,1.596,0.005,-0.0049,131.7827
1701,520848,470.75,321,1024,100.0,6,1,0,1.149,0.005,-0.0049,131.7827
1702,520848,460.27,268,1024,100.0,6,1,0,1.515,0.005,-0.0049,131.7827
1703,521400,523.28,314,1024,100.0,6,1,0,1.588,0.005,-0.0049,131.7827
1704,521672,276.41,103,959,93.7,4,0,1,0.217,0.005,-0.0049,131.7827
1705,521880,485.7,302,1024,100.0,6,1,0,1.859,0.005,-0.0049,131.7827
1706,521952,359.87,366,1014,99.0,5,0,1,0.213,0.005,-0.0049,131.7827
1707,522128,502.46,299,1024,100.0,6,1,0,1.712,0.005,-0.0049,131.7827
1708,522864,474.68,278,1024,100.0,6,1,0,1.301,0.005,-0.0049,131.7827
1709,522976,540.52,163,1023,99.9,6,1,0,1.74,0.005,-0.0049,131.7827
1710,523232,409.26,583,1024,100.0,6,1,0,1.56,0.005,-0.0049,131.7827
1711,523272,524.77,303,1024,100.0,6,1,0,1.743,0.005,-0.0049,131.7827
1712,523288,61.55,39,511,49.9,1,0,1,0.153,0.005,-0.0049,131.7827
1713,523632,469.73,279,1024,100.0,6,1,0,1.217,0.005,-0.0049,131.7827
1714,524272,500.88,290,1022,99.8,6,1,0,1.684,0.005,-0.0049,131.7827
1715,524472,457.1,293,1023,99.9,6,1,0,1.76,0.005,-0.0027,132.158
1716,524528,522.93,162,1022,99.8,6,1,0,1.659,0.005,-0.0027,132.158
1717,524600,498.08,340,1024,100.0,6,1,0,1.861,0.005,-0.0027,132.158
1718,524848,556.27,152,1024,100.0,6,1,0,1.128,0.005,-0.0027,132.158
1719,525232,471.35,296,1020,99.6,6,1,0,1.742,0.005,-0.0027,132.158
1720,525664,538.22,149,1024,100.0,6,1,0,1.303,0.005,-0.0027,132.158
1721,525712,472.8,303,1020,99.6,6,1,0,1.633,0.005,-0.0027,132.158
1722,525752,466.43,310,1022,99.8,6,1,0,1.605,0.005,-0.0027,132.158
1723,526448,523.98,152,1024,100.0,6,1,0,1.587,0.005,-0.0027,132.158
1724,526696,515.17,303,1020,99.6,6,1,0,1.695,0.005,-0.0027,132.158
1725,526848,460.13,290,1024,100.0,6,1,0,1.608,0.005,-0.0027,132.158
1726,526976,78.32,35,520,50.8,2,0,1,0.124,0.005,-0.0027,132.158
1727,526984,574.17,154,1024,100.0,6,1,0,1.646,0.005,-0.0027,132.158
1728,527216,502.61,327,1024,100.0,6,1,0,1.838,0.005,-0.0027,132.158
1729,527504,486.07,332,1024,100.0,6,1,0,1.34,0.005,-0.0027,132.158
1730,527576,498.41,239,1019,99.5,6,1,0,1.759,0.005,-0.0027,132.158
1731,528072,550.05,153,1024,100.0,6,1,0,0.837,0.005,-0.0027,132.158
1732,528080,479.03,296,1024,100.0,6,1,0,1.773,0.005,-0.0027,132.158
1733,528424,541.82,151,1022,99.8,6,1,0,1.776,0.005,-0.0027,132.158
1734,528696,544.49,149,1024,100.0,6,1,0,1.295,0.005,-0.0027,132.158
1735,528864,462.68,302,1021,99.7,6,1,0,1.878,0.005,-0.0027,132.158
1736,529224,465.74,280,1024,100.0,6,1,0,1.283,0.005,-0.0027,132.158
1737,529240,341.57,145,945,92.3,4,0,1,0.181,0.005,-0.0027,132.158
1738,529424,525.23,169,1020,99.6,6,1,0,1.898,0.005,-0.0027,132.158
1739,529464,499.0,311,1023,99.9,6,1,0,1.716,0.005,-0.0027,132.158
1740,529888,467.58,289,1024,100.0,6,1,0,1.72,0.005,-0.0027,132.158
1741,530200,87.51,39,541,52.8,2,0,1,0.201,0.005,-0.0027,132.158
1742,530240,523.0,227,1024,100.0,6,1,0,1.136,0.005,-0.0027,132.158
1743,530448,553.43,153,1024,100.0,6,1,0,1.069,0.005,-0.0027,132.158
1744,530448,47.17,31,506,49.4,1,0,1,0.22,0.005,-0.0027,132.158
1745,530744,546.42,165,1024,100.0,6,1,0,1.63,0.005,-0.0027,132.158
1746,531112,528.59,302,1024,100.0,6,1,0,1.575,0.005,-0.0027,132.158
1747,531320,503.9,307,1020,99.6,6,1,0,1.67,0.005,-0.0027,132.158
1748,531712,452.92,281,1024,100.0,6,1,0,1.468,0.005,-0.0027,132.158
1749,531848,477.87,326,1024,100.0,6,1,0,1.281,0.005,-0.0027,132.158
1750,531984,576.94,155,1024,100.0,6,1,0,1.455,0.005,-0.0027,132.158
1751,532616,472.8,297,1022,99.8,6,1,0,1.876,0.005,-0.0042,153.6892
1752,532872,528.47,303,1024,100.0,6,1,0,1.504,0.005,-0.0042,153.6892
1753,532968,546.66,157,1023,99.9,6,1,0,1.87,0.005,-0.0042,153.6892
1754,533008,548.04,320,1024,100.0,6,1,0,1.782,0.005,-0.0042,153.6892
1755,533224,588.37,172,1024,100.0,6,1,0,1.515,0.005,-0.0042,153.6892
1756,533464,513.88,294,1024,100.0,6,1,0,1.52,0.005,-0.0042,153.6892
1757,533792,479.13,309,1019,99.5,6,1,0,1.643,0.005,-0.0042,153.6892
1758,533896,-6.19,13,449,43.8,1,0,1,0.129,0.005,-0.0042,153.6892
1759,533896,538.17,160,1023,99.9,6,1,0,1.84,0.005,-0.0042,153.6892
1760,534296,582.48,166,1024,100.0,6,1,0,1.243,0.005,-0.0042,153.6892
1761,534304,514.73,162,1023,99.9,6,1,0,1.684,0.005,-0.0042,153.6892
1762,534384,463.13,300,1024,100.0,6,1,0,1.871,0.005,-0.0042,153.6892
1763,534472,568.05,156,1024,100.0,6,1,0,1.449,0.005,-0.0042,153.6892
1764,535424,464.7,319,1024,100.0,6,1,0,0.856,0.005,-0.0042,153.6892
1765,535480,506.53,148,1019,99.5,6,1,0,1.858,0.005,-0.0042,153.6892
1766,535792,475.52,291,1022,99.8,6,1,0,1.63,0.005,-0.0042,153.6892
1767,536168,340.23,233,1011,98.7,5,0,1,0.209,0.005,-0.0042,153.6892
1768,536336,476.83,305,1022,99.8,6,1,0,1.338,0.005,-0.0042,153.6892
1769,536400,319.46,115,963,94.0,4,0,1,0.232,0.005,-0.0042,153.6892
1770,536472,529.4,322,1024,100.0,6,1,0,0.838,0.005,-0.0042,153.6892
1771,536952,502.25,310,1017,99.3,6,1,0,1.549,0.005,-0.0042,153.6892
1772,537080,570.67,161,1024,100.0,6,1,0,1.81,0.005,-0.0042,153.6892
1773,537192,502.27,351,1024,100.0,6,1,0,1.378,0.005,-0.0042,153.6892
1774,537216,69.51,33,545,53.2,2,0,1,0.1,0.005,-0.0042,153.6892
1775,537472,49.7,32,501,48.9,1,0,1,0.129,0.005,-0.0042,153.6892
1776,537704,477.02,285,1023,99.9,6,1,0,1.574,0.005,-0.0042,153.6892
1777,538488,455.7,290,1021,99.7,6,1,0,1.863,0.005,-0.0042,153.6892
1778,538608,501.06,142,1016,99.2,6,1,0,1.452,0.005,-0.0042,153.6892
1779,538680,479.27,293,1022,99.8,6,1,0,1.706,0.005,-0.0042,153.6892
1780,538784,494.49,289,1023,99.9,6,1,0,1.83,0.005,-0.0042,153.6892
1781,538904,528.18,313,1024,100.0,6,1,0,1.504,0.005,-0.0042,153.6892
1782,539536,524.39,307,1024,100.0,6,1,0,1.794,0.005,-0.0042,153.6892
1783,539592,484.07,300,1024,100.0,6,1,0,1.751,0.005,-0.0042,153.6892
1784,539792,497.42,148,1019,99.5,6,1,0,1.634,0.005,-0.0042,153.6892
1785,539912,533.15,154,1019,99.5,6,1,0,1.867,0.005,-0.0042,153.6892
1786,540064,470.37,295,1024,100.0,6,1,0,1.486,0.005,-0.0042,153.6892
1787,540176,569.01,159,1022,99.8,6,1,0,1.776,0.005,-0.0042,153.6892
1788,540320,52.96,32,508,49.6,1,0,1,0.192,0.005,-0.0042,153.6892
1789,540960,497.67,309,1024,100.0,6,1,0,1.4,0.005,-0.0043,156.1024
1790,541184,392.6,159,1020,99.6,5,0,1,0.102,0.005,-0.0043,156.1024
1791,541544,493.5,345,1022,99.8,6,1,0,1.8,0.005,-0.0043,156.1024
1792,541568,530.17,156,1024,100.0,6,1,0,1.639,0.005,-0.0043,156.1024
1793,541976,490.77,298,1020,99.6,6,1,0,1.815,0.005,-0.0043,156.1024
1794,542048,509.04,314,1020,99.6,6,1,0,1.875,0.005,-0.0043,156.1024
1795,542136,520.58,293,1024,100.0,6,1,0,1.212,0.005,-0.0043,156.1024
1796,542272,567.23,164,1024,100.0,6,1,0,1.775,0.005,-0.0043,156.1024
1797,542512,501.15,292,1022,99.8,6,1,0,1.622,0.005,-0.0043,156.1024
1798,542768,524.37,153,1021,99.7,6,1,0,1.778,0.005,-0.0043,156.1024
1799,543280,555.88,163,1024,100.0,6,1,0,1.487,0.005,-0.0043,156.1024
1800,543360,555.51,153,1024,100.0,6,1,0,0.936,0.005,-0.0043,156.1024
1801,543816,547.24,163,1023,99.9,6,1,0,1.801,0.005,-0.0043,156.1024
1802,543832,468.84,283,1023,99.9,6,1,0,1.82,0.005,-0.0043,156.1024
1803,544008,494.96,353,1024,100.0,6,1,0,1.645,0.005,-0.0043,156.1024
1804,544096,446.97,166,1018,99.4,5,0,1,0.191,0.005,-0.0043,156.1024
1805,544360,395.45,135,980,95.7,5,0,1,0.203,0.005,-0.0043,156.1024
1806,544560,485.88,314,1022,99.8,6,1,0,1.636,0.005,-0.0043,156.1024
1807,545096,561.83,160,1024,100.0,6,1,0,1.554,0.005,-0.0043,156.1024
1808,545176,495.04,363,1023,99.9,6,1,0,1.644,0.005,-0.0043,156.1024
1809,545224,538.46,152,1022,99.8,6,1,0,1.818,0.005,-0.0043,156.1024
1810,545432,296.3,109,967,94.4,4,0,1,0.118,0.005,-0.0043,156.1024
1811,545488,512.31,266,1024,100.0,6,1,0,1.351,0.005,-0.0043,156.1024
1812,545984,578.48,236,1024,100.0,6,1,0,1.492,0.005,-0.0043,156.1024
1813,546216,508.44,298,1024,100.0,6,1,0,1.713,0.005,-0.0043,156.1024
1814,546848,492.9,311,1020,99.6,6,1,0,1.792,0.005,-0.0043,156.1024
1815,547440,513.64,293,1024,100.0,6,1,0,1.473,0.005,-0.0043,156.1024
1816,547448,483.59,278,1024,100.0,6,1,0,1.453,0.005,-0.0043,156.1024
1817,547456,568.75,155,1024,100.0,6,1,0,1.502,0.005,-0.0043,156.1024
1818,547608,469.89,304,1018,99.4,6,1,0,1.667,0.005,-0.0043,156.1024
1819,547680,456.56,281,1024,100.0,6,1,0,1.633,0.005,-0.0043,156.1024
1820,547712,500.59,278,1024,100.0,6,1,0,1.606,0.005,-0.0043,156.1024
1821,548296,466.3,289,1021,99.7,6,1,0,1.689,0.005,-0.0043,156.1024
1822,549408,334.74,320,975,95.2,5,0,1,0.123,0.005,-0.0039,128.5525
1823,549648,499.04,276,1020,99.6,6,1,0,1.753,0.005,-0.0039,128.5525
1824,549680,528.66,279,1024,100.0,6,1,0,1.639,0.005,-0.0039,128.5525
1825,549696,75.91,36,653,63.8,2,0,1,0.194,0.005,-0.0039,128.5525
1826,549856,462.86,300,1020,99.6,6,1,0,1.76,0.005,-0.0039,128.5525
1827,549992,525.47,298,1024,100.0,6,1,0,1.599,0.005,-0.0039,128.5525
1828,550192,461.87,310,1024,100.0,6,1,0,1.222,0.005,-0.0039,128.5525
1829,550344,-0.2,19,229,22.4,1,0,1,0.13,0.005,-0.0039,128.5525
1830,551152,570.65,162,1024,100.0,6,1,0,1.965,0.005,-0.0039,128.5525
1831,551400,470.97,388,1024,100.0,6,1,0,1.579,0.005,-0.0039,128.5525
1832,551960,474.46,289,1023,99.9,6,1,0,1.875,0.005,-0.0039,128.5525
1833,551984,413.75,538,1023,99.9,6,1,0,1.682,0.005,-0.0039,128.5525
1834,552152,448.24,309,1024,100.0,6,1,0,1.273,0.005,-0.0039,128.5525
1835,552672,476.65,291,1022,99.8,6,1,0,1.817,0.005,-0.0039,128.5525
1836,552728,467.25,342,1024,100.0,6,1,0,1.582,0.005,-0.0039,128.5525
1837,552856,470.24,395,1023,99.9,6,1,0,1.607,0.005,-0.0039,128.5525
1838,553184,535.07,153,1024,100.0,6,1,0,1.641,0.005,-0.0039,128.5525
1839,553464,490.05,289,1020,99.6,6,1,0,1.724,0.005,-0.0039,128.5525
1840,554008,491.82,326,1024,100.0,6,1,0,1.76,0.005,-0.0039,128.5525
1841,554392,495.29,280,1021,99.7,6,1,0,1.768,0.005,-0.0039,128.5525
1842,554432,547.71,156,1020,99.6,6,1,0,1.902,0.005,-0.0039,128.5525
1843,554600,-16.36,26,184,18.0,1,0,1,0.038,0.005,-0.0039,128.5525
1844,554856,492.41,273,1024,100.0,6,1,0,0.988,0.005,-0.0039,128.5525
1845,555064,461.5,292,1022,99.8,6,1,0,1.64,0.005,-0.0039,128.5525
1846,555192,520.09,292,1024,100.0,6,1,0,1.721,0.005,-0.0039,128.5525
1847,555736,455.04,469,1024,100.0,6,1,0,1.815,0.005,-0.0039,128.5525
1848,556312,479.66,288,1023,99.9,6,1,0,1.641,0.005,-0.0039,128.5525
1849,556344,526.6,160,1022,99.8,6,1,0,1.771,0.005,-0.0039,128.5525
1850,556584,487.31,269,1019,99.5,6,1,0,1.844,0.005,-0.0039,128.5525
1851,556784,458.03,415,1024,100.0,6,1,0,1.556,0.005,-0.0039,128.5525
1852,557176,486.88,290,1022,99.8,6,1,0,1.782,0.005,-0.0026,126.908
1853,557568,500.78,297,1020,99.6,6,1,0,1.693,0.005,-0.0026,126.908
1854,557568,511.28,153,1021,99.7,6,1,0,1.661,0.005,-0.0026,126.908
1855,557576,571.3,158,1024,100.0,6,1,0,1.501,0.005,-0.0026,126.908
1856,557656,284.58,109,858,83.8,4,0,1,0.178,0.005,-0.0026,126.908
1857,557856,507.26,407,1022,99.8,6,1,0,1.849,0.005,-0.0026,126.908
1858,558160,506.73,303,1019,99.5,6,1,0,1.704,0.005,-0.0026,126.908
1859,558520,285.8,119,965,94.2,4,0,1,0.149,0.005,-0.0026,126.908
1860,558800,529.52,154,1021,99.7,6,1,0,1.589,0.005,-0.0026,126.908
1861,558944,470.22,295,1021,99.7,6,1,0,1.811,0.005,-0.0026,126.908
1862,559544,482.34,296,1022,99.8,6,1,0,1.509,0.005,-0.0026,126.908
1863,559784,544.34,158,1024,100.0,6,1,0,1.219,0.005,-0.0026,126.908
1864,559984,477.93,301,1024,100.0,6,1,0,0.773,0.005,-0.0026,126.908
1865,560064,579.81,158,1024,100.0,6,1,0,1.164,0.005,-0.0026,126.908
1866,560120,516.49,308,1024,100.0,6,1,0,1.06,0.005,-0.0026,126.908
1867,560128,463.91,284,1024,100.0,6,1,0,1.212,0.005,-0.0026,126.908
1868,560576,498.67,302,1019,99.5,6,1,0,1.857,0.005,-0.0026,126.908
1869,560768,555.75,153,1024,100.0,6,1,0,0.714,0.005,-0.0026,126.908
1870,561096,570.93,164,1024,100.0,6,1,0,1.596,0.005,-0.0026,126.908
1871,561184,455.3,280,1024,100.0,6,1,0,1.441,0.005,-0.0026,126.908
1872,561288,582.9,163,1024,100.0,6,1,0,1.099,0.005,-0.0026,126.908
1873,561360,539.36,154,1022,99.8,6,1,0,1.802,0.005,-0.0026,126.908
1874,561384,553.19,158,1023,99.9,6,1,0,1.765,0.005,-0.0026,126.908
1875,561752,515.78,147,1019,99.5,6,1,0,1.833,0.005,-0.0026,126.908
1876,562008,46.99,32,501,48.9,1,0,1,0.193,0.005,-0.0026,126.908
1877,562288,495.28,278,1024,100.0,6,1,0,1.391,0.005,-0.0026,126.908
1878,562512,552.58,166,1024,100.0,6,1,0,1.628,0.005,-0.0026,126.908
1879,562624,535.35,158,1021,99.7,6,1,0,1.691,0.005,-0.0026,126.908
1880,563224,478.15,307,1024,100.0,6,1,0,1.903,0.005,-0.0026,126.908
1881,563304,557.14,162,1024,100.0,6,1,0,1.312,0.005,-0.0026,126.908
1882,563504,532.55,152,1024,100.0,6,1,0,1.19,0.005,-0.0026,126.908
1883,563616,473.74,291,1021,99.7,6,1,0,1.882,0.005,-0.0026,126.908
1884,563624,466.84,280,1019,99.5,6,1,0,1.793,0.005,-0.0026,126.908
1885,563872,547.93,156,1022,99.8,6,1,0,1.85,0.005,-0.0026,126.908
1886,563872,50.36,31,637,62.2,1,0,1,0.176,0.005,-0.0026,126.908
1887,564576,547.62,159,1023,99.9,6,1,0,1.641,0.005,-0.0026,126.908
1888,564928,515.46,302,1024,100.0,6,1,0,1.318,0.005,-0.0026,126.908
1889,565072,537.48,150,1024,100.0,6,1,0,1.191,0.005,-0.0026,126.908
1890,565600,493.36,297,1024,100.0,6,1,0,1.187,0.005,-0.0056,132.4973
1891,565896,329.16,600,988,96.5,5,0,0,1.123,0.005,-0.0056,132.4973
1892,566000,584.48,312,1024,100.0,6,1,0,1.042,0.005,-0.0056,132.4973
1893,566032,466.01,302,1023,99.9,6,1,0,1.372,0.005,-0.0056,132.4973
1894,566200,494.29,291,1021,99.7,6,1,0,1.754,0.005,-0.0056,132.4973
1895,566928,507.39,294,1021,99.7,6,1,0,1.556,0.005,-0.0056,132.4973
1896,567120,528.99,153,1019,99.5,6,1,0,1.628,0.005,-0.0056,132.4973
1897,567136,32.72,26,508,49.6,1,0,1,0.194,0.005,-0.0056,132.4973
1898,567272,541.71,159,1023,99.9,6,1,0,1.469,0.005,-0.0056,132.4973
1899,567296,468.46,278,1024,100.0,6,1,0,1.195,0.005,-0.0056,132.4973
1900,567304,580.41,159,1024,100.0,6,1,0,1.189,0.005,-0.0056,132.4973
1901,567392,471.03,308,1020,99.6,6,1,0,1.704,0.005,-0.0056,132.4973
1902,567424,87.91,38,643,62.8,2,0,1,0.148,0.005,-0.0056,132.4973
1903,568520,472.85,290,1021,99.7,6,1,0,1.84,0.005,-0.0056,132.4973
1904,568672,579.51,160,1024,100.0,6,1,0,1.034,0.005,-0.0056,132.4973
1905,568672,562.75,156,1024,100.0,6,1,0,1.346,0.005,-0.0056,132.4973
1906,568816,21.44,37,217,21.2,1,0,1,0.123,0.005,-0.0056,132.4973
1907,568984,554.29,423,1024,100.0,6,1,0,1.273,0.005,-0.0056,132.4973
1908,569592,502.79,286,1024,100.0,6,1,0,1.376,0.005,-0.0056,132.4973
1909,569752,482.61,310,1023,99.9,6,1,0,1.827,0.005,-0.0056,132.4973
1910,569768,531.67,309,1024,100.0,6,1,0,1.456,0.005,-0.0056,132.4973
1911,569888,500.34,344,1024,100.0,6,1,0,1.823,0.005,-0.0056,132.4973
1912,570064,-16.2,22,200,19.5,1,0,1,0.147,0.005,-0.0056,132.4973
1913,570592,410.42,240,979,95.6,5,0,1,0.208,0.005,-0.0056,132.4973
1914,571024,535.1,159,1020,99.6,6,1,0,1.469,0.005,-0.0056,132.4973
1915,571024,544.48,157,1019,99.5,6,1,0,1.764,0.005,-0.0056,132.4973
1916,571064,463.11,281,1024,100.0,6,1,0,1.431,0.005,-0.0056,132.4973
1917,571112,479.89,305,1018,99.4,6,1,0,1.854,0.005,-0.0056,132.4973
1918,571224,474.81,280,1023,99.9,6,1,0,1.65,0.005,-0.0056,132.4973
1919,571312,553.13,156,1024,100.0,6,1,0,1.152,0.005,-0.0056,132.4973
1920,572424,554.86,170,1024,100.0,6,1,0,1.572,0.005,-0.0056,132.4973
1921,572728,496.1,213,1024,100.0,6,1,0,0.843,0.005,-0.0056,132.4973
1922,573000,450.87,301,1024,100.0,6,1,0,1.592,0.005,-0.0056,132.4973
1923,573096,308.33,248,978,95.5,5,0,1,0.198,0.005,-0.0056,132.4973
1924,573232,510.66,276,1024,100.0,6,1,0,1.415,0.005,-0.0056,132.4973
1925,573544,576.43,290,1024,100.0,6,1,0,1.549,0.005,-0.0056,207.3495
1926,574032,519.74,555,1024,100.0,6,1,0,1.356,0.005,-0.0056,207.3495
1927,574472,564.88,155,1024,100.0,6,1,0,1.456,0.005,-0.0056,207.3495
1928,574536,487.59,403,1024,100.0,6,1,0,0.906,0.005,-0.0056,207.3495
1929,574904,488.22,310,1019,99.5,6,1,0,1.597,0.005,-0.0056,207.3495
1930,575208,472.62,310,1024,100.0,6,1,0,1.314,0.005,-0.0056,207.3495
1931,575376,489.85,297,1020,99.6,6,1,0,1.617,0.005,-0.0056,207.3495
1932,576184,500.36,386,1024,100.0,6,1,0,1.278,0.005,-0.0056,207.3495
1933,576288,303.82,219,966,94.3,5,0,1,0.159,0.005,-0.0056,207.3495
1934,576304,452.02,284,1024,100.0,6,1,0,1.229,0.005,-0.0056,207.3495
1935,576584,488.91,264,1024,100.0,6,1,0,1.012,0.005,-0.0056,207.3495
1936,576592,504.54,381,1024,100.0,6,1,0,1.349,0.005,-0.0056,207.3495
1937,577120,520.45,277,1024,100.0,6,1,0,0.927,0.005,-0.0056,207.3495
1938,577584,542.09,160,1020,99.6,6,1,0,1.361,0.005,-0.0056,207.3495
1939,577768,-0.3,23,216,21.1,1,0,1,0.163,0.005,-0.0056,207.3495
1940,577816,495.7,305,1024,100.0,6,1,0,1.294,0.005,-0.0056,207.3495
1941,578008,546.83,228,1019,99.5,6,1,0,1.838,0.005,-0.0056,207.3495
1942,578120,582.07,191,1024,100.0,6,1,0,1.676,0.005,-0.0056,207.3495
1943,578592,492.9,288,1022,99.8,6,1,0,1.502,0.005,-0.0056,207.3495
1944,578944,479.79,295,1021,99.7,6,1,0,1.371,0.005,-0.0056,207.3495
1945,579000,440.88,474,1024,100.0,6,1,0,1.788,0.005,-0.0056,207.3495
1946,579080,546.97,164,1020,99.6,6,1,0,1.816,0.005,-0.0056,207.3495
1947,579352,78.81,34,640,62.5,2,0,1,0.131,0.005,-0.0056,207.3495
1948,579480,561.87,170,1022,99.8,6,1,0,1.805,0.005,-0.0056,207.3495
1949,579552,459.56,304,1024,100.0,6,1,0,1.751,0.005,-0.0056,207.3495
1950,580616,506.73,326,1023,99.9,6,1,0,1.873,0.005,-0.0056,207.3495
1951,580992,462.31,300,1019,99.5,6,1,0,1.758,0.005,-0.0056,207.3495
1952,581096,459.61,410,1024,100.0,6,1,0,1.137,0.005,-0.0056,207.3495
1953,581752,484.97,351,1024,100.0,6,1,0,1.48,0.005,-0.0046,139.6241
1954,581800,532.71,306,1019,99.5,6,1,0,1.872,0.005,-0.0046,139.6241
1955,581904,482.52,294,1024,100.0,6,1,0,0.984,0.005,-0.0046,139.6241
1956,581912,-6.48,20,197,19.2,1,0,1,0.119,0.005,-0.0046,139.6241
1957,582152,544.07,394,1024,100.0,6,1,0,1.267,0.005,-0.0046,139.6241
1958,582352,550.36,157,1022,99.8,6,1,0,1.812,0.005,-0.0046,139.6241
1959,583120,506.63,313,1017,99.3,6,1,0,1.646,0.005,-0.0046,139.6241
1960,583144,551.2,154,1024,100.0,6,1,0,1.725,0.005,-0.0046,139.6241
1961,584184,493.5,298,1021,99.7,6,1,0,1.753,0.005,-0.0046,139.6241
1962,584280,340.35,600,960,93.8,5,0,0,1.581,0.005,-0.0046,139.6241
1963,584384,478.16,279,1020,99.6,6,1,0,1.721,0.005,-0.0046,139.6241
1964,584496,558.49,169,1017,99.3,6,1,0,1.458,0.005,-0.0046,139.6241
1965,585072,475.42,510,1024,100.0,6,1,0,1.291,0.005,-0.0046,139.6241
1966,585856,466.65,342,1024,100.0,6,1,0,1.583,0.005,-0.0046,139.6241
1967,585976,475.97,453,1024,100.0,6,1,0,1.73,0.005,-0.0046,139.6241
1968,586248,431.24,543,1024,100.0,6,1,0,1.369,0.005,-0.0046,139.6241
1969,586472,468.0,286,1021,99.7,6,1,0,1.881,0.005,-0.0046,139.6241
1970,586720,472.78,305,1024,100.0,6,1,0,1.458,0.005,-0.0046,139.6241
1971,586800,487.72,302,1024,100.0,6,1,0,1.274,0.005,-0.0046,139.6241
1972,587448,514.95,150,1020,99.6,6,1,0,1.735,0.005,-0.0046,139.6241
1973,587488,488.55,302,1020,99.6,6,1,0,1.501,0.005,-0.0046,139.6241
1974,587768,565.24,162,1024,100.0,6,1,0,1.27,0.005,-0.0046,139.6241
1975,588256,483.86,300,1021,99.7,6,1,0,1.656,0.005,-0.0046,139.6241
1976,588680,529.95,154,1021,99.7,6,1,0,1.633,0.005,-0.0046,139.6241
1977,589296,367.56,600,1021,99.7,5,0,0,1.306,0.005,-0.0046,139.6241
1978,589384,444.98,426,1024,100.0,6,1,0,1.337,0.005,-0.0046,139.6241
1979,589496,556.84,155,1022,99.8,6,1,0,1.762,0.005,-0.0046,139.6241
1980,589512,505.44,253,1024,100.0,6,1,0,1.029,0.005,-0.0046,139.6241
1981,589712,480.59,364,1023,99.9,6,1,0,1.703,0.005,-0.0046,139.6241
1982,590152,489.25,298,1022,99.8,6,1,0,1.527,0.005,-0.004,89.4725
1983,590592,541.56,162,1023,99.9,6,1,0,1.845,0.005,-0.004,89.4725
1984,591064,503.69,298,1024,100.0,6,1,0,1.43,0.005,-0.004,89.4725
1985,591392,495.95,584,1024,100.0,6,1,0,1.455,0.005,-0.004,89.4725
1986,591752,575.6,200,1024,100.0,6,1,0,0.973,0.005,-0.004,89.4725
1987,591792,514.55,301,1024,100.0,6,1,0,1.193,0.005,-0.004,89.4725
1988,591848,472.02,294,1024,100.0,6,1,0,1.212,0.005,-0.004,89.4725
1989,591968,489.08,307,1024,100.0,6,1,0,1.501,0.005,-0.004,89.4725
1990,592008,463.13,287,1024,100.0,6,1,0,1.491,0.005,-0.004,89.4725
1991,593168,217.37,145,644,62.9,3,0,1,0.179,0.005,-0.004,89.4725
1992,593496,493.07,304,1020,99.6,6,1,0,1.882,0.005,-0.004,89.4725
1993,593776,518.09,398,1024,100.0,6,1,0,1.608,0.005,-0.004,89.4725
1994,593840,497.41,306,1017,99.3,6,1,0,1.778,0.005,-0.004,89.4725
1995,593952,468.95,270,1024,100.0,6,1,0,1.037,0.005,-0.004,89.4725
1996,594088,70.19,31,513,50.1,2,0,1,0.199,0.005,-0.004,89.4725
1997,594152,468.76,288,1022,99.8,6,1,0,1.772,0.005,-0.004,89.4725
1998,594192,481.55,305,1024,100.0,6,1,0,1.286,0.005,-0.004,89.4725
1999,594448,480.2,310,1024,100.0,6,1,0,1.059,0.005,-0.004,89.4725
2000,594736,84.72,36,649,63.4,2,0,1,0.222,0.005,-0.004,89.4725
2001,594976,543.66,150,1024,100.0,6,1,0,1.18,0.005,-0.004,89.4725
2002,595336,552.41,156,1024,100.0,6,1,0,1.475,0.005,-0.004,89.4725
2003,595424,562.26,184,1024,100.0,6,1,0,1.279,0.005,-0.004,89.4725
2004,595472,583.19,160,1024,100.0,6,1,0,1.248,0.005,-0.004,89.4725
2005,596136,530.71,175,1021,99.7,6,1,0,1.795,0.005,-0.004,89.4725
2006,596304,501.72,392,1024,100.0,6,1,0,1.17,0.005,-0.004,89.4725
2007,596688,533.08,152,1018,99.4,6,1,0,1.385,0.005,-0.004,89.4725
2008,597024,507.53,256,1023,99.9,6,1,0,1.382,0.005,-0.004,89.4725
2009,597184,482.75,379,1024,100.0,6,1,0,1.165,0.005,-0.004,89.4725
2010,597248,506.65,469,1024,100.0,6,1,0,1.535,0.005,-0.004,89.4725
2011,597408,548.01,159,1023,99.9,6,1,0,1.755,0.005,-0.004,89.4725
2012,597552,443.12,277,1024,100.0,6,1,0,1.124,0.005,-0.004,89.4725
2013,597816,359.48,299,1019,99.5,5,0,1,0.212,0.005,-0.004,89.4725
2014,598264,547.94,155,1020,99.6,6,1,0,1.573,0.005,-0.0037,154.496
2015,598432,557.05,156,1024,100.0,6,1,0,1.622,0.005,-0.0037,154.496
2016,598800,558.78,156,1024,100.0,6,1,0,1.57,0.005,-0.0037,154.496
2017,599128,504.28,305,1024,100.0,6,1,0,1.092,0.005,-0.0037,154.496
2018,599488,509.8,398,1024,100.0,6,1,0,1.06,0.005,-0.0037,154.496
2019,599544,535.54,160,1021,99.7,6,1,0,1.632,0.005,-0.0037,154.496
2020,599576,495.45,291,1020,99.6,6,1,0,1.874,0.005,-0.0037,154.496
2021,599696,541.52,158,1024,100.0,6,1,0,1.793,0.005,-0.0037,154.496
2022,599880,476.11,309,1020,99.6,6,1,0,1.451,0.005,-0.0037,154.496
2023,600096,579.23,162,1024,100.0,6,1,0,1.643,0.005,-0.0037,154.496
2024,600408,509.6,324,1024,100.0,6,1,0,1.423,0.005,-0.0037,154.496
2025,600792,543.27,152,1024,100.0,6,1,0,0.987,0.005,-0.0037,154.496
2026,601144,544.61,158,1023,99.9,6,1,0,1.751,0.005,-0.0037,154.496
2027,601960,483.6,302,1019,99.5,6,1,0,1.722,0.005,-0.0037,154.496
2028,602096,568.33,163,1024,100.0,6,1,0,1.196,0.005,-0.0037,154.496
2029,602128,449.28,304,1020,99.6,6,1,0,1.593,0.005,-0.0037,154.496
2030,602192,44.7,29,634,61.9,1,0,1,0.16,0.005,-0.0037,154.496
2031,602296,506.0,396,1019,99.5,6,1,0,1.562,0.005,-0.0037,154.496
2032,602504,493.28,301,1021,99.7,6,1,0,1.661,0.005,-0.0037,154.496
2033,602528,99.48,42,647,63.2,2,0,1,0.189,0.005,-0.0037,154.496
2034,602816,488.57,301,1019,99.5,6,1,0,1.664,0.005,-0.0037,154.496
2035,602936,468.28,431,1024,100.0,6,1,0,1.611,0.005,-0.0037,154.496
2036,603360,561.57,154,1024,100.0,6,1,0,1.71,0.005,-0.0037,154.496
2037,603520,538.53,153,1020,99.6,6,1,0,1.809,0.005,-0.0037,154.496
2038,603520,504.67,297,1024,100.0,6,1,0,1.653,0.005,-0.0037,154.496
2039,603792,75.92,34,643,62.8,2,0,1,0.129,0.005,-0.0037,154.496
2040,603896,546.66,171,1020,99.6,6,1,0,1.862,0.005,-0.0037,154.496
2041,604128,559.45,149,1024,100.0,6,1,0,1.298,0.005,-0.0037,154.496
2042,604544,538.62,306,1024,100.0,6,1,0,1.555,0.005,-0.0037,154.496
2043,604848,549.33,166,1024,100.0,6,1,0,1.63,0.005,-0.0037,154.496
2044,604888,474.67,298,1019,99.5,6,1,0,1.571,0.005,-0.0037,154.496
2045,605032,533.64,155,1024,100.0,6,1,0,1.629,0.005,-0.0037,154.496
2046,605088,494.58,284,1024,100.0,6,1,0,1.816,0.005,-0.0037,154.496
2047,605392,544.41,158,1023,99.9,6,1,0,1.58,0.005,-0.0037,154.496
2048,605672,476.85,289,1021,99.7,6,1,0,1.717,0.005,-0.0037,154.496
2049,606704,561.45,164,1021,99.7,6,1,0,1.748,0.005,-0.0026,130.9864
2050,606984,469.03,305,1020,99.6,6,1,0,1.735,0.005,-0.0026,130.9864
2051,607120,454.14,403,1024,100.0,6,1,0,1.854,0.005,-0.0026,130.9864
2052,607280,467.09,299,1024,100.0,6,1,0,1.522,0.005,-0.0026,130.9864
2053,607304,484.1,307,1023,99.9,6,1,0,1.714,0.005,-0.0026,130.9864
2054,607456,502.38,303,1023,99.9,6,1,0,1.636,0.005,-0.0026,130.9864
2055,607752,478.16,333,1024,100.0,6,1,0,1.307,0.005,-0.0026,130.9864
2056,608096,510.39,303,1024,100.0,6,1,0,1.498,0.005,-0.0026,130.9864
2057,608464,561.12,168,1024,100.0,6,1,0,1.586,0.005,-0.0026,130.9864
2058,608560,544.84,157,1024,100.0,6,1,0,1.502,0.005,-0.0026,130.9864
2059,609104,527.51,300,1024,100.0,6,1,0,1.335,0.005,-0.0026,130.9864
2060,609376,476.03,299,1024,100.0,6,1,0,1.747,0.005,-0.0026,130.9864
2061,609384,544.35,161,1023,99.9,6,1,0,1.704,0.005,-0.0026,130.9864
2062,609416,500.33,267,1024,100.0,6,1,0,1.383,0.005,-0.0026,130.9864
2063,609648,-10.57,29,208,20.3,1,0,1,0.13,0.005,-0.0026,130.9864
2064,609736,574.77,159,1024,100.0,6,1,0,1.282,0.005,-0.0026,130.9864
2065,609776,485.91,290,1022,99.8,6,1,0,1.638,0.005,-0.0026,130.9864
2066,610352,550.73,156,1019,99.5,6,1,0,1.62,0.005,-0.0026,130.9864
2067,610632,523.59,157,1021,99.7,6,1,0,1.515,0.005,-0.0026,130.9864
2068,610752,449.7,375,1023,99.9,6,1,0,1.87,0.005,-0.0026,130.9864
2069,610864,4.68,29,196,19.1,1,0,1,0.132,0.005,-0.0026,130.9864
2070,611680,488.54,390,1021,99.7,6,1,0,1.712,0.005,-0.0026,130.9864
2071,611840,467.83,307,1019,99.5,6,1,0,1.368,0.005,-0.0026,130.9864
2072,612064,483.43,291,1021,99.7,6,1,0,1.789,0.005,-0.0026,130.9864
2073,612104,466.44,291,1020,99.6,6,1,0,1.72,0.005,-0.0026,130.9864
2074,612136,473.58,311,1019,99.5,6,1,0,1.773,0.005,-0.0026,130.9864
2075,612720,531.69,296,1024,100.0,6,1,0,1.341,0.005,-0.0026,130.9864
2076,613144,553.37,163,1020,99.6,6,1,0,1.521,0.005,-0.0026,130.9864
2077,613176,501.28,303,1019,99.5,6,1,0,1.884,0.005,-0.0026,130.9864
2078,613256,440.24,299,1021,99.7,6,1,0,1.877,0.005,-0.0026,130.9864
2079,613360,547.12,157,1021,99.7,6,1,0,1.602,0.005,-0.0026,130.9864
2080,614296,530.03,270,1024,100.0,6,1,0,1.408,0.005,-0.0026,130.9864
2081,614352,461.18,286,1023,99.9,6,1,0,1.752,0.005,-0.0026,130.9864
2082,614392,535.46,156,1024,100.0,6,1,0,1.518,0.005,-0.0026,130.9864
2083,614408,534.96,341,1024,100.0,6,1,0,1.517,0.005,-0.0058,90.2151
2084,614608,558.65,156,1024,100.0,6,1,0,1.422,0.005,-0.0058,90.2151
2085,614728,87.02,42,648,63.3,2,0,1,0.186,0.005,-0.0058,90.2151
2086,615344,481.47,271,1024,100.0,6,1,0,1.296,0.005,-0.0058,90.2151
2087,615520,518.1,153,1019,99.5,6,1,0,1.626,0.005,-0.0058,90.2151
2088,615640,482.8,298,1022,99.8,6,1,0,1.793,0.005,-0.0058,90.2151
2089,615736,586.13,173,1024,100.0,6,1,0,1.533,0.005,-0.0058,90.2151
2090,615808,531.95,386,1022,99.8,6,1,0,1.823,0.005,-0.0058,90.2151
2091,616544,541.41,150,1024,100.0,6,1,0,1.559,0.005,-0.0058,90.2151
2092,616760,559.41,155,1023,99.9,6,1,0,1.832,0.005,-0.0058,90.2151
2093,616824,490.05,302,1019,99.5,6,1,0,1.795,0.005,-0.0058,90.2151
2094,616880,464.27,284,1024,100.0,6,1,0,1.118,0.005,-0.0058,90.2151
2095,616944,-23.11,8,434,42.4,1,0,1,0.115,0.005,-0.0058,90.2151
2096,616984,564.29,156,1024,100.0,6,1,0,1.306,0.005,-0.0058,90.2151
2097,617216,469.77,311,1024,100.0,6,1,0,1.211,0.005,-0.0058,90.2151
2098,618160,496.1,294,1019,99.5,6,1,0,1.814,0.005,-0.0058,90.2151
2099,618296,541.61,164,1023,99.9,6,1,0,1.674,0.005,-0.0058,90.2151
2100,618800,483.74,395,1023,99.9,6,1,0,1.576,0.005,-0.0058,90.2151
2101,618856,514.0,239,1020,99.6,6,1,0,1.5,0.005,-0.0058,90.2151
2102,619048,489.67,286,1023,99.9,6,1,0,1.756,0.005,-0.0058,90.2151
2103,619080,484.53,317,1020,99.6,6,1,0,1.643,0.005,-0.0058,90.2151
2104,619232,519.39,301,1024,100.0,6,1,0,1.801,0.005,-0.0058,90.2151
2105,620016,562.27,152,1024,100.0,6,1,0,1.461,0.005,-0.0058,90.2151
2106,620264,522.59,381,1024,100.0,6,1,0,1.048,0.005,-0.0058,90.2151
2107,620400,558.18,169,1020,99.6,6,1,0,1.847,0.005,-0.0058,90.2151
2108,620600,520.43,305,1020,99.6,6,1,0,1.704,0.005,-0.0058,90.2151
2109,621184,494.48,361,1024,100.0,6,1,0,1.794,0.005,-0.0058,90.2151
2110,621208,503.72,266,1024,100.0,6,1,0,1.488,0.005,-0.0058,90.2151
2111,621264,491.35,301,1019,99.5,6,1,0,1.761,0.005,-0.0058,90.2151
2112,621984,531.26,344,1024,100.0,6,1,0,1.429,0.005,-0.0058,90.2151
2113,622360,525.68,262,1024,100.0,6,1,0,1.329,0.005,-0.0058,90.2151
2114,622456,470.95,305,1018,99.4,6,1,0,1.635,0.005,-0.0058,90.2151
2115,622672,492.89,284,1022,99.8,6,1,0,1.814,0.005,-0.0038,102.2153
2116,623032,484.83,304,1018,99.4,6,1,0,1.865,0.005,-0.0038,102.2153
2117,623568,505.06,298,1024,100.0,6,1,0,1.81,0.005,-0.0038,102.2153
2118,623584,473.47,297,1020,99.6,6,1,0,1.867,0.005,-0.0038,102.2153
2119,623616,484.07,294,1020,99.6,6,1,0,1.607,0.005,-0.0038,102.2153
2120,624472,506.41,311,1020,99.6,6,1,0,1.792,0.005,-0.0038,102.2153
2121,624736,496.8,297,1024,100.0,6,1,0,1.559,0.005,-0.0038,102.2153
2122,624880,438.21,303,1024,100.0,6,1,0,1.819,0.005,-0.0038,102.2153
2123,625184,513.67,314,1021,99.7,6,1,0,1.868,0.005,-0.0038,102.2153
2124,625520,529.22,311,1023,99.9,6,1,0,1.775,0.005,-0.0038,102.2153
2125,625656,529.84,148,1020,99.6,6,1,0,1.611,0.005,-0.0038,102.2153
2126,625944,495.69,291,1023,99.9,6,1,0,1.869,0.005,-0.0038,102.2153
2127,625968,479.84,300,1020,99.6,6,1,0,1.718,0.005,-0.0038,102.2153
2128,626000,571.04,158,1024,100.0,6,1,0,1.666,0.005,-0.0038,102.2153
2129,626792,538.36,159,1023,99.9,6,1,0,1.812,0.005,-0.0038,102.2153
2130,626872,467.61,411,1024,100.0,6,1,0,1.564,0.005,-0.0038,102.2153
2131,627184,559.39,155,1024,100.0,6,1,0,1.136,0.005,-0.0038,102.2153
2132,627200,549.81,150,1024,100.0,6,1,0,1.168,0.005,-0.0038,102.2153
2133,627264,468.51,298,1022,99.8,6,1,0,1.843,0.005,-0.0038,102.2153
2134,627488,470.96,288,1021,99.7,6,1,0,1.817,0.005,-0.0038,102.2153
2135,628000,559.9,151,1024,100.0,6,1,0,1.478,0.005,-0.0038,102.2153
2136,628096,477.58,266,1024,100.0,6,1,0,1.393,0.005,-0.0038,102.2153
2137,628184,546.02,316,1024,100.0,6,1,0,1.607,0.005,-0.0038,102.2153
2138,628736,556.15,156,1024,100.0,6,1,0,1.648,0.005,-0.0038,102.2153
2139,629000,472.14,266,1024,100.0,6,1,0,1.743,0.005,-0.0038,102.2153
2140,629160,499.65,145,1023,99.9,6,1,0,1.595,0.005,-0.0038,102.2153
2141,629384,535.25,161,1020,99.6,6,1,0,1.651,0.005,-0.0038,102.2153
2142,629536,456.37,294,1024,100.0,6,1,0,1.72,0.005,-0.0038,102.2153
2143,629672,519.29,301,1024,100.0,6,1,0,1.623,0.005,-0.0038,102.2153
2144,629712,515.4,314,1021,99.7,6,1,0,1.751,0.005,-0.0038,102.2153
2145,629992,556.15,157,1024,100.0,6,1,0,1.514,0.005,-0.0038,102.2153
2146,630240,570.53,155,1024,100.0,6,1,0,1.35,0.005,-0.0038,102.2153
2147,630528,479.82,293,1020,99.6,6,1,0,1.747,0.005,-0.0038,102.2153
2148,630952,529.5,155,1023,99.9,6,1,0,1.752,0.005,-0.0044,55.1449
2149,631648,471.16,311,1019,99.5,6,1,0,1.778,0.005,-0.0044,55.1449
2150,631800,493.41,302,1020,99.6,6,1,0,1.56,0.005,-0.0044,55.1449
2151,631872,476.95,292,1020,99.6,6,1,0,1.659,0.005,-0.0044,55.1449
2152,632024,477.98,294,1024,100.0,6,1,0,1.717,0.005,-0.0044,55.1449
2153,632432,462.07,305,1021,99.7,6,1,0,1.861,0.005,-0.0044,55.1449
2154,632632,478.33,299,1021,99.7,6,1,0,1.636,0.005,-0.0044,55.1449
2155,632832,279.28,101,880,85.9,4,0,1,0.198,0.005,-0.0044,55.1449
2156,632960,495.51,304,1020,99.6,6,1,0,1.691,0.005,-0.0044,55.1449
2157,633336,493.93,298,1019,99.5,6,1,0,1.691,0.005,-0.0044,55.1449
2158,633592,70.41,32,643,62.8,2,0,1,0.162,0.005,-0.0044,55.1449
2159,634104,505.1,307,1020,99.6,6,1,0,1.781,0.005,-0.0044,55.1449
2160,634264,514.36,308,1024,100.0,6,1,0,1.703,0.005,-0.0044,55.1449
2161,634344,554.08,309,1024,100.0,6,1,0,1.565,0.005,-0.0044,55.1449
2162,634408,524.95,247,1023,99.9,6,1,0,1.45,0.005,-0.0044,55.1449
2163,635000,493.1,296,1020,99.6,6,1,0,1.86,0.005,-0.0044,55.1449
2164,635144,492.8,273,1024,100.0,6,1,0,0.894,0.005,-0.0044,55.1449
2165,635184,464.33,294,1021,99.7,6,1,0,1.813,0.005,-0.0044,55.1449
2166,635288,565.49,148,1024,100.0,6,1,0,1.093,0.005,-0.0044,55.1449
2167,635544,532.28,160,1021,99.7,6,1,0,1.808,0.005,-0.0044,55.1449
2168,635616,524.35,151,1019,99.5,6,1,0,1.878,0.005,-0.0044,55.1449
2169,636464,485.95,359,1024,100.0,6,1,0,1.904,0.005,-0.0044,55.1449
2170,636800,500.92,307,1019,99.5,6,1,0,1.517,0.005,-0.0044,55.1449
2171,636960,532.83,245,1020,99.6,6,1,0,1.667,0.005,-0.0044,55.1449
2172,637584,446.74,300,1024,100.0,6,1,0,1.919,0.005,-0.0044,55.1449
2173,637624,472.39,310,1024,100.0,6,1,0,1.775,0.005,-0.0044,55.1449
2174,637736,511.84,306,1024,100.0,6,1,0,1.631,0.005,-0.0044,55.1449
2175,637888,471.89,284,1021,99.7,6,1,0,1.627,0.005,-0.0044,55.1449
2176,637952,536.25,301,1024,100.0,6,1,0,1.528,0.005,-0.0044,55.1449
2177,638192,532.86,154,1019,99.5,6,1,0,1.742,0.005,-0.0044,55.1449
2178,638880,519.21,302,1024,100.0,6,1,0,1.581,0.005,-0.0044,55.1449
2179,638880,556.88,157,1024,100.0,6,1,0,1.483,0.005,-0.0044,55.1449
2180,638936,513.89,150,1020,99.6,6,1,0,1.817,0.005,-0.0044,55.1449
2181,639064,468.32,283,1022,99.8,6,1,0,1.848,0.005,-0.0036,87.0726
2182,639480,532.19,161,1023,99.9,6,1,0,1.811,0.005,-0.0036,87.0726
2183,639944,477.98,295,1019,99.5,6,1,0,1.745,0.005,-0.0036,87.0726
2184,640088,455.71,267,1024,100.0,6,1,0,1.292,0.005,-0.0036,87.0726
2185,640168,517.35,154,1022,99.8,6,1,0,1.758,0.005,-0.0036,87.0726
2186,640240,453.92,294,1022,99.8,6,1,0,1.709,0.005,-0.0036,87.0726
2187,640696,539.28,152,1019,99.5,6,1,0,1.801,0.005,-0.0036,87.0726
2188,641048,472.04,271,1024,100.0,6,1,0,1.23,0.005,-0.0036,87.0726
2189,641216,570.59,159,1024,100.0,6,1,0,1.771,0.005,-0.0036,87.0726
2190,641264,486.92,298,1018,99.4,6,1,0,1.309,0.005,-0.0036,87.0726
2191,641400,491.49,292,1020,99.6,6,1,0,1.833,0.005,-0.0036,87.0726
2192,641976,574.38,160,1024,100.0,6,1,0,1.235,0.005,-0.0036,87.0726
2193,642192,454.19,263,1024,100.0,6,1,0,1.271,0.005,-0.0036,87.0726
2194,642216,534.66,247,1022,99.8,6,1,0,1.58,0.005,-0.0036,87.0726
2195,642240,76.03,33,533,52.1,2,0,1,0.2,0.005,-0.0036,87.0726
2196,642248,547.45,150,1024,100.0,6,1,0,1.187,0.005,-0.0036,87.0726
2197,642544,556.7,160,1024,100.0,6,1,0,1.751,0.005,-0.0036,87.0726
2198,642624,544.39,307,1024,100.0,6,1,0,1.715,0.005,-0.0036,87.0726
2199,643672,500.19,307,1019,99.5,6,1,0,1.736,0.005,-0.0036,87.0726
2200,643848,471.69,306,1019,99.5,6,1,0,1.615,0.005,-0.0036,87.0726
2201,644088,533.33,237,1021,99.7,6,1,0,1.833,0.005,-0.0036,87.0726
2202,644520,496.7,285,1024,100.0,6,1,0,1.693,0.005,-0.0036,87.0726
2203,644584,484.4,296,1018,99.4,6,1,0,1.656,0.005,-0.0036,87.0726
2204,644608,480.93,295,1024,100.0,6,1,0,1.765,0.005,-0.0036,87.0726
2205,644872,477.76,291,1021,99.7,6,1,0,1.812,0.005,-0.0036,87.0726
2206,644928,538.57,157,1018,99.4,6,1,0,1.697,0.005,-0.0036,87.0726
2207,644944,473.0,290,1022,99.8,6,1,0,1.854,0.005,-0.0036,87.0726
2208,645120,541.45,159,1024,100.0,6,1,0,1.885,0.005,-0.0036,87.0726
2209,646440,507.16,294,1023,99.9,6,1,0,1.729,0.005,-0.0036,87.0726
2210,646832,499.31,289,1021,99.7,6,1,0,1.883,0.005,-0.0036,87.0726
2211,646976,499.37,296,1021,99.7,6,1,0,1.678,0.005,-0.0036,87.0726
2212,646992,487.33,301,1020,99.6,6,1,0,1.451,0.005,-0.0036,87.0726
2213,647280,461.49,294,1021,99.7,6,1,0,1.888,0.005,-0.0029,80.6673
2214,647336,502.95,308,1019,99.5,6,1,0,1.6,0.005,-0.0029,80.6673
2215,647344,482.26,300,1020,99.6,6,1,0,1.743,0.005,-0.0029,80.6673
2216,647344,530.1,278,1024,100.0,6,1,0,1.303,0.005,-0.0029,80.6673
2217,647552,-4.05,26,185,18.1,1,0,1,0.163,0.005,-0.0029,80.6673
2218,647616,552.92,147,1024,100.0,6,1,0,1.256,0.005,-0.0029,80.6673
2219,647968,300.54,122,904,88.3,4,0,1,0.113,0.005,-0.0029,80.6673
2220,648040,535.72,151,1020,99.6,6,1,0,1.872,0.005,-0.0029,80.6673
2221,648536,553.6,149,1024,100.0,6,1,0,1.371,0.005,-0.0029,80.6673
2222,649168,556.81,150,1024,100.0,6,1,0,1.663,0.005,-0.0029,80.6673
2223,649328,469.92,294,1024,100.0,6,1,0,1.566,0.005,-0.0029,80.6673
2224,649480,524.34,268,1024,100.0,6,1,0,1.028,0.005,-0.0029,80.6673
2225,649504,537.9,278,1024,100.0,6,1,0,1.398,0.005,-0.0029,80.6673
2226,649728,508.39,149,1018,99.4,6,1,0,1.657,0.005,-0.0029,80.6673
2227,649792,500.09,280,1024,100.0,6,1,0,1.652,0.005,-0.0029,80.6673
2228,649960,483.57,293,1022,99.8,6,1,0,1.492,0.005,-0.0029,80.6673
2229,650272,466.94,279,1021,99.7,6,1,0,1.87,0.005,-0.0029,80.6673
2230,650424,550.65,157,1022,99.8,6,1,0,1.766,0.005,-0.0029,80.6673
2231,651008,553.41,160,1023,99.9,6,1,0,1.828,0.005,-0.0029,80.6673
2232,651184,523.71,153,1024,100.0,6,1,0,1.874,0.005,-0.0029,80.6673
2233,651344,503.26,233,1019,99.5,6,1,0,1.362,0.005,-0.0029,80.6673
2234,651544,550.87,159,1024,100.0,6,1,0,1.771,0.005,-0.0029,80.6673
2235,651712,554.87,161,1024,100.0,6,1,0,1.665,0.005,-0.0029,80.6673
2236,651752,481.24,303,1024,100.0,6,1,0,1.943,0.005,-0.0029,80.6673
2237,651904,499.21,300,1024,100.0,6,1,0,1.817,0.005,-0.0029,80.6673
2238,651992,463.41,275,1022,99.8,6,1,0,1.857,0.005,-0.0029,80.6673
2239,652576,535.76,154,1021,99.7,6,1,0,1.824,0.005,-0.0029,80.6673
2240,653456,499.43,306,1018,99.4,6,1,0,1.809,0.005,-0.0029,80.6673
2241,653544,491.44,295,1021,99.7,6,1,0,1.769,0.005,-0.0029,80.6673
2242,653728,503.44,273,1024,100.0,6,1,0,1.753,0.005,-0.0029,80.6673
2243,653920,519.27,276,1024,100.0,6,1,0,1.718,0.005,-0.0029,80.6673
2244,654048,525.04,287,1024,100.0,6,1,0,1.689,0.005,-0.0029,80.6673
2245,654144,511.85,280,1024,100.0,6,1,0,1.772,0.005,-0.0029,80.6673
2246,654360,454.9,296,1022,99.8,6,1,0,1.848,0.005,-0.0029,80.6673
2247,654800,523.61,157,1022,99.8,6,1,0,1.414,0.005,-0.0029,80.6673
2248,655408,526.72,158,1020,99.6,6,1,0,1.636,0.005,-0.0036,72.8083
2249,655736,465.0,285,1020,99.6,6,1,0,1.828,0.005,-0.0036,72.8083
2250,655784,530.63,257,1019,99.5,6,1,0,1.868,0.005,-0.0036,72.8083
2251,655960,-3.32,22,198,19.3,1,0,1,0.204,0.005,-0.0036,72.8083
2252,655992,498.77,427,1024,100.0,6,1,0,1.741,0.005,-0.0036,72.8083
2253,656272,514.11,294,1024,100.0,6,1,0,1.732,0.005,-0.0036,72.8083
2254,656416,505.29,296,1022,99.8,6,1,0,1.861,0.005,-0.0036,72.8083
2255,656456,490.56,262,1024,100.0,6,1,0,1.237,0.005,-0.0036,72.8083
2256,656680,562.15,159,1024,100.0,6,1,0,1.477,0.005,-0.0036,72.8083
2257,657000,471.61,275,1022,99.8,6,1,0,1.729,0.005,-0.0036,72.8083
2258,657072,547.02,167,1021,99.7,6,1,0,1.788,0.005,-0.0036,72.8083
2259,657376,579.71,173,1024,100.0,6,1,0,1.594,0.005,-0.0036,72.8083
2260,658368,506.05,301,1020,99.6,6,1,0,1.627,0.005,-0.0036,72.8083
2261,658576,503.57,270,1024,100.0,6,1,0,1.498,0.005,-0.0036,72.8083
2262,658608,508.57,292,1024,100.0,6,1,0,1.546,0.005,-0.0036,72.8083
2263,658736,481.45,285,1021,99.7,6,1,0,1.881,0.005,-0.0036,72.8083
2264,659064,484.72,298,1024,100.0,6,1,0,1.436,0.005,-0.0036,72.8083
2265,659392,502.05,290,1024,100.0,6,1,0,1.337,0.005,-0.0036,72.8083
2266,659424,475.97,303,1018,99.4,6,1,0,1.592,0.005,-0.0036,72.8083
2267,659760,504.52,298,1022,99.8,6,1,0,1.868,0.005,-0.0036,72.8083
2268,660720,466.51,268,1024,100.0,6,1,0,1.399,0.005,-0.0036,72.8083
2269,660752,475.43,298,1024,100.0,6,1,0,1.6,0.005,-0.0036,72.8083
2270,660856,496.84,281,1021,99.7,6,1,0,1.801,0.005,-0.0036,72.8083
2271,661136,519.03,300,1024,100.0,6,1,0,1.93,0.005,-0.0036,72.8083
2272,661384,503.92,290,1024,100.0,6,1,0,1.559,0.005,-0.0036,72.8083
2273,661504,451.8,260,1024,100.0,6,1,0,1.385,0.005,-0.0036,72.8083
2274,661632,473.61,280,1024,100.0,6,1,0,1.229,0.005,-0.0036,72.8083
2275,661936,450.73,272,1024,100.0,6,1,0,1.049,0.005,-0.0036,72.8083
2276,661936,544.02,152,1024,100.0,6,1,0,1.245,0.005,-0.0036,72.8083
2277,662104,533.22,156,1024,100.0,6,1,0,1.691,0.005,-0.0036,72.8083
2278,662120,5.28,23,219,21.4,1,0,1,0.1,0.005,-0.0036,72.8083
2279,662448,552.86,164,1024,100.0,6,1,0,1.532,0.005,-0.0036,72.8083
2280,662448,87.63,41,642,62.7,2,0,1,0.235,0.005,-0.0036,72.8083
2281,662496,409.67,139,968,94.5,5,0,1,0.197,0.005,-0.0036,72.8083
2282,662704,536.74,150,1024,100.0,6,1,0,1.678,0.005,-0.0036,72.8083
2283,662936,490.2,273,1024,100.0,6,1,0,1.547,0.005,-0.0036,72.8083
2284,662936,592.45,163,1024,100.0,6,1,0,1.545,0.005,-0.0036,72.8083
2285,663672,530.05,153,1020,99.6,6,1,0,1.793,0.005,-0.0041,116.7734
2286,664200,537.71,283,1024,100.0,6,1,0,1.489,0.005,-0.0041,116.7734
2287,664280,466.24,272,1024,100.0,6,1,0,1.574,0.005,-0.0041,116.7734
2288,664840,524.78,146,1021,99.7,6,1,0,1.84,0.005,-0.0041,116.7734
2289,664856,505.52,295,1024,100.0,6,1,0,1.855,0.005,-0.0041,116.7734
2290,664904,483.74,307,1020,99.6,6,1,0,1.465,0.005,-0.0041,116.7734
2291,665136,487.24,304,1020,99.6,6,1,0,1.514,0.005,-0.0041,116.7734
2292,665280,477.25,293,1020,99.6,6,1,0,1.897,0.005,-0.0041,116.7734
2293,665784,494.75,356,1024,100.0,6,1,0,1.849,0.005,-0.0041,116.7734
2294,666304,522.2,263,1024,100.0,6,1,0,1.133,0.005,-0.0041,116.7734
2295,666512,2.25,26,207,20.2,1,0,1,0.156,0.005,-0.0041,116.7734
2296,666552,461.04,284,1024,100.0,6,1,0,1.681,0.005,-0.0041,116.7734
2297,667000,549.09,268,1024,100.0,6,1,0,1.146,0.005,-0.0041,116.7734
2298,667152,477.29,289,1020,99.6,6,1,0,1.656,0.005,-0.0041,116.7734
2299,667280,474.24,297,1024,100.0,6,1,0,1.688,0.005,-0.0041,116.7734
2300,667456,475.68,290,1024,100.0,6,1,0,1.473,0.005,-0.0041,116.7734
2301,667472,473.87,274,1024,100.0,6,1,0,1.52,0.005,-0.0041,116.7734
2302,667800,358.39,252,983,96.0,5,0,1,0.157,0.005,-0.0041,116.7734
2303,668344,508.85,149,1017,99.3,6,1,0,1.467,0.005,-0.0041,116.7734
2304,668632,516.08,265,1024,100.0,6,1,0,0.993,0.005,-0.0041,116.7734
2305,668632,555.91,169,1024,100.0,6,1,0,1.665,0.005,-0.0041,116.7734
2306,668896,517.18,293,1024,100.0,6,1,0,1.777,0.005,-0.0041,116.7734
2307,669448,523.24,306,1024,100.0,6,1,0,1.489,0.005,-0.0041,116.7734
2308,669616,482.37,268,1024,100.0,6,1,0,1.659,0.005,-0.0041,116.7734
2309,669920,558.88,161,1021,99.7,6,1,0,1.683,0.005,-0.0041,116.7734
2310,670256,469.32,307,1024,100.0,6,1,0,1.623,0.005,-0.0041,116.7734
2311,670712,497.62,296,1019,99.5,6,1,0,1.851,0.005,-0.0041,116.7734
2312,670728,490.86,409,1024,100.0,6,1,0,1.657,0.005,-0.0041,116.7734
2313,671256,475.69,295,1022,99.8,6,1,0,1.844,0.005,-0.0041,116.7734
2314,671648,475.62,275,1024,100.0,6,1,0,1.332,0.005,-0.0041,116.7734
2315,671848,492.57,279,1024,100.0,6,1,0,1.5,0.005,-0.0042,76.0928
2316,671976,564.78,158,1024,100.0,6,1,0,1.635,0.005,-0.0042,76.0928
2317,672240,483.57,290,1024,100.0,6,1,0,1.707,0.005,-0.0042,76.0928
2318,672512,496.55,282,1024,100.0,6,1,0,1.494,0.005,-0.0042,76.0928
2319,672984,462.6,544,1023,99.9,6,1,0,1.77,0.005,-0.0042,76.0928
2320,673064,474.02,292,1023,99.9,6,1,0,1.889,0.005,-0.0042,76.0928
2321,673296,485.03,255,1024,100.0,6,1,0,1.555,0.005,-0.0042,76.0928
2322,673968,496.76,290,1024,100.0,6,1,0,1.414,0.005,-0.0042,76.0928
2323,674088,502.92,264,1024,100.0,6,1,0,1.297,0.005,-0.0042,76.0928
2324,674280,559.78,162,1021,99.7,6,1,0,1.598,0.005,-0.0042,76.0928
2325,674528,507.74,286,1023,99.9,6,1,0,1.729,0.005,-0.0042,76.0928
2326,674688,518.38,272,1024,100.0,6,1,0,1.571,0.005,-0.0042,76.0928
2327,675272,474.98,276,1020,99.6,6,1,0,1.546,0.005,-0.0042,76.0928
2328,675328,526.83,155,1021,99.7,6,1,0,1.692,0.005,-0.0042,76.0928
2329,675544,487.36,281,1024,100.0,6,1,0,1.739,0.005,-0.0042,76.0928
2330,675568,544.68,161,1022,99.8,6,1,0,1.891,0.005,-0.0042,76.0928
2331,675792,520.32,158,1020,99.6,6,1,0,1.274,0.005,-0.0042,76.0928
2332,676008,480.79,520,1024,100.0,6,1,0,1.564,0.005,-0.0042,76.0928
2333,676192,473.44,278,1024,100.0,6,1,0,1.502,0.005,-0.0042,76.0928
2334,677248,477.14,247,1024,100.0,6,1,0,1.396,0.005,-0.0042,76.0928
2335,677288,398.85,325,1016,99.2,5,0,1,0.158,0.005,-0.0042,76.0928
2336,677432,513.58,263,1024,100.0,6,1,0,1.322,0.005,-0.0042,76.0928
2337,677440,532.94,156,1022,99.8,6,1,0,1.63,0.005,-0.0042,76.0928
2338,677832,494.41,283,1021,99.7,6,1,0,1.709,0.005,-0.0042,76.0928
2339,677944,503.19,269,1024,100.0,6,1,0,0.935,0.005,-0.0042,76.0928
2340,678496,481.44,369,1023,99.9,6,1,0,1.69,0.005,-0.0042,76.0928
2341,678696,545.03,157,1024,100.0,6,1,0,1.654,0.005,-0.0042,76.0928
2342,679056,559.32,153,1024,100.0,6,1,0,1.507,0.005,-0.0042,76.0928
2343,679480,463.08,274,1022,99.8,6,1,0,1.575,0.005,-0.0042,76.0928
2344,679504,531.48,282,1024,100.0,6,1,0,0.799,0.005,-0.0042,76.0928
2345,679816,470.03,298,1022,99.8,6,1,0,1.77,0.005,-0.0042,76.0928
2346,679936,565.32,155,1024,100.0,6,1,0,1.313,0.005,-0.0042,76.0928
2347,680072,425.76,508,1024,100.0,6,1,0,1.65,0.005,-0.002,69.6898
2348,680096,472.05,269,1024,100.0,6,1,0,1.083,0.005,-0.002,69.6898
2349,680304,565.97,156,1024,100.0,6,1,0,1.22,0.005,-0.002,69.6898
2350,680752,553.5,156,1023,99.9,6,1,0,1.706,0.005,-0.002,69.6898
2351,680776,483.0,285,1023,99.9,6,1,0,1.808,0.005,-0.002,69.6898
2352,681296,520.83,150,1020,99.6,6,1,0,1.866,0.005,-0.002,69.6898
2353,681352,564.62,160,1024,100.0,6,1,0,1.444,0.005,-0.002,69.6898
2354,681568,477.42,261,1024,100.0,6,1,0,1.272,0.005,-0.002,69.6898
2355,681848,69.57,35,548,53.5,2,0,1,0.179,0.005,-0.002,69.6898
2356,681992,573.96,155,1024,100.0,6,1,0,1.597,0.005,-0.002,69.6898
2357,682120,472.22,288,1024,100.0,6,1,0,1.637,0.005,-0.002,69.6898
2358,682176,519.86,280,1024,100.0,6,1,0,1.686,0.005,-0.002,69.6898
2359,682392,458.62,261,1024,100.0,6,1,0,0.916,0.005,-0.002,69.6898
2360,682680,537.9,166,1021,99.7,6,1,0,1.872,0.005,-0.002,69.6898
2361,683152,483.23,297,1024,100.0,6,1,0,1.558,0.005,-0.002,69.6898
2362,683456,574.24,160,1024,100.0,6,1,0,1.672,0.005,-0.002,69.6898
2363,683720,519.28,303,1023,99.9,6,1,0,1.703,0.005,-0.002,69.6898
2364,683904,558.46,153,1024,100.0,6,1,0,1.14,0.005,-0.002,69.6898
2365,684192,498.2,293,1024,100.0,6,1,0,1.581,0.005,-0.002,69.6898
2366,684400,500.48,301,1024,100.0,6,1,0,1.251,0.005,-0.002,69.6898
2367,684872,518.54,144,1019,99.5,6,1,0,1.645,0.005,-0.002,69.6898
2368,684896,485.2,313,1023,99.9,6,1,0,1.744,0.005,-0.002,69.6898
2369,685016,321.87,362,991,96.8,5,0,1,0.156,0.005,-0.002,69.6898
2370,685864,477.73,301,1019,99.5,6,1,0,1.84,0.005,-0.002,69.6898
2371,686056,509.95,145,1019,99.5,6,1,0,1.852,0.005,-0.002,69.6898
2372,686160,452.73,282,1024,100.0,6,1,0,1.608,0.005,-0.002,69.6898
2373,686304,494.04,394,1024,100.0,6,1,0,1.239,0.005,-0.002,69.6898
2374,686336,549.69,165,1022,99.8,6,1,0,1.571,0.005,-0.002,69.6898
2375,686496,493.45,288,1024,100.0,6,1,0,1.489,0.005,-0.002,69.6898
2376,686680,465.93,285,1024,100.0,6,1,0,1.646,0.005,-0.002,69.6898
2377,687512,316.5,182,953,93.1,4,0,1,0.161,0.005,-0.002,69.6898
2378,687904,500.84,218,1024,100.0,6,1,0,1.477,0.005,-0.002,69.6898
2379,688176,519.72,413,1023,99.9,6,1,0,1.851,0.005,-0.0023,108.9081
2380,688488,519.91,269,1024,100.0,6,1,0,0.956,0.005,-0.0023,108.9081
2381,688544,483.51,280,1021,99.7,6,1,0,1.794,0.005,-0.0023,108.9081
2382,688848,473.06,373,1024,100.0,6,1,0,1.815,0.005,-0.0023,108.9081
2383,689088,477.93,301,1021,99.7,6,1,0,1.889,0.005,-0.0023,108.9081
2384,689256,506.96,345,1024,100.0,6,1,0,1.447,0.005,-0.0023,108.9081
2385,689664,509.13,220,1024,100.0,6,1,0,1.534,0.005,-0.0023,108.9081
2386,689712,505.34,275,1024,100.0,6,1,0,1.063,0.005,-0.0023,108.9081
2387,689752,571.49,151,1024,100.0,6,1,0,1.447,0.005,-0.0023,108.9081
2388,690136,541.49,161,1020,99.6,6,1,0,1.835,0.005,-0.0023,108.9081
2389,690336,472.29,270,1024,100.0,6,1,0,1.14,0.005,-0.0023,108.9081
2390,690648,22.95,39,229,22.4,1,0,1,0.168,0.005,-0.0023,108.9081
2391,690712,495.02,278,1022,99.8,6,1,0,1.754,0.005,-0.0023,108.9081
2392,690944,567.76,160,1024,100.0,6,1,0,1.116,0.005,-0.0023,108.9081
2393,690944,-10.2,29,214,20.9,1,0,1,0.106,0.005,-0.0023,108.9081
2394,690976,538.72,153,1023,99.9,6,1,0,1.712,0.005,-0.0023,108.9081
2395,691424,478.26,292,1022,99.8,6,1,0,1.838,0.005,-0.0023,108.9081
2396,691512,442.18,282,1022,99.8,6,1,0,1.714,0.005,-0.0023,108.9081
2397,691640,3.31,16,212,20.7,1,0,1,0.14,0.005,-0.0023,108.9081
2398,692000,493.89,286,1022,99.8,6,1,0,1.846,0.005,-0.0023,108.9081
2399,692096,527.34,144,1017,99.3,6,1,0,1.508,0.005,-0.0023,108.9081
2400,692112,504.28,142,1018,99.4,6,1,0,1.747,0.005,-0.0023,108.9081
2401,692400,469.65,283,1023,99.9,6,1,0,1.712,0.005,-0.0023,108.9081
2402,692656,533.46,154,1019,99.5,6,1,0,1.821,0.005,-0.0023,108.9081
2403,692912,462.95,283,1021,99.7,6,1,0,1.894,0.005,-0.0023,108.9081
2404,693296,528.38,148,1023,99.9,6,1,0,1.751,0.005,-0.0023,108.9081
2405,693744,506.69,350,1024,100.0,6,1,0,1.48,0.005,-0.0023,108.9081
2406,693944,475.87,288,1020,99.6,6,1,0,1.57,0.005,-0.0023,108.9081
2407,694064,294.54,246,991,96.8,5,0,1,0.19,0.005,-0.0023,108.9081
2408,694152,486.89,269,1024,100.0,6,1,0,1.355,0.005,-0.0023,108.9081
2409,694536,573.92,155,1024,100.0,6,1,0,1.465,0.005,-0.0023,108.9081
2410,694584,501.92,273,1024,100.0,6,1,0,1.784,0.005,-0.0023,108.9081
2411,694848,453.43,274,1022,99.8,6,1,0,1.808,0.005,-0.0023,108.9081
2412,694952,511.41,151,1023,99.9,6,1,0,1.798,0.005,-0.0023,108.9081
2413,695104,486.64,274,1024,100.0,6,1,0,1.601,0.005,-0.0023,108.9081
2414,695256,527.06,149,1019,99.5,6,1,0,1.88,0.005,-0.0023,108.9081
2415,695312,532.92,145,1024,100.0,6,1,0,1.271,0.005,-0.0023,108.9081
2416,696144,476.99,275,1024,100.0,6,1,0,1.836,0.005,-0.0023,108.9081
2417,696736,451.21,269,1024,100.0,6,1,0,1.609,0.005,-0.0044,106.2205
2418,696984,496.3,306,1024,100.0,6,1,0,1.597,0.005,-0.0044,106.2205
2419,697088,433.4,267,1024,100.0,6,1,0,1.434,0.005,-0.0044,106.2205
2420,697232,473.21,266,1024,100.0,6,1,0,1.264,0.005,-0.0044,106.2205
2421,697240,493.65,299,1020,99.6,6,1,0,1.582,0.005,-0.0044,106.2205
2422,697360,466.96,263,1024,100.0,6,1,0,1.23,0.005,-0.0044,106.2205
2423,697816,457.68,313,1024,100.0,6,1,0,1.544,0.005,-0.0044,106.2205
2424,697960,532.45,153,1024,100.0,6,1,0,1.623,0.005,-0.0044,106.2205
2425,698504,502.06,295,1023,99.9,6,1,0,1.749,0.005,-0.0044,106.2205
2426,699184,510.68,262,1023,99.9,6,1,0,1.252,0.005,-0.0044,106.2205
2427,699312,497.32,260,1024,100.0,6,1,0,1.252,0.005,-0.0044,106.2205
2428,699328,476.18,293,1021,99.7,6,1,0,1.768,0.005,-0.0044,106.2205
2429,699488,87.72,38,652,63.7,2,0,1,0.212,0.005,-0.0044,106.2205
2430,699528,-0.96,25,209,20.4,1,0,1,0.136,0.005,-0.0044,106.2205
2431,699816,466.28,307,1024,100.0,6,1,0,1.907,0.005,-0.0044,106.2205
2432,700128,453.05,289,1023,99.9,6,1,0,1.868,0.005,-0.0044,106.2205
2433,700232,467.23,284,1024,100.0,6,1,0,1.699,0.005,-0.0044,106.2205
2434,700448,551.32,401,1024,100.0,6,1,0,1.716,0.005,-0.0044,106.2205
2435,700640,482.53,267,1024,100.0,6,1,0,1.342,0.005,-0.0044,106.2205
2436,700768,524.0,160,1022,99.8,6,1,0,1.8,0.005,-0.0044,106.2205
2437,701008,520.9,149,1021,99.7,6,1,0,1.7,0.005,-0.0044,106.2205
2438,701064,508.52,219,1020,99.6,6,1,0,1.792,0.005,-0.0044,106.2205
2439,701592,516.9,170,1023,99.9,6,1,0,1.649,0.005,-0.0044,106.2205
2440,701664,463.27,267,1024,100.0,6,1,0,1.246,0.005,-0.0044,106.2205
2441,702256,493.6,266,1024,100.0,6,1,0,1.612,0.005,-0.0044,106.2205
2442,702288,533.15,153,1023,99.9,6,1,0,1.652,0.005,-0.0044,106.2205
2443,702776,483.54,291,1020,99.6,6,1,0,1.776,0.005,-0.0044,106.2205
2444,702904,538.74,155,1023,99.9,6,1,0,1.771,0.005,-0.0044,106.2205
2445,702952,491.54,289,1024,100.0,6,1,0,1.807,0.005,-0.0044,106.2205
2446,702984,462.38,277,1018,99.4,6,1,0,1.617,0.005,-0.0044,106.2205
2447,703112,473.16,263,1024,100.0,6,1,0,1.099,0.005,-0.0044,106.2205
2448,703528,556.71,159,1023,99.9,6,1,0,1.786,0.005,-0.0044,106.2205
2449,703632,503.54,255,1024,100.0,6,1,0,1.745,0.005,-0.0044,106.2205
2450,703968,515.12,149,1018,99.4,6,1,0,1.836,0.005,-0.0044,106.2205
2451,704104,536.5,150,1019,99.5,6,1,0,1.868,0.005,-0.0044,106.2205
2452,704280,536.77,146,1017,99.3,6,1,0,1.819,0.005,-0.0044,106.2205
2453,704512,465.39,278,1024,100.0,6,1,0,1.536,0.005,-0.0044,106.2205
2454,704920,579.97,161,1024,100.0,6,1,0,1.42,0.005,-0.005,85.897
2455,705240,484.62,282,1021,99.7,6,1,0,1.666,0.005,-0.005,85.897
2456,705312,-14.34,9,440,43.0,1,0,1,0.197,0.005,-0.005,85.897
2457,705632,476.25,263,1024,100.0,6,1,0,1.442,0.005,-0.005,85.897
2458,705656,503.97,143,1019,99.5,6,1,0,1.856,0.005,-0.005,85.897
2459,706112,565.51,149,1024,100.0,6,1,0,1.186,0.005,-0.005,85.897
2460,706232,467.11,266,1024,100.0,6,1,0,1.456,0.005,-0.005,85.897
2461,706256,485.46,286,1021,99.7,6,1,0,1.732,0.005,-0.005,85.897
2462,706416,497.87,267,1024,100.0,6,1,0,1.216,0.005,-0.005,85.897
2463,706448,4.85,27,220,21.5,1,0,1,0.139,0.005,-0.005,85.897
2464,706976,465.41,503,1024,100.0,6,1,0,1.497,0.005,-0.005,85.897
2465,707352,562.37,155,1024,100.0,6,1,0,1.459,0.005,-0.005,85.897
2466,707440,530.14,148,1021,99.7,6,1,0,1.741,0.005,-0.005,85.897
2467,707472,483.43,270,1017,99.3,6,1,0,1.52,0.005,-0.005,85.897
2468,707648,476.29,249,1024,100.0,6,1,0,1.589,0.005,-0.005,85.897
2469,707656,579.91,155,1023,99.9,6,1,0,1.213,0.005,-0.005,85.897
2470,708008,489.17,297,1020,99.6,6,1,0,1.654,0.005,-0.005,85.897
2471,708784,560.85,168,1024,100.0,6,1,0,1.868,0.005,-0.005,85.897
2472,708824,479.5,297,1021,99.7,6,1,0,1.898,0.005,-0.005,85.897
2473,708888,558.5,154,1024,100.0,6,1,0,0.921,0.005,-0.005,85.897
2474,709376,486.66,300,1022,99.8,6,1,0,1.69,0.005,-0.005,85.897
2475,709600,478.51,266,1024,100.0,6,1,0,1.301,0.005,-0.005,85.897
2476,709792,482.61,305,1024,100.0,6,1,0,1.806,0.005,-0.005,85.897
2477,709984,486.73,292,1023,99.9,6,1,0,1.837,0.005,-0.005,85.897
2478,710104,523.77,152,1019,99.5,6,1,0,1.818,0.005,-0.005,85.897
2479,710256,499.09,281,1023,99.9,6,1,0,1.564,0.005,-0.005,85.897
2480,710968,463.14,268,1024,100.0,6,1,0,1.653,0.005,-0.005,85.897
2481,711008,506.65,278,1024,100.0,6,1,0,1.656,0.005,-0.005,85.897
2482,711872,470.09,284,1023,99.9,6,1,0,1.691,0.005,-0.005,85.897
2483,712128,484.06,292,1023,99.9,6,1,0,1.864,0.005,-0.005,85.897
2484,712136,436.3,345,1024,100.0,6,1,0,1.59,0.005,-0.005,85.897
2485,712248,475.37,283,1022,99.8,6,1,0,1.663,0.005,-0.005,85.897
2486,712368,487.75,283,1024,100.0,6,1,0,1.813,0.005,-0.005,85.897
2487,712592,498.26,292,1022,99.8,6,1,0,1.886,0.005,-0.005,85.897
2488,713072,485.6,258,1024,100.0,6,1,0,1.128,0.005,-0.0047,71.0558
2489,713192,529.83,278,1024,100.0,6,1,0,1.502,0.005,-0.0047,71.0558
2490,713288,519.0,145,1018,99.4,6,1,0,1.839,0.005,-0.0047,71.0558
2491,713320,521.66,148,1019,99.5,6,1,0,1.884,0.005,-0.0047,71.0558
2492,713456,562.38,151,1024,100.0,6,1,0,1.187,0.005,-0.0047,71.0558
2493,714120,472.66,281,1021,99.7,6,1,0,1.675,0.005,-0.0047,71.0558
2494,714256,536.68,148,1023,99.9,6,1,0,1.634,0.005,-0.0047,71.0558
2495,714264,518.63,237,1020,99.6,6,1,0,1.736,0.005,-0.0047,71.0558
2496,714472,510.19,144,1017,99.3,6,1,0,1.885,0.005,-0.0047,71.0558
2497,714480,509.1,149,1022,99.8,6,1,0,1.747,0.005,-0.0047,71.0558
2498,714688,531.81,262,1024,100.0,6,1,0,0.962,0.005,-0.0047,71.0558
2499,715216,515.26,253,1020,99.6,6,1,0,1.845,0.005,-0.0047,71.0558
2500,715400,-6.33,23,199,19.4,1,0,1,0.198,0.005,-0.0047,71.0558
2501,715408,507.09,144,1018,99.4,6,1,0,1.86,0.005,-0.0047,71.0558
2502,715512,558.47,156,1024,100.0,6,1,0,1.302,0.005,-0.0047,71.0558
2503,715632,498.34,145,1018,99.4,6,1,0,1.784,0.005,-0.0047,71.0558
2504,715664,480.11,276,1022,99.8,6,1,0,1.733,0.005,-0.0047,71.0558
2505,715688,568.43,151,1024,100.0,6,1,0,0.934,0.005,-0.0047,71.0558
2506,716808,501.6,140,1019,99.5,6,1,0,1.797,0.005,-0.0047,71.0558
2507,717008,480.95,290,1020,99.6,6,1,0,1.439,0.005,-0.0047,71.0558
2508,717272,462.18,394,1024,100.0,6,1,0,1.214,0.005,-0.0047,71.0558
2509,717464,566.15,257,1024,100.0,6,1,0,1.874,0.005,-0.0047,71.0558
2510,717704,534.12,288,1024,100.0,6,1,0,1.493,0.005,-0.0047,71.0558
2511,717736,483.89,278,1021,99.7,6,1,0,1.829,0.005,-0.0047,71.0558
2512,717880,453.33,281,1023,99.9,6,1,0,1.808,0.005,-0.0047,71.0558
2513,718032,493.57,296,1020,99.6,6,1,0,1.861,0.005,-0.0047,71.0558
2514,719064,453.42,282,1022,99.8,6,1,0,1.796,0.005,-0.0047,71.0558
2515,719216,467.18,276,1024,100.0,6,1,0,1.278,0.005,-0.0047,71.0558
2516,719552,482.94,285,1021,99.7,6,1,0,1.567,0.005,-0.0047,71.0558
2517,719704,521.64,246,1024,100.0,6,1,0,1.75,0.005,-0.0047,71.0558
2518,719736,472.24,254,1024,100.0,6,1,0,1.499,0.005,-0.0047,71.0558
2519,719840,494.77,297,1024,100.0,6,1,0,1.837,0.005,-0.0047,71.0558
2520,720032,539.8,269,1024,100.0,6,1,0,0.872,0.005,-0.0047,71.0558
2521,720280,460.1,281,1022,99.8,6,1,0,1.746,0.005,-0.0047,71.0558
2522,721048,577.3,151,1024,100.0,6,1,0,0.988,0.005,-0.0044,65.6871
2523,721280,506.27,277,1024,100.0,6,1,0,1.35,0.005,-0.0044,65.6871
2524,721424,466.85,276,1020,99.6,6,1,0,1.46,0.005,-0.0044,65.6871
2525,721768,458.33,277,1023,99.9,6,1,0,1.87,0.005,-0.0044,65.6871
2526,721880,531.18,268,1024,100.0,6,1,0,1.194,0.005,-0.0044,65.6871
2527,722320,471.54,255,1024,100.0,6,1,0,1.301,0.005,-0.0044,65.6871
2528,722352,501.89,290,1024,100.0,6,1,0,1.43,0.005,-0.0044,65.6871
2529,722776,432.97,384,1024,100.0,6,1,0,1.44,0.005,-0.0044,65.6871
2530,723000,562.53,154,1024,100.0,6,1,0,1.461,0.005,-0.0044,65.6871
2531,723320,474.63,255,1024,100.0,6,1,0,1.298,0.005,-0.0044,65.6871
2532,723344,481.12,287,1024,100.0,6,1,0,1.817,0.005,-0.0044,65.6871
2533,723592,560.01,159,1022,99.8,6,1,0,1.838,0.005,-0.0044,65.6871
2534,723632,468.24,276,1024,100.0,6,1,0,1.476,0.005,-0.0044,65.6871
2535,724040,518.57,270,1024,100.0,6,1,0,1.001,0.005,-0.0044,65.6871
2536,724432,419.2,139,974,95.1,5,0,1,0.162,0.005,-0.0044,65.6871
2537,724600,465.5,281,1021,99.7,6,1,0,1.81,0.005,-0.0044,65.6871
2538,724840,536.39,151,1017,99.3,6,1,0,1.524,0.005,-0.0044,65.6871
2539,724856,495.12,260,1024,100.0,6,1,0,0.995,0.005,-0.0044,65.6871
2540,725368,537.42,296,1023,99.9,6,1,0,1.583,0.005,-0.0044,65.6871
2541,725680,484.12,292,1024,100.0,6,1,0,1.752,0.005,-0.0044,65.6871
2542,725792,528.01,149,1021,99.7,6,1,0,1.741,0.005,-0.0044,65.6871
2543,726336,478.44,287,1023,99.9,6,1,0,1.843,0.005,-0.0044,65.6871
2544,726400,471.67,351,1023,99.9,6,1,0,1.398,0.005,-0.0044,65.6871
2545,726776,488.76,293,1024,100.0,6,1,0,1.761,0.005,-0.0044,65.6871
2546,726944,458.23,263,1024,100.0,6,1,0,1.178,0.005,-0.0044,65.6871
2547,727184,458.61,291,1024,100.0,6,1,0,1.528,0.005,-0.0044,65.6871
2548,727536,463.48,271,1024,100.0,6,1,0,1.628,0.005,-0.0044,65.6871
2549,727952,480.39,284,1022,99.8,6,1,0,1.727,0.005,-0.0044,65.6871
2550,728056,478.09,283,1022,99.8,6,1,0,1.743,0.005,-0.0044,65.6871
2551,728336,82.12,35,645,63.0,2,0,1,0.19,0.005,-0.0044,65.6871
2552,728440,485.07,263,1024,100.0,6,1,0,0.884,0.005,-0.0044,65.6871
2553,728568,501.13,271,1018,99.4,6,1,0,1.885,0.005,-0.0044,65.6871
2554,728952,478.28,272,1018,99.4,6,1,0,1.881,0.005,-0.0044,65.6871
2555,729272,455.84,291,1022,99.8,6,1,0,1.735,0.005,-0.0047,82.9624
2556,729376,462.87,274,1024,100.0,6,1,0,1.419,0.005,-0.0047,82.9624
2557,729512,476.02,247,1023,99.9,6,1,0,1.424,0.005,-0.0047,82.9624
2558,730160,480.54,276,1021,99.7,6,1,0,1.771,0.005,-0.0047,82.9624
2559,730432,516.07,145,1018,99.4,6,1,0,1.323,0.005,-0.0047,82.9624
2560,730472,509.91,254,1022,99.8,6,1,0,1.01,0.005,-0.0047,82.9624
2561,730560,457.69,278,1024,100.0,6,1,0,1.389,0.005,-0.0047,82.9624
2562,731192,457.53,280,1020,99.6,6,1,0,1.824,0.005,-0.0047,82.9624
2563,731568,493.36,274,1017,99.3,6,1,0,1.899,0.005,-0.0047,82.9624
2564,731608,473.35,262,1024,100.0,6,1,0,1.413,0.005,-0.0047,82.9624
2565,731680,465.38,389,1022,99.8,6,1,0,1.827,0.005,-0.0047,82.9624
2566,732168,469.05,251,1024,100.0,6,1,0,1.51,0.005,-0.0047,82.9624
2567,732424,577.55,154,1024,100.0,6,1,0,1.275,0.005,-0.0047,82.9624
2568,732520,457.1,261,1020,99.6,6,1,0,1.886,0.005,-0.0047,82.9624
2569,732616,475.74,268,1024,100.0,6,1,0,1.15,0.005,-0.0047,82.9624
2570,732792,466.37,279,1021,99.7,6,1,0,1.78,0.005,-0.0047,82.9624
2571,733672,466.59,258,1024,100.0,6,1,0,1.366,0.005,-0.0047,82.9624
2572,733760,516.55,143,1017,99.3,6,1,0,1.862,0.005,-0.0047,82.9624
2573,733776,494.29,276,1024,100.0,6,1,0,1.7,0.005,-0.0047,82.9624
2574,733920,473.86,280,1021,99.7,6,1,0,1.836,0.005,-0.0047,82.9624
2575,734232,486.16,258,1024,100.0,6,1,0,0.804,0.005,-0.0047,82.9624
2576,734448,487.7,253,1024,100.0,6,1,0,1.215,0.005,-0.0047,82.9624
2577,734528,229.64,96,854,83.4,3,0,1,0.174,0.005,-0.0047,82.9624
2578,734600,482.39,260,1024,100.0,6,1,0,1.17,0.005,-0.0047,82.9624
2579,734976,476.78,273,1019,99.5,6,1,0,1.665,0.005,-0.0047,82.9624
2580,735680,492.15,251,1024,100.0,6,1,0,1.2,0.005,-0.0047,82.9624
2581,735688,539.35,155,1020,99.6,6,1,0,1.877,0.005,-0.0047,82.9624
2582,735824,556.21,153,1024,100.0,6,1,0,1.544,0.005,-0.0047,82.9624
2583,735864,11.79,23,225,22.0,1,0,1,0.182,0.005,-0.0047,82.9624
2584,735984,474.28,276,1024,100.0,6,1,0,1.659,0.005,-0.0047,82.9624
2585,736128,520.5,276,1024,100.0,6,1,0,1.536,0.005,-0.0047,82.9624
2586,736304,468.0,259,1024,100.0,6,1,0,1.114,0.005,-0.0047,82.9624
2587,736528,497.66,250,1024,100.0,6,1,0,1.524,0.005,-0.0047,82.9624
2588,736704,11.96,22,228,22.3,1,0,1,0.202,0.005,-0.0047,82.9624
2589,737112,553.53,156,1024,100.0,6,1,0,1.645,0.005,-0.0047,82.9624
2590,737192,470.32,277,1024,100.0,6,1,0,1.244,0.005,-0.0047,82.9624
2591,737336,548.49,151,1020,99.6,6,1,0,1.825,0.005,-0.0043,72.4607
2592,737512,546.89,151,1024,100.0,6,1,0,1.215,0.005,-0.0043,72.4607
2593,737960,433.34,284,1023,99.9,6,1,0,1.847,0.005,-0.0043,72.4607
2594,738000,452.47,272,1023,99.9,6,1,0,1.822,0.005,-0.0043,72.4607
2595,738024,479.55,255,1024,100.0,6,1,0,1.229,0.005,-0.0043,72.4607
2596,738176,-18.69,19,184,18.0,1,0,1,0.161,0.005,-0.0043,72.4607
2597,738416,585.87,163,1024,100.0,6,1,0,1.917,0.005,-0.0043,72.4607
2598,738720,541.22,151,1024,100.0,6,1,0,1.552,0.005,-0.0043,72.4607
2599,738864,469.25,270,1020,99.6,6,1,0,1.849,0.005,-0.0043,72.4607
2600,739168,533.32,151,1021,99.7,6,1,0,1.822,0.005,-0.0043,72.4607
2601,739344,490.21,251,1024,100.0,6,1,0,1.262,0.005,-0.0043,72.4607
2602,739928,481.66,342,1024,100.0,6,1,0,1.849,0.005,-0.0043,72.4607
2603,740136,475.12,267,1020,99.6,6,1,0,1.896,0.005,-0.0043,72.4607
2604,740184,460.3,251,1024,100.0,6,1,0,1.407,0.005,-0.0043,72.4607
2605,740328,0.41,18,230,22.5,1,0,1,0.195,0.005,-0.0043,72.4607
2606,740920,472.92,275,1021,99.7,6,1,0,1.87,0.005,-0.0043,72.4607
2607,741024,471.2,270,1019,99.5,6,1,0,1.702,0.005,-0.0043,72.4607
2608,741040,501.43,139,1017,99.3,6,1,0,1.443,0.005,-0.0043,72.4607
2609,741240,468.24,353,1022,99.8,6,1,0,1.863,0.005,-0.0043,72.4607
2610,741544,486.54,297,1022,99.8,6,1,0,1.784,0.005,-0.0043,72.4607
2611,741560,478.97,277,1023,99.9,6,1,0,1.863,0.005,-0.0043,72.4607
2612,742256,469.78,265,1024,100.0,6,1,0,0.926,0.005,-0.0043,72.4607
2613,742280,579.88,157,1024,100.0,6,1,0,0.836,0.005,-0.0043,72.4607
2614,743136,448.19,351,1023,99.9,6,1,0,1.7,0.005,-0.0043,72.4607
2615,743152,515.4,264,1024,100.0,6,1,0,0.986,0.005,-0.0043,72.4607
2616,743216,500.54,287,1024,100.0,6,1,0,1.605,0.005,-0.0043,72.4607
2617,743376,477.49,267,1018,99.4,6,1,0,1.872,0.005,-0.0043,72.4607
2618,743576,11.33,25,222,21.7,1,0,1,0.167,0.005,-0.0043,72.4607
2619,743680,481.48,265,1018,99.4,6,1,0,1.848,0.005,-0.0043,72.4607
2620,744272,497.84,249,1024,100.0,6,1,0,1.538,0.005,-0.0043,72.4607
2621,744312,524.36,147,1018,99.4,6,1,0,1.8,0.005,-0.0043,72.4607
2622,744352,493.14,351,1022,99.8,6,1,0,1.878,0.005,-0.0043,72.4607
2623,744384,526.95,154,1018,99.4,6,1,0,1.787,0.005,-0.0043,72.4607
2624,744440,556.23,153,1024,100.0,6,1,0,0.944,0.005,-0.0043,72.4607
2625,744488,55.49,27,541,52.8,2,0,1,0.161,0.005,-0.0043,72.4607
2626,744496,456.5,280,1023,99.9,6,1,0,1.797,0.005,-0.0043,72.4607
2627,744776,524.44,150,1020,99.6,6,1,0,1.19,0.005,-0.0043,72.4607
2628,745488,518.63,147,1019,99.5,6,1,0,1.693,0.005,-0.0046,109.3585
2629,745720,571.22,153,1024,100.0,6,1,0,1.574,0.005,-0.0046,109.3585
2630,745872,443.73,274,1021,99.7,6,1,0,1.622,0.005,-0.0046,109.3585
2631,746328,458.6,247,1024,100.0,6,1,0,1.479,0.005,-0.0046,109.3585
2632,746464,470.45,260,1024,100.0,6,1,0,0.827,0.005,-0.0046,109.3585
2633,746488,474.87,256,1024,100.0,6,1,0,0.993,0.005,-0.0046,109.3585
2634,746576,455.16,261,1024,100.0,6,1,0,1.074,0.005,-0.0046,109.3585
2635,746936,474.66,270,1024,100.0,6,1,0,1.605,0.005,-0.0046,109.3585
2636,747080,524.79,151,1018,99.4,6,1,0,1.581,0.005,-0.0046,109.3585
2637,747544,524.48,152,1021,99.7,6,1,0,1.871,0.005,-0.0046,109.3585
2638,747712,516.46,142,1015,99.1,6,1,0,1.405,0.005,-0.0046,109.3585
2639,747736,475.53,281,1022,99.8,6,1,0,1.858,0.005,-0.0046,109.3585
2640,747824,59.08,35,636,62.1,1,0,1,0.211,0.005,-0.0046,109.3585
2641,747888,506.14,271,1024,100.0,6,1,0,1.387,0.005,-0.0046,109.3585
2642,748672,460.3,276,1021,99.7,6,1,0,1.812,0.005,-0.0046,109.3585
2643,748728,459.56,280,1020,99.6,6,1,0,1.876,0.005,-0.0046,109.3585
2644,748992,462.23,257,1024,100.0,6,1,0,0.91,0.005,-0.0046,109.3585
2645,749000,541.12,147,1024,100.0,6,1,0,1.223,0.005,-0.0046,109.3585
2646,749232,468.52,269,1023,99.9,6,1,0,1.793,0.005,-0.0046,109.3585
2647,749888,453.86,269,1019,99.5,6,1,0,1.872,0.005,-0.0046,109.3585
2648,750168,525.24,146,1019,99.5,6,1,0,1.599,0.005,-0.0046,109.3585
2649,750224,533.5,314,1018,99.4,6,1,0,1.829,0.005,-0.0046,109.3585
2650,750800,479.81,259,1024,100.0,6,1,0,1.304,0.005,-0.0046,109.3585
2651,750864,430.69,372,1024,100.0,6,1,0,1.157,0.005,-0.0046,109.3585
2652,750944,465.74,284,1021,99.7,6,1,0,1.815,0.005,-0.0046,109.3585
2653,751056,545.01,146,1024,100.0,6,1,0,1.016,0.005,-0.0046,109.3585
2654,751112,470.52,265,1018,99.4,6,1,0,1.853,0.005,-0.0046,109.3585
2655,751368,530.5,150,1022,99.8,6,1,0,1.772,0.005,-0.0046,109.3585
2656,751424,491.86,274,1019,99.5,6,1,0,1.799,0.005,-0.0046,109.3585
2657,752040,527.73,147,1018,99.4,6,1,0,1.792,0.005,-0.0046,109.3585
2658,752296,498.32,259,1024,100.0,6,1,0,0.97,0.005,-0.0046,109.3585
2659,752376,542.22,158,1022,99.8,6,1,0,1.87,0.005,-0.0046,109.3585
2660,752824,496.98,253,1024,100.0,6,1,0,0.949,0.005,-0.0046,109.3585
2661,753208,492.28,269,1020,99.6,6,1,0,1.874,0.005,-0.0046,109.3585
2662,753424,493.84,257,1022,99.8,6,1,0,0.937,0.005,-0.0046,109.3585
2663,753424,489.38,141,1018,99.4,6,1,0,1.841,0.005,-0.0046,109.3585
2664,753624,456.72,335,1024,100.0,6,1,0,1.334,0.005,-0.0046,109.3585
2665,753672,471.81,281,1019,99.5,6,1,0,1.749,0.005,-0.0045,71.414
2666,753720,81.92,37,637,62.2,2,0,1,0.169,0.005,-0.0045,71.414
2667,754328,482.16,286,1020,99.6,6,1,0,1.598,0.005,-0.0045,71.414
2668,754496,441.1,265,1017,99.3,6,1,0,1.496,0.005,-0.0045,71.414
2669,754784,547.8,145,1024,100.0,6,1,0,1.247,0.005,-0.0045,71.414
2670,755008,536.55,273,1024,100.0,6,1,0,1.071,0.005,-0.0045,71.414
2671,755064,564.45,168,1024,100.0,6,1,0,1.524,0.005,-0.0045,71.414
2672,755344,471.7,267,1024,100.0,6,1,0,1.356,0.005,-0.0045,71.414
2673,755440,479.08,252,1024,100.0,6,1,0,1.1,0.005,-0.0045,71.414
2674,755488,559.7,145,1024,100.0,6,1,0,0.995,0.005,-0.0045,71.414
2675,755768,565.63,159,1024,100.0,6,1,0,1.722,0.005,-0.0045,71.414
2676,755872,473.6,275,1019,99.5,6,1,0,1.805,0.005,-0.0045,71.414
2677,756616,516.49,141,1017,99.3,6,1,0,1.76,0.005,-0.0045,71.414
2678,757032,447.13,281,1017,99.3,6,1,0,1.849,0.005,-0.0045,71.414
2679,757144,480.76,267,1019,99.5,6,1,0,1.867,0.005,-0.0045,71.414
2680,757288,478.39,278,1023,99.9,6,1,0,1.72,0.005,-0.0045,71.414
2681,757528,489.45,273,1020,99.6,6,1,0,1.691,0.005,-0.0045,71.414
2682,757536,471.96,262,1017,99.3,6,1,0,1.568,0.005,-0.0045,71.414
2683,757800,519.04,148,1018,99.4,6,1,0,1.804,0.005,-0.0045,71.414
2684,757912,483.83,268,1020,99.6,6,1,0,1.814,0.005,-0.0045,71.414
2685,758160,466.37,286,1023,99.9,6,1,0,1.703,0.005,-0.0045,71.414
2686,759128,465.32,262,1019,99.5,6,1,0,1.807,0.005,-0.0045,71.414
2687,759472,489.74,291,1022,99.8,6,1,0,1.683,0.005,-0.0045,71.414
2688,759480,468.51,274,1020,99.6,6,1,0,1.771,0.005,-0.0045,71.414
2689,759528,461.2,249,1024,100.0,6,1,0,1.279,0.005,-0.0045,71.414
2690,759680,462.92,269,1022,99.8,6,1,0,1.823,0.005,-0.0045,71.414
2691,759920,484.51,251,1024,100.0,6,1,0,1.057,0.005,-0.0045,71.414
2692,760016,470.54,277,1022,99.8,6,1,0,1.872,0.005,-0.0045,71.414
2693,760232,463.05,259,1019,99.5,6,1,0,1.635,0.005,-0.0045,71.414
2694,760392,586.47,158,1024,100.0,6,1,0,1.365,0.005,-0.0045,71.414
2695,760568,499.14,136,1020,99.6,6,1,0,1.888,0.005,-0.0045,71.414
2696,760624,519.01,144,1019,99.5,6,1,0,1.882,0.005,-0.0045,71.414
2697,760688,528.35,145,1017,99.3,6,1,0,1.859,0.005,-0.0045,71.414
2698,760760,0.3,17,212,20.7,1,0,1,0.187,0.005,-0.0045,71.414
2699,760984,-4.25,28,215,21.0,1,0,1,0.145,0.005,-0.0045,71.414
2700,761840,486.49,270,1020,99.6,6,1,0,1.547,0.005,-0.0045,71.414
2701,761896,526.93,151,1024,100.0,6,1,0,1.522,0.005,-0.0051,83.6481
2702,762032,462.54,264,1018,99.4,6,1,0,1.678,0.005,-0.0051,83.6481
2703,762208,469.02,274,1022,99.8,6,1,0,1.866,0.005,-0.0051,83.6481
2704,762248,503.33,252,1024,100.0,6,1,0,1.138,0.005,-0.0051,83.6481
2705,762640,462.27,281,1024,100.0,6,1,0,1.735,0.005,-0.0051,83.6481
2706,762760,459.75,274,1019,99.5,6,1,0,1.855,0.005,-0.0051,83.6481
2707,762976,517.66,249,1024,100.0,6,1,0,1.373,0.005,-0.0051,83.6481
2708,763216,556.38,148,1024,100.0,6,1,0,1.069,0.005,-0.0051,83.6481
2709,763496,568.13,156,1024,100.0,6,1,0,1.492,0.005,-0.0051,83.6481
2710,763856,571.53,152,1023,99.9,6,1,0,0.724,0.005,-0.0051,83.6481
2711,764000,463.14,270,1022,99.8,6,1,0,1.846,0.005,-0.0051,83.6481
2712,764032,561.61,159,1024,100.0,6,1,0,1.269,0.005,-0.0051,83.6481
2713,764144,487.83,281,1021,99.7,6,1,0,1.692,0.005,-0.0051,83.6481
2714,764152,550.78,147,1024,100.0,6,1,0,0.997,0.005,-0.0051,83.6481
2715,764320,484.61,264,1024,100.0,6,1,0,0.897,0.005,-0.0051,83.6481
2716,764320,497.89,138,1018,99.4,6,1,0,1.756,0.005,-0.0051,83.6481
2717,765168,510.02,142,1019,99.5,6,1,0,1.894,0.005,-0.0051,83.6481
2718,765384,35.56,27,505,49.3,1,0,1,0.083,0.005,-0.0051,83.6481
2719,765392,567.58,155,1024,100.0,6,1,0,1.023,0.005,-0.0051,83.6481
2720,765520,559.2,150,1024,100.0,6,1,0,1.049,0.005,-0.0051,83.6481
2721,765552,455.87,257,1024,100.0,6,1,0,1.035,0.005,-0.0051,83.6481
2722,765864,488.09,251,1023,99.9,6,1,0,0.822,0.005,-0.0051,83.6481
2723,766056,510.3,257,1024,100.0,6,1,0,0.958,0.005,-0.0051,83.6481
2724,766456,462.26,267,1017,99.3,6,1,0,1.831,0.005,-0.0051,83.6481
2725,766720,533.4,150,1021,99.7,6,1,0,1.525,0.005,-0.0051,83.6481
2726,766928,492.1,348,1023,99.9,6,1,0,1.656,0.005,-0.0051,83.6481
2727,767248,524.17,149,1021,99.7,6,1,0,1.76,0.005,-0.0051,83.6481
2728,767400,506.76,252,1024,100.0,6,1,0,1.236,0.005,-0.0051,83.6481
2729,767456,489.33,258,1024,100.0,6,1,0,0.835,0.005,-0.0051,83.6481
2730,767784,492.91,279,1024,100.0,6,1,0,1.689,0.005,-0.0051,83.6481
2731,767816,510.83,137,1018,99.4,6,1,0,1.858,0.005,-0.0051,83.6481
2732,767912,489.75,256,1024,100.0,6,1,0,1.229,0.005,-0.0051,83.6481
2733,768424,491.74,246,1023,99.9,6,1,0,1.471,0.005,-0.0051,83.6481
2734,768488,498.84,136,1019,99.5,6,1,0,1.843,0.005,-0.0051,83.6481
2735,768600,5.61,22,218,21.3,1,0,1,0.186,0.005,-0.0051,83.6481
2736,768928,511.01,139,1018,99.4,6,1,0,1.772,0.005,-0.0051,83.6481
2737,769144,474.08,277,1023,99.9,6,1,0,1.799,0.005,-0.0051,83.6481
2738,769552,484.9,288,1022,99.8,6,1,0,1.881,0.005,-0.0051,83.6481
2739,769688,487.6,279,1024,100.0,6,1,0,1.74,0.005,-0.0051,83.6481
2740,769760,-4.14,26,182,17.8,1,0,1,0.051,0.005,-0.0051,83.6481
2741,769880,469.78,262,1021,99.7,6,1,0,1.731,0.005,-0.0051,83.6481
2742,770040,480.14,266,1024,100.0,6,1,0,1.655,0.005,-0.0051,83.6481
2743,770528,480.95,255,1024,100.0,6,1,0,0.834,0.005,-0.0065,103.6697
2744,770872,483.84,284,1021,99.7,6,1,0,1.627,0.005,-0.0065,103.6697
2745,770920,524.71,145,1019,99.5,6,1,0,1.663,0.005,-0.0065,103.6697
2746,771112,475.14,273,1018,99.4,6,1,0,1.659,0.005,-0.0065,103.6697
2747,771360,464.14,277,1021,99.7,6,1,0,1.811,0.005,-0.0065,103.6697
2748,771808,474.81,265,1024,100.0,6,1,0,0.939,0.005,-0.0065,103.6697
2749,772072,519.16,144,1021,99.7,6,1,0,1.78,0.005,-0.0065,103.6697
2750,772104,478.83,278,1023,99.9,6,1,0,1.878,0.005,-0.0065,103.6697
2751,772224,507.9,139,1020,99.6,6,1,0,1.874,0.005,-0.0065,103.6697
2752,772528,488.36,250,1024,100.0,6,1,0,1.564,0.005,-0.0065,103.6697
2753,772552,526.76,149,1024,100.0,6,1,0,1.301,0.005,-0.0065,103.6697
2754,772768,477.06,341,1024,100.0,6,1,0,1.348,0.005,-0.0065,103.6697
2755,772944,510.09,142,1016,99.2,6,1,0,1.736,0.005,-0.0065,103.6697
2756,773016,499.7,268,1024,100.0,6,1,0,1.077,0.005,-0.0065,103.6697
2757,773176,507.69,138,1017,99.3,6,1,0,1.823,0.005,-0.0065,103.6697
2758,773352,510.31,141,1019,99.5,6,1,0,1.853,0.005,-0.0065,103.6697
2759,774072,507.28,141,1021,99.7,6,1,0,1.821,0.005,-0.0065,103.6697
2760,774296,515.78,140,1019,99.5,6,1,0,1.647,0.005,-0.0065,103.6697
2761,774304,574.31,161,1024,100.0,6,1,0,1.536,0.005,-0.0065,103.6697
2762,774600,487.62,259,1024,100.0,6,1,0,0.941,0.005,-0.0065,103.6697
2763,774848,472.02,287,1024,100.0,6,1,0,1.523,0.005,-0.0065,103.6697
2764,774888,504.82,348,1023,99.9,6,1,0,1.766,0.005,-0.0065,103.6697
2765,775256,535.38,148,1024,100.0,6,1,0,0.756,0.005,-0.0065,103.6697
2766,775296,468.36,243,1024,100.0,6,1,0,1.216,0.005,-0.0065,103.6697
2767,775744,509.9,143,1018,99.4,6,1,0,1.305,0.005,-0.0065,103.6697
2768,775976,500.91,141,1018,99.4,6,1,0,1.728,0.005,-0.0065,103.6697
2769,776360,520.31,257,1024,100.0,6,1,0,0.893,0.005,-0.0065,103.6697
2770,776448,521.69,149,1019,99.5,6,1,0,1.634,0.005,-0.0065,103.6697
2771,776848,507.21,138,1018,99.4,6,1,0,1.567,0.005,-0.0065,103.6697
2772,776872,467.37,513,1021,99.7,6,1,0,1.721,0.005,-0.0065,103.6697
2773,777040,459.23,269,1020,99.6,6,1,0,1.89,0.005,-0.0065,103.6697
2774,777320,475.12,253,1024,100.0,6,1,0,0.789,0.005,-0.0065,103.6697
2775,777336,474.94,380,1024,100.0,6,1,0,1.683,0.005,-0.0065,103.6697
2776,777992,489.18,252,1024,100.0,6,1,0,1.419,0.005,-0.0065,103.6697
2777,778248,553.73,151,1024,100.0,6,1,0,1.206,0.005,-0.0046,56.8722
2778,778368,448.37,251,1024,100.0,6,1,0,1.453,0.005,-0.0046,56.8722
2779,778680,468.27,279,1022,99.8,6,1,0,1.762,0.005,-0.0046,56.8722
2780,778800,331.2,244,993,97.0,5,0,1,0.184,0.005,-0.0046,56.8722
2781,778984,470.64,264,1024,100.0,6,1,0,0.907,0.005,-0.0046,56.8722
2782,779464,486.94,266,1019,99.5,6,1,0,1.83,0.005,-0.0046,56.8722
2783,779496,452.61,272,1017,99.3,6,1,0,1.714,0.005,-0.0046,56.8722
2784,779824,513.37,143,1019,99.5,6,1,0,1.683,0.005,-0.0046,56.8722
2785,780200,479.71,276,1022,99.8,6,1,0,1.75,0.005,-0.0046,56.8722
2786,780408,482.89,270,1017,99.3,6,1,0,1.684,0.005,-0.0046,56.8722
2787,780600,501.18,142,1017,99.3,6,1,0,1.742,0.005,-0.0046,56.8722
2788,780648,481.27,285,1023,99.9,6,1,0,1.868,0.005,-0.0046,56.8722
2789,780920,448.55,265,1024,100.0,6,1,0,1.362,0.005,-0.0046,56.8722
2790,781080,472.61,262,1019,99.5,6,1,0,1.855,0.005,-0.0046,56.8722
2791,781464,541.92,158,1023,99.9,6,1,0,1.887,0.005,-0.0046,56.8722
2792,781616,562.64,151,1024,100.0,6,1,0,1.405,0.005,-0.0046,56.8722
2793,781712,460.88,277,1019,99.5,6,1,0,1.844,0.005,-0.0046,56.8722
2794,781752,504.36,144,1018,99.4,6,1,0,1.87,0.005,-0.0046,56.8722
2795,781864,547.78,152,1024,100.0,6,1,0,1.032,0.005,-0.0046,56.8722
2796,781880,465.03,257,1024,100.0,6,1,0,1.204,0.005,-0.0046,56.8722
2797,782104,553.06,148,1024,100.0,6,1,0,1.086,0.005,-0.0046,56.8722
2798,782984,533.89,140,1024,100.0,6,1,0,0.861,0.005,-0.0046,56.8722
2799,783240,461.56,270,1023,99.9,6,1,0,1.751,0.005,-0.0046,56.8722
2800,783592,478.65,266,1019,99.5,6,1,0,1.759,0.005,-0.0046,56.8722
2801,783776,453.09,270,1019,99.5,6,1,0,1.794,0.005,-0.0046,56.8722
2802,783864,470.02,269,1018,99.4,6,1,0,1.879,0.005,-0.0046,56.8722
2803,784064,514.77,289,1020,99.6,6,1,0,1.756,0.005,-0.0046,56.8722
2804,784080,476.9,275,1023,99.9,6,1,0,1.694,0.005,-0.0046,56.8722
2805,784312,450.86,276,1024,100.0,6,1,0,1.221,0.005,-0.0046,56.8722
2806,784368,504.79,141,1019,99.5,6,1,0,1.788,0.005,-0.0046,56.8722
2807,784816,533.57,153,1024,100.0,6,1,0,1.615,0.005,-0.0046,56.8722
2808,785056,476.33,259,1022,99.8,6,1,0,1.871,0.005,-0.0046,56.8722
2809,785144,495.72,135,1019,99.5,6,1,0,1.74,0.005,-0.0046,56.8722
2810,785472,505.67,212,1023,99.9,6,1,0,1.194,0.005,-0.0046,56.8722
2811,785496,547.77,148,1024,100.0,6,1,0,1.397,0.005,-0.0046,56.8722
2812,785584,556.47,152,1024,100.0,6,1,0,1.341,0.005,-0.0046,56.8722
2813,786056,532.99,155,1023,99.9,6,1,0,1.728,0.005,-0.0046,56.8722
2814,786072,506.01,276,1024,100.0,6,1,0,1.397,0.005,-0.0046,56.8722
2815,786256,513.98,139,1019,99.5,6,1,0,1.863,0.005,-0.0046,56.8722
2816,786280,473.5,275,1020,99.6,6,1,0,1.737,0.005,-0.0046,56.8722
2817,786624,492.17,141,1020,99.6,6,1,0,1.788,0.005,-0.0032,55.186
2818,786728,498.42,143,1015,99.1,6,1,0,1.427,0.005,-0.0032,55.186
2819,786928,304.99,109,899,87.8,4,0,1,0.112,0.005,-0.0032,55.186
2820,787152,481.45,262,1018,99.4,6,1,0,1.688,0.005,-0.0032,55.186
2821,787760,485.75,286,1024,100.0,6,1,0,1.687,0.005,-0.0032,55.186
2822,787784,510.04,145,1019,99.5,6,1,0,1.817,0.005,-0.0032,55.186
2823,788176,570.82,156,1024,100.0,6,1,0,1.286,0.005,-0.0032,55.186
2824,788240,465.54,248,1024,100.0,6,1,0,1.751,0.005,-0.0032,55.186
2825,788272,450.22,275,1024,100.0,6,1,0,1.737,0.005,-0.0032,55.186
2826,788648,507.42,296,1024,100.0,6,1,0,1.541,0.005,-0.0032,55.186
2827,788712,483.98,248,1024,100.0,6,1,0,1.532,0.005,-0.0032,55.186
2828,789264,484.47,264,1024,100.0,6,1,0,1.29,0.005,-0.0032,55.186
2829,789456,561.87,152,1024,100.0,6,1,0,0.791,0.005,-0.0032,55.186
2830,789456,562.94,148,1024,100.0,6,1,0,1.386,0.005,-0.0032,55.186
2831,789904,573.47,149,1024,100.0,6,1,0,1.122,0.005,-0.0032,55.186
2832,789976,477.63,277,1024,100.0,6,1,0,1.859,0.005,-0.0032,55.186
2833,790016,470.92,279,1024,100.0,6,1,0,1.651,0.005,-0.0032,55.186
2834,790264,499.02,261,1024,100.0,6,1,0,0.854,0.005,-0.0032,55.186
2835,790960,489.99,289,1022,99.8,6,1,0,1.737,0.005,-0.0032,55.186
2836,791184,556.87,146,1024,100.0,6,1,0,1.415,0.005,-0.0032,55.186
2837,791424,473.1,270,1024,100.0,6,1,0,1.636,0.005,-0.0032,55.186
2838,791448,443.93,249,1024,100.0,6,1,0,0.948,0.005,-0.0032,55.186
2839,791720,499.75,283,1022,99.8,6,1,0,1.853,0.005,-0.0032,55.186
2840,792184,468.85,276,1022,99.8,6,1,0,1.883,0.005,-0.0032,55.186
2841,792224,475.27,290,1024,100.0,6,1,0,1.724,0.005,-0.0032,55.186
2842,792376,458.82,264,1024,100.0,6,1,0,1.029,0.005,-0.0032,55.186
2843,793128,466.34,271,1020,99.6,6,1,0,1.832,0.005,-0.0032,55.186
2844,793304,535.92,140,1024,100.0,6,1,0,1.289,0.005,-0.0032,55.186
2845,793448,494.18,283,1023,99.9,6,1,0,1.676,0.005,-0.0032,55.186
2846,793608,453.63,273,1019,99.5,6,1,0,1.872,0.005,-0.0032,55.186
2847,793712,481.66,283,1024,100.0,6,1,0,1.566,0.005,-0.0032,55.186
2848,793896,509.09,272,1024,100.0,6,1,0,1.167,0.005,-0.0032,55.186
2849,794448,458.62,278,1024,100.0,6,1,0,0.912,0.005,-0.0032,55.186
2850,794544,441.91,271,1024,100.0,6,1,0,0.869,0.005,-0.0032,55.186
2851,794880,546.89,146,1024,100.0,6,1,0,0.921,0.005,-0.0038,43.1449
2852,795032,557.56,142,1024,100.0,6,1,0,0.73,0.005,-0.0038,43.1449
2853,795360,449.27,279,1020,99.6,6,1,0,1.663,0.005,-0.0038,43.1449
2854,795368,463.36,258,1024,100.0,6,1,0,1.5,0.005,-0.0038,43.1449
2855,795536,481.75,261,1019,99.5,6,1,0,1.831,0.005,-0.0038,43.1449
2856,795688,510.37,143,1019,99.5,6,1,0,1.539,0.005,-0.0038,43.1449
2857,795840,466.16,279,1022,99.8,6,1,0,1.56,0.005,-0.0038,43.1449
2858,796064,506.48,148,1024,100.0,6,1,0,1.616,0.005,-0.0038,43.1449
2859,796296,532.23,158,1024,100.0,6,1,0,1.078,0.005,-0.0038,43.1449
2860,796640,489.51,138,1019,99.5,6,1,0,1.74,0.005,-0.0038,43.1449
2861,796704,472.73,127,1019,99.5,6,1,0,1.768,0.005,-0.0038,43.1449
2862,796768,461.86,290,1020,99.6,6,1,0,1.775,0.005,-0.0038,43.1449
2863,797272,565.16,151,1024,100.0,6,1,0,1.508,0.005,-0.0038,43.1449
2864,797384,454.05,253,1024,100.0,6,1,0,1.48,0.005,-0.0038,43.1449
2865,797400,510.9,138,1020,99.6,6,1,0,1.76,0.005,-0.0038,43.1449
2866,797696,490.39,291,1024,100.0,6,1,0,1.722,0.005,-0.0038,43.1449
2867,797760,501.29,140,1018,99.4,6,1,0,1.811,0.005,-0.0038,43.1449
2868,797936,524.82,262,1024,100.0,6,1,0,0.913,0.005,-0.0038,43.1449
2869,797952,552.91,156,1024,100.0,6,1,0,1.289,0.005,-0.0038,43.1449
2870,798464,494.9,135,1019,99.5,6,1,0,1.744,0.005,-0.0038,43.1449
2871,799000,473.31,279,1024,100.0,6,1,0,1.541,0.005,-0.0038,43.1449
2872,799032,550.71,159,1024,100.0,6,1,0,1.795,0.005,-0.0038,43.1449
2873,799144,515.49,151,1023,99.9,6,1,0,1.547,0.005,-0.0038,43.1449
2874,799520,471.95,281,1024,100.0,6,1,0,1.638,0.005,-0.0038,43.1449
2875,799576,465.09,272,1021,99.7,6,1,0,1.849,0.005,-0.0038,43.1449
2876,799672,461.65,247,1024,100.0,6,1,0,1.503,0.005,-0.0038,43.1449
2877,799992,490.08,255,1024,100.0,6,1,0,1.191,0.005,-0.0038,43.1449
2878,800200,491.93,146,1021,99.7,6,1,0,1.881,0.005,-0.0038,43.1449
2879,800296,501.26,144,1018,99.4,6,1,0,1.375,0.005,-0.0038,43.1449
2880,800944,564.97,159,1024,100.0,6,1,0,0.989,0.005,-0.0038,43.1449
2881,800944,302.64,243,976,95.3,5,0,1,0.164,0.005,-0.0038,43.1449
2882,801304,458.31,355,1024,100.0,6,1,0,1.82,0.005,-0.0038,43.1449
2883,801360,512.98,145,1020,99.6,6,1,0,1.725,0.005,-0.0038,43.1449
2884,801712,453.74,274,1019,99.5,6,1,0,1.765,0.005,-0.0038,43.1449
2885,801944,501.62,296,1023,99.9,6,1,0,1.821,0.005,-0.0038,43.1449
2886,802128,515.78,148,1021,99.7,6,1,0,1.408,0.005,-0.0038,43.1449
2887,802352,466.26,295,1023,99.9,6,1,0,1.49,0.005,-0.0038,43.1449
2888,802464,477.52,271,1020,99.6,6,1,0,1.752,0.005,-0.0038,43.1449
2889,802480,524.82,147,1023,99.9,6,1,0,1.752,0.005,-0.0038,43.1449
2890,803120,462.38,272,1017,99.3,6,1,0,1.851,0.005,-0.0006,54.7058
2891,803312,524.65,148,1021,99.7,6,1,0,1.802,0.005,-0.0006,54.7058
2892,803448,501.17,137,1017,99.3,6,1,0,1.764,0.005,-0.0006,54.7058
2893,803576,487.39,137,1019,99.5,6,1,0,1.875,0.005,-0.0006,54.7058
2894,803576,504.4,139,1017,99.3,6,1,0,1.623,0.005,-0.0006,54.7058
2895,803616,477.17,282,1024,100.0,6,1,0,1.848,0.005,-0.0006,54.7058
2896,803720,509.12,251,1024,100.0,6,1,0,1.157,0.005,-0.0006,54.7058
2897,803936,483.56,249,1024,100.0,6,1,0,1.273,0.005,-0.0006,54.7058
2898,804480,544.45,146,1024,100.0,6,1,0,1.049,0.005,-0.0006,54.7058
2899,804664,515.68,152,1022,99.8,6,1,0,1.808,0.005,-0.0006,54.7058
2900,804744,538.85,146,1024,100.0,6,1,0,0.897,0.005,-0.0006,54.7058
2901,804752,542.21,147,1024,100.0,6,1,0,0.772,0.005,-0.0006,54.7058
2902,804816,495.45,137,1019,99.5,6,1,0,1.703,0.005,-0.0006,54.7058
2903,805096,438.08,247,1024,100.0,6,1,0,1.13,0.005,-0.0006,54.7058
2904,805768,464.98,269,1019,99.5,6,1,0,1.751,0.005,-0.0006,54.7058
2905,805848,505.07,137,1018,99.4,6,1,0,1.897,0.005,-0.0006,54.7058
2906,806096,462.19,270,1022,99.8,6,1,0,1.833,0.005,-0.0006,54.7058
2907,806600,463.25,265,1024,100.0,6,1,0,0.997,0.005,-0.0006,54.7058
2908,806896,481.02,279,1022,99.8,6,1,0,1.87,0.005,-0.0006,54.7058
2909,806952,471.83,267,1019,99.5,6,1,0,1.897,0.005,-0.0006,54.7058
2910,807024,453.27,285,1022,99.8,6,1,0,1.702,0.005,-0.0006,54.7058
2911,807200,485.6,263,1024,100.0,6,1,0,1.332,0.005,-0.0006,54.7058
2912,807752,544.76,144,1024,100.0,6,1,0,1.039,0.005,-0.0006,54.7058
2913,807904,480.96,267,1021,99.7,6,1,0,1.813,0.005,-0.0006,54.7058
2914,808000,462.23,269,1022,99.8,6,1,0,1.884,0.005,-0.0006,54.7058
2915,808368,475.55,284,1021,99.7,6,1,0,1.784,0.005,-0.0006,54.7058
2916,808424,565.74,153,1024,100.0,6,1,0,1.083,0.005,-0.0006,54.7058
2917,808928,521.67,147,1022,99.8,6,1,0,1.487,0.005,-0.0006,54.7058
2918,808992,483.15,255,1024,100.0,6,1,0,0.978,0.005,-0.0006,54.7058
2919,809112,465.08,261,1024,100.0,6,1,0,1.463,0.005,-0.0006,54.7058
2920,809168,496.97,284,1024,100.0,6,1,0,1.767,0.005,-0.0006,54.7058
2921,809232,90.92,38,642,62.7,2,0,1,0.227,0.005,-0.0006,54.7058
2922,809456,380.84,129,985,96.2,5,0,1,0.188,0.005,-0.0006,54.7058
2923,809912,502.19,251,1024,100.0,6,1,0,1.696,0.005,-0.0006,54.7058
2924,810072,501.46,259,1024,100.0,6,1,0,0.853,0.005,-0.0006,54.7058
2925,811144,453.26,269,1020,99.6,6,1,0,1.607,0.005,-0.0024,70.2577
2926,811152,461.39,248,1024,100.0,6,1,0,0.825,0.005,-0.0024,70.2577
2927,811296,489.17,273,1023,99.9,6,1,0,1.709,0.005,-0.0024,70.2577
2928,811384,531.22,269,1024,100.0,6,1,0,0.769,0.005,-0.0024,70.2577
2929,811592,454.13,267,1020,99.6,6,1,0,1.778,0.005,-0.0024,70.2577
2930,812008,442.58,262,1018,99.4,6,1,0,1.837,0.005,-0.0024,70.2577
2931,812192,475.05,265,1022,99.8,6,1,0,1.352,0.005,-0.0024,70.2577
2932,812384,521.55,155,1021,99.7,6,1,0,1.658,0.005,-0.0024,70.2577
2933,812408,499.26,505,1024,100.0,6,1,0,1.183,0.005,-0.0024,70.2577
2934,812472,562.88,147,1024,100.0,6,1,0,1.046,0.005,-0.0024,70.2577
2935,813264,507.02,264,1024,100.0,6,1,0,1.092,0.005,-0.0024,70.2577
2936,813272,535.92,158,1022,99.8,6,1,0,1.699,0.005,-0.0024,70.2577
2937,813432,463.46,256,1022,99.8,6,1,0,1.747,0.005,-0.0024,70.2577
2938,813448,521.23,157,1024,100.0,6,1,0,1.82,0.005,-0.0024,70.2577
2939,813552,555.98,146,1024,100.0,6,1,0,0.687,0.005,-0.0024,70.2577
2940,813672,548.02,158,1024,100.0,6,1,0,1.487,0.005,-0.0024,70.2577
2941,814272,223.89,90,857,83.7,3,0,1,0.103,0.005,-0.0024,70.2577
2942,814336,475.27,343,1024,100.0,6,1,0,1.172,0.005,-0.0024,70.2577
2943,814496,502.78,253,1024,100.0,6,1,0,1.125,0.005,-0.0024,70.2577
2944,815432,468.25,271,1021,99.7,6,1,0,1.663,0.005,-0.0024,70.2577
2945,815456,478.67,253,1024,100.0,6,1,0,1.155,0.005,-0.0024,70.2577
2946,815488,487.03,277,1019,99.5,6,1,0,1.853,0.005,-0.0024,70.2577
2947,815704,566.01,151,1024,100.0,6,1,0,1.107,0.005,-0.0024,70.2577
2948,815720,494.77,284,1024,100.0,6,1,0,1.846,0.005,-0.0024,70.2577
2949,816288,488.06,244,1024,100.0,6,1,0,1.087,0.005,-0.0024,70.2577
2950,816344,469.04,334,1021,99.7,6,1,0,1.376,0.005,-0.0024,70.2577
2951,816376,467.17,263,1024,100.0,6,1,0,0.795,0.005,-0.0024,70.2577
2952,816600,548.18,146,1024,100.0,6,1,0,0.905,0.005,-0.0024,70.2577
2953,816784,583.11,162,1024,100.0,6,1,0,1.509,0.005,-0.0024,70.2577
2954,817480,464.65,253,1024,100.0,6,1,0,1.249,0.005,-0.0024,70.2577
2955,817872,468.09,271,1021,99.7,6,1,0,1.597,0.005,-0.0024,70.2577
2956,817872,468.96,269,1019,99.5,6,1,0,1.404,0.005,-0.0024,70.2577
2957,818216,484.28,241,1024,100.0,6,1,0,1.503,0.005,-0.0024,70.2577
2958,818528,477.87,273,1020,99.6,6,1,0,1.823,0.005,-0.0024,70.2577
2959,818624,513.29,253,1024,100.0,6,1,0,1.026,0.005,-0.0024,70.2577
2960,818744,462.24,245,1022,99.8,6,1,0,1.574,0.005,-0.0024,70.2577
2961,819400,550.49,148,1024,100.0,6,1,0,1.208,0.005,-0.0028,60.92
2962,819656,460.14,272,1021,99.7,6,1,0,1.551,0.005,-0.0028,60.92
2963,820024,484.12,269,1018,99.4,6,1,0,1.811,0.005,-0.0028,60.92
2964,820120,450.49,281,1024,100.0,6,1,0,1.159,0.005,-0.0028,60.92
2965,820352,469.78,497,1024,100.0,6,1,0,0.895,0.005,-0.0028,60.92
2966,820584,553.85,148,1024,100.0,6,1,0,0.698,0.005,-0.0028,60.92
2967,820648,459.11,238,1022,99.8,6,1,0,1.323,0.005,-0.0028,60.92
2968,820728,487.05,275,1019,99.5,6,1,0,1.747,0.005,-0.0028,60.92
2969,820776,455.81,269,1021,99.7,6,1,0,1.458,0.005,-0.0028,60.92
2970,821576,559.65,153,1024,100.0,6,1,0,1.332,0.005,-0.0028,60.92
2971,821744,295.5,145,973,95.0,5,0,1,0.196,0.005,-0.0028,60.92
2972,821896,463.62,280,1022,99.8,6,1,0,1.827,0.005,-0.0028,60.92
2973,822016,444.11,249,1024,100.0,6,1,0,1.418,0.005,-0.0028,60.92
2974,822104,458.34,248,1024,100.0,6,1,0,1.293,0.005,-0.0028,60.92
2975,822760,547.71,148,1024,100.0,6,1,0,0.964,0.005,-0.0028,60.92
2976,822816,477.29,255,1024,100.0,6,1,0,0.697,0.005,-0.0028,60.92
2977,822936,437.13,286,1023,99.9,6,1,0,1.869,0.005,-0.0028,60.92
2978,823136,530.05,155,1024,100.0,6,1,0,1.695,0.005,-0.0028,60.92
2979,823200,515.67,148,1019,99.5,6,1,0,1.633,0.005,-0.0028,60.92
2980,823408,442.41,335,1023,99.9,6,1,0,1.784,0.005,-0.0028,60.92
2981,823792,477.69,256,1024,100.0,6,1,0,1.046,0.005,-0.0028,60.92
2982,823992,527.73,147,1018,99.4,6,1,0,1.877,0.005,-0.0028,60.92
2983,824280,487.04,272,1022,99.8,6,1,0,1.883,0.005,-0.0028,60.92
2984,824376,564.33,155,1024,100.0,6,1,0,1.022,0.005,-0.0028,60.92
2985,824792,488.13,254,1024,100.0,6,1,0,1.07,0.005,-0.0028,60.92
2986,825080,488.23,268,1024,100.0,6,1,0,1.195,0.005,-0.0028,60.92
2987,825120,513.17,141,1018,99.4,6,1,0,1.313,0.005,-0.0028,60.92
2988,825424,471.17,278,1023,99.9,6,1,0,1.863,0.005,-0.0028,60.92
2989,825584,433.62,272,1020,99.6,6,1,0,1.866,0.005,-0.0028,60.92
2990,825776,456.09,248,1022,99.8,6,1,0,0.866,0.005,-0.0028,60.92
2991,825904,510.41,139,1018,99.4,6,1,0,1.686,0.005,-0.0028,60.92
2992,826280,501.21,250,1024,100.0,6,1,0,1.424,0.005,-0.0028,60.92
2993,826320,493.61,243,1023,99.9,6,1,0,1.567,0.005,-0.0028,60.92
2994,826344,267.44,95,861,84.1,4,0,1,0.149,0.005,-0.0028,60.92
2995,826896,498.3,140,1020,99.6,6,1,0,1.439,0.005,-0.0028,60.92
2996,827208,491.49,261,1018,99.4,6,1,0,1.704,0.005,-0.0028,60.92
2997,827248,471.66,271,1024,100.0,6,1,0,1.018,0.005,-0.0028,60.92
2998,827368,452.25,243,1024,100.0,6,1,0,1.556,0.005,-0.0028,60.92
2999,827856,484.16,244,1022,99.8,6,1,0,1.652,0.005,-0.0029,45.4422
3000,828288,497.49,251,1024,100.0,6,1,0,1.208,0.005,-0.0029,45.4422
3001,828312,446.54,246,1024,100.0,6,1,0,0.466,0.005,-0.0029,45.4422
3002,828408,565.77,150,1024,100.0,6,1,0,1.036,0.005,-0.0029,45.4422
3003,828416,469.95,262,1024,100.0,6,1,0,0.664,0.005,-0.0029,45.4422
3004,829016,449.98,265,1017,99.3,6,1,0,1.764,0.005,-0.0029,45.4422
3005,829032,510.13,147,1020,99.6,6,1,0,1.777,0.005,-0.0029,45.4422
3006,829272,465.69,253,1024,100.0,6,1,0,0.738,0.005,-0.0029,45.4422
3007,829384,465.77,252,1024,100.0,6,1,0,0.925,0.005,-0.0029,45.4422
3008,829448,554.2,145,1024,100.0,6,1,0,0.844,0.005,-0.0029,45.4422
3009,829584,550.65,146,1024,100.0,6,1,0,0.761,0.005,-0.0029,45.4422
3010,830120,510.52,138,1019,99.5,6,1,0,1.764,0.005,-0.0029,45.4422
3011,830376,536.51,138,1024,100.0,6,1,0,1.503,0.005,-0.0029,45.4422
3012,830392,476.02,248,1024,100.0,6,1,0,1.077,0.005,-0.0029,45.4422
3013,830504,491.76,274,1022,99.8,6,1,0,1.871,0.005,-0.0029,45.4422
3014,831152,488.01,265,1024,100.0,6,1,0,0.783,0.005,-0.0029,45.4422
3015,831640,455.85,274,1021,99.7,6,1,0,1.672,0.005,-0.0029,45.4422
3016,831672,446.9,261,1021,99.7,6,1,0,1.748,0.005,-0.0029,45.4422
3017,832024,479.06,330,1024,100.0,6,1,0,1.391,0.005,-0.0029,45.4422
3018,832288,479.87,239,1023,99.9,6,1,0,1.396,0.005,-0.0029,45.4422
3019,832760,467.6,282,1024,100.0,6,1,0,1.515,0.005,-0.0029,45.4422
3020,832840,515.84,146,1023,99.9,6,1,0,1.7,0.005,-0.0029,45.4422
3021,833024,259.01,92,946,92.4,4,0,1,0.133,0.005,-0.0029,45.4422
3022,833232,503.64,260,1024,100.0,6,1,0,0.853,0.005,-0.0029,45.4422
3023,833296,487.48,397,1023,99.9,6,1,0,1.586,0.005,-0.0029,45.4422
3024,833504,486.01,389,1021,99.7,6,1,0,1.521,0.005,-0.0029,45.4422
3025,833632,454.2,249,1024,100.0,6,1,0,1.152,0.005,-0.0029,45.4422
3026,833912,512.76,144,1019,99.5,6,1,0,1.886,0.005,-0.0029,45.4422
3027,834200,467.58,272,1020,99.6,6,1,0,1.844,0.005,-0.0029,45.4422
3028,834664,512.95,145,1019,99.5,6,1,0,1.814,0.005,-0.0029,45.4422
3029,835088,469.78,281,1023,99.9,6,1,0,1.782,0.005,-0.0029,45.4422
3030,835104,449.2,260,1020,99.6,6,1,0,1.867,0.005,-0.0029,45.4422
3031,835440,474.0,268,1019,99.5,6,1,0,1.76,0.005,-0.0029,45.4422
3032,835760,457.84,266,1018,99.4,6,1,0,1.659,0.005,-0.0023,51.2127
3033,835880,428.73,246,1024,100.0,6,1,0,1.369,0.005,-0.0023,51.2127
3034,836240,522.25,144,1017,99.3,6,1,0,1.65,0.005,-0.0023,51.2127
3035,836328,468.46,266,1021,99.7,6,1,0,1.878,0.005,-0.0023,51.2127
3036,836544,90.84,38,636,62.1,2,0,1,0.224,0.005,-0.0023,51.2127
3037,836752,453.35,261,1023,99.9,6,1,0,1.558,0.005,-0.0023,51.2127
3038,837096,508.81,249,1024,100.0,6,1,0,1.037,0.005,-0.0023,51.2127
3039,837192,496.28,495,1024,100.0,6,1,0,0.833,0.005,-0.0023,51.2127
3040,837488,475.66,256,1024,100.0,6,1,0,0.861,0.005,-0.0023,51.2127
3041,838160,480.8,285,1024,100.0,6,1,0,1.894,0.005,-0.0023,51.2127
3042,838416,553.41,153,1023,99.9,6,1,0,0.784,0.005,-0.0023,51.2127
3043,838560,480.85,279,1019,99.5,6,1,0,1.835,0.005,-0.0023,51.2127
3044,838704,436.55,270,1022,99.8,6,1,0,1.657,0.005,-0.0023,51.2127
3045,838720,551.16,154,1022,99.8,6,1,0,1.759,0.005,-0.0023,51.2127
3046,838848,548.68,386,1024,100.0,6,1,0,1.456,0.005,-0.0023,51.2127
3047,838880,459.88,266,1020,99.6,6,1,0,1.846,0.005,-0.0023,51.2127
3048,839048,8.39,21,231,22.6,1,0,1,0.148,0.005,-0.0023,51.2127
3049,839544,516.53,141,1019,99.5,6,1,0,1.892,0.005,-0.0023,51.2127
3050,839896,495.39,350,1024,100.0,6,1,0,1.504,0.005,-0.0023,51.2127
3051,840720,470.17,270,1018,99.4,6,1,0,1.85,0.005,-0.0023,51.2127
3052,840728,452.69,251,1024,100.0,6,1,0,0.803,0.005,-0.0023,51.2127
3053,840728,500.44,253,1024,100.0,6,1,0,0.764,0.005,-0.0023,51.2127
3054,840736,562.26,149,1024,100.0,6,1,0,0.893,0.005,-0.0023,51.2127
3055,840872,-11.76,17,184,18.0,1,0,1,0.127,0.005,-0.0023,51.2127
3056,840984,479.92,242,1023,99.9,6,1,0,1.699,0.005,-0.0023,51.2127
3057,840992,450.85,268,1021,99.7,6,1,0,1.779,0.005,-0.0023,51.2127
3058,842656,478.67,345,1024,100.0,6,1,0,1.862,0.005,-0.0023,51.2127
3059,842696,447.89,567,1024,100.0,6,1,0,1.274,0.005,-0.0023,51.2127
3060,842704,474.5,248,1024,100.0,6,1,0,1.379,0.005,-0.0023,51.2127
3061,842704,453.34,247,1024,100.0,6,1,0,1.316,0.005,-0.0023,51.2127
3062,842888,484.03,270,1022,99.8,6,1,0,1.668,0.005,-0.0023,51.2127
3063,843120,468.01,267,1022,99.8,6,1,0,1.82,0.005,-0.0023,51.2127
3064,843160,480.57,286,1023,99.9,6,1,0,1.844,0.005,-0.0023,51.2127
3065,843200,451.93,276,1023,99.9,6,1,0,1.569,0.005,-0.0023,51.2127
3066,843944,524.35,155,1019,99.5,6,1,0,1.533,0.005,-0.0054,114.1418
3067,844032,512.78,143,1020,99.6,6,1,0,1.858,0.005,-0.0054,114.1418
3068,844248,501.38,141,1018,99.4,6,1,0,1.773,0.005,-0.0054,114.1418
3069,844392,536.61,149,1023,99.9,6,1,0,1.596,0.005,-0.0054,114.1418
3070,844608,476.34,238,1024,100.0,6,1,0,1.525,0.005,-0.0054,114.1418
3071,844712,4.33,40,230,22.5,1,0,1,0.171,0.005,-0.0054,114.1418
3072,844848,487.33,274,1024,100.0,6,1,0,1.648,0.005,-0.0054,114.1418
3073,844856,498.7,270,1020,99.6,6,1,0,1.801,0.005,-0.0054,114.1418
3074,845184,548.23,144,1024,100.0,6,1,0,0.803,0.005,-0.0054,114.1418
3075,845224,526.7,160,1022,99.8,6,1,0,1.66,0.005,-0.0054,114.1418
3076,845336,473.94,272,1023,99.9,6,1,0,1.788,0.005,-0.0054,114.1418
3077,845840,544.28,141,1024,100.0,6,1,0,1.137,0.005,-0.0054,114.1418
3078,846384,521.7,150,1024,100.0,6,1,0,1.755,0.005,-0.0054,114.1418
3079,846440,477.94,274,1020,99.6,6,1,0,1.868,0.005,-0.0054,114.1418
3080,846504,557.0,160,1022,99.8,6,1,0,1.795,0.005,-0.0054,114.1418
3081,846768,450.56,270,1020,99.6,6,1,0,1.603,0.005,-0.0054,114.1418
3082,846832,462.57,247,1024,100.0,6,1,0,1.492,0.005,-0.0054,114.1418
3083,846864,459.87,252,1024,100.0,6,1,0,1.317,0.005,-0.0054,114.1418
3084,847480,500.48,268,1024,100.0,6,1,0,0.772,0.005,-0.0054,114.1418
3085,847728,577.21,153,1024,100.0,6,1,0,1.079,0.005,-0.0054,114.1418
3086,847992,531.04,145,1020,99.6,6,1,0,1.862,0.005,-0.0054,114.1418
3087,848048,473.31,276,1023,99.9,6,1,0,1.784,0.005,-0.0054,114.1418
3088,848560,457.05,272,1022,99.8,6,1,0,1.413,0.005,-0.0054,114.1418
3089,848680,474.54,280,1021,99.7,6,1,0,1.884,0.005,-0.0054,114.1418
3090,848872,503.58,251,1024,100.0,6,1,0,0.818,0.005,-0.0054,114.1418
3091,848912,463.07,268,1021,99.7,6,1,0,1.61,0.005,-0.0054,114.1418
3092,849112,513.41,140,1018,99.4,6,1,0,1.838,0.005,-0.0054,114.1418
3093,849296,542.24,156,1023,99.9,6,1,0,1.579,0.005,-0.0054,114.1418
3094,849864,527.82,148,1018,99.4,6,1,0,1.848,0.005,-0.0054,114.1418
3095,849968,471.09,311,1024,100.0,6,1,0,0.966,0.005,-0.0054,114.1418
3096,850120,530.29,151,1020,99.6,6,1,0,1.67,0.005,-0.0054,114.1418
3097,850136,485.52,301,1024,100.0,6,1,0,1.353,0.005,-0.0054,114.1418
3098,850224,523.74,139,1024,100.0,6,1,0,1.34,0.005,-0.0054,114.1418
3099,850704,457.39,268,1021,99.7,6,1,0,1.7,0.005,-0.0054,114.1418
3100,851184,478.64,289,1021,99.7,6,1,0,1.795,0.005,-0.0054,114.1418
3101,851320,562.47,148,1024,100.0,6,1,0,1.223,0.005,-0.0054,114.1418
3102,851488,471.21,274,1020,99.6,6,1,0,1.636,0.005,-0.0054,114.1418
3103,851848,465.79,248,1024,100.0,6,1,0,0.836,0.005,-0.0054,114.1418
3104,851960,485.07,249,1024,100.0,6,1,0,0.978,0.005,-0.0054,114.1418
3105,852240,446.8,265,1019,99.5,6,1,0,1.809,0.005,-0.0036,52.3718
3106,852312,481.57,261,1019,99.5,6,1,0,1.762,0.005,-0.0036,52.3718
3107,852664,506.93,147,1019,99.5,6,1,0,1.543,0.005,-0.0036,52.3718
3108,852904,479.03,275,1021,99.7,6,1,0,1.686,0.005,-0.0036,52.3718
3109,853472,462.26,269,1020,99.6,6,1,0,1.814,0.005,-0.0036,52.3718
3110,853496,534.06,148,1018,99.4,6,1,0,1.832,0.005,-0.0036,52.3718
3111,854056,445.61,276,1022,99.8,6,1,0,1.775,0.005,-0.0036,52.3718
3112,854200,459.37,280,1022,99.8,6,1,0,1.832,0.005,-0.0036,52.3718
3113,854608,481.75,296,1023,99.9,6,1,0,1.887,0.005,-0.0036,52.3718
3114,854760,507.7,262,1024,100.0,6,1,0,0.991,0.005,-0.0036,52.3718
3115,855184,475.91,500,1024,100.0,6,1,0,0.657,0.005,-0.0036,52.3718
3116,855496,487.4,250,1024,100.0,6,1,0,1.421,0.005,-0.0036,52.3718
3117,855576,463.35,263,1021,99.7,6,1,0,1.67,0.005,-0.0036,52.3718
3118,855608,514.01,338,1024,100.0,6,1,0,0.892,0.005,-0.0036,52.3718
3119,855824,578.16,152,1024,100.0,6,1,0,1.078,0.005,-0.0036,52.3718
3120,856024,501.27,246,1024,100.0,6,1,0,1.599,0.005,-0.0036,52.3718
3121,856152,3.57,16,240,23.4,1,0,1,0.178,0.005,-0.0036,52.3718
3122,856320,542.28,142,1024,100.0,6,1,0,1.025,0.005,-0.0036,52.3718
3123,856376,459.72,272,1024,100.0,6,1,0,1.793,0.005,-0.0036,52.3718
3124,856976,473.56,277,1023,99.9,6,1,0,1.545,0.005,-0.0036,52.3718
3125,857032,552.85,151,1024,100.0,6,1,0,1.172,0.005,-0.0036,52.3718
3126,857352,550.18,150,1024,100.0,6,1,0,0.88,0.005,-0.0036,52.3718
3127,857464,480.08,246,1024,100.0,6,1,0,1.652,0.005,-0.0036,52.3718
3128,857696,515.19,265,1024,100.0,6,1,0,0.95,0.005,-0.0036,52.3718
3129,858224,485.53,238,1023,99.9,6,1,0,1.538,0.005,-0.0036,52.3718
3130,858416,508.6,351,1024,100.0,6,1,0,1.312,0.005,-0.0036,52.3718
3131,858448,456.3,259,1024,100.0,6,1,0,0.92,0.005,-0.0036,52.3718
3132,858624,11.28,26,213,20.8,1,0,1,0.2,0.005,-0.0036,52.3718
3133,859016,470.17,255,1024,100.0,6,1,0,1.172,0.005,-0.0036,52.3718
3134,859040,484.96,251,1024,100.0,6,1,0,1.527,0.005,-0.0036,52.3718
3135,859360,506.72,251,1024,100.0,6,1,0,0.818,0.005,-0.0036,52.3718
3136,859464,457.75,250,1024,100.0,6,1,0,0.626,0.005,-0.0036,52.3718
3137,859560,510.15,139,1018,99.4,6,1,0,1.729,0.005,-0.0036,52.3718
3138,859656,510.13,245,1022,99.8,6,1,0,1.44,0.005,-0.0036,52.3718
3139,860176,513.38,142,1019,99.5,6,1,0,1.729,0.005,-0.0046,86.9172
3140,860448,478.87,278,1023,99.9,6,1,0,1.868,0.005,-0.0046,86.9172
3141,860592,535.86,154,1023,99.9,6,1,0,1.773,0.005,-0.0046,86.9172
3142,860768,468.99,268,1024,100.0,6,1,0,1.199,0.005,-0.0046,86.9172
3143,860840,580.3,160,1024,100.0,6,1,0,0.972,0.005,-0.0046,86.9172
3144,860944,550.89,161,1022,99.8,6,1,0,1.786,0.005,-0.0046,86.9172
3145,861472,445.9,251,1024,100.0,6,1,0,0.881,0.005,-0.0046,86.9172
3146,861696,525.02,335,1024,100.0,6,1,0,1.464,0.005,-0.0046,86.9172
3147,861768,550.84,147,1024,100.0,6,1,0,1.239,0.005,-0.0046,86.9172
3148,862656,461.08,276,1018,99.4,6,1,0,1.683,0.005,-0.0046,86.9172
3149,862888,442.69,339,1023,99.9,6,1,0,1.674,0.005,-0.0046,86.9172
3150,862976,466.39,267,1024,100.0,6,1,0,0.681,0.005,-0.0046,86.9172
3151,862992,457.72,256,1024,100.0,6,1,0,1.131,0.005,-0.0046,86.9172
3152,863000,467.93,279,1023,99.9,6,1,0,1.809,0.005,-0.0046,86.9172
3153,863568,466.31,262,1019,99.5,6,1,0,1.805,0.005,-0.0046,86.9172
3154,863840,469.46,268,1020,99.6,6,1,0,1.797,0.005,-0.0046,86.9172
3155,863968,450.34,275,1020,99.6,6,1,0,1.744,0.005,-0.0046,86.9172
3156,864632,459.45,247,1024,100.0,6,1,0,1.471,0.005,-0.0046,86.9172
3157,864920,466.31,243,1024,100.0,6,1,0,1.419,0.005,-0.0046,86.9172
3158,864968,498.79,260,1024,100.0,6,1,0,0.845,0.005,-0.0046,86.9172
3159,865176,435.82,273,1021,99.7,6,1,0,1.753,0.005,-0.0046,86.9172
3160,865192,492.41,274,1017,99.3,6,1,0,1.665,0.005,-0.0046,86.9172
3161,865584,492.93,252,1024,100.0,6,1,0,0.862,0.005,-0.0046,86.9172
3162,866040,477.44,259,1024,100.0,6,1,0,0.745,0.005,-0.0046,86.9172
3163,866128,490.15,286,1024,100.0,6,1,0,1.531,0.005,-0.0046,86.9172
3164,866776,471.5,268,1018,99.4,6,1,0,1.814,0.005,-0.0046,86.9172
3165,866944,459.43,247,1024,100.0,6,1,0,1.364,0.005,-0.0046,86.9172
3166,867296,530.54,146,1017,99.3,6,1,0,1.825,0.005,-0.0046,86.9172
3167,867352,467.23,270,1023,99.9,6,1,0,1.824,0.005,-0.0046,86.9172
3168,867384,478.7,276,1021,99.7,6,1,0,1.806,0.005,-0.0046,86.9172
3169,868384,493.62,350,1022,99.8,6,1,0,1.877,0.005,-0.0039,55.1071
3170,868568,550.88,152,1023,99.9,6,1,0,1.836,0.005,-0.0039,55.1071
3171,868784,476.77,483,1024,100.0,6,1,0,1.086,0.005,-0.0039,55.1071
3172,868904,475.3,266,1020,99.6,6,1,0,1.699,0.005,-0.0039,55.1071
3173,869024,524.31,373,1024,100.0,6,1,0,0.929,0.005,-0.0039,55.1071
3174,869256,455.84,245,1024,100.0,6,1,0,0.981,0.005,-0.0039,55.1071
3175,869264,542.92,290,1024,100.0,6,1,0,1.396,0.005,-0.0039,55.1071
3176,869336,472.37,244,1024,100.0,6,1,0,1.298,0.005,-0.0039,55.1071
3177,869624,527.05,155,1022,99.8,6,1,0,1.43,0.005,-0.0039,55.1071
3178,870544,557.02,151,1024,100.0,6,1,0,0.898,0.005,-0.0039,55.1071
3179,870544,564.35,160,1024,100.0,6,1,0,0.896,0.005,-0.0039,55.1071
3180,870792,473.37,278,1022,99.8,6,1,0,1.86,0.005,-0.0039,55.1071
3181,870800,565.64,147,1024,100.0,6,1,0,0.703,0.005,-0.0039,55.1071
3182,870960,469.22,272,1022,99.8,6,1,0,1.757,0.005,-0.0039,55.1071
3183,871104,469.3,275,1024,100.0,6,1,0,1.863,0.005,-0.0039,55.1071
3184,871296,475.38,284,1024,100.0,6,1,0,1.365,0.005,-0.0039,55.1071
3185,871392,464.17,267,1021,99.7,6,1,0,1.665,0.005,-0.0039,55.1071
3186,871712,534.09,146,1024,100.0,6,1,0,1.866,0.005,-0.0039,55.1071
3187,872360,539.13,157,1023,99.9,6,1,0,1.74,0.005,-0.0039,55.1071
3188,872736,479.96,274,1021,99.7,6,1,0,1.806,0.005,-0.0039,55.1071
3189,872800,492.85,251,1024,100.0,6,1,0,1.357,0.005,-0.0039,55.1071
3190,872992,470.74,274,1022,99.8,6,1,0,1.787,0.005,-0.0039,55.1071
3191,873144,458.06,273,1021,99.7,6,1,0,1.884,0.005,-0.0039,55.1071
3192,873368,490.98,259,1024,100.0,6,1,0,1.049,0.005,-0.0039,55.1071
3193,873392,483.25,250,1024,100.0,6,1,0,1.013,0.005,-0.0039,55.1071
3194,873648,477.22,242,1024,100.0,6,1,0,1.619,0.005,-0.0039,55.1071
3195,874184,503.41,149,1022,99.8,6,1,0,1.747,0.005,-0.0039,55.1071
3196,874368,494.7,251,1024,100.0,6,1,0,0.953,0.005,-0.0039,55.1071
3197,874624,562.73,157,1024,100.0,6,1,0,1.79,0.005,-0.0039,55.1071
3198,874864,471.02,258,1024,100.0,6,1,0,0.733,0.005,-0.0039,55.1071
3199,874952,457.43,277,1024,100.0,6,1,0,1.702,0.005,-0.0039,55.1071
3200,875120,472.89,247,1024,100.0,6,1,0,1.067,0.005,-0.0039,55.1071
3201,875496,530.3,141,1024,100.0,6,1,0,1.064,0.005,-0.0039,55.1071
3202,875744,469.38,262,1021,99.7,6,1,0,1.902,0.005,-0.0039,55.1071
3203,875992,545.31,141,1024,100.0,6,1,0,0.995,0.005,-0.0039,55.1071
3204,876160,580.64,151,1024,100.0,6,1,0,0.859,0.005,-0.0039,55.1071
3205,876432,475.19,281,1023,99.9,6,1,0,1.859,0.005,-0.0039,55.1071
3206,876472,455.16,385,1024,100.0,6,1,0,1.812,0.005,-0.0039,55.1071
3207,876824,465.08,275,1020,99.6,6,1,0,1.843,0.005,-0.0019,41.5804
3208,877064,-11.56,30,189,18.5,1,0,1,0.107,0.005,-0.0019,41.5804
3209,877144,451.34,253,1024,100.0,6,1,0,1.502,0.005,-0.0019,41.5804
3210,877496,464.08,250,1024,100.0,6,1,0,1.287,0.005,-0.0019,41.5804
3211,877768,486.62,253,1024,100.0,6,1,0,0.992,0.005,-0.0019,41.5804
3212,878184,510.04,253,1024,100.0,6,1,0,1.198,0.005,-0.0019,41.5804
3213,878232,521.84,146,1017,99.3,6,1,0,1.465,0.005,-0.0019,41.5804
3214,878416,504.72,248,1024,100.0,6,1,0,1.405,0.005,-0.0019,41.5804
3215,878648,471.83,272,1021,99.7,6,1,0,1.585,0.005,-0.0019,41.5804
3216,878696,527.65,150,1022,99.8,6,1,0,1.844,0.005,-0.0019,41.5804
3217,878840,462.27,356,1024,100.0,6,1,0,1.838,0.005,-0.0019,41.5804
3218,879152,494.83,251,1024,100.0,6,1,0,0.954,0.005,-0.0019,41.5804
3219,879416,553.55,148,1024,100.0,6,1,0,1.02,0.005,-0.0019,41.5804
3220,879776,498.29,251,1024,100.0,6,1,0,1.129,0.005,-0.0019,41.5804
3221,879784,497.82,142,1018,99.4,6,1,0,1.645,0.005,-0.0019,41.5804
3222,880400,488.8,277,1023,99.9,6,1,0,1.796,0.005,-0.0019,41.5804
3223,880544,485.27,266,1024,100.0,6,1,0,0.742,0.005,-0.0019,41.5804
3224,880736,462.69,255,1024,100.0,6,1,0,1.109,0.005,-0.0019,41.5804
3225,880928,519.5,144,1019,99.5,6,1,0,1.904,0.005,-0.0019,41.5804
3226,880976,456.97,267,1022,99.8,6,1,0,1.72,0.005,-0.0019,41.5804
3227,881640,461.93,278,1023,99.9,6,1,0,1.722,0.005,-0.0019,41.5804
3228,881752,492.14,246,1024,100.0,6,1,0,1.43,0.005,-0.0019,41.5804
3229,881856,512.48,338,1024,100.0,6,1,0,0.83,0.005,-0.0019,41.5804
3230,881864,519.89,141,1019,99.5,6,1,0,1.713,0.005,-0.0019,41.5804
3231,882416,481.18,252,1024,100.0,6,1,0,1.2,0.005,-0.0019,41.5804
3232,882688,474.7,268,1021,99.7,6,1,0,1.87,0.005,-0.0019,41.5804
3233,882928,478.86,244,1024,100.0,6,1,0,1.337,0.005,-0.0019,41.5804
3234,882976,512.85,139,1019,99.5,6,1,0,1.448,0.005,-0.0019,41.5804
3235,883120,518.03,274,1024,100.0,6,1,0,1.01,0.005,-0.0019,41.5804
3236,883832,483.53,247,1024,100.0,6,1,0,1.308,0.005,-0.0019,41.5804
3237,883888,475.98,281,1021,99.7,6,1,0,1.843,0.005,-0.0019,41.5804
3238,883896,555.99,151,1024,100.0,6,1,0,1.318,0.005,-0.0019,41.5804
3239,883944,525.24,274,1024,100.0,6,1,0,1.253,0.005,-0.0019,41.5804
3240,884040,533.58,139,1024,100.0,6,1,0,1.357,0.005,-0.0019,41.5804
3241,884088,539.21,139,1024,100.0,6,1,0,1.293,0.005,-0.0019,41.5804
3242,884304,553.42,148,1024,100.0,6,1,0,1.597,0.005,-0.0019,41.5804
3243,884432,454.0,252,1024,100.0,6,1,0,1.165,0.005,-0.0019,41.5804
3244,885024,523.67,141,1024,100.0,6,1,0,0.994,0.005,-0.0024,48.4017
3245,885032,559.8,150,1024,100.0,6,1,0,1.073,0.005,-0.0024,48.4017
3246,885072,518.36,148,1024,100.0,6,1,0,1.764,0.005,-0.0024,48.4017
3247,885416,507.33,139,1020,99.6,6,1,0,1.808,0.005,-0.0024,48.4017
3248,885600,534.12,146,1020,99.6,6,1,0,1.455,0.005,-0.0024,48.4017
3249,885968,475.07,235,1023,99.9,6,1,0,1.638,0.005,-0.0024,48.4017
3250,886048,482.34,251,1024,100.0,6,1,0,0.706,0.005,-0.0024,48.4017
3251,886152,468.28,276,1023,99.9,6,1,0,1.79,0.005,-0.0024,48.4017
3252,887144,470.03,259,1019,99.5,6,1,0,1.838,0.005,-0.0024,48.4017
3253,887160,450.67,266,1021,99.7,6,1,0,1.773,0.005,-0.0024,48.4017
3254,887176,542.09,141,1024,100.0,6,1,0,1.337,0.005,-0.0024,48.4017
3255,887304,509.81,144,1018,99.4,6,1,0,1.866,0.005,-0.0024,48.4017
3256,887320,481.71,287,1022,99.8,6,1,0,1.73,0.005,-0.0024,48.4017
3257,887368,-10.42,24,172,16.8,1,0,1,0.164,0.005,-0.0024,48.4017
3258,887456,487.37,255,1024,100.0,6,1,0,1.157,0.005,-0.0024,48.4017
3259,887944,465.87,293,1023,99.9,6,1,0,1.798,0.005,-0.0024,48.4017
3260,888104,455.49,267,1018,99.4,6,1,0,1.77,0.005,-0.0024,48.4017
3261,888272,525.46,141,1020,99.6,6,1,0,1.494,0.005,-0.0024,48.4017
3262,889104,493.09,243,1024,100.0,6,1,0,1.18,0.005,-0.0024,48.4017
3263,889448,443.71,266,1021,99.7,6,1,0,1.824,0.005,-0.0024,48.4017
3264,889536,517.88,279,1024,100.0,6,1,0,1.221,0.005,-0.0024,48.4017
3265,889576,452.54,276,1023,99.9,6,1,0,1.796,0.005,-0.0024,48.4017
3266,889624,457.39,271,1021,99.7,6,1,0,1.795,0.005,-0.0024,48.4017
3267,890056,465.82,264,1020,99.6,6,1,0,1.806,0.005,-0.0024,48.4017
3268,890120,476.17,252,1024,100.0,6,1,0,1.16,0.005,-0.0024,48.4017
3269,890328,476.87,257,1024,100.0,6,1,0,1.311,0.005,-0.0024,48.4017
3270,891288,565.59,154,1024,100.0,6,1,0,1.15,0.005,-0.0024,48.4017
3271,891296,531.1,147,1019,99.5,6,1,0,1.871,0.005,-0.0024,48.4017
3272,891568,510.02,249,1024,100.0,6,1,0,1.591,0.005,-0.0024,48.4017
3273,891648,460.17,275,1020,99.6,6,1,0,1.884,0.005,-0.0024,48.4017
3274,891704,465.74,271,1022,99.8,6,1,0,1.577,0.005,-0.0024,48.4017
3275,891728,499.5,328,1024,100.0,6,1,0,1.293,0.005,-0.0024,48.4017
3276,891920,471.46,287,1024,100.0,6,1,0,1.834,0.005,-0.0024,48.4017
3277,892352,488.78,253,1024,100.0,6,1,0,1.307,0.005,-0.0024,48.4017
3278,893456,492.08,138,1015,99.1,6,1,0,1.509,0.005,-0.0029,41.1513
3279,893464,447.72,271,1022,99.8,6,1,0,1.733,0.005,-0.0029,41.1513
3280,893480,480.18,274,1021,99.7,6,1,0,1.737,0.005,-0.0029,41.1513
3281,893744,498.18,272,1021,99.7,6,1,0,1.764,0.005,-0.0029,41.1513
3282,893824,486.17,272,1018,99.4,6,1,0,1.739,0.005,-0.0029,41.1513
3283,893840,447.86,267,1023,99.9,6,1,0,1.726,0.005,-0.0029,41.1513
3284,893880,459.82,269,1018,99.4,6,1,0,1.431,0.005,-0.0029,41.1513
3285,893904,473.07,248,1024,100.0,6,1,0,0.949,0.005,-0.0029,41.1513
3286,894952,528.39,141,1018,99.4,6,1,0,1.669,0.005,-0.0029,41.1513
3287,894976,527.36,154,1024,100.0,6,1,0,1.341,0.005,-0.0029,41.1513
3288,895584,468.7,266,1017,99.3,6,1,0,1.516,0.005,-0.0029,41.1513
3289,895672,458.32,274,1024,100.0,6,1,0,1.637,0.005,-0.0029,41.1513
3290,895688,473.35,278,1020,99.6,6,1,0,1.524,0.005,-0.0029,41.1513
3291,895808,454.74,241,1024,100.0,6,1,0,1.013,0.005,-0.0029,41.1513
3292,895864,481.42,245,1024,100.0,6,1,0,1.479,0.005,-0.0029,41.1513
3293,895960,500.53,265,1024,100.0,6,1,0,0.948,0.005,-0.0029,41.1513
3294,896096,525.18,143,1018,99.4,6,1,0,1.391,0.005,-0.0029,41.1513
3295,896680,528.22,137,1024,100.0,6,1,0,0.92,0.005,-0.0029,41.1513
3296,896976,547.73,146,1024,100.0,6,1,0,1.105,0.005,-0.0029,41.1513
3297,897640,438.88,246,1024,100.0,6,1,0,1.513,0.005,-0.0029,41.1513
3298,897776,522.78,261,1024,100.0,6,1,0,1.269,0.005,-0.0029,41.1513
3299,897848,474.02,248,1024,100.0,6,1,0,1.415,0.005,-0.0029,41.1513
3300,897856,521.78,147,1019,99.5,6,1,0,1.465,0.005,-0.0029,41.1513
3301,898104,452.34,268,1019,99.5,6,1,0,1.59,0.005,-0.0029,41.1513
3302,898112,451.94,252,1024,100.0,6,1,0,1.349,0.005,-0.0029,41.1513
3303,898424,508.86,431,1024,100.0,6,1,0,0.975,0.005,-0.0029,41.1513
3304,898968,439.58,249,1024,100.0,6,1,0,1.473,0.005,-0.0029,41.1513
3305,899072,533.46,153,1024,100.0,6,1,0,1.751,0.005,-0.0029,41.1513
3306,899576,551.11,144,1024,100.0,6,1,0,0.959,0.005,-0.0029,41.1513
3307,899728,470.1,261,1016,99.2,6,1,0,1.692,0.005,-0.0029,41.1513
3308,900072,490.59,287,1024,100.0,6,1,0,1.393,0.005,-0.0029,41.1513
3309,900080,458.27,247,1024,100.0,6,1,0,1.684,0.005,-0.0029,41.1513
3310,900120,500.41,251,1024,100.0,6,1,0,0.818,0.005,-0.0029,41.1513
3311,900240,551.17,146,1024,100.0,6,1,0,1.405,0.005,-0.0029,41.1513
3312,900952,507.53,387,1022,99.8,6,1,0,1.516,0.005,-0.0029,41.1513
3313,901144,465.92,272,1023,99.9,6,1,0,1.799,0.005,-0.0033,45.2333
3314,901376,516.39,142,1019,99.5,6,1,0,1.87,0.005,-0.0033,45.2333
3315,901712,451.39,267,1021,99.7,6,1,0,1.74,0.005,-0.0033,45.2333
3316,901736,488.73,251,1024,100.0,6,1,0,1.51,0.005,-0.0033,45.2333
3317,902016,457.57,243,1024,100.0,6,1,0,1.476,0.005,-0.0033,45.2333
3318,902288,76.18,34,633,61.8,2,0,1,0.221,0.005,-0.0033,45.2333
3319,902296,450.59,272,1022,99.8,6,1,0,1.85,0.005,-0.0033,45.2333
3320,902504,518.53,303,1019,99.5,6,1,0,1.776,0.005,-0.0033,45.2333
3321,902552,518.42,147,1021,99.7,6,1,0,1.747,0.005,-0.0033,45.2333
3322,903008,477.04,257,1024,100.0,6,1,0,1.347,0.005,-0.0033,45.2333
3323,903480,473.18,292,1022,99.8,6,1,0,1.87,0.005,-0.0033,45.2333
3324,903632,513.13,141,1017,99.3,6,1,0,1.462,0.005,-0.0033,45.2333
3325,903896,484.17,273,1019,99.5,6,1,0,1.705,0.005,-0.0033,45.2333
3326,904016,483.26,285,1022,99.8,6,1,0,1.8,0.005,-0.0033,45.2333
3327,904448,469.54,270,1021,99.7,6,1,0,1.75,0.005,-0.0033,45.2333
3328,904496,446.41,275,1024,100.0,6,1,0,1.755,0.005,-0.0033,45.2333
3329,904664,553.9,148,1024,100.0,6,1,0,1.442,0.005,-0.0033,45.2333
3330,904712,465.68,270,1020,99.6,6,1,0,1.599,0.005,-0.0033,45.2333
3331,904776,501.13,143,1018,99.4,6,1,0,1.826,0.005,-0.0033,45.2333
3332,905160,548.14,143,1024,100.0,6,1,0,1.005,0.005,-0.0033,45.2333
3333,905176,468.45,271,1024,100.0,6,1,0,1.15,0.005,-0.0033,45.2333
3334,906128,474.9,279,1023,99.9,6,1,0,1.835,0.005,-0.0033,45.2333
3335,906456,465.55,245,1024,100.0,6,1,0,1.115,0.005,-0.0033,45.2333
3336,906672,445.05,245,1024,100.0,6,1,0,1.476,0.005,-0.0033,45.2333
3337,906696,466.41,281,1021,99.7,6,1,0,1.747,0.005,-0.0033,45.2333
3338,906896,465.77,279,1022,99.8,6,1,0,1.837,0.005,-0.0033,45.2333
3339,907048,490.77,284,1024,100.0,6,1,0,1.74,0.005,-0.0033,45.2333
3340,907160,431.15,248,1024,100.0,6,1,0,1.664,0.005,-0.0033,45.2333
3341,907160,494.49,250,1024,100.0,6,1,0,1.501,0.005,-0.0033,45.2333
3342,907616,550.8,145,1024,100.0,6,1,0,1.239,0.005,-0.0033,45.2333
3343,907808,530.05,139,1024,100.0,6,1,0,1.048,0.005,-0.0033,45.2333
3344,908080,451.26,244,1024,100.0,6,1,0,1.657,0.005,-0.0033,45.2333
3345,908896,498.52,278,1022,99.8,6,1,0,1.571,0.005,-0.0033,45.2333
3346,908944,510.12,142,1019,99.5,6,1,0,1.473,0.005,-0.0033,45.2333
3347,909120,460.3,278,1024,100.0,6,1,0,1.868,0.005,-0.0033,45.2333
3348,909200,466.1,255,1024,100.0,6,1,0,1.053,0.005,-0.0033,45.2333
3349,909208,486.8,270,1018,99.4,6,1,0,1.805,0.005,-0.0033,45.2333
3350,909352,448.38,274,1024,100.0,6,1,0,1.879,0.005,-0.0049,42.9487
3351,909616,450.88,250,1024,100.0,6,1,0,1.174,0.005,-0.0049,42.9487
3352,910072,502.21,249,1024,100.0,6,1,0,1.627,0.005,-0.0049,42.9487
3353,910264,518.98,171,1021,99.7,6,1,0,1.446,0.005,-0.0049,42.9487
3354,910344,515.51,143,1019,99.5,6,1,0,1.642,0.005,-0.0049,42.9487
3355,911152,462.83,276,1020,99.6,6,1,0,1.576,0.005,-0.0049,42.9487
3356,911296,462.18,272,1020,99.6,6,1,0,1.743,0.005,-0.0049,42.9487
3357,911312,501.5,245,1024,100.0,6,1,0,1.234,0.005,-0.0049,42.9487
3358,911352,445.24,268,1019,99.5,6,1,0,1.566,0.005,-0.0049,42.9487
3359,911496,559.27,154,1024,100.0,6,1,0,1.097,0.005,-0.0049,42.9487
3360,912200,460.44,266,1022,99.8,6,1,0,1.582,0.005,-0.0049,42.9487
3361,912424,451.45,351,1022,99.8,6,1,0,1.811,0.005,-0.0049,42.9487
3362,912472,533.84,145,1017,99.3,6,1,0,1.471,0.005,-0.0049,42.9487
3363,912608,472.34,283,1020,99.6,6,1,0,1.698,0.005,-0.0049,42.9487
3364,913320,456.66,271,1020,99.6,6,1,0,1.747,0.005,-0.0049,42.9487
3365,913576,452.63,278,1022,99.8,6,1,0,1.888,0.005,-0.0049,42.9487
3366,914000,470.13,338,1023,99.9,6,1,0,1.536,0.005,-0.0049,42.9487
3367,914192,470.29,337,1023,99.9,6,1,0,1.702,0.005,-0.0049,42.9487
3368,914448,467.66,281,1023,99.9,6,1,0,1.865,0.005,-0.0049,42.9487
3369,914616,451.28,268,1022,99.8,6,1,0,1.807,0.005,-0.0049,42.9487
3370,914672,469.89,281,1024,100.0,6,1,0,1.44,0.005,-0.0049,42.9487
3371,915376,562.64,148,1024,100.0,6,1,0,0.994,0.005,-0.0049,42.9487
3372,915480,477.49,359,1020,99.6,6,1,0,1.721,0.005,-0.0049,42.9487
3373,915504,440.94,273,1023,99.9,6,1,0,1.808,0.005,-0.0049,42.9487
3374,915656,556.49,151,1024,100.0,6,1,0,0.949,0.005,-0.0049,42.9487
3375,916232,480.57,279,1021,99.7,6,1,0,1.722,0.005,-0.0049,42.9487
3376,916544,498.02,146,1022,99.8,6,1,0,1.524,0.005,-0.0049,42.9487
3377,916616,455.98,380,1024,100.0,6,1,0,1.466,0.005,-0.0049,42.9487
3378,916672,556.96,146,1024,100.0,6,1,0,1.154,0.005,-0.0049,42.9487
3379,916736,452.55,258,1024,100.0,6,1,0,1.272,0.005,-0.0049,42.9487
3380,916776,507.0,140,1017,99.3,6,1,0,1.507,0.005,-0.0049,42.9487
3381,916776,491.39,270,1024,100.0,6,1,0,1.188,0.005,-0.0049,42.9487
3382,917736,484.28,282,1023,99.9,6,1,0,1.864,0.005,-0.0059,35.7386
3383,917848,544.72,139,1024,100.0,6,1,0,1.146,0.005,-0.0059,35.7386
3384,917928,547.8,144,1024,100.0,6,1,0,0.783,0.005,-0.0059,35.7386
3385,917936,548.15,145,1024,100.0,6,1,0,0.975,0.005,-0.0059,35.7386
3386,918360,466.21,266,1022,99.8,6,1,0,1.801,0.005,-0.0059,35.7386
3387,918744,463.48,275,1020,99.6,6,1,0,1.67,0.005,-0.0059,35.7386
3388,918824,287.1,136,952,93.0,5,0,1,0.213,0.005,-0.0059,35.7386
3389,919096,518.3,146,1019,99.5,6,1,0,1.381,0.005,-0.0059,35.7386
3390,919128,553.68,149,1024,100.0,6,1,0,1.124,0.005,-0.0059,35.7386
3391,919400,494.17,348,1023,99.9,6,1,0,1.865,0.005,-0.0059,35.7386
3392,919528,509.41,146,1021,99.7,6,1,0,1.876,0.005,-0.0059,35.7386
3393,919800,495.21,391,1023,99.9,6,1,0,1.623,0.005,-0.0059,35.7386
3394,919984,468.55,267,1019,99.5,6,1,0,1.789,0.005,-0.0059,35.7386
3395,920024,533.59,150,1019,99.5,6,1,0,1.768,0.005,-0.0059,35.7386
3396,920232,554.38,142,1024,100.0,6,1,0,0.921,0.005,-0.0059,35.7386
3397,920760,514.7,252,1024,100.0,6,1,0,0.92,0.005,-0.0059,35.7386
3398,921232,562.1,156,1024,100.0,6,1,0,1.424,0.005,-0.0059,35.7386
3399,921368,512.94,142,1018,99.4,6,1,0,1.875,0.005,-0.0059,35.7386
3400,921672,456.27,268,1019,99.5,6,1,0,1.719,0.005,-0.0059,35.7386
3401,921928,506.92,146,1019,99.5,6,1,0,1.859,0.005,-0.0059,35.7386
3402,921944,462.89,268,1019,99.5,6,1,0,1.547,0.005,-0.0059,35.7386
3403,922200,457.0,272,1021,99.7,6,1,0,1.887,0.005,-0.0059,35.7386
3404,922256,468.08,357,1024,100.0,6,1,0,1.624,0.005,-0.0059,35.7386
3405,922688,518.08,445,1024,100.0,6,1,0,1.326,0.005,-0.0059,35.7386
3406,923088,510.17,143,1015,99.1,6,1,0,1.391,0.005,-0.0059,35.7386
3407,923232,456.71,250,1024,100.0,6,1,0,1.553,0.005,-0.0059,35.7386
3408,923408,527.76,151,1020,99.6,6,1,0,1.458,0.005,-0.0059,35.7386
3409,923544,450.04,272,1016,99.2,6,1,0,1.511,0.005,-0.0059,35.7386
3410,923720,465.69,256,1024,100.0,6,1,0,1.308,0.005,-0.0059,35.7386
3411,923840,512.63,144,1016,99.2,6,1,0,1.59,0.005,-0.0059,35.7386
3412,924096,53.27,32,637,62.2,1,0,1,0.211,0.005,-0.0059,35.7386
3413,924168,478.95,280,1018,99.4,6,1,0,1.882,0.005,-0.0059,35.7386
3414,924216,501.49,141,1019,99.5,6,1,0,1.852,0.005,-0.0059,35.7386
3415,924320,470.88,258,1022,99.8,6,1,0,1.313,0.005,-0.0059,35.7386
3416,924560,544.96,144,1024,100.0,6,1,0,0.961,0.005,-0.0059,35.7386
3417,924896,525.03,147,1018,99.4,6,1,0,1.75,0.005,-0.0059,35.7386
3418,925336,498.3,140,1023,99.9,6,1,0,1.685,0.005,-0.0059,35.7386
3419,925416,453.63,273,1021,99.7,6,1,0,1.747,0.005,-0.0059,35.7386
3420,925544,545.17,153,1019,99.5,6,1,0,1.636,0.005,-0.0059,35.7386
3421,925736,462.01,274,1019,99.5,6,1,0,1.816,0.005,-0.0051,58.9764
3422,925776,562.79,152,1024,100.0,6,1,0,0.865,0.005,-0.0051,58.9764
3423,925984,2.31,26,215,21.0,1,0,1,0.212,0.005,-0.0051,58.9764
3424,926056,512.77,145,1017,99.3,6,1,0,1.446,0.005,-0.0051,58.9764
3425,926496,525.33,145,1016,99.2,6,1,0,1.485,0.005,-0.0051,58.9764
3426,926776,564.86,154,1024,100.0,6,1,0,1.158,0.005,-0.0051,58.9764
3427,926872,484.38,347,1022,99.8,6,1,0,1.424,0.005,-0.0051,58.9764
3428,926904,500.69,146,1018,99.4,6,1,0,1.486,0.005,-0.0051,58.9764
3429,926952,481.38,348,1024,100.0,6,1,0,1.685,0.005,-0.0051,58.9764
3430,927616,499.83,275,1024,100.0,6,1,0,1.472,0.005,-0.0051,58.9764
3431,927760,287.38,107,963,94.0,4,0,1,0.082,0.005,-0.0051,58.9764
3432,927936,462.96,244,1022,99.8,6,1,0,1.491,0.005,-0.0051,58.9764
3433,928064,516.93,139,1020,99.6,6,1,0,1.397,0.005,-0.0051,58.9764
3434,928288,469.42,279,1023,99.9,6,1,0,1.793,0.005,-0.0051,58.9764
3435,928456,461.74,245,1024,100.0,6,1,0,1.272,0.005,-0.0051,58.9764
3436,928736,488.5,140,1017,99.3,6,1,0,1.686,0.005,-0.0051,58.9764
3437,928880,465.7,251,1024,100.0,6,1,0,1.544,0.005,-0.0051,58.9764
3438,929504,482.0,341,1022,99.8,6,1,0,1.841,0.005,-0.0051,58.9764
3439,929784,457.06,253,1024,100.0,6,1,0,1.423,0.005,-0.0051,58.9764
3440,929888,510.36,144,1016,99.2,6,1,0,1.623,0.005,-0.0051,58.9764
3441,929904,501.63,246,1024,100.0,6,1,0,1.378,0.005,-0.0051,58.9764
3442,930104,545.07,153,1024,100.0,6,1,0,1.66,0.005,-0.0051,58.9764
3443,930280,474.49,277,1023,99.9,6,1,0,1.866,0.005,-0.0051,58.9764
3444,930400,490.56,264,1024,100.0,6,1,0,1.26,0.005,-0.0051,58.9764
3445,930456,507.25,250,1024,100.0,6,1,0,1.023,0.005,-0.0051,58.9764
3446,931008,542.29,140,1024,100.0,6,1,0,0.891,0.005,-0.0051,58.9764
3447,931104,568.84,150,1024,100.0,6,1,0,1.106,0.005,-0.0051,58.9764
3448,931248,67.79,30,639,62.4,2,0,1,0.201,0.005,-0.0051,58.9764
3449,931792,476.03,251,1024,100.0,6,1,0,1.296,0.005,-0.0051,58.9764
3450,932120,463.07,252,1024,100.0,6,1,0,1.358,0.005,-0.0051,58.9764
3451,932400,542.17,144,1024,100.0,6,1,0,1.237,0.005,-0.0051,58.9764
3452,932424,430.22,268,1018,99.4,6,1,0,1.408,0.005,-0.0051,58.9764
3453,932576,474.22,265,1019,99.5,6,1,0,1.884,0.005,-0.0051,58.9764
3454,932640,456.68,280,1023,99.9,6,1,0,1.573,0.005,-0.0051,58.9764
3455,933336,448.48,279,1021,99.7,6,1,0,1.628,0.005,-0.0051,58.9764
3456,933584,468.05,510,1023,99.9,6,1,0,1.574,0.005,-0.0051,58.9764
3457,933600,374.85,128,974,95.1,5,0,1,0.171,0.005,-0.0051,58.9764
3458,933624,547.81,153,1024,100.0,6,1,0,0.903,0.005,-0.0051,58.9764
3459,934480,513.36,295,1022,99.8,6,1,0,1.675,0.005,-0.0062,91.3018
3460,934744,486.04,369,1024,100.0,6,1,0,1.697,0.005,-0.0062,91.3018
3461,934744,551.55,140,1024,100.0,6,1,0,0.989,0.005,-0.0062,91.3018
3462,934824,489.67,273,1021,99.7,6,1,0,1.656,0.005,-0.0062,91.3018
3463,934864,559.31,158,1024,100.0,6,1,0,0.966,0.005,-0.0062,91.3018
3464,935400,501.88,258,1024,100.0,6,1,0,0.877,0.005,-0.0062,91.3018
3465,935456,498.44,379,1023,99.9,6,1,0,1.541,0.005,-0.0062,91.3018
3466,935680,576.93,150,1024,100.0,6,1,0,1.129,0.005,-0.0062,91.3018
3467,935744,474.07,270,1018,99.4,6,1,0,1.702,0.005,-0.0062,91.3018
3468,935936,530.34,139,1024,100.0,6,1,0,1.298,0.005,-0.0062,91.3018
3469,935944,535.76,150,1024,100.0,6,1,0,1.126,0.005,-0.0062,91.3018
3470,935944,527.79,150,1021,99.7,6,1,0,1.888,0.005,-0.0062,91.3018
3471,937152,483.64,286,1021,99.7,6,1,0,1.859,0.005,-0.0062,91.3018
3472,937536,496.84,267,1024,100.0,6,1,0,1.245,0.005,-0.0062,91.3018
3473,937648,470.63,274,1020,99.6,6,1,0,1.879,0.005,-0.0062,91.3018
3474,937928,465.81,248,1024,100.0,6,1,0,1.415,0.005,-0.0062,91.3018
3475,937968,499.33,286,1021,99.7,6,1,0,1.696,0.005,-0.0062,91.3018
3476,937984,513.03,256,1024,100.0,6,1,0,0.953,0.005,-0.0062,91.3018
3477,938016,469.25,284,1023,99.9,6,1,0,1.827,0.005,-0.0062,91.3018
3478,938144,464.08,275,1020,99.6,6,1,0,1.89,0.005,-0.0062,91.3018
3479,938648,492.22,139,1019,99.5,6,1,0,1.688,0.005,-0.0062,91.3018
3480,939192,538.1,147,1024,100.0,6,1,0,1.003,0.005,-0.0062,91.3018
3481,939448,459.48,287,1024,100.0,6,1,0,1.816,0.005,-0.0062,91.3018
3482,939632,476.81,248,1024,100.0,6,1,0,1.616,0.005,-0.0062,91.3018
3483,939816,518.74,146,1021,99.7,6,1,0,1.886,0.005,-0.0062,91.3018
3484,939984,486.61,257,1024,100.0,6,1,0,1.187,0.005,-0.0062,91.3018
3485,940176,457.25,274,1022,99.8,6,1,0,1.866,0.005,-0.0062,91.3018
3486,940328,462.97,295,1021,99.7,6,1,0,1.848,0.005,-0.0062,91.3018
3487,940360,467.73,277,1020,99.6,6,1,0,1.877,0.005,-0.0062,91.3018
3488,940600,542.12,144,1024,100.0,6,1,0,0.888,0.005,-0.0062,91.3018
3489,940992,538.96,147,1024,100.0,6,1,0,0.901,0.005,-0.0062,91.3018
3490,941304,504.11,141,1017,99.3,6,1,0,1.729,0.005,-0.0062,91.3018
3491,941488,460.51,287,1023,99.9,6,1,0,1.794,0.005,-0.0062,91.3018
3492,941832,458.15,275,1023,99.9,6,1,0,1.73,0.005,-0.0062,91.3018
3493,942224,476.38,280,1023,99.9,6,1,0,1.877,0.005,-0.0016,33.553
3494,942368,508.38,251,1024,100.0,6,1,0,1.318,0.005,-0.0016,33.553
3495,942672,459.33,293,1020,99.6,6,1,0,1.779,0.005,-0.0016,33.553
3496,942816,465.08,277,1023,99.9,6,1,0,1.764,0.005,-0.0016,33.553
3497,943112,567.33,160,1024,100.0,6,1,0,0.905,0.005,-0.0016,33.553
3498,943432,506.73,305,1024,100.0,6,1,0,1.436,0.005,-0.0016,33.553
3499,943464,468.4,270,1021,99.7,6,1,0,1.839,0.005,-0.0016,33.553
3500,943672,512.3,273,1024,100.0,6,1,0,1.152,0.005,-0.0016,33.553
3501,944376,455.97,269,1022,99.8,6,1,0,1.734,0.005,-0.0016,33.553
3502,944480,436.2,264,1021,99.7,6,1,0,1.887,0.005,-0.0016,33.553
3503,944848,477.04,272,1023,99.9,6,1,0,1.793,0.005,-0.0016,33.553
3504,944872,463.97,257,1024,100.0,6,1,0,0.963,0.005,-0.0016,33.553
3505,945264,456.43,269,1022,99.8,6,1,0,1.848,0.005,-0.0016,33.553
3506,945416,492.65,248,1024,100.0,6,1,0,1.319,0.005,-0.0016,33.553
3507,945608,502.47,268,1018,99.4,6,1,0,1.853,0.005,-0.0016,33.553
3508,945752,525.39,260,1024,100.0,6,1,0,0.941,0.005,-0.0016,33.553
3509,946456,467.55,260,1024,100.0,6,1,0,1.161,0.005,-0.0016,33.553
3510,946680,469.99,275,1020,99.6,6,1,0,1.576,0.005,-0.0016,33.553
3511,947040,459.26,274,1023,99.9,6,1,0,1.87,0.005,-0.0016,33.553
3512,947056,471.57,273,1021,99.7,6,1,0,1.89,0.005,-0.0016,33.553
3513,947240,459.43,247,1024,100.0,6,1,0,1.477,0.005,-0.0016,33.553
3514,947448,487.71,254,1024,100.0,6,1,0,1.284,0.005,-0.0016,33.553
3515,947776,489.77,253,1024,100.0,6,1,0,1.148,0.005,-0.0016,33.553
3516,947792,461.92,273,1021,99.7,6,1,0,1.766,0.005,-0.0016,33.553
3517,948056,70.11,33,642,62.7,2,0,1,0.155,0.005,-0.0016,33.553
3518,948256,557.08,150,1024,100.0,6,1,0,1.292,0.005,-0.0016,33.553
3519,948712,463.15,282,1024,100.0,6,1,0,1.632,0.005,-0.0016,33.553
3520,948864,472.74,273,1019,99.5,6,1,0,1.837,0.005,-0.0016,33.553
3521,948984,533.59,151,1023,99.9,6,1,0,1.786,0.005,-0.0016,33.553
3522,949072,477.34,254,1024,100.0,6,1,0,1.297,0.005,-0.0016,33.553
3523,949416,503.58,145,1019,99.5,6,1,0,1.821,0.005,-0.0016,33.553
3524,949488,487.89,281,1024,100.0,6,1,0,1.56,0.005,-0.0016,33.553
3525,949600,500.4,269,1024,100.0,6,1,0,1.322,0.005,-0.0016,33.553
3526,949840,513.55,141,1018,99.4,6,1,0,1.805,0.005,-0.0016,33.553
3527,950104,532.73,140,1024,100.0,6,1,0,1.171,0.005,-0.0016,33.553
3528,950120,471.11,258,1024,100.0,6,1,0,1.254,0.005,-0.0016,33.553
3529,950704,534.03,138,1024,100.0,6,1,0,0.965,0.005,-0.0041,45.0827
3530,950728,566.18,155,1024,100.0,6,1,0,1.372,0.005,-0.0041,45.0827
3531,950888,489.32,253,1024,100.0,6,1,0,1.428,0.005,-0.0041,45.0827
3532,951104,493.43,254,1024,100.0,6,1,0,1.314,0.005,-0.0041,45.0827
3533,951200,302.09,135,867,84.7,5,0,1,0.185,0.005,-0.0041,45.0827
3534,951496,522.86,260,1024,100.0,6,1,0,1.323,0.005,-0.0041,45.0827
3535,951912,481.0,259,1024,100.0,6,1,0,1.096,0.005,-0.0041,45.0827
3536,952064,545.11,147,1024,100.0,6,1,0,1.021,0.005,-0.0041,45.0827
3537,952272,462.19,271,1022,99.8,6,1,0,1.774,0.005,-0.0041,45.0827
3538,952632,548.57,142,1024,100.0,6,1,0,1.114,0.005,-0.0041,45.0827
3539,952720,441.43,249,1024,100.0,6,1,0,1.319,0.005,-0.0041,45.0827
3540,952976,507.53,284,1024,100.0,6,1,0,1.482,0.005,-0.0041,45.0827
3541,953056,533.1,143,1024,100.0,6,1,0,1.3,0.005,-0.0041,45.0827
3542,953160,505.81,257,1024,100.0,6,1,0,1.176,0.005,-0.0041,45.0827
3543,953192,504.64,141,1021,99.7,6,1,0,1.53,0.005,-0.0041,45.0827
3544,953416,456.36,277,1023,99.9,6,1,0,1.567,0.005,-0.0041,45.0827
3545,953440,560.77,146,1024,100.0,6,1,0,0.98,0.005,-0.0041,45.0827
3546,953856,532.79,142,1024,100.0,6,1,0,1.073,0.005,-0.0041,45.0827
3547,954232,544.98,147,1024,100.0,6,1,0,1.014,0.005,-0.0041,45.0827
3548,954936,472.02,288,1024,100.0,6,1,0,1.711,0.005,-0.0041,45.0827
3549,954952,492.38,247,1024,100.0,6,1,0,1.545,0.005,-0.0041,45.0827
3550,955184,471.04,249,1024,100.0,6,1,0,1.073,0.005,-0.0041,45.0827
3551,955264,453.76,263,1023,99.9,6,1,0,1.84,0.005,-0.0041,45.0827
3552,955536,467.59,265,1024,100.0,6,1,0,1.135,0.005,-0.0041,45.0827
3553,955672,459.06,279,1022,99.8,6,1,0,1.883,0.005,-0.0041,45.0827
3554,955984,469.51,266,1022,99.8,6,1,0,1.846,0.005,-0.0041,45.0827
3555,956040,498.11,138,1017,99.3,6,1,0,1.663,0.005,-0.0041,45.0827
3556,956336,467.41,263,1024,100.0,6,1,0,1.207,0.005,-0.0041,45.0827
3557,956456,533.47,149,1024,100.0,6,1,0,1.503,0.005,-0.0041,45.0827
3558,956984,501.73,254,1024,100.0,6,1,0,0.832,0.005,-0.0041,45.0827
3559,957200,542.16,152,1024,100.0,6,1,0,0.845,0.005,-0.0041,45.0827
3560,957280,482.5,262,1024,100.0,6,1,0,1.213,0.005,-0.0041,45.0827
3561,957512,515.5,147,1021,99.7,6,1,0,1.801,0.005,-0.0041,45.0827
3562,957632,544.19,147,1024,100.0,6,1,0,1.46,0.005,-0.0041,45.0827
3563,957776,450.55,280,1022,99.8,6,1,0,1.821,0.005,-0.0041,45.0827
3564,957872,456.91,275,1022,99.8,6,1,0,1.684,0.005,-0.0041,45.0827
3565,958104,505.65,258,1024,100.0,6,1,0,1.059,0.005,-0.0041,45.0827
3566,958240,550.93,157,1021,99.7,6,1,0,1.742,0.005,-0.0041,45.0827
3567,958408,513.04,141,1019,99.5,6,1,0,1.867,0.005,-0.0041,45.0827
3568,958944,507.14,146,1020,99.6,6,1,0,1.819,0.005,0.0033,33.6143
3569,958992,507.36,140,1018,99.4,6,1,0,1.738,0.005,0.0033,33.6143
3570,959408,459.1,276,1022,99.8,6,1,0,1.697,0.005,0.0033,33.6143
3571,959592,530.62,148,1021,99.7,6,1,0,1.775,0.005,0.0033,33.6143
3572,959616,473.27,248,1024,100.0,6,1,0,1.432,0.005,0.0033,33.6143
3573,960032,479.65,315,1022,99.8,6,1,0,1.545,0.005,0.0033,33.6143
3574,960136,494.86,143,1018,99.4,6,1,0,1.758,0.005,0.0033,33.6143
3575,960288,464.4,273,1020,99.6,6,1,0,1.662,0.005,0.0033,33.6143
3576,960368,454.39,266,1021,99.7,6,1,0,1.775,0.005,0.0033,33.6143
3577,960712,542.35,140,1024,100.0,6,1,0,0.942,0.005,0.0033,33.6143
3578,961032,462.68,261,1017,99.3,6,1,0,1.787,0.005,0.0033,33.6143
3579,961408,469.61,250,1024,100.0,6,1,0,1.195,0.005,0.0033,33.6143
3580,961824,501.33,139,1018,99.4,6,1,0,1.884,0.005,0.0033,33.6143
3581,961912,489.93,287,1022,99.8,6,1,0,1.871,0.005,0.0033,33.6143
3582,961992,452.65,245,1024,100.0,6,1,0,1.608,0.005,0.0033,33.6143
3583,962176,486.75,255,1024,100.0,6,1,0,1.299,0.005,0.0033,33.6143
3584,962560,449.78,274,1024,100.0,6,1,0,1.757,0.005,0.0033,33.6143
3585,962616,474.23,291,1022,99.8,6,1,0,1.834,0.005,0.0033,33.6143
3586,962920,477.61,236,1024,100.0,6,1,0,1.578,0.005,0.0033,33.6143
3587,963040,553.36,152,1024,100.0,6,1,0,1.323,0.005,0.0033,33.6143
3588,963432,485.71,253,1024,100.0,6,1,0,1.323,0.005,0.0033,33.6143
3589,963752,541.15,149,1024,100.0,6,1,0,1.009,0.005,0.0033,33.6143
3590,964040,471.07,256,1024,100.0,6,1,0,1.073,0.005,0.0033,33.6143
3591,964096,461.19,273,1021,99.7,6,1,0,1.881,0.005,0.0033,33.6143
3592,964360,465.02,273,1024,100.0,6,1,0,1.724,0.005,0.0033,33.6143
3593,964808,456.43,274,1022,99.8,6,1,0,1.783,0.005,0.0033,33.6143
3594,965008,475.81,261,1018,99.4,6,1,0,1.736,0.005,0.0033,33.6143
3595,965176,483.76,267,1017,99.3,6,1,0,1.792,0.005,0.0033,33.6143
3596,965608,433.09,272,1019,99.5,6,1,0,1.867,0.005,0.0033,33.6143
3597,965792,479.86,255,1020,99.6,6,1,0,1.877,0.005,0.0033,33.6143
3598,965928,542.14,140,1024,100.0,6,1,0,1.177,0.005,0.0033,33.6143
3599,966056,459.41,252,1024,100.0,6,1,0,1.194,0.005,0.0033,33.6143
3600,966296,471.39,275,1023,99.9,6,1,0,1.864,0.005,0.0033,33.6143
3601,966520,460.26,270,1020,99.6,6,1,0,1.647,0.005,0.0033,33.6143
3602,967112,559.67,148,1024,100.0,6,1,0,1.027,0.005,-0.0016,29.4125
3603,967200,468.39,274,1021,99.7,6,1,0,1.522,0.005,-0.0016,29.4125
3604,967272,520.17,262,1024,100.0,6,1,0,0.876,0.005,-0.0016,29.4125
3605,967696,475.65,261,1020,99.6,6,1,0,1.852,0.005,-0.0016,29.4125
3606,968032,436.43,280,1023,99.9,6,1,0,1.829,0.005,-0.0016,29.4125
3607,968216,493.5,270,1021,99.7,6,1,0,1.76,0.005,-0.0016,29.4125
3608,968328,539.69,141,1024,100.0,6,1,0,1.114,0.005,-0.0016,29.4125
3609,968368,545.03,157,1022,99.8,6,1,0,1.818,0.005,-0.0016,29.4125
3610,968728,446.82,276,1023,99.9,6,1,0,1.787,0.005,-0.0016,29.4125
3611,969048,478.45,344,1023,99.9,6,1,0,1.878,0.005,-0.0016,29.4125
3612,969240,465.81,246,1024,100.0,6,1,0,1.342,0.005,-0.0016,29.4125
3613,969872,539.56,143,1024,100.0,6,1,0,1.038,0.005,-0.0016,29.4125
3614,970064,475.79,254,1024,100.0,6,1,0,1.181,0.005,-0.0016,29.4125
3615,970352,473.47,332,1023,99.9,6,1,0,1.86,0.005,-0.0016,29.4125
3616,970360,476.02,249,1024,100.0,6,1,0,1.338,0.005,-0.0016,29.4125
3617,970376,508.47,256,1024,100.0,6,1,0,1.208,0.005,-0.0016,29.4125
3618,970904,501.7,336,1022,99.8,6,1,0,1.781,0.005,-0.0016,29.4125
3619,971024,498.29,247,1024,100.0,6,1,0,1.447,0.005,-0.0016,29.4125
3620,971208,536.94,246,1021,99.7,6,1,0,1.777,0.005,-0.0016,29.4125
3621,971480,498.46,141,1021,99.7,6,1,0,1.874,0.005,-0.0016,29.4125
3622,971792,491.5,177,1024,100.0,6,1,0,1.579,0.005,-0.0016,29.4125
3623,972072,4.66,35,231,22.6,1,0,1,0.077,0.005,-0.0016,29.4125
3624,972120,565.78,152,1024,100.0,6,1,0,1.296,0.005,-0.0016,29.4125
3625,972152,556.21,285,1024,100.0,6,1,0,1.298,0.005,-0.0016,29.4125
3626,972264,483.75,275,1021,99.7,6,1,0,1.795,0.005,-0.0016,29.4125
3627,972392,520.66,254,1024,100.0,6,1,0,1.528,0.005,-0.0016,29.4125
3628,972688,521.79,151,1019,99.5,6,1,0,1.788,0.005,-0.0016,29.4125
3629,973232,486.13,253,1024,100.0,6,1,0,1.336,0.005,-0.0016,29.4125
3630,973256,539.82,148,1018,99.4,6,1,0,1.565,0.005,-0.0016,29.4125
3631,973280,530.35,141,1024,100.0,6,1,0,0.831,0.005,-0.0016,29.4125
3632,973352,486.78,291,1024,100.0,6,1,0,1.43,0.005,-0.0016,29.4125
3633,974048,430.63,241,1024,100.0,6,1,0,1.356,0.005,-0.0016,29.4125
3634,974256,465.45,249,1024,100.0,6,1,0,1.045,0.005,-0.0016,29.4125
3635,974632,459.57,280,1023,99.9,6,1,0,1.836,0.005,-0.0016,29.4125
3636,974640,488.07,244,1024,100.0,6,1,0,1.647,0.005,-0.0016,29.4125
3637,975144,498.4,137,1015,99.1,6,1,0,1.64,0.005,0.0001,49.78
3638,975376,64.72,29,643,62.8,2,0,1,0.204,0.005,0.0001,49.78
3639,975384,456.04,266,1019,99.5,6,1,0,1.747,0.005,0.0001,49.78
3640,975392,453.45,270,1023,99.9,6,1,0,1.775,0.005,0.0001,49.78
3641,975472,441.81,265,1022,99.8,6,1,0,1.618,0.005,0.0001,49.78
3642,975544,451.42,283,1023,99.9,6,1,0,1.717,0.005,0.0001,49.78
3643,976384,454.14,266,1020,99.6,6,1,0,1.79,0.005,0.0001,49.78
3644,976696,550.67,144,1024,100.0,6,1,0,1.08,0.005,0.0001,49.78
3645,976760,497.11,266,1024,100.0,6,1,0,1.375,0.005,0.0001,49.78
3646,976776,471.03,267,1018,99.4,6,1,0,1.772,0.005,0.0001,49.78
3647,977176,243.78,99,854,83.4,3,0,1,0.213,0.005,0.0001,49.78
3648,977400,513.27,241,1024,100.0,6,1,0,1.134,0.005,0.0001,49.78
3649,977440,484.37,257,1024,100.0,6,1,0,1.016,0.005,0.0001,49.78
3650,977504,478.04,266,1021,99.7,6,1,0,1.588,0.005,0.0001,49.78
3651,977648,464.11,282,1023,99.9,6,1,0,1.842,0.005,0.0001,49.78
3652,977808,539.48,139,1024,100.0,6,1,0,0.772,0.005,0.0001,49.78
3653,977952,553.98,147,1024,100.0,6,1,0,1.169,0.005,0.0001,49.78
3654,977984,512.67,153,1024,100.0,6,1,0,1.771,0.005,0.0001,49.78
3655,978520,498.7,140,1020,99.6,6,1,0,1.836,0.005,0.0001,49.78
3656,978840,512.78,149,1021,99.7,6,1,0,1.609,0.005,0.0001,49.78
3657,978944,521.39,142,1024,100.0,6,1,0,1.191,0.005,0.0001,49.78
3658,979104,497.89,144,1018,99.4,6,1,0,1.58,0.005,0.0001,49.78
3659,979544,478.87,263,1019,99.5,6,1,0,1.877,0.005,0.0001,49.78
3660,979720,497.53,277,1022,99.8,6,1,0,1.791,0.005,0.0001,49.78
3661,979736,466.58,320,1024,100.0,6,1,0,1.187,0.005,0.0001,49.78
3662,980000,527.33,145,1023,99.9,6,1,0,1.799,0.005,0.0001,49.78
3663,980104,516.76,265,1024,100.0,6,1,0,1.224,0.005,0.0001,49.78
3664,980576,494.66,257,1024,100.0,6,1,0,1.052,0.005,0.0001,49.78
3665,980720,519.03,147,1021,99.7,6,1,0,1.751,0.005,0.0001,49.78
3666,980856,509.67,140,1018,99.4,6,1,0,1.572,0.005,0.0001,49.78
3667,980872,513.29,144,1020,99.6,6,1,0,1.672,0.005,0.0001,49.78
3668,981040,473.31,262,1019,99.5,6,1,0,1.773,0.005,0.0001,49.78
3669,981128,542.62,141,1024,100.0,6,1,0,1.386,0.005,0.0001,49.78
3670,981232,494.86,266,1024,100.0,6,1,0,1.08,0.005,0.0001,49.78
3671,982024,550.8,144,1024,100.0,6,1,0,1.016,0.005,0.0001,49.78
3672,982216,510.08,264,1024,100.0,6,1,0,0.929,0.005,0.0001,49.78
3673,982768,253.44,93,939,91.7,4,0,1,0.208,0.005,0.0001,49.78
3674,982824,457.66,263,1022,99.8,6,1,0,1.739,0.005,0.0001,49.78
3675,982880,460.89,253,1024,100.0,6,1,0,1.053,0.005,0.0001,49.78
3676,983120,454.26,260,1020,99.6,6,1,0,1.778,0.005,-0.0041,57.6262
3677,983232,500.41,250,1024,100.0,6,1,0,1.022,0.005,-0.0041,57.6262
3678,983288,480.63,339,1023,99.9,6,1,0,1.812,0.005,-0.0041,57.6262
3679,983376,477.58,281,1023,99.9,6,1,0,1.812,0.005,-0.0041,57.6262
3680,983376,518.95,145,1022,99.8,6,1,0,1.868,0.005,-0.0041,57.6262
3681,984040,510.25,145,1017,99.3,6,1,0,1.687,0.005,-0.0041,57.6262
3682,984960,473.66,274,1024,100.0,6,1,0,1.393,0.005,-0.0041,57.6262
3683,985016,459.03,274,1023,99.9,6,1,0,1.701,0.005,-0.0041,57.6262
3684,985096,464.29,247,1024,100.0,6,1,0,1.419,0.005,-0.0041,57.6262
3685,985424,503.05,267,1024,100.0,6,1,0,0.918,0.005,-0.0041,57.6262
3686,985568,485.16,274,1020,99.6,6,1,0,1.866,0.005,-0.0041,57.6262
3687,985704,498.57,291,1020,99.6,6,1,0,1.541,0.005,-0.0041,57.6262
3688,985968,472.74,241,1024,100.0,6,1,0,1.217,0.005,-0.0041,57.6262
3689,985976,448.91,343,1023,99.9,6,1,0,1.871,0.005,-0.0041,57.6262
3690,987064,491.37,263,1019,99.5,6,1,0,1.878,0.005,-0.0041,57.6262
3691,987072,475.91,257,1024,100.0,6,1,0,0.784,0.005,-0.0041,57.6262
3692,987136,553.57,146,1024,100.0,6,1,0,1.018,0.005,-0.0041,57.6262
3693,987248,475.5,269,1018,99.4,6,1,0,1.728,0.005,-0.0041,57.6262
3694,987448,455.87,253,1021,99.7,6,1,0,1.88,0.005,-0.0041,57.6262
3695,987624,477.25,257,1024,100.0,6,1,0,1.35,0.005,-0.0041,57.6262
3696,987856,468.81,269,1018,99.4,6,1,0,1.815,0.005,-0.0041,57.6262
3697,988104,456.82,266,1016,99.2,6,1,0,1.362,0.005,-0.0041,57.6262
3698,988232,527.65,145,1024,100.0,6,1,0,1.113,0.005,-0.0041,57.6262
3699,988320,501.76,134,1018,99.4,6,1,0,1.747,0.005,-0.0041,57.6262
3700,989080,559.34,153,1024,100.0,6,1,0,1.143,0.005,-0.0041,57.6262
3701,989224,475.89,261,1021,99.7,6,1,0,1.83,0.005,-0.0041,57.6262
3702,989240,463.67,272,1022,99.8,6,1,0,1.848,0.005,-0.0041,57.6262
3703,989736,475.26,264,1019,99.5,6,1,0,1.724,0.005,-0.0041,57.6262
3704,989776,488.21,291,1022,99.8,6,1,0,1.889,0.005,-0.0041,57.6262
3705,990088,498.38,248,1024,100.0,6,1,0,1.102,0.005,-0.0041,57.6262
3706,990296,489.86,134,1020,99.6,6,1,0,1.703,0.005,-0.0041,57.6262
3707,990368,455.97,256,1024,100.0,6,1,0,0.856,0.005,-0.0041,57.6262
3708,990384,492.17,269,1018,99.4,6,1,0,1.758,0.005,-0.0041,57.6262
3709,990928,536.91,149,1024,100.0,6,1,0,1.801,0.005,-0.0041,57.6262
3710,991184,441.98,243,1024,100.0,6,1,0,1.44,0.005,-0.0041,57.6262
3711,991184,435.65,263,1019,99.5,6,1,0,1.85,0.005,-0.0041,57.6262
3712,991280,562.7,149,1024,100.0,6,1,0,0.914,0.005,-0.0049,27.9223
3713,991888,461.9,264,1019,99.5,6,1,0,1.872,0.005,-0.0049,27.9223
3714,992272,501.24,136,1019,99.5,6,1,0,1.837,0.005,-0.0049,27.9223
3715,992312,503.89,252,1023,99.9,6,1,0,1.209,0.005,-0.0049,27.9223
3716,992488,451.02,263,1019,99.5,6,1,0,1.795,0.005,-0.0049,27.9223
3717,992552,453.15,273,1020,99.6,6,1,0,1.748,0.005,-0.0049,27.9223
3718,993064,482.4,235,1022,99.8,6,1,0,1.299,0.005,-0.0049,27.9223
3719,993448,530.73,147,1019,99.5,6,1,0,1.67,0.005,-0.0049,27.9223
3720,993656,465.55,341,1023,99.9,6,1,0,1.792,0.005,-0.0049,27.9223
3721,993984,463.83,338,1024,100.0,6,1,0,1.872,0.005,-0.0049,27.9223
3722,994008,447.44,265,1022,99.8,6,1,0,1.81,0.005,-0.0049,27.9223
3723,994552,491.14,280,1022,99.8,6,1,0,1.876,0.005,-0.0049,27.9223
3724,994640,454.9,269,1022,99.8,6,1,0,1.822,0.005,-0.0049,27.9223
3725,994704,448.07,269,1020,99.6,6,1,0,1.832,0.005,-0.0049,27.9223
3726,995120,516.68,139,1017,99.3,6,1,0,1.495,0.005,-0.0049,27.9223
3727,995192,478.44,266,1024,100.0,6,1,0,0.955,0.005,-0.0049,27.9223
3728,995664,463.54,277,1023,99.9,6,1,0,1.517,0.005,-0.0049,27.9223
3729,995752,518.4,150,1022,99.8,6,1,0,1.797,0.005,-0.0049,27.9223
3730,995880,560.17,147,1024,100.0,6,1,0,1.001,0.005,-0.0049,27.9223
3731,995888,463.37,279,1024,100.0,6,1,0,1.74,0.005,-0.0049,27.9223
3732,996144,474.45,270,1022,99.8,6,1,0,1.697,0.005,-0.0049,27.9223
3733,996248,533.28,141,1024,100.0,6,1,0,1.268,0.005,-0.0049,27.9223
3734,996856,480.0,277,1024,100.0,6,1,0,1.809,0.005,-0.0049,27.9223
3735,996952,565.91,150,1024,100.0,6,1,0,1.011,0.005,-0.0049,27.9223
3736,997016,501.18,141,1019,99.5,6,1,0,1.741,0.005,-0.0049,27.9223
3737,997288,535.51,143,1024,100.0,6,1,0,1.159,0.005,-0.0049,27.9223
3738,997392,507.24,143,1017,99.3,6,1,0,1.383,0.005,-0.0049,27.9223
3739,997640,492.63,247,1024,100.0,6,1,0,1.471,0.005,-0.0049,27.9223
3740,997880,473.15,336,1024,100.0,6,1,0,1.787,0.005,-0.0049,27.9223
3741,997888,470.36,251,1024,100.0,6,1,0,1.161,0.005,-0.0049,27.9223
3742,998160,524.77,143,1019,99.5,6,1,0,1.873,0.005,-0.0049,27.9223
3743,998456,522.19,146,1017,99.3,6,1,0,1.798,0.005,-0.0049,27.9223
3744,998480,531.0,136,1024,100.0,6,1,0,1.249,0.005,-0.0049,27.9223
3745,998808,516.28,146,1022,99.8,6,1,0,1.565,0.005,-0.0049,27.9223
3746,998864,452.49,251,1024,100.0,6,1,0,1.451,0.005,-0.0049,27.9223
3747,999064,556.94,148,1024,100.0,6,1,0,1.12,0.005,-0.0049,27.9223
3748,999288,464.24,292,1024,100.0,6,1,0,1.256,0.005,-0.0049,27.9223
3749,999336,522.13,147,1021,99.7,6,1,0,1.853,0.005,-0.0049,27.9223
3750,1000112,465.89,278,1021,99.7,6,1,0,1.674,0.005,-0.0025,25.6442
3751,1000424,530.75,136,1024,100.0,6,1,0,0.866,0.005,-0.0025,25.6442
3752,1000488,530.6,150,1021,99.7,6,1,0,1.483,0.005,-0.0025,25.6442
3753,1000576,456.88,265,1022,99.8,6,1,0,1.735,0.005,-0.0025,25.6442
3754,1000632,481.74,269,1020,99.6,6,1,0,1.648,0.005,-0.0025,25.6442
3755,1000880,509.84,252,1024,100.0,6,1,0,1.498,0.005,-0.0025,25.6442
3756,1000888,454.26,260,1021,99.7,6,1,0,1.759,0.005,-0.0025,25.6442
3757,1001160,442.09,262,1018,99.4,6,1,0,1.37,0.005,-0.0025,25.6442
3758,1001376,544.82,158,1023,99.9,6,1,0,1.581,0.005,-0.0025,25.6442
3759,1001600,547.9,147,1024,100.0,6,1,0,0.852,0.005,-0.0025,25.6442
3760,1001632,519.47,143,1017,99.3,6,1,0,1.569,0.005,-0.0025,25.6442
3761,1002744,449.28,264,1019,99.5,6,1,0,1.754,0.005,-0.0025,25.6442
3762,1002944,482.26,296,1023,99.9,6,1,0,1.846,0.005,-0.0025,25.6442
3763,1002984,481.37,262,1019,99.5,6,1,0,1.791,0.005,-0.0025,25.6442
3764,1003064,470.52,273,1024,100.0,6,1,0,1.531,0.005,-0.0025,25.6442
3765,1003176,458.97,252,1024,100.0,6,1,0,1.184,0.005,-0.0025,25.6442
3766,1003424,481.72,256,1024,100.0,6,1,0,0.876,0.005,-0.0025,25.6442
3767,1003448,500.23,227,1019,99.5,6,1,0,1.5,0.005,-0.0025,25.6442
3768,1003624,454.05,253,1024,100.0,6,1,0,1.089,0.005,-0.0025,25.6442
3769,1004520,495.4,137,1019,99.5,6,1,0,1.852,0.005,-0.0025,25.6442
3770,1004880,469.43,267,1020,99.6,6,1,0,1.797,0.005,-0.0025,25.6442
3771,1005112,457.02,266,1022,99.8,6,1,0,1.833,0.005,-0.0025,25.6442
3772,1005120,478.9,243,1024,100.0,6,1,0,1.205,0.005,-0.0025,25.6442
3773,1005120,477.18,272,1020,99.6,6,1,0,1.847,0.005,-0.0025,25.6442
3774,1005160,466.87,262,1021,99.7,6,1,0,1.874,0.005,-0.0025,25.6442
3775,1005536,538.77,261,1024,100.0,6,1,0,1.217,0.005,-0.0025,25.6442
3776,1005760,469.43,267,1021,99.7,6,1,0,1.795,0.005,-0.0025,25.6442
3777,1006272,501.38,139,1017,99.3,6,1,0,1.605,0.005,-0.0025,25.6442
3778,1006376,530.27,157,1024,100.0,6,1,0,1.27,0.005,-0.0025,25.6442
3779,1006832,497.11,289,1024,100.0,6,1,0,1.678,0.005,-0.0025,25.6442
3780,1006856,539.89,137,1024,100.0,6,1,0,1.232,0.005,-0.0025,25.6442
3781,1007016,454.68,267,1021,99.7,6,1,0,1.75,0.005,-0.0025,25.6442
3782,1007096,469.32,247,1024,100.0,6,1,0,1.415,0.005,-0.0025,25.6442
3783,1007232,447.89,265,1019,99.5,6,1,0,1.871,0.005,-0.0025,25.6442
3784,1007544,457.43,251,1024,100.0,6,1,0,1.239,0.005,-0.0025,25.6442
3785,1007944,489.64,136,1017,99.3,6,1,0,1.556,0.005,-0.0037,35.5479
3786,1008336,464.51,258,1024,100.0,6,1,0,0.611,0.005,-0.0037,35.5479
3787,1008352,504.8,140,1018,99.4,6,1,0,1.755,0.005,-0.0037,35.5479
3788,1008392,472.37,252,1024,100.0,6,1,0,1.0,0.005,-0.0037,35.5479
3789,1008880,457.75,256,1020,99.6,6,1,0,1.863,0.005,-0.0037,35.5479
3790,1009120,504.13,147,1021,99.7,6,1,0,1.724,0.005,-0.0037,35.5479
3791,1009168,471.4,269,1020,99.6,6,1,0,1.7,0.005,-0.0037,35.5479
3792,1009192,472.37,262,1020,99.6,6,1,0,1.802,0.005,-0.0037,35.5479
3793,1009712,451.17,271,1024,100.0,6,1,0,0.967,0.005,-0.0037,35.5479
3794,1010360,522.04,146,1018,99.4,6,1,0,1.803,0.005,-0.0037,35.5479
3795,1010408,448.28,259,1021,99.7,6,1,0,1.684,0.005,-0.0037,35.5479
3796,1010440,459.02,256,1022,99.8,6,1,0,1.696,0.005,-0.0037,35.5479
3797,1010592,479.25,280,1022,99.8,6,1,0,1.846,0.005,-0.0037,35.5479
3798,1010848,443.71,246,1024,100.0,6,1,0,1.047,0.005,-0.0037,35.5479
3799,1011080,466.4,239,1020,99.6,6,1,0,1.401,0.005,-0.0037,35.5479
3800,1011104,446.52,248,1024,100.0,6,1,0,0.777,0.005,-0.0037,35.5479
3801,1011456,481.39,131,1019,99.5,6,1,0,1.804,0.005,-0.0037,35.5479
3802,1011680,510.64,136,1020,99.6,6,1,0,1.878,0.005,-0.0037,35.5479
3803,1011760,427.44,256,1021,99.7,6,1,0,1.798,0.005,-0.0037,35.5479
3804,1011992,498.47,143,1017,99.3,6,1,0,1.671,0.005,-0.0037,35.5479
3805,1012264,533.58,145,1024,100.0,6,1,0,0.771,0.005,-0.0037,35.5479
3806,1012472,451.73,254,1024,100.0,6,1,0,1.487,0.005,-0.0037,35.5479
3807,1012488,503.06,266,1024,100.0,6,1,0,0.905,0.005,-0.0037,35.5479
3808,1012616,516.15,145,1022,99.8,6,1,0,1.719,0.005,-0.0037,35.5479
3809,1013000,541.15,165,1020,99.6,6,1,0,1.812,0.005,-0.0037,35.5479
3810,1013112,501.3,140,1018,99.4,6,1,0,1.663,0.005,-0.0037,35.5479
3811,1013296,467.52,277,1024,100.0,6,1,0,1.858,0.005,-0.0037,35.5479
3812,1013600,511.0,139,1018,99.4,6,1,0,1.851,0.005,-0.0037,35.5479
3813,1013680,485.38,240,1024,100.0,6,1,0,1.795,0.005,-0.0037,35.5479
3814,1014432,530.32,142,1024,100.0,6,1,0,1.176,0.005,-0.0037,35.5479
3815,1014568,471.83,244,1024,100.0,6,1,0,1.215,0.005,-0.0037,35.5479
3816,1014608,447.98,267,1022,99.8,6,1,0,1.866,0.005,-0.0037,35.5479
3817,1014712,507.37,139,1019,99.5,6,1,0,1.791,0.005,-0.0037,35.5479
3818,1014928,483.89,333,1024,100.0,6,1,0,1.756,0.005,-0.0037,35.5479
3819,1015168,489.95,271,1022,99.8,6,1,0,1.771,0.005,-0.0037,35.5479
3820,1015232,441.5,265,1018,99.4,6,1,0,1.647,0.005,-0.0037,35.5479
3821,1015640,489.67,245,1024,100.0,6,1,0,1.338,0.005,-0.0037,35.5479
3822,1015760,492.99,131,1020,99.6,6,1,0,1.637,0.005,-0.0037,35.5479
3823,1016552,463.47,265,1018,99.4,6,1,0,1.863,0.005,-0.003,27.2084
3824,1016608,446.7,255,1022,99.8,6,1,0,1.838,0.005,-0.003,27.2084
3825,1016712,457.75,263,1023,99.9,6,1,0,1.629,0.005,-0.003,27.2084
3826,1017072,460.51,268,1022,99.8,6,1,0,1.841,0.005,-0.003,27.2084
3827,1017168,470.76,250,1024,100.0,6,1,0,0.705,0.005,-0.003,27.2084
3828,1017312,460.39,260,1018,99.4,6,1,0,1.695,0.005,-0.003,27.2084
3829,1017672,483.99,133,1018,99.4,6,1,0,1.678,0.005,-0.003,27.2084
3830,1018104,464.64,293,1024,100.0,6,1,0,1.41,0.005,-0.003,27.2084
3831,1018216,539.38,143,1024,100.0,6,1,0,1.158,0.005,-0.003,27.2084
3832,1018640,461.39,241,1024,100.0,6,1,0,0.927,0.005,-0.003,27.2084
3833,1018688,486.43,267,1019,99.5,6,1,0,1.788,0.005,-0.003,27.2084
3834,1018824,446.59,398,1024,100.0,6,1,0,1.847,0.005,-0.003,27.2084
3835,1018912,67.01,34,633,61.8,2,0,1,0.185,0.005,-0.003,27.2084
3836,1019072,480.82,238,1024,100.0,6,1,0,1.612,0.005,-0.003,27.2084
3837,1019272,464.55,245,1024,100.0,6,1,0,1.042,0.005,-0.003,27.2084
3838,1019288,489.76,134,1017,99.3,6,1,0,1.6,0.005,-0.003,27.2084
3839,1019632,516.92,245,1024,100.0,6,1,0,1.05,0.005,-0.003,27.2084
3840,1020024,229.07,94,863,84.3,3,0,1,0.162,0.005,-0.003,27.2084
3841,1020072,440.61,246,1024,100.0,6,1,0,0.926,0.005,-0.003,27.2084
3842,1020160,521.57,136,1024,100.0,6,1,0,1.035,0.005,-0.003,27.2084
3843,1020632,493.39,243,1024,100.0,6,1,0,1.408,0.005,-0.003,27.2084
3844,1020792,-6.08,20,230,22.5,1,0,1,0.137,0.005,-0.003,27.2084
3845,1020912,463.8,261,1020,99.6,6,1,0,1.757,0.005,-0.003,27.2084
3846,1021040,506.75,266,1024,100.0,6,1,0,0.947,0.005,-0.003,27.2084
3847,1021312,547.87,144,1024,100.0,6,1,0,1.143,0.005,-0.003,27.2084
3848,1021400,463.27,264,1022,99.8,6,1,0,1.748,0.005,-0.003,27.2084
3849,1021736,457.89,263,1024,100.0,6,1,0,0.853,0.005,-0.003,27.2084
3850,1022080,478.63,130,1021,99.7,6,1,0,1.829,0.005,-0.003,27.2084
3851,1022120,550.42,151,1024,100.0,6,1,0,1.013,0.005,-0.003,27.2084
3852,1022152,446.64,266,1020,99.6,6,1,0,1.828,0.005,-0.003,27.2084
3853,1022208,460.07,267,1018,99.4,6,1,0,1.796,0.005,-0.003,27.2084
3854,1022752,472.46,245,1024,100.0,6,1,0,1.354,0.005,-0.003,27.2084
3855,1023472,452.82,259,1019,99.5,6,1,0,1.69,0.005,-0.003,27.2084
3856,1023856,533.57,138,1024,100.0,6,1,0,0.726,0.005,-0.003,27.2084
3857,1023864,460.35,266,1021,99.7,6,1,0,1.855,0.005,-0.003,27.2084
3858,1023864,560.45,218,1024,100.0,6,1,0,1.33,0.005,-0.003,27.2084
3859,1024056,466.26,343,1022,99.8,6,1,0,1.704,0.005,-0.0046,78.3822
3860,1024144,479.61,258,1024,100.0,6,1,0,0.569,0.005,-0.0046,78.3822
3861,1024192,459.84,248,1024,100.0,6,1,0,0.869,0.005,-0.0046,78.3822
3862,1024248,463.03,262,1021,99.7,6,1,0,1.733,0.005,-0.0046,78.3822
3863,1025024,510.25,145,1020,99.6,6,1,0,1.872,0.005,-0.0046,78.3822
3864,1025560,447.83,261,1021,99.7,6,1,0,1.756,0.005,-0.0046,78.3822
3865,1025808,483.74,243,1024,100.0,6,1,0,1.071,0.005,-0.0046,78.3822
3866,1026112,463.83,257,1020,99.6,6,1,0,1.468,0.005,-0.0046,78.3822
3867,1026136,546.18,139,1024,100.0,6,1,0,0.667,0.005,-0.0046,78.3822
3868,1026192,452.03,250,1020,99.6,6,1,0,1.564,0.005,-0.0046,78.3822
3869,1026216,448.26,259,1017,99.3,6,1,0,1.759,0.005,-0.0046,78.3822
3870,1026360,474.47,264,1018,99.4,6,1,0,1.862,0.005,-0.0046,78.3822
3871,1026408,448.01,319,1024,100.0,6,1,0,1.771,0.005,-0.0046,78.3822
3872,1026904,495.72,137,1018,99.4,6,1,0,1.875,0.005,-0.0046,78.3822
3873,1027248,522.55,132,1024,100.0,6,1,0,1.093,0.005,-0.0046,78.3822
3874,1027496,516.68,142,1019,99.5,6,1,0,1.754,0.005,-0.0046,78.3822
3875,1027528,539.76,140,1024,100.0,6,1,0,0.735,0.005,-0.0046,78.3822
3876,1027704,460.12,268,1018,99.4,6,1,0,1.536,0.005,-0.0046,78.3822
3877,1028128,497.17,249,1024,100.0,6,1,0,1.245,0.005,-0.0046,78.3822
3878,1028368,478.03,269,1024,100.0,6,1,0,1.66,0.005,-0.0046,78.3822
3879,1028592,504.57,133,1018,99.4,6,1,0,1.741,0.005,-0.0046,78.3822
3880,1028728,461.67,327,1024,100.0,6,1,0,1.883,0.005,-0.0046,78.3822
3881,1029328,469.58,260,1021,99.7,6,1,0,1.782,0.005,-0.0046,78.3822
3882,1029368,479.99,234,1023,99.9,6,1,0,1.216,0.005,-0.0046,78.3822
3883,1029704,503.5,250,1024,100.0,6,1,0,0.829,0.005,-0.0046,78.3822
3884,1029744,459.74,355,1024,100.0,6,1,0,1.834,0.005,-0.0046,78.3822
3885,1030432,487.09,133,1020,99.6,6,1,0,1.773,0.005,-0.0046,78.3822
3886,1030568,455.32,247,1024,100.0,6,1,0,1.039,0.005,-0.0046,78.3822
3887,1030712,481.73,323,1024,100.0,6,1,0,0.885,0.005,-0.0046,78.3822
3888,1030808,456.24,260,1018,99.4,6,1,0,1.518,0.005,-0.0046,78.3822
3889,1031320,460.36,249,1024,100.0,6,1,0,0.848,0.005,-0.0046,78.3822
3890,1031696,469.51,249,1024,100.0,6,1,0,0.601,0.005,-0.0046,78.3822
3891,1031704,464.05,417,1024,100.0,6,1,0,1.257,0.005,-0.0046,78.3822
3892,1032000,488.67,282,1024,100.0,6,1,0,1.001,0.005,-0.0046,78.3822
3893,1032520,472.29,261,1018,99.4,6,1,0,1.544,0.005,-0.0034,38.2059
3894,1032728,487.02,240,1024,100.0,6,1,0,1.443,0.005,-0.0034,38.2059
3895,1032744,475.49,254,1024,100.0,6,1,0,0.912,0.005,-0.0034,38.2059
3896,1032792,473.3,278,1023,99.9,6,1,0,1.44,0.005,-0.0034,38.2059
3897,1033360,454.46,255,1019,99.5,6,1,0,1.876,0.005,-0.0034,38.2059
3898,1033840,504.71,139,1021,99.7,6,1,0,1.513,0.005,-0.0034,38.2059
3899,1033984,556.0,155,1024,100.0,6,1,0,0.846,0.005,-0.0034,38.2059
3900,1034192,469.95,311,1024,100.0,6,1,0,0.62,0.005,-0.0034,38.2059
3901,1034336,6.22,18,231,22.6,1,0,1,0.173,0.005,-0.0034,38.2059
3902,1034360,470.38,333,1024,100.0,6,1,0,1.554,0.005,-0.0034,38.2059
3903,1034544,455.94,253,1022,99.8,6,1,0,1.69,0.005,-0.0034,38.2059
3904,1034664,479.96,333,1024,100.0,6,1,0,1.795,0.005,-0.0034,38.2059
3905,1034824,455.41,254,1020,99.6,6,1,0,1.888,0.005,-0.0034,38.2059
3906,1034960,539.39,140,1024,100.0,6,1,0,0.883,0.005,-0.0034,38.2059
3907,1035456,460.07,262,1021,99.7,6,1,0,1.866,0.005,-0.0034,38.2059
3908,1035640,530.56,137,1024,100.0,6,1,0,0.865,0.005,-0.0034,38.2059
3909,1035968,469.59,248,1024,100.0,6,1,0,1.158,0.005,-0.0034,38.2059
3910,1036176,549.83,152,1024,100.0,6,1,0,0.918,0.005,-0.0034,38.2059
3911,1036464,429.46,266,1018,99.4,6,1,0,1.435,0.005,-0.0034,38.2059
3912,1036536,471.58,272,1020,99.6,6,1,0,1.885,0.005,-0.0034,38.2059
3913,1036832,472.07,251,1024,100.0,6,1,0,0.92,0.005,-0.0034,38.2059
3914,1037024,483.97,132,1018,99.4,6,1,0,1.532,0.005,-0.0034,38.2059
3915,1037320,482.65,332,1023,99.9,6,1,0,1.841,0.005,-0.0034,38.2059
3916,1037544,492.95,135,1019,99.5,6,1,0,1.85,0.005,-0.0034,38.2059
3917,1037600,465.2,268,1022,99.8,6,1,0,1.796,0.005,-0.0034,38.2059
3918,1038152,551.43,141,1024,100.0,6,1,0,0.892,0.005,-0.0034,38.2059
3919,1038312,473.2,267,1024,100.0,6,1,0,0.728,0.005,-0.0034,38.2059
3920,1038328,476.11,336,1024,100.0,6,1,0,1.631,0.005,-0.0034,38.2059
3921,1038592,446.03,257,1024,100.0,6,1,0,1.888,0.005,-0.0034,38.2059
3922,1038760,492.41,241,1024,100.0,6,1,0,0.906,0.005,-0.0034,38.2059
3923,1039448,477.44,238,1022,99.8,6,1,0,1.227,0.005,-0.0034,38.2059
3924,1039504,527.92,147,1019,99.5,6,1,0,1.458,0.005,-0.0034,38.2059
3925,1039688,504.83,137,1016,99.2,6,1,0,1.527,0.005,-0.0034,38.2059
3926,1039760,456.84,270,1022,99.8,6,1,0,1.572,0.005,-0.0034,38.2059
3927,1040248,537.14,366,1024,100.0,6,1,0,1.062,0.005,-0.0034,38.2059
3928,1040472,279.39,98,949,92.7,4,0,1,0.221,0.005,-0.0054,65.4648
3929,1040624,532.98,140,1024,100.0,6,1,0,0.91,0.005,-0.0054,65.4648
3930,1040808,480.21,332,1023,99.9,6,1,0,1.847,0.005,-0.0054,65.4648
3931,1040856,458.07,262,1019,99.5,6,1,0,1.551,0.005,-0.0054,65.4648
3932,1041224,509.92,364,1024,100.0,6,1,0,0.998,0.005,-0.0054,65.4648
3933,1041400,459.24,244,1024,100.0,6,1,0,1.032,0.005,-0.0054,65.4648
3934,1041576,533.49,138,1024,100.0,6,1,0,0.927,0.005,-0.0054,65.4648
3935,1041968,495.47,276,1022,99.8,6,1,0,1.798,0.005,-0.0054,65.4648
3936,1042336,220.25,95,845,82.5,3,0,1,0.165,0.005,-0.0054,65.4648
3937,1042488,492.94,136,1016,99.2,6,1,0,1.708,0.005,-0.0054,65.4648
3938,1042720,445.16,262,1022,99.8,6,1,0,1.898,0.005,-0.0054,65.4648
3939,1042976,480.95,271,1022,99.8,6,1,0,1.531,0.005,-0.0054,65.4648
3940,1043376,477.3,269,1019,99.5,6,1,0,1.828,0.005,-0.0054,65.4648
3941,1043448,504.7,139,1021,99.7,6,1,0,1.785,0.005,-0.0054,65.4648
3942,1043528,466.78,334,1023,99.9,6,1,0,1.77,0.005,-0.0054,65.4648
3943,1043568,492.75,135,1019,99.5,6,1,0,1.57,0.005,-0.0054,65.4648
3944,1043904,464.19,242,1024,100.0,6,1,0,1.147,0.005,-0.0054,65.4648
3945,1043968,520.94,156,1022,99.8,6,1,0,1.567,0.005,-0.0054,65.4648
3946,1044176,550.5,150,1024,100.0,6,1,0,0.888,0.005,-0.0054,65.4648
3947,1044496,442.75,531,1024,100.0,6,1,0,0.952,0.005,-0.0054,65.4648
3948,1044648,513.2,140,1016,99.2,6,1,0,1.72,0.005,-0.0054,65.4648
3949,1045072,527.84,138,1024,100.0,6,1,0,0.669,0.005,-0.0054,65.4648
3950,1045344,477.81,246,1024,100.0,6,1,0,0.889,0.005,-0.0054,65.4648
3951,1045528,484.14,260,1024,100.0,6,1,0,0.742,0.005,-0.0054,65.4648
3952,1045656,466.79,261,1019,99.5,6,1,0,1.725,0.005,-0.0054,65.4648
3953,1046032,462.33,266,1018,99.4,6,1,0,1.771,0.005,-0.0054,65.4648
3954,1046440,489.32,137,1018,99.4,6,1,0,1.83,0.005,-0.0054,65.4648
3955,1046464,263.01,101,860,84.0,4,0,1,0.201,0.005,-0.0054,65.4648
3956,1046584,474.86,261,1019,99.5,6,1,0,1.432,0.005,-0.0054,65.4648
3957,1046712,531.96,258,1024,100.0,6,1,0,0.723,0.005,-0.0054,65.4648
3958,1046760,448.14,323,1023,99.9,6,1,0,1.81,0.005,-0.0054,65.4648
3959,1047120,471.16,256,1024,100.0,6,1,0,0.763,0.005,-0.0054,65.4648
3960,1047664,489.91,135,1016,99.2,6,1,0,1.435,0.005,-0.0054,65.4648
3961,1047832,499.46,134,1019,99.5,6,1,0,1.373,0.005,-0.0054,65.4648
3962,1048104,492.45,322,1024,100.0,6,1,0,0.809,0.005,-0.0054,65.4648
3963,1048120,473.19,261,1020,99.6,6,1,0,1.81,0.005,-0.0054,65.4648
3964,1048240,513.4,140,1016,99.2,6,1,0,1.616,0.005,-0.0054,65.4648
3965,1048368,452.99,241,1024,100.0,6,1,0,0.764,0.005,-0.0054,65.4648
3966,1048520,460.39,257,1020,99.6,6,1,0,1.868,0.005,-0.0054,65.4648
3967,1048856,456.4,268,1017,99.3,6,1,0,1.397,0.005,-0.0042,44.2955
3968,1049000,3.29,18,231,22.6,1,0,1,0.199,0.005,-0.0042,44.2955
3969,1049568,538.85,150,1024,100.0,6,1,0,1.033,0.005,-0.0042,44.2955
3970,1049840,449.01,251,1020,99.6,6,1,0,1.615,0.005,-0.0042,44.2955
3971,1050144,341.11,310,1014,99.0,5,0,1,0.121,0.005,-0.0042,44.2955
3972,1050200,454.91,260,1018,99.4,6,1,0,1.695,0.005,-0.0042,44.2955
3973,1050224,469.13,265,1018,99.4,6,1,0,1.611,0.005,-0.0042,44.2955
3974,1050288,447.97,256,1020,99.6,6,1,0,1.749,0.005,-0.0042,44.2955
3975,1050536,70.34,31,642,62.7,2,0,1,0.234,0.005,-0.0042,44.2955
3976,1050592,459.8,259,1019,99.5,6,1,0,1.88,0.005,-0.0042,44.2955
3977,1051288,519.12,133,1024,100.0,6,1,0,0.741,0.005,-0.0042,44.2955
3978,1051304,507.72,138,1018,99.4,6,1,0,1.594,0.005,-0.0042,44.2955
3979,1051416,552.05,159,1024,100.0,6,1,0,0.785,0.005,-0.0042,44.2955
3980,1051640,451.3,330,1024,100.0,6,1,0,0.911,0.005,-0.0042,44.2955
3981,1051744,489.48,272,1021,99.7,6,1,0,1.792,0.005,-0.0042,44.2955
3982,1051792,456.07,244,1024,100.0,6,1,0,0.985,0.005,-0.0042,44.2955
3983,1052552,497.55,142,1020,99.6,6,1,0,1.584,0.005,-0.0042,44.2955
3984,1052584,479.4,249,1024,100.0,6,1,0,0.722,0.005,-0.0042,44.2955
3985,1052600,451.69,258,1020,99.6,6,1,0,1.697,0.005,-0.0042,44.2955
3986,1052832,516.5,136,1024,100.0,6,1,0,0.797,0.005,-0.0042,44.2955
3987,1053216,465.39,241,1024,100.0,6,1,0,1.231,0.005,-0.0042,44.2955
3988,1053408,462.73,263,1018,99.4,6,1,0,1.55,0.005,-0.0042,44.2955
3989,1053648,479.02,251,1020,99.6,6,1,0,1.797,0.005,-0.0042,44.2955
3990,1053712,513.81,139,1016,99.2,6,1,0,1.518,0.005,-0.0042,44.2955
3991,1054184,449.31,299,1024,100.0,6,1,0,0.969,0.005,-0.0042,44.2955
3992,1054456,483.32,234,1024,100.0,6,1,0,1.264,0.005,-0.0042,44.2955
3993,1054584,465.7,254,1024,100.0,6,1,0,0.706,0.005,-0.0042,44.2955
3994,1054840,507.19,141,1018,99.4,6,1,0,1.734,0.005,-0.0042,44.2955
3995,1054960,462.94,266,1015,99.1,6,1,0,1.485,0.005,-0.0042,44.2955
3996,1055392,452.23,248,1018,99.4,6,1,0,1.819,0.005,-0.0042,44.2955
3997,1055608,439.98,245,1023,99.9,6,1,0,1.754,0.005,-0.0042,44.2955
3998,1055688,428.47,309,1018,99.4,6,1,0,1.465,0.005,-0.0042,44.2955
3999,1055952,510.91,139,1016,99.2,6,1,0,1.628,0.005,-0.0042,44.2955
4000,1056256,460.37,259,1021,99.7,6,1,0,1.8,0.005,-0.0042,44.2955
4001,1056552,455.34,246,1023,99.9,6,1,0,1.43,0.005,-0.0042,44.2955
4002,1056552,454.46,262,1019,99.5,6,1,0,1.634,0.005,-0.0042,44.2955
4003,1057104,524.66,144,1018,99.4,6,1,0,1.691,0.005,-0.0045,78.471
4004,1057552,462.05,270,1019,99.5,6,1,0,1.614,0.005,-0.0045,78.471
4005,1057576,447.4,327,1023,99.9,6,1,0,1.719,0.005,-0.0045,78.471
4006,1057672,536.6,140,1024,100.0,6,1,0,0.801,0.005,-0.0045,78.471
4007,1057736,451.76,266,1017,99.3,6,1,0,1.478,0.005,-0.0045,78.471
4008,1057864,-16.19,24,181,17.7,1,0,1,0.091,0.005,-0.0045,78.471
4009,1058384,463.41,337,1024,100.0,6,1,0,1.725,0.005,-0.0045,78.471
4010,1058488,491.12,242,1024,100.0,6,1,0,1.037,0.005,-0.0045,78.471
4011,1058896,457.54,330,1024,100.0,6,1,0,0.601,0.005,-0.0045,78.471
4012,1059040,460.18,242,1024,100.0,6,1,0,0.911,0.005,-0.0045,78.471
4013,1059448,466.84,237,1023,99.9,6,1,0,1.173,0.005,-0.0045,78.471
4014,1059472,473.78,237,1024,100.0,6,1,0,0.798,0.005,-0.0045,78.471
4015,1059680,455.17,243,1024,100.0,6,1,0,1.037,0.005,-0.0045,78.471
4016,1059848,467.13,248,1024,100.0,6,1,0,1.034,0.005,-0.0045,78.471
4017,1059968,85.01,36,638,62.3,2,0,1,0.199,0.005,-0.0045,78.471
4018,1060144,523.93,138,1024,100.0,6,1,0,0.843,0.005,-0.0045,78.471
4019,1060384,454.43,237,1024,100.0,6,1,0,1.112,0.005,-0.0045,78.471
4020,1060464,466.58,260,1019,99.5,6,1,0,1.768,0.005,-0.0045,78.471
4021,1060880,509.87,248,1024,100.0,6,1,0,0.769,0.005,-0.0045,78.471
4022,1061040,559.57,149,1024,100.0,6,1,0,0.815,0.005,-0.0045,78.471
4023,1061056,539.84,136,1024,100.0,6,1,0,0.817,0.005,-0.0045,78.471
4024,1061608,469.08,267,1021,99.7,6,1,0,1.869,0.005,-0.0045,78.471
4025,1061672,495.92,278,1023,99.9,6,1,0,1.896,0.005,-0.0045,78.471
4026,1062160,530.27,138,1024,100.0,6,1,0,0.7,0.005,-0.0045,78.471
4027,1062240,457.45,262,1020,99.6,6,1,0,1.891,0.005,-0.0045,78.471
4028,1062320,451.55,242,1024,100.0,6,1,0,1.328,0.005,-0.0045,78.471
4029,1062696,542.4,136,1024,100.0,6,1,0,0.691,0.005,-0.0045,78.471
4030,1062728,484.22,283,1023,99.9,6,1,0,1.786,0.005,-0.0045,78.471
4031,1062864,559.55,149,1024,100.0,6,1,0,1.082,0.005,-0.0045,78.471
4032,1062976,448.11,262,1018,99.4,6,1,0,1.693,0.005,-0.0045,78.471
4033,1063088,464.52,256,1019,99.5,6,1,0,1.629,0.005,-0.0045,78.471
4034,1063408,501.4,136,1017,99.3,6,1,0,1.405,0.005,-0.0045,78.471
4035,1064216,579.72,155,1024,100.0,6,1,0,0.878,0.005,-0.0045,78.471
4036,1064256,435.13,262,1020,99.6,6,1,0,1.677,0.005,-0.0045,78.471
4037,1064312,454.12,259,1018,99.4,6,1,0,1.415,0.005,-0.0045,78.471
4038,1064320,527.26,154,1021,99.7,6,1,0,1.879,0.005,-0.0045,78.471
4039,1064608,497.51,239,1024,100.0,6,1,0,1.049,0.005,-0.0045,78.471
4040,1064856,467.95,249,1020,99.6,6,1,0,1.63,0.005,-0.0045,78.471
4041,1064856,452.39,266,1020,99.6,6,1,0,1.697,0.005,-0.0045,78.471
4042,1065328,464.31,240,1024,100.0,6,1,0,1.038,0.005,-0.0058,59.8044
4043,1065384,519.49,141,1021,99.7,6,1,0,1.428,0.005,-0.0058,59.8044
4044,1065968,504.91,139,1017,99.3,6,1,0,1.581,0.005,-0.0058,59.8044
4045,1066280,478.18,246,1024,100.0,6,1,0,0.962,0.005,-0.0058,59.8044
4046,1066280,486.35,245,1024,100.0,6,1,0,1.166,0.005,-0.0058,59.8044
4047,1066288,467.11,259,1021,99.7,6,1,0,1.721,0.005,-0.0058,59.8044
4048,1067000,468.82,268,1019,99.5,6,1,0,1.803,0.005,-0.0058,59.8044
4049,1067312,475.94,338,1023,99.9,6,1,0,1.757,0.005,-0.0058,59.8044
4050,1067392,495.92,138,1017,99.3,6,1,0,1.429,0.005,-0.0058,59.8044
4051,1067440,454.44,257,1021,99.7,6,1,0,1.708,0.005,-0.0058,59.8044
4052,1067520,553.38,155,1024,100.0,6,1,0,0.877,0.005,-0.0058,59.8044
4053,1067864,471.25,317,1023,99.9,6,1,0,1.087,0.005,-0.0058,59.8044
4054,1068088,456.61,265,1017,99.3,6,1,0,1.662,0.005,-0.0058,59.8044
4055,1068928,449.9,331,1024,100.0,6,1,0,1.838,0.005,-0.0058,59.8044
4056,1068928,491.84,241,1023,99.9,6,1,0,0.878,0.005,-0.0058,59.8044
4057,1069304,511.97,239,1024,100.0,6,1,0,1.205,0.005,-0.0058,59.8044
4058,1069424,495.62,238,1024,100.0,6,1,0,0.866,0.005,-0.0058,59.8044
4059,1069456,469.1,268,1019,99.5,6,1,0,1.538,0.005,-0.0058,59.8044
4060,1069768,469.74,238,1024,100.0,6,1,0,1.585,0.005,-0.0058,59.8044
4061,1069976,472.18,317,1022,99.8,6,1,0,0.764,0.005,-0.0058,59.8044
4062,1070672,481.43,323,1024,100.0,6,1,0,1.526,0.005,-0.0058,59.8044
4063,1071008,458.0,260,1019,99.5,6,1,0,1.446,0.005,-0.0058,59.8044
4064,1071352,479.37,237,1024,100.0,6,1,0,1.071,0.005,-0.0058,59.8044
4065,1071424,466.34,265,1016,99.2,6,1,0,1.447,0.005,-0.0058,59.8044
4066,1071496,455.13,321,1023,99.9,6,1,0,1.404,0.005,-0.0058,59.8044
4067,1071536,456.89,264,1018,99.4,6,1,0,1.843,0.005,-0.0058,59.8044
4068,1071912,492.98,242,1024,100.0,6,1,0,1.149,0.005,-0.0058,59.8044
4069,1072152,545.68,143,1024,100.0,6,1,0,0.614,0.005,-0.0058,59.8044
4070,1072504,461.96,342,1022,99.8,6,1,0,1.508,0.005,-0.0058,59.8044
4071,1072568,485.68,237,1024,100.0,6,1,0,0.854,0.005,-0.0058,59.8044
4072,1072680,557.03,143,1024,100.0,6,1,0,0.818,0.005,-0.0058,59.8044
4073,1072784,-7.46,27,189,18.5,1,0,1,0.097,0.005,-0.0058,59.8044
4074,1073344,464.19,240,1024,100.0,6,1,0,0.811,0.005,-0.005,41.9617
4075,1073432,457.8,260,1019,99.5,6,1,0,1.747,0.005,-0.005,41.9617
4076,1073480,-5.58,17,218,21.3,1,0,1,0.189,0.005,-0.005,41.9617
4077,1073576,450.98,260,1020,99.6,6,1,0,1.735,0.005,-0.005,41.9617
4078,1074008,448.07,262,1019,99.5,6,1,0,1.768,0.005,-0.005,41.9617
4079,1074080,476.49,241,1024,100.0,6,1,0,0.937,0.005,-0.005,41.9617
4080,1074432,491.01,241,1024,100.0,6,1,0,0.91,0.005,-0.005,41.9617
4081,1074512,531.01,135,1024,100.0,6,1,0,0.689,0.005,-0.005,41.9617
4082,1074640,483.46,245,1024,100.0,6,1,0,1.438,0.005,-0.005,41.9617
4083,1074888,450.11,263,1017,99.3,6,1,0,1.399,0.005,-0.005,41.9617
4084,1075136,554.25,141,1024,100.0,6,1,0,0.809,0.005,-0.005,41.9617
4085,1075512,443.63,254,1020,99.6,6,1,0,1.577,0.005,-0.005,41.9617
4086,1075664,453.57,261,1017,99.3,6,1,0,1.582,0.005,-0.005,41.9617
4087,1075992,477.75,239,1024,100.0,6,1,0,1.234,0.005,-0.005,41.9617
4088,1076040,513.16,144,1017,99.3,6,1,0,1.719,0.005,-0.005,41.9617
4089,1076216,534.13,135,1024,100.0,6,1,0,0.932,0.005,-0.005,41.9617
4090,1076456,462.48,253,1024,100.0,6,1,0,0.747,0.005,-0.005,41.9617
4091,1076504,475.44,249,1024,100.0,6,1,0,1.032,0.005,-0.005,41.9617
4092,1077392,460.36,344,1024,100.0,6,1,0,1.862,0.005,-0.005,41.9617
4093,1077456,468.19,243,1024,100.0,6,1,0,0.933,0.005,-0.005,41.9617
4094,1077768,448.57,263,1021,99.7,6,1,0,1.688,0.005,-0.005,41.9617
4095,1078080,445.69,261,1021,99.7,6,1,0,1.85,0.005,-0.005,41.9617
4096,1078208,472.64,271,1022,99.8,6,1,0,1.464,0.005,-0.005,41.9617
4097,1078560,454.06,257,1021,99.7,6,1,0,1.79,0.005,-0.005,41.9617
4098,1078584,539.17,149,1024,100.0,6,1,0,0.816,0.005,-0.005,41.9617
4099,1078616,468.9,270,1022,99.8,6,1,0,1.829,0.005,-0.005,41.9617
4100,1079112,477.22,362,1024,100.0,6,1,0,1.7,0.005,-0.005,41.9617
4101,1079368,495.22,239,1024,100.0,6,1,0,1.216,0.005,-0.005,41.9617
4102,1079704,542.95,140,1024,100.0,6,1,0,0.943,0.005,-0.005,41.9617
4103,1079808,532.63,255,1024,100.0,6,1,0,1.05,0.005,-0.005,41.9617
4104,1079992,495.61,239,1024,100.0,6,1,0,1.164,0.005,-0.005,41.9617
4105,1080376,471.81,271,1023,99.9,6,1,0,1.802,0.005,-0.005,41.9617
4106,1080752,472.21,267,1019,99.5,6,1,0,1.708,0.005,-0.005,41.9617
4107,1081104,476.26,318,1023,99.9,6,1,0,1.725,0.005,-0.005,41.9617
4108,1081120,519.39,141,1018,99.4,6,1,0,1.522,0.005,-0.005,41.9617
4109,1081216,478.16,263,1019,99.5,6,1,0,1.853,0.005,-0.005,41.9617
4110,1081408,457.76,255,1020,99.6,6,1,0,1.46,0.005,-0.0031,34.6212
4111,1081488,495.81,139,1018,99.4,6,1,0,1.768,0.005,-0.0031,34.6212
4112,1081688,473.73,235,1024,100.0,6,1,0,1.09,0.005,-0.0031,34.6212
4113,1081784,454.11,260,1021,99.7,6,1,0,1.712,0.005,-0.0031,34.6212
4114,1082208,492.94,136,1019,99.5,6,1,0,1.628,0.005,-0.0031,34.6212
4115,1082584,495.83,137,1017,99.3,6,1,0,1.674,0.005,-0.0031,34.6212
4116,1082808,457.17,257,1020,99.6,6,1,0,1.679,0.005,-0.0031,34.6212
4117,1082936,501.36,144,1018,99.4,6,1,0,1.805,0.005,-0.0031,34.6212
4118,1083184,447.65,260,1022,99.8,6,1,0,1.689,0.005,-0.0031,34.6212
4119,1083304,462.89,261,1019,99.5,6,1,0,1.833,0.005,-0.0031,34.6212
4120,1083320,530.62,139,1024,100.0,6,1,0,0.921,0.005,-0.0031,34.6212
4121,1083336,267.8,94,954,93.2,4,0,1,0.133,0.005,-0.0031,34.6212
4122,1083488,469.31,260,1018,99.4,6,1,0,1.667,0.005,-0.0031,34.6212
4123,1083768,460.0,260,1019,99.5,6,1,0,1.713,0.005,-0.0031,34.6212
4124,1084048,539.26,139,1024,100.0,6,1,0,0.623,0.005,-0.0031,34.6212
4125,1084392,490.36,134,1021,99.7,6,1,0,1.651,0.005,-0.0031,34.6212
4126,1084408,501.72,138,1019,99.5,6,1,0,1.858,0.005,-0.0031,34.6212
4127,1084440,539.37,138,1024,100.0,6,1,0,0.586,0.005,-0.0031,34.6212
4128,1084792,497.82,248,1024,100.0,6,1,0,0.913,0.005,-0.0031,34.6212
4129,1085168,513.4,140,1017,99.3,6,1,0,1.689,0.005,-0.0031,34.6212
4130,1085176,447.68,249,1022,99.8,6,1,0,1.74,0.005,-0.0031,34.6212
4131,1085480,504.64,136,1019,99.5,6,1,0,1.778,0.005,-0.0031,34.6212
4132,1085608,441.06,265,1022,99.8,6,1,0,1.555,0.005,-0.0031,34.6212
4133,1086288,446.31,315,1023,99.9,6,1,0,1.74,0.005,-0.0031,34.6212
4134,1086344,458.42,238,1024,100.0,6,1,0,1.251,0.005,-0.0031,34.6212
4135,1086376,475.91,246,1023,99.9,6,1,0,0.746,0.005,-0.0031,34.6212
4136,1086752,547.96,143,1024,100.0,6,1,0,0.731,0.005,-0.0031,34.6212
4137,1086824,508.42,254,1024,100.0,6,1,0,1.054,0.005,-0.0031,34.6212
4138,1087192,436.86,253,1021,99.7,6,1,0,1.781,0.005,-0.0031,34.6212
4139,1087232,457.43,257,1019,99.5,6,1,0,1.687,0.005,-0.0031,34.6212
4140,1087496,509.96,144,1018,99.4,6,1,0,1.357,0.005,-0.0031,34.6212
4141,1087544,449.02,258,1020,99.6,6,1,0,1.844,0.005,-0.0031,34.6212
4142,1087544,548.55,146,1024,100.0,6,1,0,0.871,0.005,-0.0031,34.6212
4143,1088304,440.0,252,1024,100.0,6,1,0,0.69,0.005,-0.0031,34.6212
4144,1088552,546.4,170,1020,99.6,6,1,0,1.749,0.005,-0.0031,34.6212
4145,1088640,510.73,137,1015,99.1,6,1,0,1.549,0.005,-0.0031,34.6212
4146,1088648,525.16,144,1021,99.7,6,1,0,1.794,0.005,-0.0031,34.6212
4147,1088712,472.24,236,1024,100.0,6,1,0,0.837,0.005,-0.0031,34.6212
4148,1088920,498.09,271,1020,99.6,6,1,0,1.689,0.005,-0.0031,34.6212
4149,1088944,-17.45,29,198,19.3,1,0,1,0.03,0.005,-0.0031,34.6212
4150,1089280,420.69,256,1021,99.7,6,1,0,1.572,0.005,-0.0031,34.6212
4151,1089584,451.49,255,1021,99.7,6,1,0,1.719,0.005,-0.004,34.676
4152,1089752,507.51,139,1017,99.3,6,1,0,1.604,0.005,-0.004,34.676
4153,1090256,440.6,244,1022,99.8,6,1,0,1.688,0.005,-0.004,34.676
4154,1090720,546.01,142,1024,100.0,6,1,0,0.674,0.005,-0.004,34.676
4155,1090736,452.71,261,1023,99.9,6,1,0,1.72,0.005,-0.004,34.676
4156,1090968,455.05,253,1020,99.6,6,1,0,1.886,0.005,-0.004,34.676
4157,1091064,465.12,268,1019,99.5,6,1,0,1.696,0.005,-0.004,34.676
4158,1091184,492.8,329,1023,99.9,6,1,0,1.819,0.005,-0.004,34.676
4159,1091704,425.49,244,1021,99.7,6,1,0,1.87,0.005,-0.004,34.676
4160,1091888,465.4,326,1023,99.9,6,1,0,1.47,0.005,-0.004,34.676
4161,1092312,454.93,257,1018,99.4,6,1,0,1.557,0.005,-0.004,34.676
4162,1092768,437.04,256,1021,99.7,6,1,0,1.659,0.005,-0.004,34.676
4163,1092864,463.52,266,1018,99.4,6,1,0,1.653,0.005,-0.004,34.676
4164,1092960,477.89,237,1021,99.7,6,1,0,0.999,0.005,-0.004,34.676
4165,1092976,489.84,136,1018,99.4,6,1,0,1.754,0.005,-0.004,34.676
4166,1093120,459.06,242,1024,100.0,6,1,0,0.678,0.005,-0.004,34.676
4167,1093568,490.85,325,1024,100.0,6,1,0,1.483,0.005,-0.004,34.676
4168,1093784,462.9,260,1019,99.5,6,1,0,1.424,0.005,-0.004,34.676
4169,1094096,533.44,142,1024,100.0,6,1,0,0.947,0.005,-0.004,34.676
4170,1094400,462.66,261,1020,99.6,6,1,0,1.703,0.005,-0.004,34.676
4171,1094464,554.48,168,1024,100.0,6,1,0,0.913,0.005,-0.004,34.676
4172,1094832,434.19,258,1017,99.3,6,1,0,1.443,0.005,-0.004,34.676
4173,1094960,462.95,262,1015,99.1,6,1,0,1.732,0.005,-0.004,34.676
4174,1094984,547.77,150,1024,100.0,6,1,0,0.684,0.005,-0.004,34.676
4175,1095136,454.65,270,1019,99.5,6,1,0,1.521,0.005,-0.004,34.676
4176,1095168,495.56,134,1020,99.6,6,1,0,1.803,0.005,-0.004,34.676
4177,1095536,486.84,134,1017,99.3,6,1,0,1.516,0.005,-0.004,34.676
4178,1095624,460.97,257,1022,99.8,6,1,0,1.552,0.005,-0.004,34.676
4179,1096416,445.94,252,1021,99.7,6,1,0,1.801,0.005,-0.004,34.676
4180,1096632,539.32,137,1024,100.0,6,1,0,0.867,0.005,-0.004,34.676
4181,1096720,480.9,236,1024,100.0,6,1,0,0.982,0.005,-0.004,34.676
4182,1096720,501.63,137,1018,99.4,6,1,0,1.796,0.005,-0.004,34.676
4183,1096816,456.64,229,1022,99.8,6,1,0,0.926,0.005,-0.004,34.676
4184,1096856,478.82,237,1024,100.0,6,1,0,0.738,0.005,-0.004,34.676
4185,1096928,1.84,26,217,21.2,1,0,1,0.183,0.005,-0.004,34.676
4186,1097112,468.27,243,1024,100.0,6,1,0,1.227,0.005,-0.004,34.676
4187,1097776,462.31,330,1023,99.9,6,1,0,1.832,0.005,-0.0034,44.1765
4188,1098248,496.26,229,1023,99.9,6,1,0,1.277,0.005,-0.0034,44.1765
4189,1098584,442.93,244,1022,99.8,6,1,0,1.765,0.005,-0.0034,44.1765
4190,1098624,454.42,238,1024,100.0,6,1,0,1.382,0.005,-0.0034,44.1765
4191,1098768,466.29,239,1024,100.0,6,1,0,0.837,0.005,-0.0034,44.1765
4192,1098856,524.97,135,1024,100.0,6,1,0,0.399,0.005,-0.0034,44.1765
4193,1098912,451.28,262,1017,99.3,6,1,0,1.501,0.005,-0.0034,44.1765
4194,1098928,446.29,250,1020,99.6,6,1,0,1.383,0.005,-0.0034,44.1765
4195,1099152,444.78,255,1022,99.8,6,1,0,1.813,0.005,-0.0034,44.1765
4196,1099160,67.77,31,633,61.8,2,0,1,0.235,0.005,-0.0034,44.1765
4197,1099408,548.34,145,1024,100.0,6,1,0,0.607,0.005,-0.0034,44.1765
4198,1099944,493.04,136,1019,99.5,6,1,0,1.752,0.005,-0.0034,44.1765
4199,1100520,500.05,242,1024,100.0,6,1,0,1.007,0.005,-0.0034,44.1765
4200,1100528,507.3,140,1019,99.5,6,1,0,1.714,0.005,-0.0034,44.1765
4201,1100560,452.98,242,1024,100.0,6,1,0,0.869,0.005,-0.0034,44.1765
4202,1100824,457.32,257,1020,99.6,6,1,0,1.742,0.005,-0.0034,44.1765
4203,1100840,447.37,239,1024,100.0,6,1,0,1.226,0.005,-0.0034,44.1765
4204,1101024,422.16,234,1022,99.8,6,1,0,1.038,0.005,-0.0034,44.1765
4205,1101032,489.84,136,1018,99.4,6,1,0,1.788,0.005,-0.0034,44.1765
4206,1101200,457.93,255,1020,99.6,6,1,0,1.824,0.005,-0.0034,44.1765
4207,1102432,468.62,238,1023,99.9,6,1,0,0.878,0.005,-0.0034,44.1765
4208,1102616,453.76,262,1019,99.5,6,1,0,1.827,0.005,-0.0034,44.1765
4209,1102632,-7.77,25,216,21.1,1,0,1,0.139,0.005,-0.0034,44.1765
4210,1102704,486.81,268,1020,99.6,6,1,0,1.339,0.005,-0.0034,44.1765
4211,1102776,9.16,18,228,22.3,1,0,1,0.153,0.005,-0.0034,44.1765
4212,1102888,451.77,258,1019,99.5,6,1,0,1.83,0.005,-0.0034,44.1765
4213,1103048,470.14,276,1021,99.7,6,1,0,1.878,0.005,-0.0034,44.1765
4214,1103064,457.46,254,1020,99.6,6,1,0,1.758,0.005,-0.0034,44.1765
4215,1103232,448.96,254,1019,99.5,6,1,0,1.506,0.005,-0.0034,44.1765
4216,1103592,455.42,321,1024,100.0,6,1,0,0.758,0.005,-0.0034,44.1765
4217,1103880,518.88,138,1024,100.0,6,1,0,0.645,0.005,-0.0034,44.1765
4218,1104696,551.49,138,1024,100.0,6,1,0,0.957,0.005,-0.0034,44.1765
4219,1104728,448.41,253,1023,99.9,6,1,0,1.701,0.005,-0.0034,44.1765
4220,1104792,451.12,238,1024,100.0,6,1,0,1.123,0.005,-0.0034,44.1765
4221,1104896,467.2,285,1023,99.9,6,1,0,1.53,0.005,-0.0034,44.1765
4222,1105016,519.18,142,1019,99.5,6,1,0,1.797,0.005,-0.0034,44.1765
4223,1105040,466.02,247,1023,99.9,6,1,0,1.42,0.005,-0.0034,44.1765
4224,1105160,12.19,18,241,23.5,1,0,1,0.137,0.005,-0.0034,44.1765
4225,1105224,5.67,23,224,21.9,1,0,1,0.16,0.005,-0.0034,44.1765
4226,1105392,480.0,270,1018,99.4,6,1,0,1.567,0.005,-0.0034,44.1765
4227,1105848,493.08,132,1020,99.6,6,1,0,1.797,0.005,-0.0034,44.1765
4228,1105880,465.58,354,1023,99.9,6,1,0,1.8,0.005,-0.0034,44.1765
4229,1106224,501.87,133,1018,99.4,6,1,0,1.437,0.005,-0.0069,106.0329
4230,1106576,473.65,235,1024,100.0,6,1,0,0.784,0.005,-0.0069,106.0329
4231,1106848,477.75,265,1020,99.6,6,1,0,1.877,0.005,-0.0069,106.0329
4232,1106984,492.82,138,1016,99.2,6,1,0,1.381,0.005,-0.0069,106.0329
4233,1107056,489.29,270,1020,99.6,6,1,0,1.25,0.005,-0.0069,106.0329
4234,1107312,495.64,136,1018,99.4,6,1,0,1.681,0.005,-0.0069,106.0329
4235,1107376,436.91,269,1020,99.6,6,1,0,1.523,0.005,-0.0069,106.0329
4236,1107616,480.54,278,1023,99.9,6,1,0,1.634,0.005,-0.0069,106.0329
4237,1107896,469.42,256,1021,99.7,6,1,0,1.245,0.005,-0.0069,106.0329
4238,1108160,507.52,138,1018,99.4,6,1,0,1.626,0.005,-0.0069,106.0329
4239,1108664,472.48,261,1019,99.5,6,1,0,1.498,0.005,-0.0069,106.0329
4240,1108720,498.66,234,1020,99.6,6,1,0,0.783,0.005,-0.0069,106.0329
4241,1108896,450.21,239,1024,100.0,6,1,0,1.063,0.005,-0.0069,106.0329
4242,1109272,455.78,245,1024,100.0,6,1,0,0.759,0.005,-0.0069,106.0329
4243,1109584,434.89,246,1022,99.8,6,1,0,1.364,0.005,-0.0069,106.0329
4244,1109800,499.05,135,1019,99.5,6,1,0,1.764,0.005,-0.0069,106.0329
4245,1109872,454.65,247,1024,100.0,6,1,0,0.941,0.005,-0.0069,106.0329
4246,1110000,449.78,230,1023,99.9,6,1,0,0.883,0.005,-0.0069,106.0329
4247,1110048,475.61,334,1023,99.9,6,1,0,1.389,0.005,-0.0069,106.0329
4248,1110336,528.49,133,1024,100.0,6,1,0,1.144,0.005,-0.0069,106.0329
4249,1110736,468.9,259,1019,99.5,6,1,0,1.761,0.005,-0.0069,106.0329
4250,1110952,463.83,257,1018,99.4,6,1,0,1.619,0.005,-0.0069,106.0329
4251,1111688,462.3,263,1019,99.5,6,1,0,1.784,0.005,-0.0069,106.0329
4252,1111776,481.6,238,1024,100.0,6,1,0,0.881,0.005,-0.0069,106.0329
4253,1111856,463.43,257,1021,99.7,6,1,0,1.522,0.005,-0.0069,106.0329
4254,1111936,466.58,242,1024,100.0,6,1,0,1.385,0.005,-0.0069,106.0329
4255,1112008,499.27,132,1016,99.2,6,1,0,1.336,0.005,-0.0069,106.0329
4256,1112352,461.45,252,1018,99.4,6,1,0,1.667,0.005,-0.0069,106.0329
4257,1112648,431.18,325,1023,99.9,6,1,0,1.783,0.005,-0.0069,106.0329
4258,1112760,458.32,253,1019,99.5,6,1,0,1.441,0.005,-0.0069,106.0329
4259,1112968,14.0,26,218,21.3,1,0,1,0.195,0.005,-0.0069,106.0329
4260,1113464,534.17,139,1024,100.0,6,1,0,0.786,0.005,-0.0069,106.0329
4261,1113696,449.35,251,1022,99.8,6,1,0,1.839,0.005,-0.0069,106.0329
4262,1113920,454.96,239,1024,100.0,6,1,0,0.654,0.005,-0.0069,106.0329
4263,1113976,465.51,265,1018,99.4,6,1,0,1.883,0.005,-0.0069,106.0329
4264,1114064,479.48,266,1022,99.8,6,1,0,1.805,0.005,-0.0069,106.0329
4265,1114368,445.27,324,1024,100.0,6,1,0,0.538,0.005,-0.0064,36.7937
4266,1114536,501.43,236,1024,100.0,6,1,0,1.145,0.005,-0.0064,36.7937
4267,1114800,504.92,138,1017,99.3,6,1,0,1.619,0.005,-0.0064,36.7937
4268,1115072,472.47,263,1016,99.2,6,1,0,1.696,0.005,-0.0064,36.7937
4269,1115528,461.21,258,1019,99.5,6,1,0,1.452,0.005,-0.0064,36.7937
4270,1115888,501.64,136,1019,99.5,6,1,0,1.519,0.005,-0.0064,36.7937
4271,1115912,492.14,242,1024,100.0,6,1,0,0.828,0.005,-0.0064,36.7937
4272,1115984,454.37,258,1019,99.5,6,1,0,1.661,0.005,-0.0064,36.7937
4273,1116120,448.15,257,1022,99.8,6,1,0,1.64,0.005,-0.0064,36.7937
4274,1116264,488.74,237,1024,100.0,6,1,0,0.891,0.005,-0.0064,36.7937
4275,1116488,468.76,244,1024,100.0,6,1,0,0.881,0.005,-0.0064,36.7937
4276,1117000,471.59,241,1024,100.0,6,1,0,0.697,0.005,-0.0064,36.7937
4277,1117480,445.9,244,1024,100.0,6,1,0,0.719,0.005,-0.0064,36.7937
4278,1117800,468.62,236,1024,100.0,6,1,0,0.685,0.005,-0.0064,36.7937
4279,1117800,70.38,40,637,62.2,1,0,1,0.194,0.005,-0.0064,36.7937
4280,1118000,452.77,264,1018,99.4,6,1,0,1.58,0.005,-0.0064,36.7937
4281,1118040,460.0,240,1024,100.0,6,1,0,0.855,0.005,-0.0064,36.7937
4282,1118168,453.22,238,1023,99.9,6,1,0,0.933,0.005,-0.0064,36.7937
4283,1118360,471.26,234,1023,99.9,6,1,0,1.04,0.005,-0.0064,36.7937
4284,1118592,477.93,326,1024,100.0,6,1,0,1.525,0.005,-0.0064,36.7937
4285,1118864,493.37,133,1018,99.4,6,1,0,1.574,0.005,-0.0064,36.7937
4286,1119000,448.83,250,1020,99.6,6,1,0,1.7,0.005,-0.0064,36.7937
4287,1119520,512.75,145,1017,99.3,6,1,0,1.596,0.005,-0.0064,36.7937
4288,1119672,495.64,135,1016,99.2,6,1,0,1.45,0.005,-0.0064,36.7937
4289,1119752,477.26,244,1024,100.0,6,1,0,0.824,0.005,-0.0064,36.7937
4290,1119776,50.27,32,639,62.4,1,0,1,0.211,0.005,-0.0064,36.7937
4291,1119864,470.99,233,1024,100.0,6,1,0,0.893,0.005,-0.0064,36.7937
4292,1119976,435.77,242,1022,99.8,6,1,0,1.781,0.005,-0.0064,36.7937
4293,1120240,448.97,259,1021,99.7,6,1,0,1.589,0.005,-0.0064,36.7937
4294,1120896,539.01,140,1024,100.0,6,1,0,0.886,0.005,-0.0064,36.7937
4295,1121000,463.23,267,1019,99.5,6,1,0,1.865,0.005,-0.0064,36.7937
4296,1121040,474.97,133,1020,99.6,6,1,0,1.621,0.005,-0.0064,36.7937
4297,1121112,447.63,264,1021,99.7,6,1,0,1.871,0.005,-0.0064,36.7937
4298,1121600,487.69,241,1024,100.0,6,1,0,0.847,0.005,-0.0064,36.7937
4299,1121824,462.85,259,1019,99.5,6,1,0,1.753,0.005,-0.0064,36.7937
4300,1121864,464.8,250,1021,99.7,6,1,0,1.767,0.005,-0.0064,36.7937
4301,1122000,521.69,138,1024,100.0,6,1,0,0.981,0.005,-0.0064,36.7937
4302,1122096,531.33,137,1024,100.0,6,1,0,0.669,0.005,-0.0064,36.7937
4303,1122120,492.75,135,1019,99.5,6,1,0,1.88,0.005,-0.0064,36.7937
4304,1122304,466.32,258,1020,99.6,6,1,0,1.533,0.005,-0.0064,36.7937
4305,1123096,461.2,248,1021,99.7,6,1,0,1.483,0.005,-0.0055,71.4532
4306,1123224,507.77,138,1018,99.4,6,1,0,1.733,0.005,-0.0055,71.4532
4307,1123648,451.3,256,1020,99.6,6,1,0,1.473,0.005,-0.0055,71.4532
4308,1123912,441.74,261,1022,99.8,6,1,0,1.69,0.005,-0.0055,71.4532
4309,1123936,470.28,242,1024,100.0,6,1,0,0.746,0.005,-0.0055,71.4532
4310,1124136,463.15,255,1018,99.4,6,1,0,1.532,0.005,-0.0055,71.4532
4311,1124240,472.51,242,1024,100.0,6,1,0,1.248,0.005,-0.0055,71.4532
4312,1124440,457.04,322,1021,99.7,6,1,0,1.514,0.005,-0.0055,71.4532
4313,1125160,465.88,242,1024,100.0,6,1,0,0.631,0.005,-0.0055,71.4532
4314,1125432,460.27,292,1024,100.0,6,1,0,0.93,0.005,-0.0055,71.4532
4315,1125744,553.57,163,1024,100.0,6,1,0,0.769,0.005,-0.0055,71.4532
4316,1125944,464.73,254,1020,99.6,6,1,0,1.891,0.005,-0.0055,71.4532
4317,1125960,467.56,253,1019,99.5,6,1,0,1.556,0.005,-0.0055,71.4532
4318,1125984,466.87,292,1024,100.0,6,1,0,0.738,0.005,-0.0055,71.4532
4319,1126104,441.53,246,1023,99.9,6,1,0,1.842,0.005,-0.0055,71.4532
4320,1126504,465.03,283,1024,100.0,6,1,0,0.869,0.005,-0.0055,71.4532
4321,1127024,496.17,133,1019,99.5,6,1,0,1.678,0.005,-0.0055,71.4532
4322,1127240,471.93,260,1016,99.2,6,1,0,1.464,0.005,-0.0055,71.4532
4323,1127480,441.89,256,1020,99.6,6,1,0,1.752,0.005,-0.0055,71.4532
4324,1127680,441.88,242,1024,100.0,6,1,0,1.171,0.005,-0.0055,71.4532
4325,1128008,458.62,238,1024,100.0,6,1,0,0.874,0.005,-0.0055,71.4532
4326,1128056,457.18,259,1020,99.6,6,1,0,1.891,0.005,-0.0055,71.4532
4327,1128144,500.6,275,1019,99.5,6,1,0,1.601,0.005,-0.0055,71.4532
4328,1128984,476.55,245,1024,100.0,6,1,0,0.986,0.005,-0.0055,71.4532
4329,1129080,481.92,128,1019,99.5,6,1,0,1.805,0.005,-0.0055,71.4532
4330,1129104,476.25,325,1023,99.9,6,1,0,1.698,0.005,-0.0055,71.4532
4331,1129328,463.48,261,1019,99.5,6,1,0,1.751,0.005,-0.0055,71.4532
4332,1129752,451.26,259,1017,99.3,6,1,0,1.569,0.005,-0.0055,71.4532
4333,1130064,457.37,257,1019,99.5,6,1,0,1.731,0.005,-0.0055,71.4532
4334,1130184,455.26,255,1021,99.7,6,1,0,1.844,0.005,-0.0055,71.4532
4335,1130216,473.12,342,1023,99.9,6,1,0,1.718,0.005,-0.0055,71.4532
4336,1130416,527.9,136,1024,100.0,6,1,0,0.792,0.005,-0.0055,71.4532
4337,1130840,495.84,136,1018,99.4,6,1,0,1.77,0.005,0.0,27.8149
4338,1130960,455.25,247,1024,100.0,6,1,0,1.222,0.005,0.0,27.8149
4339,1131104,484.6,130,1020,99.6,6,1,0,1.603,0.005,0.0,27.8149
4340,1131176,439.11,259,1022,99.8,6,1,0,1.789,0.005,0.0,27.8149
4341,1131184,444.4,263,1020,99.6,6,1,0,1.842,0.005,0.0,27.8149
4342,1131424,50.16,31,639,62.4,1,0,1,0.183,0.005,0.0,27.8149
4343,1132176,502.6,245,1024,100.0,6,1,0,0.714,0.005,0.0,27.8149
4344,1132272,539.48,136,1024,100.0,6,1,0,0.874,0.005,0.0,27.8149
4345,1132296,456.26,264,1019,99.5,6,1,0,1.883,0.005,0.0,27.8149
4346,1132352,477.96,242,1024,100.0,6,1,0,0.766,0.005,0.0,27.8149
4347,1132480,487.28,132,1017,99.3,6,1,0,1.498,0.005,0.0,27.8149
4348,1132872,490.81,239,1024,100.0,6,1,0,1.28,0.005,0.0,27.8149
4349,1133104,474.94,250,1024,100.0,6,1,0,0.669,0.005,0.0,27.8149
4350,1133152,457.51,289,1024,100.0,6,1,0,1.107,0.005,0.0,27.8149
4351,1133568,553.44,159,1024,100.0,6,1,0,0.779,0.005,0.0,27.8149
4352,1134096,450.87,240,1024,100.0,6,1,0,0.915,0.005,0.0,27.8149
4353,1134320,473.6,246,1023,99.9,6,1,0,0.603,0.005,0.0,27.8149
4354,1134424,430.26,243,1022,99.8,6,1,0,1.856,0.005,0.0,27.8149
4355,1134824,456.99,244,1024,100.0,6,1,0,1.25,0.005,0.0,27.8149
4356,1134856,458.55,323,1024,100.0,6,1,0,0.448,0.005,0.0,27.8149
4357,1135064,486.33,245,1024,100.0,6,1,0,0.712,0.005,0.0,27.8149
4358,1135136,517.24,130,1024,100.0,6,1,0,0.619,0.005,0.0,27.8149
4359,1135472,554.65,144,1024,100.0,6,1,0,0.564,0.005,0.0,27.8149
4360,1135496,492.73,241,1024,100.0,6,1,0,1.117,0.005,0.0,27.8149
4361,1135520,536.96,137,1024,100.0,6,1,0,0.729,0.005,0.0,27.8149
4362,1135856,462.27,338,1024,100.0,6,1,0,1.82,0.005,0.0,27.8149
4363,1136152,483.84,136,1018,99.4,6,1,0,1.533,0.005,0.0,27.8149
4364,1136664,472.57,230,1023,99.9,6,1,0,0.868,0.005,0.0,27.8149
4365,1136672,513.16,144,1019,99.5,6,1,0,1.608,0.005,0.0,27.8149
4366,1136712,443.77,232,1024,100.0,6,1,0,0.687,0.005,0.0,27.8149
4367,1137336,449.57,233,1022,99.8,6,1,0,1.007,0.005,0.0,27.8149
4368,1137464,444.71,291,1021,99.7,6,1,0,0.733,0.005,0.0,27.8149
4369,1137488,450.31,249,1022,99.8,6,1,0,1.658,0.005,0.0,27.8149
4370,1138120,495.62,246,1024,100.0,6,1,0,1.362,0.005,0.0,27.8149
4371,1138704,463.94,255,1021,99.7,6,1,0,1.788,0.005,-0.0049,62.9678
4372,1139200,502.25,135,1016,99.2,6,1,0,1.648,0.005,-0.0049,62.9678
4373,1139264,480.69,241,1024,100.0,6,1,0,0.909,0.005,-0.0049,62.9678
4374,1139352,442.69,330,1024,100.0,6,1,0,1.458,0.005,-0.0049,62.9678
4375,1139400,471.18,242,1024,100.0,6,1,0,1.024,0.005,-0.0049,62.9678
4376,1139416,472.56,343,1023,99.9,6,1,0,1.655,0.005,-0.0049,62.9678
4377,1139536,425.88,460,1024,100.0,6,1,0,1.42,0.005,-0.0049,62.9678
4378,1139608,469.37,265,1020,99.6,6,1,0,1.568,0.005,-0.0049,62.9678
4379,1139888,506.62,148,1021,99.7,6,1,0,1.592,0.005,-0.0049,62.9678
4380,1140712,557.94,162,1024,100.0,6,1,0,0.804,0.005,-0.0049,62.9678
4381,1141168,470.14,246,1024,100.0,6,1,0,0.774,0.005,-0.0049,62.9678
4382,1141248,440.93,237,1024,100.0,6,1,0,0.835,0.005,-0.0049,62.9678
4383,1141552,434.18,252,1022,99.8,6,1,0,1.771,0.005,-0.0049,62.9678
4384,1141568,495.94,245,1024,100.0,6,1,0,0.785,0.005,-0.0049,62.9678
4385,1141840,465.51,244,1024,100.0,6,1,0,0.9,0.005,-0.0049,62.9678
4386,1142016,452.25,344,1021,99.7,6,1,0,1.633,0.005,-0.0049,62.9678
4387,1142088,451.72,336,1024,100.0,6,1,0,1.863,0.005,-0.0049,62.9678
4388,1142328,537.1,135,1024,100.0,6,1,0,0.669,0.005,-0.0049,62.9678
4389,1142664,533.2,137,1024,100.0,6,1,0,0.804,0.005,-0.0049,62.9678
4390,1142888,490.28,131,1021,99.7,6,1,0,1.886,0.005,-0.0049,62.9678
4391,1142888,483.24,272,1019,99.5,6,1,0,1.708,0.005,-0.0049,62.9678
4392,1143120,502.02,138,1018,99.4,6,1,0,1.667,0.005,-0.0049,62.9678
4393,1143288,452.84,265,1018,99.4,6,1,0,1.695,0.005,-0.0049,62.9678
4394,1143440,462.47,236,1022,99.8,6,1,0,0.929,0.005,-0.0049,62.9678
4395,1143976,525.23,136,1024,100.0,6,1,0,0.656,0.005,-0.0049,62.9678
4396,1144296,496.72,276,1021,99.7,6,1,0,1.812,0.005,-0.0049,62.9678
4397,1144336,449.64,251,1022,99.8,6,1,0,1.617,0.005,-0.0049,62.9678
4398,1144376,499.04,136,1020,99.6,6,1,0,1.824,0.005,-0.0049,62.9678
4399,1144576,548.83,142,1024,100.0,6,1,0,0.758,0.005,-0.0049,62.9678
4400,1144888,446.1,250,1021,99.7,6,1,0,1.624,0.005,-0.0049,62.9678
4401,1145184,445.82,258,1020,99.6,6,1,0,1.737,0.005,-0.0049,62.9678
4402,1145224,546.89,156,1024,100.0,6,1,0,0.834,0.005,-0.0049,62.9678
4403,1145248,481.02,323,1023,99.9,6,1,0,1.602,0.005,-0.0049,62.9678
4404,1145408,493.06,134,1018,99.4,6,1,0,1.88,0.005,-0.0049,62.9678
4405,1145976,534.1,136,1024,100.0,6,1,0,0.887,0.005,-0.0049,62.9678
4406,1146264,498.95,135,1020,99.6,6,1,0,1.841,0.005,-0.0049,62.9678
4407,1146264,496.94,236,1023,99.9,6,1,0,0.933,0.005,-0.0049,62.9678
4408,1146304,457.6,251,1019,99.5,6,1,0,1.778,0.005,-0.0049,62.9678
4409,1146424,531.23,147,1018,99.4,6,1,0,1.899,0.005,-0.0049,62.9678
4410,1146752,451.65,272,1017,99.3,6,1,0,1.579,0.005,-0.0049,62.9678
4411,1147160,486.32,242,1024,100.0,6,1,0,1.342,0.005,0.0002,34.929
4412,1147344,527.6,135,1024,100.0,6,1,0,0.855,0.005,0.0002,34.929
4413,1147344,471.89,242,1024,100.0,6,1,0,0.878,0.005,0.0002,34.929
4414,1147504,489.75,135,1018,99.4,6,1,0,1.719,0.005,0.0002,34.929
4415,1147952,456.64,247,1022,99.8,6,1,0,1.815,0.005,0.0002,34.929
4416,1148152,474.49,231,1024,100.0,6,1,0,1.521,0.005,0.0002,34.929
4417,1148200,487.1,130,1018,99.4,6,1,0,1.627,0.005,0.0002,34.929
4418,1148352,457.9,261,1021,99.7,6,1,0,1.562,0.005,0.0002,34.929
4419,1148504,518.95,145,1018,99.4,6,1,0,1.741,0.005,0.0002,34.929
4420,1148656,466.32,238,1024,100.0,6,1,0,1.092,0.005,0.0002,34.929
4421,1149328,493.07,248,1024,100.0,6,1,0,1.132,0.005,0.0002,34.929
4422,1149432,527.81,135,1024,100.0,6,1,0,0.722,0.005,0.0002,34.929
4423,1149584,462.37,260,1018,99.4,6,1,0,1.871,0.005,0.0002,34.929
4424,1149760,508.12,138,1019,99.5,6,1,0,1.786,0.005,0.0002,34.929
4425,1149904,491.88,244,1024,100.0,6,1,0,1.022,0.005,0.0002,34.929
4426,1150056,464.04,238,1024,100.0,6,1,0,0.647,0.005,0.0002,34.929
4427,1150272,457.09,259,1019,99.5,6,1,0,1.825,0.005,0.0002,34.929
4428,1150544,516.71,139,1018,99.4,6,1,0,1.721,0.005,0.0002,34.929
4429,1151160,539.8,138,1024,100.0,6,1,0,0.812,0.005,0.0002,34.929
4430,1151272,511.58,243,1024,100.0,6,1,0,1.039,0.005,0.0002,34.929
4431,1151360,512.75,136,1024,100.0,6,1,0,0.877,0.005,0.0002,34.929
4432,1151376,529.24,359,1024,100.0,6,1,0,0.85,0.005,0.0002,34.929
4433,1151400,3.64,16,238,23.2,1,0,1,0.162,0.005,0.0002,34.929
4434,1151696,465.68,242,1024,100.0,6,1,0,0.709,0.005,0.0002,34.929
4435,1152016,495.91,264,1019,99.5,6,1,0,1.865,0.005,0.0002,34.929
4436,1152248,498.64,136,1017,99.3,6,1,0,1.55,0.005,0.0002,34.929
4437,1152304,470.23,340,1024,100.0,6,1,0,1.749,0.005,0.0002,34.929
4438,1152536,522.38,142,1016,99.2,6,1,0,1.413,0.005,0.0002,34.929
4439,1152712,466.84,271,1019,99.5,6,1,0,1.614,0.005,0.0002,34.929
4440,1153128,533.4,139,1024,100.0,6,1,0,0.651,0.005,0.0002,34.929
4441,1153424,443.29,256,1022,99.8,6,1,0,1.876,0.005,0.0002,34.929
4442,1153568,445.0,234,1023,99.9,6,1,0,1.762,0.005,0.0002,34.929
4443,1153736,463.09,297,1024,100.0,6,1,0,0.991,0.005,0.0002,34.929
4444,1154192,470.93,243,1024,100.0,6,1,0,0.736,0.005,0.0002,34.929
4445,1154304,455.79,250,1020,99.6,6,1,0,1.857,0.005,0.0002,34.929
4446,1154480,478.16,243,1024,100.0,6,1,0,0.812,0.005,0.0002,34.929
4447,1154776,465.64,258,1019,99.5,6,1,0,1.706,0.005,0.0002,34.929
4448,1154784,487.39,131,1019,99.5,6,1,0,1.755,0.005,0.0002,34.929
4449,1155016,491.82,236,1024,100.0,6,1,0,0.804,0.005,0.0002,34.929
4450,1155360,453.95,242,1024,100.0,6,1,0,1.112,0.005,-0.0049,57.8979
4451,1155384,528.6,135,1024,100.0,6,1,0,0.675,0.005,-0.0049,57.8979
4452,1155552,464.15,248,1020,99.6,6,1,0,1.709,0.005,-0.0049,57.8979
4453,1156064,487.0,234,1024,100.0,6,1,0,0.787,0.005,-0.0049,57.8979
4454,1156096,496.05,135,1017,99.3,6,1,0,1.731,0.005,-0.0049,57.8979
4455,1156568,466.5,261,1020,99.6,6,1,0,1.873,0.005,-0.0049,57.8979
4456,1156592,478.54,226,1024,100.0,6,1,0,0.88,0.005,-0.0049,57.8979
4457,1156592,538.73,151,1024,100.0,6,1,0,0.569,0.005,-0.0049,57.8979
4458,1156768,497.28,152,1023,99.9,6,1,0,1.623,0.005,-0.0049,57.8979
4459,1156920,458.78,268,1021,99.7,6,1,0,1.619,0.005,-0.0049,57.8979
4460,1157200,548.58,142,1024,100.0,6,1,0,0.626,0.005,-0.0049,57.8979
4461,1157280,462.6,240,1024,100.0,6,1,0,0.686,0.005,-0.0049,57.8979
4462,1158496,486.72,241,1024,100.0,6,1,0,0.83,0.005,-0.0049,57.8979
4463,1158720,449.21,266,1017,99.3,6,1,0,1.458,0.005,-0.0049,57.8979
4464,1158752,485.25,332,1023,99.9,6,1,0,1.769,0.005,-0.0049,57.8979
4465,1158784,84.95,36,638,62.3,2,0,1,0.194,0.005,-0.0049,57.8979
4466,1158832,466.08,239,1024,100.0,6,1,0,0.919,0.005,-0.0049,57.8979
4467,1159128,480.5,231,1024,100.0,6,1,0,0.811,0.005,-0.0049,57.8979
4468,1159144,461.05,319,1023,99.9,6,1,0,1.675,0.005,-0.0049,57.8979
4469,1159280,445.3,260,1019,99.5,6,1,0,1.553,0.005,-0.0049,57.8979
4470,1159336,470.86,321,1023,99.9,6,1,0,1.829,0.005,-0.0049,57.8979
4471,1160280,547.92,144,1024,100.0,6,1,0,0.649,0.005,-0.0049,57.8979
4472,1160512,470.93,224,1024,100.0,6,1,0,0.988,0.005,-0.0049,57.8979
4473,1160696,463.17,243,1024,100.0,6,1,0,0.762,0.005,-0.0049,57.8979
4474,1160832,436.1,256,1022,99.8,6,1,0,1.632,0.005,-0.0049,57.8979
4475,1161208,458.55,258,1020,99.6,6,1,0,1.85,0.005,-0.0049,57.8979
4476,1161216,462.3,298,1024,100.0,6,1,0,0.951,0.005,-0.0049,57.8979
4477,1161288,465.06,244,1024,100.0,6,1,0,1.042,0.005,-0.0049,57.8979
4478,1161296,455.01,252,1022,99.8,6,1,0,1.815,0.005,-0.0049,57.8979
4479,1161456,535.42,147,1024,100.0,6,1,0,0.796,0.005,-0.0049,57.8979
4480,1161608,495.63,137,1019,99.5,6,1,0,1.591,0.005,-0.0049,57.8979
4481,1162768,547.74,145,1024,100.0,6,1,0,0.722,0.005,-0.0049,57.8979
4482,1162816,456.23,265,1021,99.7,6,1,0,1.711,0.005,-0.0049,57.8979
4483,1162840,450.09,251,1023,99.9,6,1,0,1.888,0.005,-0.0049,57.8979
4484,1163128,456.57,240,1024,100.0,6,1,0,1.724,0.005,-0.0049,57.8979
4485,1163232,454.39,242,1024,100.0,6,1,0,0.87,0.005,-0.0049,57.8979
4486,1163312,511.64,253,1024,100.0,6,1,0,0.582,0.005,-0.0047,56.1741
4487,1163544,459.89,261,1020,99.6,6,1,0,1.633,0.005,-0.0047,56.1741
4488,1163864,475.39,131,1019,99.5,6,1,0,1.804,0.005,-0.0047,56.1741
4489,1163984,460.48,346,1024,100.0,6,1,0,0.865,0.005,-0.0047,56.1741
4490,1164712,429.62,234,1019,99.5,6,1,0,1.688,0.005,-0.0047,56.1741
4491,1164880,475.65,264,1020,99.6,6,1,0,1.897,0.005,-0.0047,56.1741
4492,1165024,482.1,237,1024,100.0,6,1,0,0.673,0.005,-0.0047,56.1741
4493,1165160,496.39,241,1024,100.0,6,1,0,1.309,0.005,-0.0047,56.1741
4494,1165400,457.52,232,1021,99.7,6,1,0,0.857,0.005,-0.0047,56.1741
4495,1165768,486.86,238,1024,100.0,6,1,0,0.874,0.005,-0.0047,56.1741
4496,1165888,435.53,322,1024,100.0,6,1,0,1.725,0.005,-0.0047,56.1741
4497,1165904,468.9,240,1024,100.0,6,1,0,0.742,0.005,-0.0047,56.1741
4498,1166584,477.76,234,1024,100.0,6,1,0,1.309,0.005,-0.0047,56.1741
4499,1166944,454.96,240,1024,100.0,6,1,0,0.626,0.005,-0.0047,56.1741
4500,1167008,513.6,140,1019,99.5,6,1,0,1.821,0.005,-0.0047,56.1741
4501,1167048,475.49,271,1019,99.5,6,1,0,1.522,0.005,-0.0047,56.1741
4502,1167088,537.91,148,1024,100.0,6,1,0,0.796,0.005,-0.0047,56.1741
4503,1167400,480.87,280,1023,99.9,6,1,0,1.824,0.005,-0.0047,56.1741
4504,1167952,436.73,273,1019,99.5,6,1,0,1.452,0.005,-0.0047,56.1741
4505,1168072,415.97,334,1024,100.0,6,1,0,1.84,0.005,-0.0047,56.1741
4506,1168096,522.5,131,1024,100.0,6,1,0,0.751,0.005,-0.0047,56.1741
4507,1168688,445.0,263,1020,99.6,6,1,0,1.775,0.005,-0.0047,56.1741
4508,1168928,483.6,240,1024,100.0,6,1,0,0.811,0.005,-0.0047,56.1741
4509,1168976,452.28,236,1024,100.0,6,1,0,0.689,0.005,-0.0047,56.1741
4510,1169208,495.28,142,1017,99.3,6,1,0,1.57,0.005,-0.0047,56.1741
4511,1169376,479.41,247,1024,100.0,6,1,0,1.13,0.005,-0.0047,56.1741
4512,1169432,447.51,311,1023,99.9,6,1,0,0.879,0.005,-0.0047,56.1741
4513,1169768,487.35,135,1020,99.6,6,1,0,1.905,0.005,-0.0047,56.1741
4514,1169936,498.39,230,1024,100.0,6,1,0,1.583,0.005,-0.0047,56.1741
4515,1169952,513.85,128,1024,100.0,6,1,0,1.25,0.005,-0.0047,56.1741
4516,1170040,519.77,133,1020,99.6,6,1,0,1.502,0.005,-0.0047,56.1741
4517,1170344,507.88,142,1018,99.4,6,1,0,1.89,0.005,-0.0047,56.1741
4518,1170528,539.7,137,1024,100.0,6,1,0,0.753,0.005,-0.0047,56.1741
4519,1170544,557.14,146,1024,100.0,6,1,0,0.795,0.005,-0.0047,56.1741
4520,1170688,472.7,342,1024,100.0,6,1,0,1.681,0.005,-0.0047,56.1741
4521,1170872,501.62,138,1017,99.3,6,1,0,1.513,0.005,-0.0047,56.1741
4522,1171600,505.06,134,1019,99.5,6,1,0,1.72,0.005,-0.001,37.3321
4523,1171784,530.3,137,1024,100.0,6,1,0,0.749,0.005,-0.001,37.3321
4524,1171808,452.24,234,1024,100.0,6,1,0,1.19,0.005,-0.001,37.3321
4525,1171880,498.53,241,1024,100.0,6,1,0,0.718,0.005,-0.001,37.3321
4526,1172096,460.38,257,1021,99.7,6,1,0,1.819,0.005,-0.001,37.3321
4527,1172496,474.84,269,1015,99.1,6,1,0,1.681,0.005,-0.001,37.3321
4528,1172904,457.78,254,1021,99.7,6,1,0,1.735,0.005,-0.001,37.3321
4529,1172904,498.93,137,1019,99.5,6,1,0,1.555,0.005,-0.001,37.3321
4530,1173096,552.26,164,1024,100.0,6,1,0,0.947,0.005,-0.001,37.3321
4531,1173280,452.1,342,1024,100.0,6,1,0,1.766,0.005,-0.001,37.3321
4532,1173472,456.7,234,1024,100.0,6,1,0,0.738,0.005,-0.001,37.3321
4533,1173792,470.81,239,1024,100.0,6,1,0,0.772,0.005,-0.001,37.3321
4534,1174024,440.69,241,1024,100.0,6,1,0,0.699,0.005,-0.001,37.3321
4535,1174280,427.03,223,1022,99.8,6,1,0,0.855,0.005,-0.001,37.3321
4536,1174600,542.34,141,1024,100.0,6,1,0,0.621,0.005,-0.001,37.3321
4537,1174872,480.85,135,1019,99.5,6,1,0,1.626,0.005,-0.001,37.3321
4538,1174920,426.61,252,1019,99.5,6,1,0,1.855,0.005,-0.001,37.3321
4539,1174960,454.62,257,1022,99.8,6,1,0,1.844,0.005,-0.001,37.3321
4540,1175128,457.95,254,1024,100.0,6,1,0,1.627,0.005,-0.001,37.3321
4541,1175168,458.24,236,1024,100.0,6,1,0,1.414,0.005,-0.001,37.3321
4542,1175648,515.94,131,1024,100.0,6,1,0,1.003,0.005,-0.001,37.3321
4543,1175912,454.08,236,1024,100.0,6,1,0,0.666,0.005,-0.001,37.3321
4544,1176032,495.86,134,1018,99.4,6,1,0,1.741,0.005,-0.001,37.3321
4545,1176360,459.31,260,1023,99.9,6,1,0,1.688,0.005,-0.001,37.3321
4546,1176720,543.52,134,1024,100.0,6,1,0,0.746,0.005,-0.001,37.3321
4547,1176728,473.08,226,1023,99.9,6,1,0,0.749,0.005,-0.001,37.3321
4548,1176760,494.19,236,1024,100.0,6,1,0,0.662,0.005,-0.001,37.3321
4549,1176976,489.99,231,1024,100.0,6,1,0,1.171,0.005,-0.001,37.3321
4550,1177040,492.29,141,1019,99.5,6,1,0,1.525,0.005,-0.001,37.3321
4551,1177120,537.5,136,1024,100.0,6,1,0,0.832,0.005,-0.001,37.3321
4552,1177208,2.71,21,228,22.3,1,0,1,0.13,0.005,-0.001,37.3321
4553,1177272,466.05,263,1020,99.6,6,1,0,1.868,0.005,-0.001,37.3321
4554,1178216,541.09,155,1024,100.0,6,1,0,0.857,0.005,-0.001,37.3321
4555,1178384,470.69,253,1021,99.7,6,1,0,1.819,0.005,-0.001,37.3321
4556,1178528,70.46,39,638,62.3,1,0,1,0.218,0.005,-0.001,37.3321
4557,1178632,453.26,234,1024,100.0,6,1,0,1.109,0.005,-0.001,37.3321
4558,1178640,465.7,240,1024,100.0,6,1,0,0.761,0.005,-0.001,37.3321
4559,1178840,460.06,264,1019,99.5,6,1,0,1.682,0.005,-0.001,37.3321
4560,1179272,450.16,258,1019,99.5,6,1,0,1.438,0.005,-0.001,37.3321
4561,1179336,484.94,277,1022,99.8,6,1,0,1.71,0.005,-0.001,37.3321
4562,1179344,438.53,259,1019,99.5,6,1,0,1.749,0.005,-0.001,37.3321
4563,1179648,551.07,158,1024,100.0,6,1,0,0.767,0.005,-0.001,37.3321
4564,1180400,442.02,234,1023,99.9,6,1,0,1.111,0.005,-0.0064,67.4083
4565,1180408,533.76,134,1024,100.0,6,1,0,0.576,0.005,-0.0064,67.4083
4566,1180448,521.12,138,1024,100.0,6,1,0,0.8,0.005,-0.0064,67.4083
4567,1180504,457.47,234,1023,99.9,6,1,0,0.695,0.005,-0.0064,67.4083
4568,1180520,499.96,235,1024,100.0,6,1,0,1.073,0.005,-0.0064,67.4083
4569,1180736,392.74,136,970,94.7,5,0,1,0.198,0.005,-0.0064,67.4083
4570,1180872,439.49,254,1022,99.8,6,1,0,1.619,0.005,-0.0064,67.4083
4571,1181208,482.52,242,1024,100.0,6,1,0,1.081,0.005,-0.0064,67.4083
4572,1182064,547.27,149,1024,100.0,6,1,0,0.509,0.005,-0.0064,67.4083
4573,1182408,463.99,236,1024,100.0,6,1,0,0.532,0.005,-0.0064,67.4083
4574,1182424,448.75,253,1020,99.6,6,1,0,1.882,0.005,-0.0064,67.4083
4575,1182648,41.61,28,637,62.2,1,0,1,0.195,0.005,-0.0064,67.4083
4576,1182656,497.01,240,1024,100.0,6,1,0,0.953,0.005,-0.0064,67.4083
4577,1182824,486.2,290,1024,100.0,6,1,0,0.74,0.005,-0.0064,67.4083
4578,1182832,431.74,298,1024,100.0,6,1,0,0.977,0.005,-0.0064,67.4083
4579,1182928,442.62,315,1022,99.8,6,1,0,1.77,0.005,-0.0064,67.4083
4580,1183128,495.47,240,1024,100.0,6,1,0,0.949,0.005,-0.0064,67.4083
4581,1183720,493.17,133,1019,99.5,6,1,0,1.581,0.005,-0.0064,67.4083
4582,1183888,522.13,133,1024,100.0,6,1,0,0.891,0.005,-0.0064,67.4083
4583,1184016,434.7,244,1021,99.7,6,1,0,1.383,0.005,-0.0064,67.4083
4584,1184264,486.48,232,1024,100.0,6,1,0,0.745,0.005,-0.0064,67.4083
4585,1184576,426.08,241,1021,99.7,6,1,0,1.508,0.005,-0.0064,67.4083
4586,1184736,457.66,238,1022,99.8,6,1,0,1.478,0.005,-0.0064,67.4083
4587,1184920,482.28,249,1024,100.0,6,1,0,0.555,0.005,-0.0064,67.4083
4588,1185120,495.72,138,1018,99.4,6,1,0,1.846,0.005,-0.0064,67.4083
4589,1185176,460.69,256,1020,99.6,6,1,0,1.565,0.005,-0.0064,67.4083
4590,1185664,524.6,136,1024,100.0,6,1,0,0.925,0.005,-0.0064,67.4083
4591,1185824,525.02,136,1024,100.0,6,1,0,0.671,0.005,-0.0064,67.4083
4592,1185984,495.87,133,1019,99.5,6,1,0,1.697,0.005,-0.0064,67.4083
4593,1186136,481.66,281,1024,100.0,6,1,0,0.875,0.005,-0.0064,67.4083
4594,1186304,460.06,255,1020,99.6,6,1,0,1.792,0.005,-0.0064,67.4083
4595,1186760,498.63,137,1019,99.5,6,1,0,1.698,0.005,-0.0064,67.4083
4596,1186928,530.68,138,1024,100.0,6,1,0,0.8,0.005,-0.0064,67.4083
4597,1187112,441.01,249,1022,99.8,6,1,0,1.848,0.005,-0.0064,67.4083
4598,1187192,449.47,252,1022,99.8,6,1,0,1.86,0.005,-0.0064,67.4083
4599,1187296,431.54,447,1024,100.0,6,1,0,0.662,0.005,-0.0064,67.4083
4600,1187864,483.95,235,1024,100.0,6,1,0,0.941,0.005,-0.0051,67.7065
4601,1188008,499.05,135,1017,99.3,6,1,0,1.876,0.005,-0.0051,67.7065
4602,1188240,459.68,242,1024,100.0,6,1,0,1.0,0.005,-0.0051,67.7065
4603,1188248,493.18,132,1018,99.4,6,1,0,1.645,0.005,-0.0051,67.7065
4604,1188408,470.82,284,1024,100.0,6,1,0,0.801,0.005,-0.0051,67.7065
4605,1188736,464.33,247,1024,100.0,6,1,0,0.83,0.005,-0.0051,67.7065
4606,1188984,451.39,234,1024,100.0,6,1,0,0.697,0.005,-0.0051,67.7065
4607,1189368,540.23,140,1024,100.0,6,1,0,0.627,0.005,-0.0051,67.7065
4608,1189632,456.98,292,1024,100.0,6,1,0,0.803,0.005,-0.0051,67.7065
4609,1189800,516.3,133,1024,100.0,6,1,0,0.643,0.005,-0.0051,67.7065
4610,1189800,495.76,242,1024,100.0,6,1,0,0.744,0.005,-0.0051,67.7065
4611,1190000,443.41,249,1021,99.7,6,1,0,1.709,0.005,-0.0051,67.7065
4612,1190088,527.28,138,1024,100.0,6,1,0,0.42,0.005,-0.0051,67.7065
4613,1190120,469.85,235,1024,100.0,6,1,0,0.775,0.005,-0.0051,67.7065
4614,1190944,467.65,317,1023,99.9,6,1,0,1.713,0.005,-0.0051,67.7065
4615,1191288,512.54,146,1015,99.1,6,1,0,1.378,0.005,-0.0051,67.7065
4616,1191376,452.69,251,1019,99.5,6,1,0,1.701,0.005,-0.0051,67.7065
4617,1191640,462.72,230,1024,100.0,6,1,0,0.607,0.005,-0.0051,67.7065
4618,1191776,472.78,268,1019,99.5,6,1,0,1.762,0.005,-0.0051,67.7065
4619,1192416,462.46,327,1024,100.0,6,1,0,0.746,0.005,-0.0051,67.7065
4620,1192440,522.36,144,1018,99.4,6,1,0,1.339,0.005,-0.0051,67.7065
4621,1192648,448.39,331,1024,100.0,6,1,0,1.688,0.005,-0.0051,67.7065
4622,1192704,490.37,133,1018,99.4,6,1,0,1.556,0.005,-0.0051,67.7065
4623,1192824,429.19,342,1019,99.5,6,1,0,1.851,0.005,-0.0051,67.7065
4624,1193032,447.8,261,1023,99.9,6,1,0,1.616,0.005,-0.0051,67.7065
4625,1193232,467.75,232,1024,100.0,6,1,0,0.629,0.005,-0.0051,67.7065
4626,1193632,518.38,152,1021,99.7,6,1,0,1.498,0.005,-0.0051,67.7065
4627,1193768,525.06,133,1024,100.0,6,1,0,1.108,0.005,-0.0051,67.7065
4628,1194152,446.37,297,1024,100.0,6,1,0,0.638,0.005,-0.0051,67.7065
4629,1194520,460.15,234,1024,100.0,6,1,0,0.601,0.005,-0.0051,67.7065
4630,1194728,495.83,137,1019,99.5,6,1,0,1.852,0.005,-0.0051,67.7065
4631,1194960,544.7,149,1024,100.0,6,1,0,0.74,0.005,-0.0051,67.7065
4632,1195032,456.04,250,1021,99.7,6,1,0,1.784,0.005,-0.0051,67.7065
4633,1195072,461.8,329,1023,99.9,6,1,0,1.515,0.005,-0.0051,67.7065
4634,1195168,469.29,293,1024,100.0,6,1,0,0.775,0.005,-0.0051,67.7065
4635,1195872,460.07,330,1024,100.0,6,1,0,1.427,0.005,-0.0051,67.7065
4636,1196400,511.93,235,1024,100.0,6,1,0,0.761,0.005,-0.0041,37.3231
4637,1196560,480.65,229,1024,100.0,6,1,0,0.697,0.005,-0.0041,37.3231
4638,1196784,452.56,329,1024,100.0,6,1,0,1.669,0.005,-0.0041,37.3231
4639,1196960,448.94,236,1023,99.9,6,1,0,0.867,0.005,-0.0041,37.3231
4640,1197032,433.32,250,1022,99.8,6,1,0,1.474,0.005,-0.0041,37.3231
4641,1197056,509.02,236,1024,100.0,6,1,0,1.358,0.005,-0.0041,37.3231
4642,1197064,526.35,149,1024,100.0,6,1,0,0.688,0.005,-0.0041,37.3231
4643,1197080,463.03,265,1018,99.4,6,1,0,1.809,0.005,-0.0041,37.3231
4644,1197856,498.46,134,1020,99.6,6,1,0,1.608,0.005,-0.0041,37.3231
4645,1198120,498.74,136,1019,99.5,6,1,0,1.822,0.005,-0.0041,37.3231
4646,1198280,486.2,235,1024,100.0,6,1,0,0.992,0.005,-0.0041,37.3231
4647,1198432,464.86,234,1024,100.0,6,1,0,1.023,0.005,-0.0041,37.3231
4648,1199000,470.45,242,1024,100.0,6,1,0,0.761,0.005,-0.0041,37.3231
4649,1199096,482.58,267,1018,99.4,6,1,0,1.775,0.005,-0.0041,37.3231
4650,1199120,452.54,255,1018,99.4,6,1,0,1.488,0.005,-0.0041,37.3231
4651,1199144,466.47,261,1017,99.3,6,1,0,1.806,0.005,-0.0041,37.3231
4652,1199488,540.54,132,1024,100.0,6,1,0,0.824,0.005,-0.0041,37.3231
4653,1199784,454.35,241,1024,100.0,6,1,0,1.038,0.005,-0.0041,37.3231
4654,1199984,458.83,233,1024,100.0,6,1,0,0.665,0.005,-0.0041,37.3231
4655,1200192,536.58,137,1024,100.0,6,1,0,0.743,0.005,-0.0041,37.3231
4656,1200216,536.61,134,1024,100.0,6,1,0,0.577,0.005,-0.0041,37.3231
4657,1200320,451.43,255,1023,99.9,6,1,0,1.714,0.005,-0.0041,37.3231
4658,1200896,485.91,139,1017,99.3,6,1,0,1.764,0.005,-0.0041,37.3231
4659,1201224,453.62,263,1020,99.6,6,1,0,1.52,0.005,-0.0041,37.3231
4660,1201328,466.95,291,1024,100.0,6,1,0,0.866,0.005,-0.0041,37.3231
4661,1201448,539.12,141,1024,100.0,6,1,0,0.508,0.005,-0.0041,37.3231
4662,1201552,457.2,258,1019,99.5,6,1,0,1.437,0.005,-0.0041,37.3231
4663,1201848,455.27,233,1024,100.0,6,1,0,0.699,0.005,-0.0041,37.3231
4664,1202368,453.08,269,1018,99.4,6,1,0,1.459,0.005,-0.0041,37.3231
4665,1202568,500.89,297,1022,99.8,6,1,0,1.592,0.005,-0.0041,37.3231
4666,1202592,481.1,130,1019,99.5,6,1,0,1.559,0.005,-0.0041,37.3231
4667,1202944,460.43,256,1020,99.6,6,1,0,1.587,0.005,-0.0041,37.3231
4668,1203296,483.83,246,1024,100.0,6,1,0,0.775,0.005,-0.0041,37.3231
4669,1203320,459.8,262,1019,99.5,6,1,0,1.443,0.005,-0.0041,37.3231
4670,1203696,557.48,141,1024,100.0,6,1,0,0.683,0.005,-0.0041,37.3231
4671,1203744,436.6,287,1024,100.0,6,1,0,0.701,0.005,-0.0041,37.3231
4672,1203928,459.8,260,1023,99.9,6,1,0,1.843,0.005,-0.0041,37.3231
4673,1204168,494.3,225,1024,100.0,6,1,0,0.743,0.005,-0.0041,37.3231
4674,1204448,477.46,144,1017,99.3,6,1,0,1.521,0.005,-0.0023,25.3781
4675,1204504,468.21,239,1024,100.0,6,1,0,0.781,0.005,-0.0023,25.3781
4676,1204848,471.89,238,1024,100.0,6,1,0,0.727,0.005,-0.0023,25.3781
4677,1205008,492.45,135,1018,99.4,6,1,0,1.668,0.005,-0.0023,25.3781
4678,1205360,469.77,255,1019,99.5,6,1,0,1.569,0.005,-0.0023,25.3781
4679,1205768,472.68,259,1020,99.6,6,1,0,1.481,0.005,-0.0023,25.3781
4680,1205784,463.77,255,1021,99.7,6,1,0,1.883,0.005,-0.0023,25.3781
4681,1205960,-0.29,22,228,22.3,1,0,1,0.213,0.005,-0.0023,25.3781
4682,1206016,462.09,231,1024,100.0,6,1,0,1.091,0.005,-0.0023,25.3781
4683,1206392,496.61,129,1020,99.6,6,1,0,1.584,0.005,-0.0023,25.3781
4684,1206424,459.91,240,1024,100.0,6,1,0,0.967,0.005,-0.0023,25.3781
4685,1206504,449.46,257,1020,99.6,6,1,0,1.635,0.005,-0.0023,25.3781
4686,1206912,464.15,258,1022,99.8,6,1,0,1.243,0.005,-0.0023,25.3781
4687,1206992,512.27,153,1023,99.9,6,1,0,1.39,0.005,-0.0023,25.3781
4688,1207064,452.91,257,1022,99.8,6,1,0,1.866,0.005,-0.0023,25.3781
4689,1207096,524.3,135,1024,100.0,6,1,0,0.87,0.005,-0.0023,25.3781
4690,1207544,484.6,130,1021,99.7,6,1,0,1.767,0.005,-0.0023,25.3781
4691,1208136,504.03,134,1024,100.0,6,1,0,0.538,0.005,-0.0023,25.3781
4692,1208320,462.29,241,1024,100.0,6,1,0,0.773,0.005,-0.0023,25.3781
4693,1208544,481.39,323,1023,99.9,6,1,0,1.606,0.005,-0.0023,25.3781
4694,1208608,507.39,273,1016,99.2,6,1,0,1.845,0.005,-0.0023,25.3781
4695,1208680,391.27,142,988,96.5,5,0,1,0.173,0.005,-0.0023,25.3781
4696,1208832,480.33,240,1024,100.0,6,1,0,0.84,0.005,-0.0023,25.3781
4697,1209008,461.11,239,1024,100.0,6,1,0,0.972,0.005,-0.0023,25.3781
4698,1209672,449.66,335,1024,100.0,6,1,0,1.654,0.005,-0.0023,25.3781
4699,1209768,487.04,136,1018,99.4,6,1,0,1.675,0.005,-0.0023,25.3781
4700,1209944,534.08,139,1024,100.0,6,1,0,0.628,0.005,-0.0023,25.3781
4701,1210112,500.45,247,1024,100.0,6,1,0,1.175,0.005,-0.0023,25.3781
4702,1210296,453.47,247,1022,99.8,6,1,0,1.809,0.005,-0.0023,25.3781
4703,1210384,450.29,230,1023,99.9,6,1,0,0.795,0.005,-0.0023,25.3781
4704,1210536,487.09,241,1024,100.0,6,1,0,0.885,0.005,-0.0023,25.3781
4705,1210904,525.58,142,1017,99.3,6,1,0,1.544,0.005,-0.0023,25.3781
4706,1211696,460.0,336,1024,100.0,6,1,0,1.859,0.005,-0.0023,25.3781
4707,1211720,449.35,256,1022,99.8,6,1,0,1.558,0.005,-0.0023,25.3781
4708,1211808,464.24,233,1024,100.0,6,1,0,0.923,0.005,-0.0023,25.3781
4709,1212032,513.69,141,1018,99.4,6,1,0,1.7,0.005,-0.0023,25.3781
4710,1212168,479.17,223,1024,100.0,6,1,0,0.742,0.005,-0.0023,25.3781
4711,1212376,471.07,283,1023,99.9,6,1,0,1.419,0.005,-0.0023,25.3781
4712,1212400,446.37,233,1024,100.0,6,1,0,0.741,0.005,-0.0023,25.3781
4713,1212496,445.4,275,1022,99.8,6,1,0,1.21,0.005,-0.0059,69.0808
4714,1212792,519.57,134,1024,100.0,6,1,0,0.856,0.005,-0.0059,69.0808
4715,1212856,548.1,145,1024,100.0,6,1,0,0.942,0.005,-0.0059,69.0808
4716,1213264,521.42,137,1024,100.0,6,1,0,0.861,0.005,-0.0059,69.0808
4717,1213480,536.45,138,1024,100.0,6,1,0,0.842,0.005,-0.0059,69.0808
4718,1213664,446.78,232,1024,100.0,6,1,0,1.047,0.005,-0.0059,69.0808
4719,1213872,496.44,230,1024,100.0,6,1,0,0.78,0.005,-0.0059,69.0808
4720,1213992,545.31,142,1024,100.0,6,1,0,0.747,0.005,-0.0059,69.0808
4721,1214328,477.21,229,1024,100.0,6,1,0,0.689,0.005,-0.0059,69.0808
4722,1214336,455.12,242,1024,100.0,6,1,0,0.879,0.005,-0.0059,69.0808
4723,1214840,460.26,256,1019,99.5,6,1,0,1.868,0.005,-0.0059,69.0808
4724,1215096,475.01,229,1024,100.0,6,1,0,1.055,0.005,-0.0059,69.0808
4725,1215392,468.11,239,1024,100.0,6,1,0,1.067,0.005,-0.0059,69.0808
4726,1215552,451.04,236,1024,100.0,6,1,0,0.865,0.005,-0.0059,69.0808
4727,1215896,489.32,238,1024,100.0,6,1,0,0.978,0.005,-0.0059,69.0808
4728,1216312,475.54,248,1024,100.0,6,1,0,0.814,0.005,-0.0059,69.0808
4729,1216488,452.61,269,1015,99.1,6,1,0,1.441,0.005,-0.0059,69.0808
4730,1216504,477.68,329,1024,100.0,6,1,0,1.882,0.005,-0.0059,69.0808
4731,1216880,446.56,255,1019,99.5,6,1,0,1.801,0.005,-0.0059,69.0808
4732,1216992,479.23,237,1024,100.0,6,1,0,0.926,0.005,-0.0059,69.0808
4733,1217408,498.93,137,1018,99.4,6,1,0,1.581,0.005,-0.0059,69.0808
4734,1217592,443.25,275,1016,99.2,6,1,0,1.52,0.005,-0.0059,69.0808
4735,1217992,463.08,262,1020,99.6,6,1,0,1.835,0.005,-0.0059,69.0808
4736,1218200,459.47,331,1024,100.0,6,1,0,1.778,0.005,-0.0059,69.0808
4737,1218440,453.13,244,1021,99.7,6,1,0,1.605,0.005,-0.0059,69.0808
4738,1218504,442.62,250,1021,99.7,6,1,0,1.845,0.005,-0.0059,69.0808
4739,1218592,545.17,148,1024,100.0,6,1,0,0.852,0.005,-0.0059,69.0808
4740,1218648,525.26,132,1024,100.0,6,1,0,0.669,0.005,-0.0059,69.0808
4741,1218936,458.28,257,1020,99.6,6,1,0,1.803,0.005,-0.0059,69.0808
4742,1219120,480.63,266,1022,99.8,6,1,0,1.732,0.005,-0.0059,69.0808
4743,1219256,490.18,132,1020,99.6,6,1,0,1.624,0.005,-0.0059,69.0808
4744,1219696,498.52,138,1019,99.5,6,1,0,1.853,0.005,-0.0059,69.0808
4745,1220008,493.8,252,1024,100.0,6,1,0,0.789,0.005,-0.0059,69.0808
4746,1220200,501.85,135,1018,99.4,6,1,0,1.479,0.005,-0.0059,69.0808
4747,1220544,432.29,263,1020,99.6,6,1,0,1.461,0.005,-0.0059,69.0808
4748,1220560,458.19,257,1021,99.7,6,1,0,1.759,0.005,-0.0059,69.0808
4749,1220728,463.14,260,1019,99.5,6,1,0,1.39,0.005,-0.0025,24.83
4750,1220736,217.19,91,859,83.9,3,0,1,0.187,0.005,-0.0025,24.83
4751,1220784,466.17,231,1024,100.0,6,1,0,0.64,0.005,-0.0025,24.83
4752,1220856,536.07,145,1024,100.0,6,1,0,0.704,0.005,-0.0025,24.83
4753,1221272,478.16,134,1021,99.7,6,1,0,1.747,0.005,-0.0025,24.83
4754,1221304,457.4,256,1020,99.6,6,1,0,1.799,0.005,-0.0025,24.83
4755,1221800,546.82,155,1024,100.0,6,1,0,0.688,0.005,-0.0025,24.83
4756,1221856,499.0,140,1017,99.3,6,1,0,1.815,0.005,-0.0025,24.83
4757,1221936,537.46,135,1024,100.0,6,1,0,0.674,0.005,-0.0025,24.83
4758,1222360,507.84,136,1019,99.5,6,1,0,1.873,0.005,-0.0025,24.83
4759,1222376,531.23,134,1024,100.0,6,1,0,0.766,0.005,-0.0025,24.83
4760,1222696,458.57,239,1024,100.0,6,1,0,0.642,0.005,-0.0025,24.83
4761,1222784,457.55,257,1019,99.5,6,1,0,1.442,0.005,-0.0025,24.83
4762,1222920,487.27,133,1019,99.5,6,1,0,1.501,0.005,-0.0025,24.83
4763,1222952,525.16,144,1018,99.4,6,1,0,1.858,0.005,-0.0025,24.83
4764,1222992,531.49,132,1024,100.0,6,1,0,1.031,0.005,-0.0025,24.83
4765,1223216,466.17,334,1024,100.0,6,1,0,1.871,0.005,-0.0025,24.83
4766,1223424,504.77,133,1019,99.5,6,1,0,1.874,0.005,-0.0025,24.83
4767,1223464,524.72,136,1024,100.0,6,1,0,0.58,0.005,-0.0025,24.83
4768,1223936,521.96,144,1019,99.5,6,1,0,1.732,0.005,-0.0025,24.83
4769,1224496,531.02,134,1024,100.0,6,1,0,0.724,0.005,-0.0025,24.83
4770,1224544,477.26,231,1024,100.0,6,1,0,0.752,0.005,-0.0025,24.83
4771,1224568,539.64,138,1024,100.0,6,1,0,0.747,0.005,-0.0025,24.83
4772,1224784,474.48,233,1024,100.0,6,1,0,1.156,0.005,-0.0025,24.83
4773,1224880,458.94,236,1023,99.9,6,1,0,0.866,0.005,-0.0025,24.83
4774,1224920,440.64,246,1019,99.5,6,1,0,1.365,0.005,-0.0025,24.83
4775,1225232,451.55,252,1022,99.8,6,1,0,1.858,0.005,-0.0025,24.83
4776,1225720,553.08,153,1023,99.9,6,1,0,0.741,0.005,-0.0025,24.83
4777,1225872,498.96,242,1024,100.0,6,1,0,1.113,0.005,-0.0025,24.83
4778,1225872,510.74,136,1018,99.4,6,1,0,1.616,0.005,-0.0025,24.83
4779,1226440,458.03,237,1024,100.0,6,1,0,0.937,0.005,-0.0025,24.83
4780,1226568,463.2,250,1024,100.0,6,1,0,0.635,0.005,-0.0025,24.83
4781,1227168,486.83,242,1024,100.0,6,1,0,1.012,0.005,-0.0025,24.83
4782,1227288,457.59,296,1024,100.0,6,1,0,0.837,0.005,-0.0025,24.83
4783,1227560,457.48,335,1024,100.0,6,1,0,1.533,0.005,-0.0025,24.83
4784,1227624,484.38,238,1024,100.0,6,1,0,0.719,0.005,-0.0025,24.83
4785,1227776,462.67,238,1024,100.0,6,1,0,0.747,0.005,-0.0025,24.83
4786,1228376,558.48,151,1024,100.0,6,1,0,0.708,0.005,-0.0025,24.83
4787,1228432,458.47,249,1021,99.7,6,1,0,1.831,0.005,-0.0025,24.83
4788,1228648,444.31,260,1019,99.5,6,1,0,1.488,0.005,-0.0025,24.83
4789,1228776,494.84,363,1023,99.9,6,1,0,1.631,0.005,-0.0025,24.83
4790,1228840,492.97,133,1018,99.4,6,1,0,1.469,0.005,-0.0036,35.0306
4791,1229240,457.55,244,1024,100.0,6,1,0,0.921,0.005,-0.0036,35.0306
4792,1229472,465.36,231,1024,100.0,6,1,0,1.116,0.005,-0.0036,35.0306
4793,1229856,489.98,135,1019,99.5,6,1,0,1.572,0.005,-0.0036,35.0306
4794,1229976,466.92,302,1023,99.9,6,1,0,0.838,0.005,-0.0036,35.0306
4795,1230216,459.7,230,1024,100.0,6,1,0,1.395,0.005,-0.0036,35.0306
4796,1230480,455.99,256,1019,99.5,6,1,0,1.724,0.005,-0.0036,35.0306
4797,1230616,528.67,143,1019,99.5,6,1,0,1.557,0.005,-0.0036,35.0306
4798,1230664,444.54,252,1021,99.7,6,1,0,1.783,0.005,-0.0036,35.0306
4799,1230776,477.12,242,1024,100.0,6,1,0,0.67,0.005,-0.0036,35.0306
4800,1231328,533.77,139,1024,100.0,6,1,0,0.62,0.005,-0.0036,35.0306
4801,1231792,498.29,141,1016,99.2,6,1,0,1.605,0.005,-0.0036,35.0306
4802,1231800,450.59,320,1023,99.9,6,1,0,1.476,0.005,-0.0036,35.0306
4803,1231936,460.71,260,1019,99.5,6,1,0,1.54,0.005,-0.0036,35.0306
4804,1231992,445.51,252,1022,99.8,6,1,0,1.714,0.005,-0.0036,35.0306
4805,1232448,215.78,82,849,82.9,3,0,1,0.193,0.005,-0.0036,35.0306
4806,1232504,432.93,253,1023,99.9,6,1,0,1.591,0.005,-0.0036,35.0306
4807,1232632,454.96,252,1022,99.8,6,1,0,1.717,0.005,-0.0036,35.0306
4808,1233016,528.23,135,1024,100.0,6,1,0,0.586,0.005,-0.0036,35.0306
4809,1233048,502.18,132,1019,99.5,6,1,0,1.765,0.005,-0.0036,35.0306
4810,1233240,449.21,239,1024,100.0,6,1,0,1.171,0.005,-0.0036,35.0306
4811,1233432,470.36,332,1024,100.0,6,1,0,1.303,0.005,-0.0036,35.0306
4812,1233600,503.96,144,1015,99.1,6,1,0,1.546,0.005,-0.0036,35.0306
4813,1233784,550.8,160,1024,100.0,6,1,0,0.8,0.005,-0.0036,35.0306
4814,1233888,460.57,261,1018,99.4,6,1,0,1.751,0.005,-0.0036,35.0306
4815,1234440,527.6,150,1020,99.6,6,1,0,1.819,0.005,-0.0036,35.0306
4816,1234496,484.17,133,1017,99.3,6,1,0,1.362,0.005,-0.0036,35.0306
4817,1234544,481.82,239,1024,100.0,6,1,0,1.014,0.005,-0.0036,35.0306
4818,1234888,524.5,138,1024,100.0,6,1,0,0.523,0.005,-0.0036,35.0306
4819,1235040,452.14,253,1021,99.7,6,1,0,1.808,0.005,-0.0036,35.0306
4820,1235104,442.21,257,1021,99.7,6,1,0,1.83,0.005,-0.0036,35.0306
4821,1235616,534.21,134,1024,100.0,6,1,0,0.745,0.005,-0.0036,35.0306
4822,1235672,458.01,259,1021,99.7,6,1,0,1.798,0.005,-0.0036,35.0306
4823,1235992,447.31,263,1021,99.7,6,1,0,1.294,0.005,-0.0036,35.0306
4824,1236176,481.16,134,1021,99.7,6,1,0,1.832,0.005,-0.0036,35.0306
4825,1236272,483.47,222,1023,99.9,6,1,0,0.768,0.005,-0.0036,35.0306
4826,1236440,272.3,103,869,84.9,4,0,1,0.192,0.005,-0.0036,35.0306
4827,1236480,462.08,255,1020,99.6,6,1,0,1.709,0.005,-0.0036,35.0306
4828,1236912,436.22,253,1018,99.4,6,1,0,1.352,0.005,-0.0036,35.0306
4829,1237024,487.31,129,1021,99.7,6,1,0,1.881,0.005,-0.0053,38.2773
4830,1237072,431.0,254,1020,99.6,6,1,0,1.649,0.005,-0.0053,38.2773
4831,1237592,504.61,139,1019,99.5,6,1,0,1.774,0.005,-0.0053,38.2773
4832,1237904,454.65,279,1024,100.0,6,1,0,0.901,0.005,-0.0053,38.2773
4833,1238024,502.01,139,1017,99.3,6,1,0,1.549,0.005,-0.0053,38.2773
4834,1238040,467.97,233,1024,100.0,6,1,0,0.835,0.005,-0.0053,38.2773
4835,1238144,513.4,140,1019,99.5,6,1,0,1.838,0.005,-0.0053,38.2773
4836,1238320,445.3,256,1022,99.8,6,1,0,1.701,0.005,-0.0053,38.2773
4837,1238472,451.99,254,1020,99.6,6,1,0,1.636,0.005,-0.0053,38.2773
4838,1238736,547.93,143,1024,100.0,6,1,0,0.736,0.005,-0.0053,38.2773
4839,1238936,456.57,233,1024,100.0,6,1,0,1.142,0.005,-0.0053,38.2773
4840,1239136,498.93,137,1019,99.5,6,1,0,1.441,0.005,-0.0053,38.2773
4841,1239224,558.64,165,1024,100.0,6,1,0,0.815,0.005,-0.0053,38.2773
4842,1239256,545.62,139,1024,100.0,6,1,0,0.821,0.005,-0.0053,38.2773
4843,1240192,449.2,271,1018,99.4,6,1,0,1.382,0.005,-0.0053,38.2773
4844,1240384,484.05,239,1024,100.0,6,1,0,1.043,0.005,-0.0053,38.2773
4845,1240400,441.87,260,1022,99.8,6,1,0,1.854,0.005,-0.0053,38.2773
4846,1240832,468.14,237,1024,100.0,6,1,0,1.252,0.005,-0.0053,38.2773
4847,1240856,453.7,265,1019,99.5,6,1,0,1.866,0.005,-0.0053,38.2773
4848,1241000,469.96,233,1024,100.0,6,1,0,0.971,0.005,-0.0053,38.2773
4849,1241240,438.36,248,1023,99.9,6,1,0,1.529,0.005,-0.0053,38.2773
4850,1241464,530.85,135,1024,100.0,6,1,0,0.928,0.005,-0.0053,38.2773
4851,1241776,469.51,319,1024,100.0,6,1,0,1.752,0.005,-0.0053,38.2773
4852,1242088,534.93,136,1024,100.0,6,1,0,0.791,0.005,-0.0053,38.2773
4853,1242120,456.44,241,1024,100.0,6,1,0,1.081,0.005,-0.0053,38.2773
4854,1242336,470.58,242,1024,100.0,6,1,0,1.05,0.005,-0.0053,38.2773
4855,1242976,450.63,265,1021,99.7,6,1,0,1.745,0.005,-0.0053,38.2773
4856,1243136,460.65,288,1024,100.0,6,1,0,0.731,0.005,-0.0053,38.2773
4857,1243160,481.77,240,1024,100.0,6,1,0,0.777,0.005,-0.0053,38.2773
4858,1243208,489.84,136,1018,99.4,6,1,0,1.809,0.005,-0.0053,38.2773
4859,1244000,441.81,239,1024,100.0,6,1,0,0.77,0.005,-0.0053,38.2773
4860,1244168,456.3,338,1022,99.8,6,1,0,1.725,0.005,-0.0053,38.2773
4861,1244176,479.49,300,1024,100.0,6,1,0,1.753,0.005,-0.0053,38.2773
4862,1244224,467.27,236,1024,100.0,6,1,0,0.701,0.005,-0.0053,38.2773
4863,1244704,456.71,216,1024,100.0,6,1,0,0.935,0.005,-0.0053,38.2773
4864,1244952,474.56,218,1024,100.0,6,1,0,0.937,0.005,-0.0053,38.2773
4865,1245200,440.96,258,1021,99.7,6,1,0,1.888,0.005,-0.0038,29.8586
4866,1245888,450.09,341,1023,99.9,6,1,0,1.877,0.005,-0.0038,29.8586
4867,1246024,502.06,134,1018,99.4,6,1,0,1.691,0.005,-0.0038,29.8586
4868,1246056,482.61,229,1022,99.8,6,1,0,0.858,0.005,-0.0038,29.8586
4869,1246104,425.86,241,1021,99.7,6,1,0,1.634,0.005,-0.0038,29.8586
4870,1246152,467.44,269,1017,99.3,6,1,0,1.739,0.005,-0.0038,29.8586
4871,1246216,460.86,256,1021,99.7,6,1,0,1.386,0.005,-0.0038,29.8586
4872,1246720,445.02,252,1022,99.8,6,1,0,1.838,0.005,-0.0038,29.8586
4873,1247000,498.21,139,1020,99.6,6,1,0,1.896,0.005,-0.0038,29.8586
4874,1247072,460.76,234,1024,100.0,6,1,0,1.049,0.005,-0.0038,29.8586
4875,1247936,461.29,235,1024,100.0,6,1,0,0.65,0.005,-0.0038,29.8586
4876,1247992,443.39,246,1021,99.7,6,1,0,1.706,0.005,-0.0038,29.8586
4877,1248008,471.36,232,1024,100.0,6,1,0,1.389,0.005,-0.0038,29.8586
4878,1248200,454.45,262,1016,99.2,6,1,0,1.52,0.005,-0.0038,29.8586
4879,1248200,512.5,150,1023,99.9,6,1,0,1.634,0.005,-0.0038,29.8586
4880,1248360,503.42,268,1024,100.0,6,1,0,0.809,0.005,-0.0038,29.8586
4881,1248592,454.79,234,1024,100.0,6,1,0,0.861,0.005,-0.0038,29.8586
4882,1249216,550.1,153,1024,100.0,6,1,0,0.723,0.005,-0.0038,29.8586
4883,1249352,553.82,144,1024,100.0,6,1,0,0.787,0.005,-0.0038,29.8586
4884,1249408,472.39,175,1024,100.0,6,1,0,0.786,0.005,-0.0038,29.8586
4885,1249464,536.68,138,1024,100.0,6,1,0,0.554,0.005,-0.0038,29.8586
4886,1249664,462.59,324,1024,100.0,6,1,0,1.635,0.005,-0.0038,29.8586
4887,1249744,444.64,226,1021,99.7,6,1,0,1.208,0.005,-0.0038,29.8586
4888,1250184,420.92,248,1020,99.6,6,1,0,1.66,0.005,-0.0038,29.8586
4889,1250520,536.7,139,1024,100.0,6,1,0,0.707,0.005,-0.0038,29.8586
4890,1250544,531.11,135,1024,100.0,6,1,0,0.846,0.005,-0.0038,29.8586
4891,1250648,457.73,257,1021,99.7,6,1,0,1.832,0.005,-0.0038,29.8586
4892,1251144,472.52,224,1024,100.0,6,1,0,0.919,0.005,-0.0038,29.8586
4893,1251240,433.77,253,1021,99.7,6,1,0,1.697,0.005,-0.0038,29.8586
4894,1251552,489.89,236,1024,100.0,6,1,0,1.099,0.005,-0.0038,29.8586
4895,1251584,462.5,230,1023,99.9,6,1,0,1.338,0.005,-0.0038,29.8586
4896,1251592,509.45,134,1024,100.0,6,1,0,1.093,0.005,-0.0038,29.8586
4897,1251616,490.06,134,1020,99.6,6,1,0,1.765,0.005,-0.0038,29.8586
4898,1252264,441.27,260,1021,99.7,6,1,0,1.769,0.005,-0.0038,29.8586
4899,1252504,461.88,232,1024,100.0,6,1,0,0.974,0.005,-0.0038,29.8586
4900,1252584,522.25,129,1024,100.0,6,1,0,0.976,0.005,-0.0038,29.8586
4901,1252648,522.46,133,1024,100.0,6,1,0,0.723,0.005,-0.0038,29.8586
4902,1252672,508.28,132,1021,99.7,6,1,0,1.877,0.005,-0.0038,29.8586
4903,1253048,440.22,238,1024,100.0,6,1,0,0.91,0.005,-0.0038,29.8586
4904,1253184,434.68,243,1020,99.6,6,1,0,1.483,0.005,-0.0038,29.8586
4905,1253600,446.63,251,1020,99.6,6,1,0,1.848,0.005,-0.0003,28.268
4906,1254272,473.71,251,1020,99.6,6,1,0,1.661,0.005,-0.0003,28.268
4907,1254488,486.87,163,1024,100.0,6,1,0,0.753,0.005,-0.0003,28.268
4908,1254512,449.93,241,1023,99.9,6,1,0,1.778,0.005,-0.0003,28.268
4909,1254656,487.28,132,1018,99.4,6,1,0,1.666,0.005,-0.0003,28.268
4910,1254728,460.88,260,1018,99.4,6,1,0,1.86,0.005,-0.0003,28.268
4911,1254744,439.1,259,1016,99.2,6,1,0,1.6,0.005,-0.0003,28.268
4912,1255072,451.72,253,1024,100.0,6,1,0,1.643,0.005,-0.0003,28.268
4913,1255128,490.69,328,1024,100.0,6,1,0,1.772,0.005,-0.0003,28.268
4914,1255528,522.82,130,1024,100.0,6,1,0,0.933,0.005,-0.0003,28.268
4915,1256144,522.32,134,1024,100.0,6,1,0,0.768,0.005,-0.0003,28.268
4916,1256160,457.74,236,1024,100.0,6,1,0,1.075,0.005,-0.0003,28.268
4917,1256544,478.06,236,1024,100.0,6,1,0,1.074,0.005,-0.0003,28.268
4918,1256584,444.62,259,1022,99.8,6,1,0,1.825,0.005,-0.0003,28.268
4919,1256624,465.99,237,1024,100.0,6,1,0,0.671,0.005,-0.0003,28.268
4920,1256840,464.48,262,1017,99.3,6,1,0,1.441,0.005,-0.0003,28.268
4921,1257168,455.61,255,1023,99.9,6,1,0,1.6,0.005,-0.0003,28.268
4922,1257224,490.17,133,1020,99.6,6,1,0,1.667,0.005,-0.0003,28.268
4923,1257648,476.07,265,1018,99.4,6,1,0,1.744,0.005,-0.0003,28.268
4924,1257952,489.09,226,1023,99.9,6,1,0,0.738,0.005,-0.0003,28.268
4925,1258408,464.07,233,1024,100.0,6,1,0,0.882,0.005,-0.0003,28.268
4926,1258512,480.64,241,1024,100.0,6,1,0,1.338,0.005,-0.0003,28.268
4927,1258520,474.83,237,1024,100.0,6,1,0,0.966,0.005,-0.0003,28.268
4928,1258912,457.54,259,1021,99.7,6,1,0,1.697,0.005,-0.0003,28.268
4929,1259120,491.19,237,1024,100.0,6,1,0,1.136,0.005,-0.0003,28.268
4930,1259504,458.71,292,1024,100.0,6,1,0,0.779,0.005,-0.0003,28.268
4931,1259560,478.7,239,1024,100.0,6,1,0,0.85,0.005,-0.0003,28.268
4932,1259904,505.55,244,1024,100.0,6,1,0,0.676,0.005,-0.0003,28.268
4933,1260048,536.07,142,1024,100.0,6,1,0,0.399,0.005,-0.0003,28.268
4934,1260208,545.67,136,1024,100.0,6,1,0,0.877,0.005,-0.0003,28.268
4935,1260360,461.48,244,1024,100.0,6,1,0,0.883,0.005,-0.0003,28.268
4936,1260448,455.72,242,1024,100.0,6,1,0,0.836,0.005,-0.0003,28.268
4937,1260448,444.13,241,1023,99.9,6,1,0,1.527,0.005,-0.0003,28.268
4938,1261280,524.93,134,1024,100.0,6,1,0,0.771,0.005,-0.0003,28.268
4939,1261352,456.29,231,1024,100.0,6,1,0,0.847,0.005,-0.0003,28.268
4940,1261432,452.38,234,1024,100.0,6,1,0,0.631,0.005,-0.0003,28.268
4941,1261848,454.26,243,1021,99.7,6,1,0,1.72,0.005,-0.0031,26.5807
4942,1262088,458.25,255,1020,99.6,6,1,0,1.602,0.005,-0.0031,26.5807
4943,1262200,455.63,230,1024,100.0,6,1,0,0.789,0.005,-0.0031,26.5807
4944,1262408,443.64,245,1023,99.9,6,1,0,1.355,0.005,-0.0031,26.5807
4945,1262480,461.46,254,1024,100.0,6,1,0,1.65,0.005,-0.0031,26.5807
4946,1262888,510.7,130,1024,100.0,6,1,0,0.954,0.005,-0.0031,26.5807
4947,1263256,527.97,132,1023,99.9,6,1,0,0.627,0.005,-0.0031,26.5807
4948,1263360,454.24,241,1024,100.0,6,1,0,1.111,0.005,-0.0031,26.5807
4949,1263376,444.51,262,1020,99.6,6,1,0,1.629,0.005,-0.0031,26.5807
4950,1263408,461.49,257,1020,99.6,6,1,0,1.744,0.005,-0.0031,26.5807
4951,1263584,504.72,138,1017,99.3,6,1,0,1.689,0.005,-0.0031,26.5807
4952,1264152,451.76,258,1018,99.4,6,1,0,1.733,0.005,-0.0031,26.5807
4953,1264400,442.31,249,1024,100.0,6,1,0,1.878,0.005,-0.0031,26.5807
4954,1264456,530.24,137,1024,100.0,6,1,0,0.838,0.005,-0.0031,26.5807
4955,1264880,448.7,249,1020,99.6,6,1,0,1.842,0.005,-0.0031,26.5807
4956,1265112,477.02,217,1024,100.0,6,1,0,0.927,0.005,-0.0031,26.5807
4957,1265256,453.19,231,1023,99.9,6,1,0,0.718,0.005,-0.0031,26.5807
4958,1265272,430.56,252,1023,99.9,6,1,0,1.465,0.005,-0.0031,26.5807
4959,1265304,544.07,144,1024,100.0,6,1,0,0.574,0.005,-0.0031,26.5807
4960,1265568,449.22,248,1021,99.7,6,1,0,1.634,0.005,-0.0031,26.5807
4961,1266224,471.76,228,1022,99.8,6,1,0,0.761,0.005,-0.0031,26.5807
4962,1266344,521.73,134,1024,100.0,6,1,0,0.737,0.005,-0.0031,26.5807
4963,1266376,474.39,240,1024,100.0,6,1,0,0.733,0.005,-0.0031,26.5807
4964,1266728,477.95,231,1024,100.0,6,1,0,0.781,0.005,-0.0031,26.5807
4965,1267184,491.19,235,1024,100.0,6,1,0,1.342,0.005,-0.0031,26.5807
4966,1267320,466.11,258,1018,99.4,6,1,0,1.647,0.005,-0.0031,26.5807
4967,1267416,452.83,231,1024,100.0,6,1,0,1.469,0.005,-0.0031,26.5807
4968,1267528,458.48,302,1024,100.0,6,1,0,0.842,0.005,-0.0031,26.5807
4969,1267856,516.69,141,1017,99.3,6,1,0,1.85,0.005,-0.0031,26.5807
4970,1268192,435.93,227,1024,100.0,6,1,0,0.905,0.005,-0.0031,26.5807
4971,1268248,445.46,253,1020,99.6,6,1,0,1.586,0.005,-0.0031,26.5807
4972,1268416,441.94,259,1018,99.4,6,1,0,1.748,0.005,-0.0031,26.5807
4973,1268600,530.4,134,1024,100.0,6,1,0,0.769,0.005,-0.0031,26.5807
4974,1269032,565.37,147,1024,100.0,6,1,0,0.565,0.005,-0.0031,26.5807
4975,1269232,448.96,256,1022,99.8,6,1,0,1.632,0.005,-0.0031,26.5807
4976,1269408,428.35,249,1022,99.8,6,1,0,1.55,0.005,-0.0031,26.5807
4977,1269456,465.53,267,1019,99.5,6,1,0,1.546,0.005,-0.0031,26.5807
4978,1270128,452.84,235,1024,100.0,6,1,0,0.918,0.005,-0.0027,21.9761
4979,1270160,510.59,141,1016,99.2,6,1,0,1.684,0.005,-0.0027,21.9761
4980,1270296,475.7,263,1020,99.6,6,1,0,1.777,0.005,-0.0027,21.9761
4981,1270480,470.29,258,1021,99.7,6,1,0,1.789,0.005,-0.0027,21.9761
4982,1270552,495.83,137,1018,99.4,6,1,0,1.719,0.005,-0.0027,21.9761
4983,1270648,449.49,256,1019,99.5,6,1,0,1.891,0.005,-0.0027,21.9761
4984,1271240,493.35,135,1019,99.5,6,1,0,1.841,0.005,-0.0027,21.9761
4985,1271280,456.36,234,1024,100.0,6,1,0,1.457,0.005,-0.0027,21.9761
4986,1271368,555.52,267,1024,100.0,6,1,0,0.709,0.005,-0.0027,21.9761
4987,1272088,443.56,245,1023,99.9,6,1,0,1.855,0.005,-0.0027,21.9761
4988,1272272,444.51,247,1021,99.7,6,1,0,1.742,0.005,-0.0027,21.9761
4989,1272344,474.46,233,1024,100.0,6,1,0,0.972,0.005,-0.0027,21.9761
4990,1272344,536.48,138,1024,100.0,6,1,0,0.69,0.005,-0.0027,21.9761
4991,1272448,460.25,237,1024,100.0,6,1,0,0.696,0.005,-0.0027,21.9761
4992,1272576,495.85,241,1024,100.0,6,1,0,0.868,0.005,-0.0027,21.9761
4993,1273168,478.51,236,1024,100.0,6,1,0,0.911,0.005,-0.0027,21.9761
4994,1273336,458.91,246,1021,99.7,6,1,0,1.852,0.005,-0.0027,21.9761
4995,1273544,536.08,137,1024,100.0,6,1,0,0.866,0.005,-0.0027,21.9761
4996,1273960,441.7,234,1023,99.9,6,1,0,0.709,0.005,-0.0027,21.9761
4997,1274104,460.21,229,1024,100.0,6,1,0,0.924,0.005,-0.0027,21.9761
4998,1274368,440.14,253,1023,99.9,6,1,0,1.803,0.005,-0.0027,21.9761
4999,1274464,475.78,236,1024,100.0,6,1,0,0.851,0.005,-0.0027,21.9761
5000,1274504,474.96,270,1020,99.6,6,1,0,1.833,0.005,-0.0027,21.9761
5001,1274960,473.06,224,1023,99.9,6,1,0,0.909,0.005,-0.0027,21.9761
5002,1275144,484.4,130,1020,99.6,6,1,0,1.816,0.005,-0.0027,21.9761
5003,1275632,512.84,146,1018,99.4,6,1,0,1.487,0.005,-0.0027,21.9761
5004,1275632,456.68,261,1021,99.7,6,1,0,1.743,0.005,-0.0027,21.9761
5005,1275640,522.38,142,1017,99.3,6,1,0,1.792,0.005,-0.0027,21.9761
5006,1276024,461.41,258,1019,99.5,6,1,0,1.709,0.005,-0.0027,21.9761
5007,1276200,523.17,358,1024,100.0,6,1,0,0.997,0.005,-0.0027,21.9761
5008,1276680,487.6,130,1020,99.6,6,1,0,1.841,0.005,-0.0027,21.9761
5009,1276968,458.02,251,1022,99.8,6,1,0,1.692,0.005,-0.0027,21.9761
5010,1277088,468.01,243,1024,100.0,6,1,0,0.97,0.005,-0.0027,21.9761
5011,1277256,531.94,361,1024,100.0,6,1,0,0.712,0.005,-0.0027,21.9761
5012,1277384,3.39,16,240,23.4,1,0,1,0.176,0.005,-0.0027,21.9761
5013,1277624,452.6,249,1021,99.7,6,1,0,1.645,0.005,-0.0027,21.9761
5014,1277752,493.16,134,1019,99.5,6,1,0,1.69,0.005,-0.0027,21.9761
5015,1277832,447.84,226,1022,99.8,6,1,0,0.718,0.005,-0.0027,21.9761
5016,1278168,496.03,135,1015,99.1,6,1,0,1.373,0.005,-0.0054,44.0848
5017,1278168,444.92,317,1021,99.7,6,1,0,1.836,0.005,-0.0054,44.0848
5018,1278216,452.47,252,1020,99.6,6,1,0,1.807,0.005,-0.0054,44.0848
5019,1278784,554.13,145,1024,100.0,6,1,0,0.797,0.005,-0.0054,44.0848
5020,1278904,422.51,242,1022,99.8,6,1,0,1.476,0.005,-0.0054,44.0848
5021,1279256,491.72,234,1024,100.0,6,1,0,0.948,0.005,-0.0054,44.0848
5022,1279600,447.54,231,1021,99.7,6,1,0,1.003,0.005,-0.0054,44.0848
5023,1279912,462.86,260,1020,99.6,6,1,0,1.832,0.005,-0.0054,44.0848
5024,1280200,446.93,254,1021,99.7,6,1,0,1.611,0.005,-0.0054,44.0848
5025,1280240,445.41,253,1022,99.8,6,1,0,1.672,0.005,-0.0054,44.0848
5026,1280312,466.43,268,1023,99.9,6,1,0,1.806,0.005,-0.0054,44.0848
5027,1280800,501.39,237,1024,100.0,6,1,0,1.62,0.005,-0.0054,44.0848
5028,1280840,471.42,257,1021,99.7,6,1,0,1.818,0.005,-0.0054,44.0848
5029,1281288,446.66,254,1022,99.8,6,1,0,1.774,0.005,-0.0054,44.0848
5030,1281872,471.47,284,1024,100.0,6,1,0,1.216,0.005,-0.0054,44.0848
5031,1281968,456.45,257,1019,99.5,6,1,0,1.797,0.005,-0.0054,44.0848
5032,1282064,476.91,233,1024,100.0,6,1,0,1.096,0.005,-0.0054,44.0848
5033,1282312,451.26,259,1020,99.6,6,1,0,1.598,0.005,-0.0054,44.0848
5034,1282376,533.69,136,1024,100.0,6,1,0,0.681,0.005,-0.0054,44.0848
5035,1282400,460.38,261,1022,99.8,6,1,0,1.826,0.005,-0.0054,44.0848
5036,1282600,41.55,28,504,49.2,1,0,1,0.186,0.005,-0.0054,44.0848
5037,1282840,467.31,255,1021,99.7,6,1,0,1.844,0.005,-0.0054,44.0848
5038,1282936,454.24,262,1020,99.6,6,1,0,1.646,0.005,-0.0054,44.0848
5039,1283096,542.27,141,1024,100.0,6,1,0,0.65,0.005,-0.0054,44.0848
5040,1283336,-7.96,30,210,20.5,1,0,1,0.173,0.005,-0.0054,44.0848
5041,1283672,480.86,134,1021,99.7,6,1,0,1.57,0.005,-0.0054,44.0848
5042,1283960,486.5,140,1017,99.3,6,1,0,1.768,0.005,-0.0054,44.0848
5043,1283976,466.42,239,1024,100.0,6,1,0,1.013,0.005,-0.0054,44.0848
5044,1284160,479.49,286,1024,100.0,6,1,0,0.871,0.005,-0.0054,44.0848
5045,1284376,430.03,258,1020,99.6,6,1,0,1.686,0.005,-0.0054,44.0848
5046,1284392,487.58,132,1019,99.5,6,1,0,1.853,0.005,-0.0054,44.0848
5047,1284424,452.31,253,1020,99.6,6,1,0,1.769,0.005,-0.0054,44.0848
5048,1285040,493.07,133,1021,99.7,6,1,0,1.666,0.005,-0.0054,44.0848
5049,1285264,450.89,291,1024,100.0,6,1,0,0.765,0.005,-0.0054,44.0848
5050,1285760,487.37,225,1024,100.0,6,1,0,0.762,0.005,-0.0054,44.0848
5051,1285992,471.61,229,1024,100.0,6,1,0,0.713,0.005,-0.0054,44.0848
5052,1286048,446.96,297,1024,100.0,6,1,0,0.815,0.005,-0.0054,44.0848
5053,1286336,570.56,162,1024,100.0,6,1,0,0.5,0.005,-0.0039,61.811
5054,1286344,450.37,240,1021,99.7,6,1,0,1.62,0.005,-0.0039,61.811
5055,1286344,530.85,135,1024,100.0,6,1,0,0.748,0.005,-0.0039,61.811
5056,1286400,452.61,251,1022,99.8,6,1,0,1.88,0.005,-0.0039,61.811
5057,1286520,471.34,268,1023,99.9,6,1,0,1.814,0.005,-0.0039,61.811
5058,1286816,508.2,132,1024,100.0,6,1,0,0.825,0.005,-0.0039,61.811
5059,1287400,502.18,132,1019,99.5,6,1,0,1.649,0.005,-0.0039,61.811
5060,1287472,498.49,141,1017,99.3,6,1,0,1.779,0.005,-0.0039,61.811
5061,1287624,533.22,138,1024,100.0,6,1,0,0.791,0.005,-0.0039,61.811
5062,1287896,456.87,238,1024,100.0,6,1,0,0.736,0.005,-0.0039,61.811
5063,1287952,487.33,238,1024,100.0,6,1,0,1.644,0.005,-0.0039,61.811
5064,1288152,468.74,219,1021,99.7,6,1,0,0.683,0.005,-0.0039,61.811
5065,1288408,451.32,259,1023,99.9,6,1,0,1.657,0.005,-0.0039,61.811
5066,1288736,490.63,240,1024,100.0,6,1,0,0.824,0.005,-0.0039,61.811
5067,1289208,527.84,132,1024,100.0,6,1,0,0.623,0.005,-0.0039,61.811
5068,1289456,467.01,257,1019,99.5,6,1,0,1.682,0.005,-0.0039,61.811
5069,1289528,463.64,257,1021,99.7,6,1,0,1.773,0.005,-0.0039,61.811
5070,1289592,452.48,246,1021,99.7,6,1,0,1.726,0.005,-0.0039,61.811
5071,1289784,462.08,229,1024,100.0,6,1,0,0.687,0.005,-0.0039,61.811
5072,1289976,451.84,260,1019,99.5,6,1,0,1.821,0.005,-0.0039,61.811
5073,1290280,451.86,234,1024,100.0,6,1,0,1.017,0.005,-0.0039,61.811
5074,1290720,464.17,248,1024,100.0,6,1,0,0.686,0.005,-0.0039,61.811
5075,1290920,489.48,142,1019,99.5,6,1,0,1.62,0.005,-0.0039,61.811
5076,1291120,478.5,239,1024,100.0,6,1,0,0.728,0.005,-0.0039,61.811
5077,1291288,469.21,229,1024,100.0,6,1,0,0.888,0.005,-0.0039,61.811
5078,1291560,449.08,254,1021,99.7,6,1,0,1.767,0.005,-0.0039,61.811
5079,1291680,462.22,261,1021,99.7,6,1,0,1.573,0.005,-0.0039,61.811
5080,1292264,546.26,143,1024,100.0,6,1,0,0.663,0.005,-0.0039,61.811
5081,1292392,473.31,209,1020,99.6,6,1,0,1.878,0.005,-0.0039,61.811
5082,1292392,545.1,138,1024,100.0,6,1,0,0.567,0.005,-0.0039,61.811
5083,1292448,482.55,271,1024,100.0,6,1,0,1.669,0.005,-0.0039,61.811
5084,1292576,443.94,325,1023,99.9,6,1,0,1.694,0.005,-0.0039,61.811
5085,1293008,464.03,261,1018,99.4,6,1,0,1.831,0.005,-0.0039,61.811
5086,1293344,499.05,135,1019,99.5,6,1,0,1.764,0.005,-0.0039,61.811
5087,1293416,458.78,232,1023,99.9,6,1,0,0.751,0.005,-0.0039,61.811
5088,1293472,527.78,135,1024,100.0,6,1,0,0.745,0.005,-0.0039,61.811
5089,1293472,493.05,135,1018,99.4,6,1,0,1.746,0.005,-0.0039,61.811
5090,1293512,534.16,133,1024,100.0,6,1,0,0.596,0.005,-0.0039,61.811
5091,1293680,442.53,250,1020,99.6,6,1,0,1.8,0.005,-0.0039,61.811
5092,1294080,483.96,134,1019,99.5,6,1,0,1.715,0.005,-0.0039,61.811
5093,1294312,465.69,217,1023,99.9,6,1,0,0.701,0.005,-0.0039,61.811
5094,1294400,492.98,132,1022,99.8,6,1,0,1.861,0.005,-0.0026,26.2542
5095,1294560,492.64,136,1019,99.5,6,1,0,1.831,0.005,-0.0026,26.2542
5096,1294768,561.45,157,1024,100.0,6,1,0,0.773,0.005,-0.0026,26.2542
5097,1295352,451.15,235,1024,100.0,6,1,0,0.609,0.005,-0.0026,26.2542
5098,1295496,465.45,260,1021,99.7,6,1,0,1.629,0.005,-0.0026,26.2542
5099,1295528,507.59,141,1018,99.4,6,1,0,1.796,0.005,-0.0026,26.2542
5100,1295544,460.55,233,1024,100.0,6,1,0,0.766,0.005,-0.0026,26.2542
5101,1296112,452.3,254,1021,99.7,6,1,0,1.685,0.005,-0.0026,26.2542
5102,1296136,475.32,228,1024,100.0,6,1,0,1.296,0.005,-0.0026,26.2542
5103,1296584,539.79,136,1024,100.0,6,1,0,0.845,0.005,-0.0026,26.2542
5104,1296600,532.02,134,1024,100.0,6,1,0,0.745,0.005,-0.0026,26.2542
5105,1296608,457.81,256,1023,99.9,6,1,0,1.483,0.005,-0.0026,26.2542
5106,1296776,434.83,251,1023,99.9,6,1,0,1.857,0.005,-0.0026,26.2542
5107,1297168,472.61,129,1019,99.5,6,1,0,1.725,0.005,-0.0026,26.2542
5108,1297248,444.97,237,1022,99.8,6,1,0,1.773,0.005,-0.0026,26.2542
5109,1297568,434.37,253,1022,99.8,6,1,0,1.863,0.005,-0.0026,26.2542
5110,1297728,516.6,140,1017,99.3,6,1,0,1.775,0.005,-0.0026,26.2542
5111,1297856,543.63,159,1024,100.0,6,1,0,0.617,0.005,-0.0026,26.2542
5112,1298008,436.2,237,1022,99.8,6,1,0,1.65,0.005,-0.0026,26.2542
5113,1298608,458.05,251,1020,99.6,6,1,0,1.782,0.005,-0.0026,26.2542
5114,1298624,532.05,132,1024,100.0,6,1,0,0.601,0.005,-0.0026,26.2542
5115,1299064,487.28,132,1019,99.5,6,1,0,1.799,0.005,-0.0026,26.2542
5116,1299120,488.62,234,1024,100.0,6,1,0,0.738,0.005,-0.0026,26.2542
5117,1299224,457.69,257,1020,99.6,6,1,0,1.818,0.005,-0.0026,26.2542
5118,1299232,452.76,307,1020,99.6,6,1,0,1.891,0.005,-0.0026,26.2542
5119,1299632,477.98,222,1020,99.6,6,1,0,1.806,0.005,-0.0026,26.2542
5120,1299648,477.74,240,1024,100.0,6,1,0,0.797,0.005,-0.0026,26.2542
5121,1300528,444.79,240,1024,100.0,6,1,0,1.344,0.005,-0.0026,26.2542
5122,1300904,461.6,285,1024,100.0,6,1,0,0.56,0.005,-0.0026,26.2542
5123,1300952,452.14,236,1024,100.0,6,1,0,1.19,0.005,-0.0026,26.2542
5124,1301032,453.37,239,1024,100.0,6,1,0,1.007,0.005,-0.0026,26.2542
5125,1301056,451.22,228,1024,100.0,6,1,0,0.957,0.005,-0.0026,26.2542
5126,1301120,487.83,237,1024,100.0,6,1,0,0.562,0.005,-0.0026,26.2542
5127,1301504,442.76,234,1024,100.0,6,1,0,1.461,0.005,-0.0026,26.2542
5128,1301896,459.86,281,1024,100.0,6,1,0,0.794,0.005,-0.0026,26.2542
5129,1302400,483.38,234,1024,100.0,6,1,0,1.002,0.005,-0.0026,26.2542
5130,1302952,492.59,240,1024,100.0,6,1,0,0.871,0.005,-0.0024,25.2648
5131,1302960,471.16,257,1022,99.8,6,1,0,1.875,0.005,-0.0024,25.2648
5132,1302976,534.39,135,1024,100.0,6,1,0,0.71,0.005,-0.0024,25.2648
5133,1303032,460.62,260,1019,99.5,6,1,0,1.889,0.005,-0.0024,25.2648
5134,1303040,438.6,240,1022,99.8,6,1,0,1.643,0.005,-0.0024,25.2648
5135,1303424,471.83,240,1024,100.0,6,1,0,0.953,0.005,-0.0024,25.2648
5136,1303456,487.28,132,1019,99.5,6,1,0,1.868,0.005,-0.0024,25.2648
5137,1303560,472.59,313,1021,99.7,6,1,0,1.792,0.005,-0.0024,25.2648
5138,1304008,487.08,132,1020,99.6,6,1,0,1.871,0.005,-0.0024,25.2648
5139,1304120,540.05,136,1024,100.0,6,1,0,0.605,0.005,-0.0024,25.2648
5140,1304600,519.39,130,1024,100.0,6,1,0,0.853,0.005,-0.0024,25.2648
5141,1304840,477.15,233,1024,100.0,6,1,0,0.781,0.005,-0.0024,25.2648
5142,1305008,443.31,256,1021,99.7,6,1,0,1.848,0.005,-0.0024,25.2648
5143,1305096,448.0,257,1021,99.7,6,1,0,1.852,0.005,-0.0024,25.2648
5144,1305544,445.33,261,1022,99.8,6,1,0,1.71,0.005,-0.0024,25.2648
5145,1305552,481.12,266,1024,100.0,6,1,0,1.639,0.005,-0.0024,25.2648
5146,1306064,435.21,243,1023,99.9,6,1,0,1.83,0.005,-0.0024,25.2648
5147,1306088,451.23,260,1024,100.0,6,1,0,1.622,0.005,-0.0024,25.2648
5148,1306576,493.31,129,1020,99.6,6,1,0,1.675,0.005,-0.0024,25.2648
5149,1306616,430.59,252,1021,99.7,6,1,0,1.652,0.005,-0.0024,25.2648
5150,1306672,545.46,140,1024,100.0,6,1,0,0.795,0.005,-0.0024,25.2648
5151,1306840,455.79,250,1020,99.6,6,1,0,1.801,0.005,-0.0024,25.2648
5152,1306920,482.67,239,1024,100.0,6,1,0,0.685,0.005,-0.0024,25.2648
5153,1307008,445.71,239,1024,100.0,6,1,0,0.883,0.005,-0.0024,25.2648
5154,1307128,524.27,133,1024,100.0,6,1,0,0.878,0.005,-0.0024,25.2648
5155,1308104,501.53,137,1017,99.3,6,1,0,1.888,0.005,-0.0024,25.2648
5156,1308192,528.67,133,1024,100.0,6,1,0,0.977,0.005,-0.0024,25.2648
5157,1308440,441.77,294,1024,100.0,6,1,0,0.931,0.005,-0.0024,25.2648
5158,1308472,460.51,237,1024,100.0,6,1,0,0.803,0.005,-0.0024,25.2648
5159,1308672,460.09,257,1020,99.6,6,1,0,1.692,0.005,-0.0024,25.2648
5160,1308752,460.39,239,1024,100.0,6,1,0,0.687,0.005,-0.0024,25.2648
5161,1308776,461.9,263,1015,99.1,6,1,0,1.459,0.005,-0.0024,25.2648
5162,1308952,440.19,254,1022,99.8,6,1,0,1.638,0.005,-0.0024,25.2648
5163,1309328,507.58,142,1019,99.5,6,1,0,1.799,0.005,-0.0024,25.2648
5164,1309496,528.48,132,1024,100.0,6,1,0,0.527,0.005,-0.0024,25.2648
5165,1309608,516.08,142,1018,99.4,6,1,0,1.791,0.005,-0.0024,25.2648
5166,1309808,493.28,132,1020,99.6,6,1,0,1.791,0.005,-0.0024,25.2648
5167,1309816,545.46,143,1024,100.0,6,1,0,0.811,0.005,-0.0024,25.2648
5168,1310072,501.3,140,1018,99.4,6,1,0,1.893,0.005,-0.0024,25.2648
5169,1310088,446.3,248,1019,99.5,6,1,0,1.892,0.005,-0.0024,25.2648
5170,1310696,465.7,240,1024,100.0,6,1,0,0.759,0.005,-0.0024,25.2648
5171,1310720,510.71,139,1017,99.3,6,1,0,1.605,0.005,-0.0024,25.2648
5172,1310904,504.84,136,1020,99.6,6,1,0,1.711,0.005,0.0008,19.1252
5173,1310904,539.45,137,1024,100.0,6,1,0,0.778,0.005,0.0008,19.1252
5174,1310984,69.8,33,540,52.7,2,0,1,0.202,0.005,0.0008,19.1252
5175,1311480,488.8,269,1024,100.0,6,1,0,0.881,0.005,0.0008,19.1252
5176,1311552,453.89,257,1024,100.0,6,1,0,1.525,0.005,0.0008,19.1252
5177,1311952,464.13,235,1024,100.0,6,1,0,1.289,0.005,0.0008,19.1252
5178,1312168,567.85,158,1024,100.0,6,1,0,0.932,0.005,0.0008,19.1252
5179,1312536,490.48,132,1019,99.5,6,1,0,1.857,0.005,0.0008,19.1252
5180,1312624,447.41,241,1021,99.7,6,1,0,1.664,0.005,0.0008,19.1252
5181,1313008,465.99,263,1020,99.6,6,1,0,1.797,0.005,0.0008,19.1252
5182,1313016,439.23,366,1024,100.0,6,1,0,0.641,0.005,0.0008,19.1252
5183,1313144,487.31,270,1019,99.5,6,1,0,1.746,0.005,0.0008,19.1252
5184,1313240,490.26,134,1017,99.3,6,1,0,1.358,0.005,0.0008,19.1252
5185,1313336,522.54,223,1017,99.3,6,1,0,1.868,0.005,0.0008,19.1252
5186,1313696,531.48,134,1024,100.0,6,1,0,0.752,0.005,0.0008,19.1252
5187,1313840,432.32,236,1020,99.6,6,1,0,1.606,0.005,0.0008,19.1252
5188,1314168,478.82,128,1021,99.7,6,1,0,1.865,0.005,0.0008,19.1252
5189,1314432,443.8,237,1022,99.8,6,1,0,1.699,0.005,0.0008,19.1252
5190,1314824,501.52,141,1016,99.2,6,1,0,1.383,0.005,0.0008,19.1252
5191,1315000,461.82,248,1021,99.7,6,1,0,1.387,0.005,0.0008,19.1252
5192,1315024,446.85,252,1021,99.7,6,1,0,1.721,0.005,0.0008,19.1252
5193,1315160,460.32,228,1024,100.0,6,1,0,0.761,0.005,0.0008,19.1252
5194,1315256,456.18,252,1024,100.0,6,1,0,1.818,0.005,0.0008,19.1252
5195,1315864,453.29,253,1021,99.7,6,1,0,1.876,0.005,0.0008,19.1252
5196,1315880,484.38,132,1020,99.6,6,1,0,1.576,0.005,0.0008,19.1252
5197,1315976,438.69,226,1023,99.9,6,1,0,1.011,0.005,0.0008,19.1252
5198,1316112,513.51,139,1016,99.2,6,1,0,1.387,0.005,0.0008,19.1252
5199,1316336,468.05,238,1024,100.0,6,1,0,0.767,0.005,0.0008,19.1252
5200,1316752,471.15,216,1020,99.6,6,1,0,0.805,0.005,0.0008,19.1252
5201,1317064,527.4,136,1024,100.0,6,1,0,0.719,0.005,0.0008,19.1252
5202,1317112,460.62,232,1024,100.0,6,1,0,0.837,0.005,0.0008,19.1252
5203,1317184,499.46,134,1019,99.5,6,1,0,1.582,0.005,0.0008,19.1252
5204,1317296,471.71,267,1023,99.9,6,1,0,1.822,0.005,0.0008,19.1252
5205,1317776,499.15,237,1024,100.0,6,1,0,1.071,0.005,0.0008,19.1252
5206,1317896,460.74,254,1022,99.8,6,1,0,1.756,0.005,0.0008,19.1252
5207,1318024,50.46,31,504,49.2,1,0,1,0.198,0.005,0.0008,19.1252
5208,1318368,528.21,134,1024,100.0,6,1,0,0.731,0.005,0.0008,19.1252
5209,1318416,457.09,260,1019,99.5,6,1,0,1.752,0.005,0.0008,19.1252
5210,1318496,494.87,218,1024,100.0,6,1,0,0.804,0.005,0.0008,19.1252
5211,1318952,493.5,230,1024,100.0,6,1,0,0.859,0.005,-0.0065,69.7704
5212,1319096,484.6,239,1024,100.0,6,1,0,1.122,0.005,-0.0065,69.7704
5213,1319112,446.48,256,1023,99.9,6,1,0,1.829,0.005,-0.0065,69.7704
5214,1319824,499.03,241,1024,100.0,6,1,0,0.658,0.005,-0.0065,69.7704
5215,1320064,449.16,255,1022,99.8,6,1,0,1.878,0.005,-0.0065,69.7704
5216,1320232,548.25,140,1024,100.0,6,1,0,0.639,0.005,-0.0065,69.7704
5217,1320264,485.73,237,1024,100.0,6,1,0,0.743,0.005,-0.0065,69.7704
5218,1320296,454.94,235,1024,100.0,6,1,0,0.955,0.005,-0.0065,69.7704
5219,1320424,496.37,241,1024,100.0,6,1,0,0.882,0.005,-0.0065,69.7704
5220,1320848,479.03,237,1024,100.0,6,1,0,0.907,0.005,-0.0065,69.7704
5221,1321104,447.69,251,1021,99.7,6,1,0,1.876,0.005,-0.0065,69.7704
5222,1321216,525.16,144,1019,99.5,6,1,0,1.762,0.005,-0.0065,69.7704
5223,1321336,527.89,134,1024,100.0,6,1,0,0.893,0.005,-0.0065,69.7704
5224,1321448,41.44,29,511,49.9,1,0,1,0.182,0.005,-0.0065,69.7704
5225,1321512,561.36,160,1024,100.0,6,1,0,0.727,0.005,-0.0065,69.7704
5226,1321640,538.43,152,1024,100.0,6,1,0,0.696,0.005,-0.0065,69.7704
5227,1321880,461.58,257,1023,99.9,6,1,0,1.817,0.005,-0.0065,69.7704
5228,1322184,489.75,135,1019,99.5,6,1,0,1.591,0.005,-0.0065,69.7704
5229,1322288,446.41,249,1022,99.8,6,1,0,1.818,0.005,-0.0065,69.7704
5230,1322592,573.64,157,1024,100.0,6,1,0,0.725,0.005,-0.0065,69.7704
5231,1322864,462.36,252,1020,99.6,6,1,0,1.75,0.005,-0.0065,69.7704
5232,1323432,449.57,248,1022,99.8,6,1,0,1.707,0.005,-0.0065,69.7704
5233,1323440,476.53,241,1024,100.0,6,1,0,1.032,0.005,-0.0065,69.7704
5234,1323520,477.42,235,1024,100.0,6,1,0,1.411,0.005,-0.0065,69.7704
5235,1323720,441.32,230,1024,100.0,6,1,0,0.959,0.005,-0.0065,69.7704
5236,1323928,530.9,133,1024,100.0,6,1,0,0.962,0.005,-0.0065,69.7704
5237,1324104,462.27,240,1024,100.0,6,1,0,0.991,0.005,-0.0065,69.7704
5238,1324312,440.83,253,1023,99.9,6,1,0,1.672,0.005,-0.0065,69.7704
5239,1324648,463.19,257,1021,99.7,6,1,0,1.477,0.005,-0.0065,69.7704
5240,1324904,287.76,173,921,89.9,5,0,1,0.183,0.005,-0.0065,69.7704
5241,1325304,479.51,234,1024,100.0,6,1,0,1.041,0.005,-0.0065,69.7704
5242,1325384,524.64,134,1024,100.0,6,1,0,0.868,0.005,-0.0065,69.7704
5243,1325536,454.97,262,1022,99.8,6,1,0,1.866,0.005,-0.0065,69.7704
5244,1325560,465.8,230,1024,100.0,6,1,0,0.867,0.005,-0.0065,69.7704
5245,1325736,457.5,226,1024,100.0,6,1,0,0.685,0.005,-0.0065,69.7704
5246,1325952,496.09,231,1024,100.0,6,1,0,1.226,0.005,-0.0065,69.7704
5247,1326368,502.57,133,1024,100.0,6,1,0,1.56,0.005,-0.0065,69.7704
5248,1326632,540.24,134,1024,100.0,6,1,0,1.169,0.005,-0.0065,69.7704
5249,1326696,443.13,256,1020,99.6,6,1,0,1.635,0.005,-0.0065,69.7704
5250,1326832,533.73,137,1024,100.0,6,1,0,0.91,0.005,-0.0065,69.7704
5251,1326848,502.71,243,1024,100.0,6,1,0,0.823,0.005,-0.0065,69.7704
5252,1326920,-17.3,9,413,40.3,1,0,1,0.216,0.005,-0.0065,69.7704
5253,1327480,457.57,262,1020,99.6,6,1,0,1.849,0.005,-0.0035,64.1985
5254,1327552,440.41,252,1020,99.6,6,1,0,1.75,0.005,-0.0035,64.1985
5255,1327832,444.05,235,1024,100.0,6,1,0,0.668,0.005,-0.0035,64.1985
5256,1328272,469.45,205,1020,99.6,6,1,0,1.606,0.005,-0.0035,64.1985
5257,1328424,453.5,257,1020,99.6,6,1,0,1.822,0.005,-0.0035,64.1985
5258,1328712,425.29,252,1019,99.5,6,1,0,1.442,0.005,-0.0035,64.1985
5259,1328800,464.13,235,1024,100.0,6,1,0,1.322,0.005,-0.0035,64.1985
5260,1328984,510.16,144,1018,99.4,6,1,0,1.573,0.005,-0.0035,64.1985
5261,1329336,446.78,232,1024,100.0,6,1,0,0.797,0.005,-0.0035,64.1985
5262,1329376,490.72,228,1024,100.0,6,1,0,1.081,0.005,-0.0035,64.1985
5263,1329432,462.55,325,1024,100.0,6,1,0,1.698,0.005,-0.0035,64.1985
5264,1329432,521.85,145,1019,99.5,6,1,0,1.639,0.005,-0.0035,64.1985
5265,1329816,531.1,138,1024,100.0,6,1,0,0.742,0.005,-0.0035,64.1985
5266,1330216,448.36,224,1024,100.0,6,1,0,0.773,0.005,-0.0035,64.1985
5267,1330400,483.97,133,1020,99.6,6,1,0,1.744,0.005,-0.0035,64.1985
5268,1330520,538.63,136,1024,100.0,6,1,0,0.586,0.005,-0.0035,64.1985
5269,1330632,453.4,229,1024,100.0,6,1,0,0.862,0.005,-0.0035,64.1985
5270,1331000,464.85,252,1021,99.7,6,1,0,1.877,0.005,-0.0035,64.1985
5271,1331296,494.39,233,1024,100.0,6,1,0,0.985,0.005,-0.0035,64.1985
5272,1331400,448.83,253,1022,99.8,6,1,0,1.521,0.005,-0.0035,64.1985
5273,1331712,524.99,135,1024,100.0,6,1,0,0.687,0.005,-0.0035,64.1985
5274,1331824,446.8,251,1024,100.0,6,1,0,1.482,0.005,-0.0035,64.1985
5275,1332240,441.3,230,1023,99.9,6,1,0,0.919,0.005,-0.0035,64.1985
5276,1332240,441.48,253,1020,99.6,6,1,0,1.859,0.005,-0.0035,64.1985
5277,1332520,468.36,250,1021,99.7,6,1,0,1.778,0.005,-0.0035,64.1985
5278,1332800,465.79,225,1024,100.0,6,1,0,1.114,0.005,-0.0035,64.1985
5279,1332912,543.37,136,1024,100.0,6,1,0,0.768,0.005,-0.0035,64.1985
5280,1333128,475.11,229,1024,100.0,6,1,0,1.109,0.005,-0.0035,64.1985
5281,1333304,442.12,238,1024,100.0,6,1,0,1.791,0.005,-0.0035,64.1985
5282,1333392,551.12,144,1024,100.0,6,1,0,0.701,0.005,-0.0035,64.1985
5283,1333696,452.47,248,1023,99.9,6,1,0,1.601,0.005,-0.0035,64.1985
5284,1334000,480.84,136,1018,99.4,6,1,0,1.868,0.005,-0.0035,64.1985
5285,1334288,455.52,256,1018,99.4,6,1,0,1.4,0.005,-0.0035,64.1985
5286,1334392,426.22,234,1020,99.6,6,1,0,1.758,0.005,-0.0035,64.1985
5287,1334744,516.47,131,1024,100.0,6,1,0,0.694,0.005,-0.0035,64.1985
5288,1334832,452.01,254,1020,99.6,6,1,0,1.581,0.005,-0.0035,64.1985
5289,1335040,458.44,239,1024,100.0,6,1,0,1.637,0.005,-0.0035,64.1985
5290,1335152,513.16,144,1016,99.2,6,1,0,1.761,0.005,-0.0035,64.1985
5291,1335240,464.43,242,1024,100.0,6,1,0,1.828,0.005,-0.0035,64.1985
5292,1335360,441.4,246,1024,100.0,6,1,0,1.603,0.005,-0.0048,24.425
5293,1336368,473.0,260,1018,99.4,6,1,0,1.679,0.005,-0.0048,24.425
5294,1336392,440.64,250,1022,99.8,6,1,0,1.876,0.005,-0.0048,24.425
5295,1336528,463.27,223,1024,100.0,6,1,0,1.063,0.005,-0.0048,24.425
5296,1336696,490.09,233,1024,100.0,6,1,0,0.708,0.005,-0.0048,24.425
5297,1337096,464.1,257,1021,99.7,6,1,0,1.87,0.005,-0.0048,24.425
5298,1337128,444.37,247,1022,99.8,6,1,0,1.875,0.005,-0.0048,24.425
5299,1337248,440.26,251,1023,99.9,6,1,0,1.862,0.005,-0.0048,24.425
5300,1337368,440.45,251,1021,99.7,6,1,0,1.759,0.005,-0.0048,24.425
5301,1337448,490.58,132,1023,99.9,6,1,0,1.648,0.005,-0.0048,24.425
5302,1337680,545.1,144,1024,100.0,6,1,0,0.671,0.005,-0.0048,24.425
5303,1337792,493.33,137,1018,99.4,6,1,0,1.845,0.005,-0.0048,24.425
5304,1338208,533.52,135,1024,100.0,6,1,0,0.723,0.005,-0.0048,24.425
5305,1338400,443.99,254,1019,99.5,6,1,0,1.732,0.005,-0.0048,24.425
5306,1339000,461.22,238,1024,100.0,6,1,0,0.96,0.005,-0.0048,24.425
5307,1339224,457.34,232,1024,100.0,6,1,0,0.871,0.005,-0.0048,24.425
5308,1339312,461.05,258,1019,99.5,6,1,0,1.743,0.005,-0.0048,24.425
5309,1339392,440.19,243,1021,99.7,6,1,0,1.431,0.005,-0.0048,24.425
5310,1339456,493.18,132,1019,99.5,6,1,0,1.702,0.005,-0.0048,24.425
5311,1339480,462.45,225,1023,99.9,6,1,0,0.902,0.005,-0.0048,24.425
5312,1339560,479.24,221,1024,100.0,6,1,0,0.796,0.005,-0.0048,24.425
5313,1340040,496.6,130,1023,99.9,6,1,0,1.495,0.005,-0.0048,24.425
5314,1340080,481.54,234,1024,100.0,6,1,0,0.957,0.005,-0.0048,24.425
5315,1340240,466.53,127,1022,99.8,6,1,0,1.83,0.005,-0.0048,24.425
5316,1340480,507.94,136,1019,99.5,6,1,0,1.803,0.005,-0.0048,24.425
5317,1340512,530.95,132,1024,100.0,6,1,0,1.103,0.005,-0.0048,24.425
5318,1340624,492.97,133,1019,99.5,6,1,0,1.879,0.005,-0.0048,24.425
5319,1341128,501.94,136,1020,99.6,6,1,0,1.752,0.005,-0.0048,24.425
5320,1341360,462.89,235,1021,99.7,6,1,0,1.083,0.005,-0.0048,24.425
5321,1341552,490.5,130,1021,99.7,6,1,0,1.828,0.005,-0.0048,24.425
5322,1341680,457.75,296,1024,100.0,6,1,0,0.959,0.005,-0.0048,24.425
5323,1341864,491.44,223,1024,100.0,6,1,0,0.829,0.005,-0.0048,24.425
5324,1342232,429.51,219,1024,100.0,6,1,0,0.853,0.005,-0.0048,24.425
5325,1342240,456.7,250,1024,100.0,6,1,0,1.834,0.005,-0.0048,24.425
5326,1342408,456.22,223,1023,99.9,6,1,0,0.823,0.005,-0.0048,24.425
5327,1342408,496.19,131,1021,99.7,6,1,0,1.684,0.005,-0.0048,24.425
5328,1342760,500.49,151,1022,99.8,6,1,0,1.663,0.005,-0.0048,24.425
5329,1342992,44.31,29,505,49.3,1,0,1,0.172,0.005,-0.0048,24.425
5330,1343176,461.58,256,1024,100.0,6,1,0,1.831,0.005,-0.0048,24.425
5331,1343328,527.64,136,1024,100.0,6,1,0,0.667,0.005,-0.0048,24.425
5332,1343448,482.23,221,1024,100.0,6,1,0,0.716,0.005,-0.0048,24.425
5333,1343472,543.2,133,1024,100.0,6,1,0,0.928,0.005,-0.0048,24.425
5334,1343728,469.31,233,1024,100.0,6,1,0,1.086,0.005,-0.0048,51.8689
5335,1344280,448.3,256,1022,99.8,6,1,0,1.726,0.005,-0.0048,51.8689
5336,1344400,504.76,134,1020,99.6,6,1,0,1.838,0.005,-0.0048,51.8689
5337,1344416,459.02,251,1024,100.0,6,1,0,1.706,0.005,-0.0048,51.8689
5338,1344648,477.64,207,1024,100.0,6,1,0,0.768,0.005,-0.0048,51.8689
5339,1345160,469.74,248,1024,100.0,6,1,0,1.457,0.005,-0.0048,51.8689
5340,1345272,462.82,228,1023,99.9,6,1,0,1.255,0.005,-0.0048,51.8689
5341,1345376,460.02,238,1024,100.0,6,1,0,1.319,0.005,-0.0048,51.8689
5342,1345424,492.07,143,1018,99.4,6,1,0,1.821,0.005,-0.0048,51.8689
5343,1345496,492.83,137,1018,99.4,6,1,0,1.723,0.005,-0.0048,51.8689
5344,1345592,535.87,147,1024,100.0,6,1,0,0.667,0.005,-0.0048,51.8689
5345,1345672,453.58,243,1021,99.7,6,1,0,1.65,0.005,-0.0048,51.8689
5346,1346504,531.08,135,1024,100.0,6,1,0,0.847,0.005,-0.0048,51.8689
5347,1346544,451.31,237,1024,100.0,6,1,0,1.009,0.005,-0.0048,51.8689
5348,1346584,496.04,136,1017,99.3,6,1,0,1.826,0.005,-0.0048,51.8689
5349,1347056,484.6,237,1024,100.0,6,1,0,1.143,0.005,-0.0048,51.8689
5350,1347360,455.96,248,1020,99.6,6,1,0,1.691,0.005,-0.0048,51.8689
5351,1347360,487.94,261,1020,99.6,6,1,0,1.748,0.005,-0.0048,51.8689
5352,1347440,430.63,231,1019,99.5,6,1,0,1.784,0.005,-0.0048,51.8689
5353,1347672,453.5,250,1021,99.7,6,1,0,1.79,0.005,-0.0048,51.8689
5354,1348176,535.73,140,1024,100.0,6,1,0,0.82,0.005,-0.0048,51.8689
5355,1348296,482.07,219,1024,100.0,6,1,0,1.073,0.005,-0.0048,51.8689
5356,1348568,559.54,151,1024,100.0,6,1,0,0.895,0.005,-0.0048,51.8689
5357,1348568,453.83,258,1017,99.3,6,1,0,1.704,0.005,-0.0048,51.8689
5358,1348688,453.91,263,1019,99.5,6,1,0,1.811,0.005,-0.0048,51.8689
5359,1348744,527.82,134,1024,100.0,6,1,0,1.269,0.005,-0.0048,51.8689
5360,1349152,441.41,224,1024,100.0,6,1,0,0.839,0.005,-0.0048,51.8689
5361,1349328,226.05,95,862,84.2,3,0,1,0.148,0.005,-0.0048,51.8689
5362,1349768,463.99,291,1024,100.0,6,1,0,1.052,0.005,-0.0048,51.8689
5363,1349944,533.5,150,1019,99.5,6,1,0,1.874,0.005,-0.0048,51.8689
5364,1349960,451.07,223,1024,100.0,6,1,0,0.848,0.005,-0.0048,51.8689
5365,1350200,457.09,238,1017,99.3,6,1,0,1.308,0.005,-0.0048,51.8689
5366,1350640,464.01,259,1024,100.0,6,1,0,1.642,0.005,-0.0048,51.8689
5367,1350728,448.24,255,1020,99.6,6,1,0,1.642,0.005,-0.0048,51.8689
5368,1350872,492.58,215,1024,100.0,6,1,0,0.721,0.005,-0.0048,51.8689
5369,1350952,38.73,28,636,62.1,1,0,1,0.202,0.005,-0.0048,51.8689
5370,1350976,484.93,127,1018,99.4,6,1,0,1.746,0.005,-0.0048,51.8689
5371,1351176,461.79,231,1024,100.0,6,1,0,0.966,0.005,-0.0048,51.8689
5372,1351416,541.34,152,1024,100.0,6,1,0,0.847,0.005,-0.0048,51.8689
5373,1351520,457.3,219,1022,99.8,6,1,0,1.006,0.005,-0.0048,51.8689
5374,1351944,453.14,250,1020,99.6,6,1,0,1.683,0.005,-0.0035,49.6262
5375,1352440,484.82,128,1021,99.7,6,1,0,1.712,0.005,-0.0035,49.6262
5376,1352632,443.88,249,1023,99.9,6,1,0,1.798,0.005,-0.0035,49.6262
5377,1352728,451.52,219,1023,99.9,6,1,0,0.839,0.005,-0.0035,49.6262
5378,1352808,456.5,232,1024,100.0,6,1,0,0.959,0.005,-0.0035,49.6262
5379,1352880,436.41,251,1022,99.8,6,1,0,1.253,0.005,-0.0035,49.6262
5380,1353016,521.11,134,1024,100.0,6,1,0,0.734,0.005,-0.0035,49.6262
5381,1353232,463.66,257,1021,99.7,6,1,0,1.868,0.005,-0.0035,49.6262
5382,1353392,483.56,234,1024,100.0,6,1,0,1.466,0.005,-0.0035,49.6262
5383,1353960,528.18,135,1024,100.0,6,1,0,0.721,0.005,-0.0035,49.6262
5384,1354504,448.96,234,1024,100.0,6,1,0,1.317,0.005,-0.0035,49.6262
5385,1354512,430.55,259,1020,99.6,6,1,0,1.592,0.005,-0.0035,49.6262
5386,1354704,449.96,237,1024,100.0,6,1,0,1.297,0.005,-0.0035,49.6262
5387,1354712,447.98,248,1020,99.6,6,1,0,1.563,0.005,-0.0035,49.6262
5388,1354736,462.15,215,1024,100.0,6,1,0,1.02,0.005,-0.0035,49.6262
5389,1355088,459.64,232,1024,100.0,6,1,0,0.719,0.005,-0.0035,49.6262
5390,1355400,453.87,251,1020,99.6,6,1,0,1.846,0.005,-0.0035,49.6262
5391,1355584,499.06,134,1019,99.5,6,1,0,1.447,0.005,-0.0035,49.6262
5392,1355784,534.31,134,1024,100.0,6,1,0,0.885,0.005,-0.0035,49.6262
5393,1355840,509.98,142,1019,99.5,6,1,0,1.365,0.005,-0.0035,49.6262
5394,1355864,473.62,238,1024,100.0,6,1,0,0.981,0.005,-0.0035,49.6262
5395,1356536,455.26,254,1024,100.0,6,1,0,1.587,0.005,-0.0035,49.6262
5396,1356544,475.47,226,1022,99.8,6,1,0,0.815,0.005,-0.0035,49.6262
5397,1356656,511.56,134,1020,99.6,6,1,0,1.839,0.005,-0.0035,49.6262
5398,1356872,536.72,136,1024,100.0,6,1,0,0.722,0.005,-0.0035,49.6262
5399,1356920,442.11,229,1024,100.0,6,1,0,1.324,0.005,-0.0035,49.6262
5400,1357288,471.57,236,1024,100.0,6,1,0,0.75,0.005,-0.0035,49.6262
5401,1357672,539.23,141,1024,100.0,6,1,0,0.744,0.005,-0.0035,49.6262
5402,1357824,464.57,248,1020,99.6,6,1,0,1.765,0.005,-0.0035,49.6262
5403,1357832,434.27,246,1021,99.7,6,1,0,1.648,0.005,-0.0035,49.6262
5404,1357856,533.6,150,1020,99.6,6,1,0,1.476,0.005,-0.0035,49.6262
5405,1357976,487.28,132,1021,99.7,6,1,0,1.883,0.005,-0.0035,49.6262
5406,1358400,495.61,139,1018,99.4,6,1,0,1.826,0.005,-0.0035,49.6262
5407,1358488,431.9,244,1024,100.0,6,1,0,1.56,0.005,-0.0035,49.6262
5408,1358704,453.44,229,1024,100.0,6,1,0,0.81,0.005,-0.0035,49.6262
5409,1358976,545.29,140,1024,100.0,6,1,0,0.687,0.005,-0.0035,49.6262
5410,1359688,469.7,252,1024,100.0,6,1,0,1.067,0.005,-0.0035,49.6262
5411,1359808,456.31,229,1024,100.0,6,1,0,0.905,0.005,-0.0035,49.6262
5412,1359832,443.72,250,1021,99.7,6,1,0,1.788,0.005,-0.0035,49.6262
5413,1359984,467.85,270,1022,99.8,6,1,0,1.809,0.005,-0.0022,22.0343
5414,1360120,480.48,215,1024,100.0,6,1,0,1.047,0.005,-0.0022,22.0343
5415,1360528,439.72,255,1019,99.5,6,1,0,1.834,0.005,-0.0022,22.0343
5416,1360736,458.85,254,1023,99.9,6,1,0,1.757,0.005,-0.0022,22.0343
5417,1360744,490.08,132,1020,99.6,6,1,0,1.841,0.005,-0.0022,22.0343
5418,1360904,496.66,134,1020,99.6,6,1,0,1.633,0.005,-0.0022,22.0343
5419,1360960,434.6,248,1022,99.8,6,1,0,1.731,0.005,-0.0022,22.0343
5420,1361584,510.55,132,1024,100.0,6,1,0,0.648,0.005,-0.0022,22.0343
5421,1361736,469.44,241,1020,99.6,6,1,0,1.698,0.005,-0.0022,22.0343
5422,1361888,493.31,238,1024,100.0,6,1,0,0.897,0.005,-0.0022,22.0343
5423,1362032,457.0,239,1024,100.0,6,1,0,0.807,0.005,-0.0022,22.0343
5424,1362624,487.4,130,1019,99.5,6,1,0,1.904,0.005,-0.0022,22.0343
5425,1362656,492.69,240,1024,100.0,6,1,0,0.8,0.005,-0.0022,22.0343
5426,1362720,456.61,247,1022,99.8,6,1,0,1.673,0.005,-0.0022,22.0343
5427,1362808,495.66,134,1020,99.6,6,1,0,1.85,0.005,-0.0022,22.0343
5428,1362936,440.72,254,1024,100.0,6,1,0,1.608,0.005,-0.0022,22.0343
5429,1362976,462.35,252,1024,100.0,6,1,0,1.582,0.005,-0.0022,22.0343
5430,1363704,525.68,131,1024,100.0,6,1,0,1.016,0.005,-0.0022,22.0343
5431,1363784,493.37,133,1019,99.5,6,1,0,1.744,0.005,-0.0022,22.0343
5432,1363880,431.88,249,1022,99.8,6,1,0,1.886,0.005,-0.0022,22.0343
5433,1363888,417.45,232,1024,100.0,6,1,0,0.658,0.005,-0.0022,22.0343
5434,1364464,455.62,230,1024,100.0,6,1,0,0.71,0.005,-0.0022,22.0343
5435,1364640,432.61,229,1024,100.0,6,1,0,0.795,0.005,-0.0022,22.0343
5436,1364768,496.27,133,1018,99.4,6,1,0,1.519,0.005,-0.0022,22.0343
5437,1364840,478.28,132,1020,99.6,6,1,0,1.801,0.005,-0.0022,22.0343
5438,1364920,437.44,248,1020,99.6,6,1,0,1.765,0.005,-0.0022,22.0343
5439,1364944,489.97,133,1019,99.5,6,1,0,1.738,0.005,-0.0022,22.0343
5440,1364960,449.59,248,1023,99.9,6,1,0,1.56,0.005,-0.0022,22.0343
5441,1365848,527.61,135,1024,100.0,6,1,0,0.828,0.005,-0.0022,22.0343
5442,1365896,452.4,251,1024,100.0,6,1,0,1.534,0.005,-0.0022,22.0343
5443,1366056,507.61,139,1018,99.4,6,1,0,1.892,0.005,-0.0022,22.0343
5444,1366400,435.54,242,1022,99.8,6,1,0,1.84,0.005,-0.0022,22.0343
5445,1366544,436.3,238,1021,99.7,6,1,0,1.811,0.005,-0.0022,22.0343
5446,1366816,447.13,247,1020,99.6,6,1,0,1.231,0.005,-0.0022,22.0343
5447,1366952,458.83,254,1023,99.9,6,1,0,1.764,0.005,-0.0022,22.0343
5448,1367352,454.68,299,1020,99.6,6,1,0,1.639,0.005,-0.0022,22.0343
5449,1367664,498.3,140,1018,99.4,6,1,0,1.608,0.005,-0.0022,22.0343
5450,1367664,486.88,221,1023,99.9,6,1,0,0.96,0.005,-0.0022,22.0343
5451,1367704,453.68,232,1024,100.0,6,1,0,1.114,0.005,-0.0022,22.0343
5452,1367832,436.11,222,1023,99.9,6,1,0,0.889,0.005,-0.0022,22.0343
5453,1368272,438.91,234,1023,99.9,6,1,0,1.736,0.005,-0.0031,17.047
5454,1368632,457.33,227,1023,99.9,6,1,0,0.794,0.005,-0.0031,17.047
5455,1368776,490.51,228,1024,100.0,6,1,0,0.722,0.005,-0.0031,17.047
5456,1368880,550.01,152,1024,100.0,6,1,0,0.918,0.005,-0.0031,17.047
5457,1369216,444.87,233,1024,100.0,6,1,0,0.976,0.005,-0.0031,17.047
5458,1369400,533.44,141,1024,100.0,6,1,0,0.871,0.005,-0.0031,17.047
5459,1369512,450.19,231,1024,100.0,6,1,0,0.737,0.005,-0.0031,17.047
5460,1369672,496.05,230,1024,100.0,6,1,0,1.079,0.005,-0.0031,17.047
5461,1369712,440.2,251,1020,99.6,6,1,0,1.76,0.005,-0.0031,17.047
5462,1369744,498.81,139,1018,99.4,6,1,0,1.585,0.005,-0.0031,17.047
5463,1369864,533.86,136,1024,100.0,6,1,0,0.564,0.005,-0.0031,17.047
5464,1369952,528.62,134,1024,100.0,6,1,0,0.637,0.005,-0.0031,17.047
5465,1370440,511.15,130,1024,100.0,6,1,0,0.912,0.005,-0.0031,17.047
5466,1370576,528.11,133,1024,100.0,6,1,0,0.736,0.005,-0.0031,17.047
5467,1370728,493.2,132,1019,99.5,6,1,0,1.593,0.005,-0.0031,17.047
5468,1371056,458.6,230,1024,100.0,6,1,0,1.037,0.005,-0.0031,17.047
5469,1371704,441.96,245,1022,99.8,6,1,0,1.889,0.005,-0.0031,17.047
5470,1371792,465.48,260,1018,99.4,6,1,0,1.803,0.005,-0.0031,17.047
5471,1371960,457.04,262,1021,99.7,6,1,0,1.79,0.005,-0.0031,17.047
5472,1372000,460.95,256,1024,100.0,6,1,0,1.706,0.005,-0.0031,17.047
5473,1372296,468.0,232,1024,100.0,6,1,0,1.14,0.005,-0.0031,17.047
5474,1372584,445.86,251,1023,99.9,6,1,0,1.864,0.005,-0.0031,17.047
5475,1372728,425.94,250,1021,99.7,6,1,0,1.752,0.005,-0.0031,17.047
5476,1372824,457.99,221,1024,100.0,6,1,0,1.121,0.005,-0.0031,17.047
5477,1373552,489.54,220,1024,100.0,6,1,0,0.927,0.005,-0.0031,17.047
5478,1373688,454.2,248,1022,99.8,6,1,0,1.456,0.005,-0.0031,17.047
5479,1373984,476.88,248,1024,100.0,6,1,0,0.7,0.005,-0.0031,17.047
5480,1374040,457.3,260,1019,99.5,6,1,0,1.747,0.005,-0.0031,17.047
5481,1374256,448.02,245,1021,99.7,6,1,0,1.683,0.005,-0.0031,17.047
5482,1374568,489.5,230,1024,100.0,6,1,0,1.186,0.005,-0.0031,17.047
5483,1374592,447.39,221,1021,99.7,6,1,0,0.769,0.005,-0.0031,17.047
5484,1374624,473.56,255,1021,99.7,6,1,0,1.874,0.005,-0.0031,17.047
5485,1374720,490.31,129,1019,99.5,6,1,0,1.857,0.005,-0.0031,17.047
5486,1375304,477.65,219,1024,100.0,6,1,0,0.807,0.005,-0.0031,17.047
5487,1375608,484.4,130,1019,99.5,6,1,0,1.395,0.005,-0.0031,17.047
5488,1375672,490.39,131,1018,99.4,6,1,0,1.321,0.005,-0.0031,17.047
5489,1375704,453.28,215,1022,99.8,6,1,0,1.127,0.005,-0.0031,17.047
5490,1375784,528.63,133,1024,100.0,6,1,0,0.798,0.005,-0.0031,17.047
5491,1376032,449.28,249,1020,99.6,6,1,0,1.774,0.005,-0.0031,17.047
5492,1376112,495.17,232,1024,100.0,6,1,0,0.841,0.005,-0.0031,17.047
5493,1376576,447.1,248,1019,99.5,6,1,0,1.641,0.005,-0.002,20.0175
5494,1376760,505.24,136,1017,99.3,6,1,0,1.59,0.005,-0.002,20.0175
5495,1377144,490.51,129,1019,99.5,6,1,0,1.428,0.005,-0.002,20.0175
5496,1377288,441.73,248,1022,99.8,6,1,0,1.759,0.005,-0.002,20.0175
5497,1377600,459.1,249,1024,100.0,6,1,0,1.76,0.005,-0.002,20.0175
5498,1377712,474.07,251,1020,99.6,6,1,0,1.874,0.005,-0.002,20.0175
5499,1377752,465.29,246,1022,99.8,6,1,0,1.593,0.005,-0.002,20.0175
5500,1377992,447.98,245,1022,99.8,6,1,0,1.477,0.005,-0.002,20.0175
5501,1378376,453.55,225,1022,99.8,6,1,0,0.798,0.005,-0.002,20.0175
5502,1378608,446.03,231,1017,99.3,6,1,0,1.664,0.005,-0.002,20.0175
5503,1379080,435.92,242,1024,100.0,6,1,0,1.482,0.005,-0.002,20.0175
5504,1379232,450.53,243,1021,99.7,6,1,0,1.676,0.005,-0.002,20.0175
5505,1379392,471.63,224,1024,100.0,6,1,0,0.858,0.005,-0.002,20.0175
5506,1379432,467.35,210,1024,100.0,6,1,0,0.939,0.005,-0.002,20.0175
5507,1379448,466.04,217,1024,100.0,6,1,0,0.871,0.005,-0.002,20.0175
5508,1379544,562.59,146,1024,100.0,6,1,0,0.672,0.005,-0.002,20.0175
5509,1379640,478.51,129,1021,99.7,6,1,0,1.829,0.005,-0.002,20.0175
5510,1379744,483.37,219,1024,100.0,6,1,0,0.828,0.005,-0.002,20.0175
5511,1380280,516.27,131,1024,100.0,6,1,0,1.227,0.005,-0.002,20.0175
5512,1380984,433.89,238,1024,100.0,6,1,0,1.756,0.005,-0.002,20.0175
5513,1381216,441.61,223,1024,100.0,6,1,0,0.855,0.005,-0.002,20.0175
5514,1381352,450.4,245,1021,99.7,6,1,0,1.671,0.005,-0.002,20.0175
5515,1381432,441.78,248,1021,99.7,6,1,0,1.584,0.005,-0.002,20.0175
5516,1381536,422.42,224,1018,99.4,6,1,0,1.567,0.005,-0.002,20.0175
5517,1381544,453.2,250,1021,99.7,6,1,0,1.736,0.005,-0.002,20.0175
5518,1381736,465.57,262,1018,99.4,6,1,0,1.895,0.005,-0.002,20.0175
5519,1382008,500.39,216,1024,100.0,6,1,0,0.852,0.005,-0.002,20.0175
5520,1382456,524.56,138,1024,100.0,6,1,0,0.675,0.005,-0.002,20.0175
5521,1382592,519.16,131,1024,100.0,6,1,0,0.662,0.005,-0.002,20.0175
5522,1383048,466.29,258,1023,99.9,6,1,0,1.627,0.005,-0.002,20.0175
5523,1383072,528.46,133,1024,100.0,6,1,0,0.896,0.005,-0.002,20.0175
5524,1383104,503.37,236,1024,100.0,6,1,0,0.721,0.005,-0.002,20.0175
5525,1383296,463.56,233,1024,100.0,6,1,0,0.759,0.005,-0.002,20.0175
5526,1383512,456.04,247,1022,99.8,6,1,0,1.878,0.005,-0.002,20.0175
5527,1383696,459.51,245,1022,99.8,6,1,0,1.758,0.005,-0.002,20.0175
5528,1383880,5.39,23,215,21.0,1,0,1,0.202,0.005,-0.002,20.0175
5529,1384112,525.81,133,1024,100.0,6,1,0,0.718,0.005,-0.002,20.0175
5530,1384344,449.74,236,1024,100.0,6,1,0,0.988,0.005,-0.002,20.0175
5531,1384624,467.54,254,1021,99.7,6,1,0,1.573,0.005,-0.0054,22.8549
5532,1385008,438.27,242,1024,100.0,6,1,0,1.881,0.005,-0.0054,22.8549
5533,1385032,456.86,241,1022,99.8,6,1,0,1.625,0.005,-0.0054,22.8549
5534,1385240,449.92,243,1022,99.8,6,1,0,1.7,0.005,-0.0054,22.8549
5535,1385280,441.49,221,1024,100.0,6,1,0,0.883,0.005,-0.0054,22.8549
5536,1385376,499.41,129,1020,99.6,6,1,0,1.84,0.005,-0.0054,22.8549
5537,1385928,476.43,256,1021,99.7,6,1,0,1.618,0.005,-0.0054,22.8549
5538,1386048,420.25,242,1021,99.7,6,1,0,1.713,0.005,-0.0054,22.8549
5539,1386072,531.28,133,1024,100.0,6,1,0,0.946,0.005,-0.0054,22.8549
5540,1386608,450.19,248,1019,99.5,6,1,0,1.548,0.005,-0.0054,22.8549
5541,1387024,431.05,249,1020,99.6,6,1,0,1.874,0.005,-0.0054,22.8549
5542,1387128,437.56,231,1024,100.0,6,1,0,0.99,0.005,-0.0054,22.8549
5543,1387176,460.63,242,1022,99.8,6,1,0,1.87,0.005,-0.0054,22.8549
5544,1387440,472.52,258,1019,99.5,6,1,0,1.874,0.005,-0.0054,22.8549
5545,1387816,436.76,221,1024,100.0,6,1,0,0.806,0.005,-0.0054,22.8549
5546,1387872,437.85,243,1022,99.8,6,1,0,1.758,0.005,-0.0054,22.8549
5547,1388000,435.25,241,1022,99.8,6,1,0,1.568,0.005,-0.0054,22.8549
5548,1388088,59.13,34,511,49.9,1,0,1,0.175,0.005,-0.0054,22.8549
5549,1388256,534.12,135,1024,100.0,6,1,0,0.636,0.005,-0.0054,22.8549
5550,1388472,472.99,233,1024,100.0,6,1,0,1.132,0.005,-0.0054,22.8549
5551,1388864,476.6,230,1024,100.0,6,1,0,0.86,0.005,-0.0054,22.8549
5552,1389024,481.02,128,1021,99.7,6,1,0,1.821,0.005,-0.0054,22.8549
5553,1389096,444.01,246,1020,99.6,6,1,0,1.886,0.005,-0.0054,22.8549
5554,1389104,553.1,154,1024,100.0,6,1,0,0.756,0.005,-0.0054,22.8549
5555,1389368,463.06,241,1022,99.8,6,1,0,1.702,0.005,-0.0054,22.8549
5556,1390144,445.42,257,1021,99.7,6,1,0,1.735,0.005,-0.0054,22.8549
5557,1390184,441.93,241,1021,99.7,6,1,0,1.397,0.005,-0.0054,22.8549
5558,1390200,505.12,138,1015,99.1,6,1,0,1.393,0.005,-0.0054,22.8549
5559,1390336,450.47,233,1024,100.0,6,1,0,0.788,0.005,-0.0054,22.8549
5560,1390424,496.68,132,1020,99.6,6,1,0,1.869,0.005,-0.0054,22.8549
5561,1390640,438.98,222,1023,99.9,6,1,0,0.731,0.005,-0.0054,22.8549
5562,1390840,459.51,227,1024,100.0,6,1,0,0.722,0.005,-0.0054,22.8549
5563,1390968,435.88,233,1018,99.4,6,1,0,1.739,0.005,-0.0054,22.8549
5564,1391184,478.75,125,1020,99.6,6,1,0,1.854,0.005,-0.0054,22.8549
5565,1391272,469.56,134,1019,99.5,6,1,0,1.893,0.005,-0.0054,22.8549
5566,1391344,481.84,126,1020,99.6,6,1,0,1.715,0.005,-0.0054,22.8549
5567,1391536,504.61,139,1017,99.3,6,1,0,1.847,0.005,-0.0054,22.8549
5568,1391696,522.36,132,1024,100.0,6,1,0,0.777,0.005,-0.0054,22.8549
5569,1391880,522.61,130,1024,100.0,6,1,0,0.969,0.005,-0.0054,22.8549
5570,1392080,508.21,139,1019,99.5,6,1,0,1.784,0.005,-0.0054,22.8549
5571,1392152,436.8,251,1023,99.9,6,1,0,1.519,0.005,-0.0054,22.8549
5572,1392312,493.7,130,1019,99.5,6,1,0,1.79,0.005,-0.0054,22.8549
5573,1392376,88.06,37,638,62.3,2,0,1,0.198,0.005,-0.0054,22.8549
5574,1392408,481.07,133,1019,99.5,6,1,0,1.895,0.005,-0.0054,22.8549
5575,1392984,444.83,225,1023,99.9,6,1,0,0.732,0.005,-0.0043,56.3795
5576,1393008,542.47,141,1024,100.0,6,1,0,0.929,0.005,-0.0043,56.3795
5577,1393360,481.67,228,1024,100.0,6,1,0,0.838,0.005,-0.0043,56.3795
5578,1393368,550.52,152,1024,100.0,6,1,0,0.755,0.005,-0.0043,56.3795
5579,1393384,475.74,126,1020,99.6,6,1,0,1.75,0.005,-0.0043,56.3795
5580,1393464,444.59,221,1023,99.9,6,1,0,0.982,0.005,-0.0043,56.3795
5581,1394016,459.41,213,1024,100.0,6,1,0,0.715,0.005,-0.0043,56.3795
5582,1394224,426.34,227,1016,99.2,6,1,0,1.551,0.005,-0.0043,56.3795
5583,1394408,487.52,131,1017,99.3,6,1,0,1.563,0.005,-0.0043,56.3795
5584,1394912,472.68,238,1021,99.7,6,1,0,1.557,0.005,-0.0043,56.3795
5585,1395080,482.08,262,1018,99.4,6,1,0,1.77,0.005,-0.0043,56.3795
5586,1395120,443.21,219,1023,99.9,6,1,0,0.956,0.005,-0.0043,56.3795
5587,1395304,475.3,240,1024,100.0,6,1,0,1.15,0.005,-0.0043,56.3795
5588,1395400,473.06,124,1023,99.9,6,1,0,1.816,0.005,-0.0043,56.3795
5589,1395432,450.78,246,1019,99.5,6,1,0,1.735,0.005,-0.0043,56.3795
5590,1395840,460.42,228,1024,100.0,6,1,0,0.834,0.005,-0.0043,56.3795
5591,1396152,481.61,129,1020,99.6,6,1,0,1.879,0.005,-0.0043,56.3795
5592,1396456,524.98,132,1024,100.0,6,1,0,0.873,0.005,-0.0043,56.3795
5593,1396608,451.15,298,1024,100.0,6,1,0,1.632,0.005,-0.0043,56.3795
5594,1396752,471.83,230,1024,100.0,6,1,0,0.721,0.005,-0.0043,56.3795
5595,1396824,456.78,218,1023,99.9,6,1,0,0.992,0.005,-0.0043,56.3795
5596,1397296,437.94,249,1022,99.8,6,1,0,1.867,0.005,-0.0043,56.3795
5597,1397352,433.08,240,1022,99.8,6,1,0,1.77,0.005,-0.0043,56.3795
5598,1397552,521.14,137,1024,100.0,6,1,0,0.797,0.005,-0.0043,56.3795
5599,1397600,463.9,220,1022,99.8,6,1,0,0.981,0.005,-0.0043,56.3795
5600,1397640,484.91,129,1021,99.7,6,1,0,1.618,0.005,-0.0043,56.3795
5601,1398136,456.62,248,1023,99.9,6,1,0,1.833,0.005,-0.0043,56.3795
5602,1398432,541.88,142,1024,100.0,6,1,0,0.66,0.005,-0.0043,56.3795
5603,1398480,480.16,216,1022,99.8,6,1,0,1.116,0.005,-0.0043,56.3795
5604,1398624,522.26,134,1024,100.0,6,1,0,0.776,0.005,-0.0043,56.3795
5605,1398656,427.66,229,1018,99.4,6,1,0,1.882,0.005,-0.0043,56.3795
5606,1398664,519.86,128,1024,100.0,6,1,0,0.837,0.005,-0.0043,56.3795
5607,1399096,485.86,218,1023,99.9,6,1,0,0.8,0.005,-0.0043,56.3795
5608,1399576,439.91,247,1022,99.8,6,1,0,1.805,0.005,-0.0043,56.3795
5609,1399584,531.26,144,1014,99.0,6,1,0,1.5,0.005,-0.0043,56.3795
5610,1399680,475.63,127,1019,99.5,6,1,0,1.875,0.005,-0.0043,56.3795
5611,1399920,429.06,223,1017,99.3,6,1,0,1.786,0.005,-0.0043,56.3795
5612,1400192,501.93,137,1018,99.4,6,1,0,1.634,0.005,-0.0043,56.3795
5613,1400272,443.66,224,1024,100.0,6,1,0,0.793,0.005,-0.0043,56.3795
5614,1400432,448.64,226,1024,100.0,6,1,0,1.167,0.005,-0.0043,56.3795
5615,1400584,467.14,126,1021,99.7,6,1,0,1.853,0.005,-0.0043,56.3795
5616,1400760,472.93,263,1019,99.5,6,1,0,1.746,0.005,-0.0043,56.3795
5617,1400952,478.61,129,1019,99.5,6,1,0,1.64,0.005,-0.0052,23.6345
5618,1401264,470.06,124,1021,99.7,6,1,0,1.846,0.005,-0.0052,23.6345
5619,1401448,467.44,233,1023,99.9,6,1,0,0.646,0.005,-0.0052,23.6345
5620,1401488,525.56,132,1024,100.0,6,1,0,0.686,0.005,-0.0052,23.6345
5621,1401624,429.13,243,1021,99.7,6,1,0,1.373,0.005,-0.0052,23.6345
5622,1401976,466.52,128,1020,99.6,6,1,0,1.62,0.005,-0.0052,23.6345
5623,1402312,450.26,194,1022,99.8,6,1,0,1.746,0.005,-0.0052,23.6345
5624,1402536,496.29,131,1019,99.5,6,1,0,1.855,0.005,-0.0052,23.6345
5625,1402656,471.87,259,1020,99.6,6,1,0,1.637,0.005,-0.0052,23.6345
5626,1402736,536.47,139,1024,100.0,6,1,0,0.624,0.005,-0.0052,23.6345
5627,1402768,449.74,322,1023,99.9,6,1,0,1.777,0.005,-0.0052,23.6345
5628,1403048,503.98,134,1024,100.0,6,1,0,0.653,0.005,-0.0052,23.6345
5629,1403096,486.29,229,1024,100.0,6,1,0,0.822,0.005,-0.0052,23.6345
5630,1403232,221.04,87,852,83.2,3,0,1,0.204,0.005,-0.0052,23.6345
5631,1403408,429.68,245,1021,99.7,6,1,0,1.831,0.005,-0.0052,23.6345
5632,1403712,499.08,132,1019,99.5,6,1,0,1.588,0.005,-0.0052,23.6345
5633,1404320,465.2,251,1020,99.6,6,1,0,1.472,0.005,-0.0052,23.6345
5634,1404488,451.11,215,1023,99.9,6,1,0,0.819,0.005,-0.0052,23.6345
5635,1404712,460.07,247,1020,99.6,6,1,0,1.316,0.005,-0.0052,23.6345
5636,1404920,458.35,234,1022,99.8,6,1,0,1.416,0.005,-0.0052,23.6345
5637,1405008,432.88,239,1023,99.9,6,1,0,1.416,0.005,-0.0052,23.6345
5638,1405160,438.71,219,1021,99.7,6,1,0,0.93,0.005,-0.0052,23.6345
5639,1405320,475.31,261,1018,99.4,6,1,0,1.831,0.005,-0.0052,23.6345
5640,1405584,539.92,137,1024,100.0,6,1,0,0.631,0.005,-0.0052,23.6345
5641,1405592,439.32,235,1022,99.8,6,1,0,1.805,0.005,-0.0052,23.6345
5642,1405752,493.7,130,1019,99.5,6,1,0,1.471,0.005,-0.0052,23.6345
5643,1406040,492.44,215,1024,100.0,6,1,0,0.763,0.005,-0.0052,23.6345
5644,1406352,478.41,129,1021,99.7,6,1,0,1.71,0.005,-0.0052,23.6345
5645,1406784,418.68,222,1024,100.0,6,1,0,0.711,0.005,-0.0052,23.6345
5646,1406840,493.86,240,1024,100.0,6,1,0,0.612,0.005,-0.0052,23.6345
5647,1407160,448.49,250,1023,99.9,6,1,0,1.347,0.005,-0.0052,23.6345
5648,1407392,451.94,226,1024,100.0,6,1,0,0.758,0.005,-0.0052,23.6345
5649,1407544,435.52,244,1022,99.8,6,1,0,1.534,0.005,-0.0052,23.6345
5650,1407672,457.91,240,1021,99.7,6,1,0,1.641,0.005,-0.0052,23.6345
5651,1408008,485.7,246,1024,100.0,6,1,0,0.761,0.005,-0.0052,23.6345
5652,1408296,466.36,243,1024,100.0,6,1,0,0.867,0.005,-0.0052,23.6345
5653,1408520,447.78,217,1024,100.0,6,1,0,0.782,0.005,-0.0052,23.6345
5654,1408600,528.3,132,1024,100.0,6,1,0,0.635,0.005,-0.0052,23.6345
5655,1408624,463.88,223,1022,99.8,6,1,0,0.758,0.005,-0.0052,23.6345
5656,1409080,484.16,134,1019,99.5,6,1,0,1.825,0.005,-0.0029,26.9931
5657,1409144,441.37,248,1021,99.7,6,1,0,1.607,0.005,-0.0029,26.9931
5658,1409224,444.51,229,1024,100.0,6,1,0,0.779,0.005,-0.0029,26.9931
5659,1409376,533.87,135,1024,100.0,6,1,0,0.683,0.005,-0.0029,26.9931
5660,1409624,527.38,138,1024,100.0,6,1,0,0.865,0.005,-0.0029,26.9931
5661,1409632,432.31,245,1022,99.8,6,1,0,1.853,0.005,-0.0029,26.9931
5662,1409824,-3.63,24,199,19.4,1,0,1,0.128,0.005,-0.0029,26.9931
5663,1410384,218.05,95,848,82.8,3,0,1,0.233,0.005,-0.0029,26.9931
5664,1410432,478.38,226,1024,100.0,6,1,0,0.832,0.005,-0.0029,26.9931
5665,1410456,450.05,232,1024,100.0,6,1,0,0.668,0.005,-0.0029,26.9931
5666,1410504,-22.64,6,405,39.6,1,0,1,0.159,0.005,-0.0029,26.9931
5667,1410936,532.48,139,1024,100.0,6,1,0,0.786,0.005,-0.0029,26.9931
5668,1410952,448.1,216,1024,100.0,6,1,0,0.808,0.005,-0.0029,26.9931
5669,1411080,437.91,250,1023,99.9,6,1,0,1.565,0.005,-0.0029,26.9931
5670,1411224,470.35,260,1021,99.7,6,1,0,1.825,0.005,-0.0029,26.9931
5671,1411312,439.46,242,1023,99.9,6,1,0,1.444,0.005,-0.0029,26.9931
5672,1411488,504.82,138,1017,99.3,6,1,0,1.501,0.005,-0.0029,26.9931
5673,1411552,306.3,131,902,88.1,5,0,1,0.086,0.005,-0.0029,26.9931
5674,1412464,468.12,254,1020,99.6,6,1,0,1.88,0.005,-0.0029,26.9931
5675,1412640,493.34,136,1018,99.4,6,1,0,1.853,0.005,-0.0029,26.9931
5676,1412768,461.23,227,1024,100.0,6,1,0,0.799,0.005,-0.0029,26.9931
5677,1412768,457.1,211,1024,100.0,6,1,0,0.824,0.005,-0.0029,26.9931
5678,1412816,479.23,235,1024,100.0,6,1,0,0.745,0.005,-0.0029,26.9931
5679,1412904,448.16,210,1024,100.0,6,1,0,0.715,0.005,-0.0029,26.9931
5680,1413040,453.83,216,1024,100.0,6,1,0,0.657,0.005,-0.0029,26.9931
5681,1413248,446.8,220,1023,99.9,6,1,0,0.694,0.005,-0.0029,26.9931
5682,1413736,508.23,137,1019,99.5,6,1,0,1.834,0.005,-0.0029,26.9931
5683,1413920,487.83,127,1019,99.5,6,1,0,1.692,0.005,-0.0029,26.9931
5684,1414072,481.51,129,1021,99.7,6,1,0,1.786,0.005,-0.0029,26.9931
5685,1414528,472.05,258,1020,99.6,6,1,0,1.77,0.005,-0.0029,26.9931
5686,1414616,463.39,231,1024,100.0,6,1,0,0.805,0.005,-0.0029,26.9931
5687,1414728,441.31,245,1021,99.7,6,1,0,1.652,0.005,-0.0029,26.9931
5688,1414776,454.06,245,1021,99.7,6,1,0,1.681,0.005,-0.0029,26.9931
5689,1415248,450.38,250,1020,99.6,6,1,0,1.608,0.005,-0.0029,26.9931
5690,1415560,465.49,228,1024,100.0,6,1,0,0.747,0.005,-0.0029,26.9931
5691,1415680,468.33,220,1024,100.0,6,1,0,0.835,0.005,-0.0029,26.9931
5692,1415792,489.99,133,1019,99.5,6,1,0,1.794,0.005,-0.0029,26.9931
5693,1415824,454.4,219,1024,100.0,6,1,0,0.843,0.005,-0.0029,26.9931
5694,1415944,12.25,19,234,22.9,1,0,1,0.193,0.005,-0.0029,26.9931
5695,1416456,459.5,210,1024,100.0,6,1,0,0.794,0.005,-0.0029,26.9931
5696,1416576,454.36,256,1019,99.5,6,1,0,1.827,0.005,-0.0029,26.9931
5697,1416584,454.18,246,1022,99.8,6,1,0,1.485,0.005,-0.0029,26.9931
5698,1417160,454.84,239,1023,99.9,6,1,0,1.625,0.005,-0.0029,26.9931
5699,1417512,462.81,244,1023,99.9,6,1,0,1.844,0.005,-0.0059,65.6616
5700,1417656,441.12,247,1021,99.7,6,1,0,1.827,0.005,-0.0059,65.6616
5701,1417728,467.29,238,1023,99.9,6,1,0,0.73,0.005,-0.0059,65.6616
5702,1418288,454.36,213,1021,99.7,6,1,0,0.71,0.005,-0.0059,65.6616
5703,1418320,447.67,233,1024,100.0,6,1,0,0.753,0.005,-0.0059,65.6616
5704,1418352,467.46,301,1019,99.5,6,1,0,1.569,0.005,-0.0059,65.6616
5705,1418480,456.97,238,1021,99.7,6,1,0,1.472,0.005,-0.0059,65.6616
5706,1418560,522.75,131,1024,100.0,6,1,0,0.764,0.005,-0.0059,65.6616
5707,1418696,9.32,17,235,22.9,1,0,1,0.164,0.005,-0.0059,65.6616
5708,1419088,450.88,241,1023,99.9,6,1,0,1.75,0.005,-0.0059,65.6616
5709,1419536,476.15,235,1024,100.0,6,1,0,0.974,0.005,-0.0059,65.6616
5710,1419576,441.81,231,1017,99.3,6,1,0,1.816,0.005,-0.0059,65.6616
5711,1419752,519.46,132,1024,100.0,6,1,0,0.781,0.005,-0.0059,65.6616
5712,1420088,445.2,221,1024,100.0,6,1,0,0.633,0.005,-0.0059,65.6616
5713,1420128,462.12,230,1019,99.5,6,1,0,1.624,0.005,-0.0059,65.6616
5714,1420320,459.64,246,1021,99.7,6,1,0,1.761,0.005,-0.0059,65.6616
5715,1420376,453.83,237,1022,99.8,6,1,0,1.446,0.005,-0.0059,65.6616
5716,1420736,547.96,145,1024,100.0,6,1,0,0.676,0.005,-0.0059,65.6616
5717,1421112,467.99,253,1020,99.6,6,1,0,1.723,0.005,-0.0059,65.6616
5718,1421440,422.88,238,1023,99.9,6,1,0,1.858,0.005,-0.0059,65.6616
5719,1421632,436.27,235,1021,99.7,6,1,0,1.868,0.005,-0.0059,65.6616
5720,1422064,465.83,247,1021,99.7,6,1,0,1.695,0.005,-0.0059,65.6616
5721,1422080,457.19,244,1022,99.8,6,1,0,1.624,0.005,-0.0059,65.6616
5722,1422192,539.8,135,1024,100.0,6,1,0,0.61,0.005,-0.0059,65.6616
5723,1422208,436.09,236,1020,99.6,6,1,0,1.862,0.005,-0.0059,65.6616
5724,1422456,454.52,260,1018,99.4,6,1,0,1.845,0.005,-0.0059,65.6616
5725,1422464,455.58,216,1024,100.0,6,1,0,0.997,0.005,-0.0059,65.6616
5726,1422688,524.84,132,1024,100.0,6,1,0,0.716,0.005,-0.0059,65.6616
5727,1423416,472.0,247,1021,99.7,6,1,0,1.637,0.005,-0.0059,65.6616
5728,1423784,471.37,215,1021,99.7,6,1,0,0.752,0.005,-0.0059,65.6616
5729,1423824,445.32,218,1023,99.9,6,1,0,0.713,0.005,-0.0059,65.6616
5730,1423968,459.12,222,1024,100.0,6,1,0,1.056,0.005,-0.0059,65.6616
5731,1424224,455.44,252,1020,99.6,6,1,0,1.656,0.005,-0.0059,65.6616
5732,1424336,461.24,235,1024,100.0,6,1,0,0.89,0.005,-0.0059,65.6616
5733,1424384,439.26,240,1021,99.7,6,1,0,1.863,0.005,-0.0059,65.6616
5734,1424528,6.12,18,237,23.1,1,0,1,0.178,0.005,-0.0059,65.6616
5735,1424856,478.71,129,1019,99.5,6,1,0,1.773,0.005,-0.0059,65.6616
5736,1425024,519.29,132,1024,100.0,6,1,0,0.947,0.005,-0.0059,65.6616
5737,1425048,476.67,295,1024,100.0,6,1,0,0.792,0.005,-0.0059,65.6616
5738,1425472,472.6,257,1022,99.8,6,1,0,1.743,0.005,-0.0077,68.5896
5739,1425584,475.44,225,1023,99.9,6,1,0,0.753,0.005,-0.0077,68.5896
5740,1426040,462.47,227,1024,100.0,6,1,0,1.329,0.005,-0.0077,68.5896
5741,1426312,430.59,247,1022,99.8,6,1,0,1.792,0.005,-0.0077,68.5896
5742,1426384,463.67,232,1024,100.0,6,1,0,0.836,0.005,-0.0077,68.5896
5743,1426584,539.73,139,1024,100.0,6,1,0,0.692,0.005,-0.0077,68.5896
5744,1426824,466.63,246,1022,99.8,6,1,0,1.876,0.005,-0.0077,68.5896
5745,1427000,420.52,247,1021,99.7,6,1,0,1.664,0.005,-0.0077,68.5896
5746,1427088,461.32,255,1018,99.4,6,1,0,1.56,0.005,-0.0077,68.5896
5747,1427472,495.74,136,1016,99.2,6,1,0,1.504,0.005,-0.0077,68.5896
5748,1427864,490.6,130,1019,99.5,6,1,0,1.558,0.005,-0.0077,68.5896
5749,1427992,447.44,244,1022,99.8,6,1,0,1.838,0.005,-0.0077,68.5896
5750,1427992,473.7,210,1023,99.9,6,1,0,0.762,0.005,-0.0077,68.5896
5751,1428488,452.36,363,1022,99.8,6,1,0,1.842,0.005,-0.0077,68.5896
5752,1428520,519.57,131,1024,100.0,6,1,0,0.763,0.005,-0.0077,68.5896
5753,1428576,459.21,249,1020,99.6,6,1,0,1.681,0.005,-0.0077,68.5896
5754,1428928,483.97,133,1017,99.3,6,1,0,1.606,0.005,-0.0077,68.5896
5755,1428928,471.6,230,1023,99.9,6,1,0,0.736,0.005,-0.0077,68.5896
5756,1429040,478.59,131,1021,99.7,6,1,0,1.814,0.005,-0.0077,68.5896
5757,1429480,456.89,310,1023,99.9,6,1,0,1.527,0.005,-0.0077,68.5896
5758,1429584,445.0,199,1021,99.7,6,1,0,0.683,0.005,-0.0077,68.5896
5759,1429624,481.19,131,1019,99.5,6,1,0,1.697,0.005,-0.0077,68.5896
5760,1429976,481.09,131,1018,99.4,6,1,0,1.742,0.005,-0.0077,68.5896
5761,1430304,433.92,227,1024,100.0,6,1,0,0.732,0.005,-0.0077,68.5896
5762,1430448,460.43,241,1022,99.8,6,1,0,1.372,0.005,-0.0077,68.5896
5763,1430696,559.03,152,1024,100.0,6,1,0,0.766,0.005,-0.0077,68.5896
5764,1430816,467.18,222,1024,100.0,6,1,0,0.807,0.005,-0.0077,68.5896
5765,1430984,465.18,257,1020,99.6,6,1,0,1.793,0.005,-0.0077,68.5896
5766,1431520,430.15,242,1023,99.9,6,1,0,1.227,0.005,-0.0077,68.5896
5767,1431600,460.05,247,1022,99.8,6,1,0,1.799,0.005,-0.0077,68.5896
5768,1431608,551.13,145,1024,100.0,6,1,0,0.619,0.005,-0.0077,68.5896
5769,1431880,492.87,133,1019,99.5,6,1,0,1.726,0.005,-0.0077,68.5896
5770,1431880,550.79,148,1024,100.0,6,1,0,0.608,0.005,-0.0077,68.5896
5771,1432128,481.82,269,1019,99.5,6,1,0,1.674,0.005,-0.0077,68.5896
5772,1432184,451.4,235,1021,99.7,6,1,0,1.49,0.005,-0.0077,68.5896
5773,1432584,502.07,133,1018,99.4,6,1,0,1.57,0.005,-0.0077,68.5896
5774,1432672,530.77,134,1024,100.0,6,1,0,0.799,0.005,-0.0077,68.5896
5775,1433056,453.97,259,1018,99.4,6,1,0,1.772,0.005,-0.0077,68.5896
5776,1433592,459.35,248,1022,99.8,6,1,0,1.411,0.005,-0.0077,68.5896
5777,1433608,446.61,216,1023,99.9,6,1,0,0.715,0.005,-0.0032,29.7014
5778,1433768,454.25,236,1022,99.8,6,1,0,1.652,0.005,-0.0032,29.7014
5779,1433896,455.69,221,1024,100.0,6,1,0,0.88,0.005,-0.0032,29.7014
5780,1434136,490.4,244,1024,100.0,6,1,0,0.684,0.005,-0.0032,29.7014
5781,1434424,461.88,230,1024,100.0,6,1,0,0.665,0.005,-0.0032,29.7014
5782,1434664,444.95,249,1023,99.9,6,1,0,1.547,0.005,-0.0032,29.7014
5783,1434824,469.99,221,1023,99.9,6,1,0,0.852,0.005,-0.0032,29.7014
5784,1435224,530.66,136,1024,100.0,6,1,0,0.899,0.005,-0.0032,29.7014
5785,1435272,477.8,210,1021,99.7,6,1,0,0.801,0.005,-0.0032,29.7014
5786,1435576,472.01,226,1022,99.8,6,1,0,0.769,0.005,-0.0032,29.7014
5787,1435624,452.74,252,1021,99.7,6,1,0,1.653,0.005,-0.0032,29.7014
5788,1435672,460.53,222,1024,100.0,6,1,0,0.773,0.005,-0.0032,29.7014
5789,1435752,496.24,136,1018,99.4,6,1,0,1.72,0.005,-0.0032,29.7014
5790,1436328,522.54,132,1024,100.0,6,1,0,1.042,0.005,-0.0032,29.7014
5791,1436480,451.74,257,1020,99.6,6,1,0,1.735,0.005,-0.0032,29.7014
5792,1436792,443.85,246,1020,99.6,6,1,0,1.407,0.005,-0.0032,29.7014
5793,1436816,547.28,149,1024,100.0,6,1,0,0.904,0.005,-0.0032,29.7014
5794,1437056,476.9,229,1024,100.0,6,1,0,0.762,0.005,-0.0032,29.7014
5795,1437616,463.19,255,1022,99.8,6,1,0,1.276,0.005,-0.0032,29.7014
5796,1437664,462.58,239,1024,100.0,6,1,0,1.037,0.005,-0.0032,29.7014
5797,1437800,475.64,126,1021,99.7,6,1,0,1.829,0.005,-0.0032,29.7014
5798,1438144,481.62,208,1021,99.7,6,1,0,1.68,0.005,-0.0032,29.7014
5799,1438144,461.75,309,1022,99.8,6,1,0,1.87,0.005,-0.0032,29.7014
5800,1438320,453.31,249,1022,99.8,6,1,0,1.419,0.005,-0.0032,29.7014
5801,1438656,472.3,130,1021,99.7,6,1,0,1.806,0.005,-0.0032,29.7014
5802,1438800,433.48,248,1019,99.5,6,1,0,1.311,0.005,-0.0032,29.7014
5803,1439352,446.28,287,1024,100.0,6,1,0,0.686,0.005,-0.0032,29.7014
5804,1439448,453.72,223,1024,100.0,6,1,0,0.724,0.005,-0.0032,29.7014
5805,1439584,457.77,223,1023,99.9,6,1,0,0.936,0.005,-0.0032,29.7014
5806,1439656,470.15,125,1021,99.7,6,1,0,1.79,0.005,-0.0032,29.7014
5807,1439984,485.82,230,1024,100.0,6,1,0,0.669,0.005,-0.0032,29.7014
5808,1440032,480.95,236,1024,100.0,6,1,0,0.658,0.005,-0.0032,29.7014
5809,1440168,467.99,231,1024,100.0,6,1,0,0.779,0.005,-0.0032,29.7014
5810,1440704,478.89,131,1018,99.4,6,1,0,1.828,0.005,-0.0032,29.7014
5811,1440816,477.08,252,1020,99.6,6,1,0,1.87,0.005,-0.0032,29.7014
5812,1441048,522.41,133,1024,100.0,6,1,0,0.801,0.005,-0.0032,29.7014
5813,1441160,465.35,214,1022,99.8,6,1,0,0.837,0.005,-0.0032,29.7014
5814,1441168,447.52,227,1023,99.9,6,1,0,0.717,0.005,-0.0032,29.7014
5815,1441504,433.16,240,1022,99.8,6,1,0,1.649,0.005,-0.0032,29.7014
5816,1441760,528.68,132,1024,100.0,6,1,0,0.859,0.005,-0.0032,29.7014
5817,1441968,435.61,242,1023,99.9,6,1,0,1.605,0.005,-0.0012,24.9356
5818,1442120,456.84,244,1023,99.9,6,1,0,1.595,0.005,-0.0012,24.9356
5819,1442128,499.25,135,1017,99.3,6,1,0,1.854,0.005,-0.0012,24.9356
5820,1442632,554.92,141,1024,100.0,6,1,0,0.735,0.005,-0.0012,24.9356
5821,1442640,453.12,228,1024,100.0,6,1,0,1.006,0.005,-0.0012,24.9356
5822,1443192,455.71,253,1021,99.7,6,1,0,1.846,0.005,-0.0012,24.9356
5823,1443232,548.15,139,1024,100.0,6,1,0,0.739,0.005,-0.0012,24.9356
5824,1443312,460.73,269,1017,99.3,6,1,0,1.513,0.005,-0.0012,24.9356
5825,1443776,533.39,142,1024,100.0,6,1,0,0.691,0.005,-0.0012,24.9356
5826,1443808,438.8,230,1024,100.0,6,1,0,0.8,0.005,-0.0012,24.9356
5827,1444056,457.95,287,1024,100.0,6,1,0,0.765,0.005,-0.0012,24.9356
5828,1444080,465.7,244,1024,100.0,6,1,0,1.786,0.005,-0.0012,24.9356
5829,1444256,525.62,133,1024,100.0,6,1,0,0.715,0.005,-0.0012,24.9356
5830,1444320,457.54,126,1021,99.7,6,1,0,1.484,0.005,-0.0012,24.9356
5831,1444704,490.93,259,1019,99.5,6,1,0,1.814,0.005,-0.0012,24.9356
5832,1444776,502.2,125,1024,100.0,6,1,0,1.143,0.005,-0.0012,24.9356
5833,1444880,528.27,134,1024,100.0,6,1,0,0.88,0.005,-0.0012,24.9356
5834,1445056,478.69,228,1024,100.0,6,1,0,1.108,0.005,-0.0012,24.9356
5835,1445872,456.73,227,1024,100.0,6,1,0,0.955,0.005,-0.0012,24.9356
5836,1445928,505.19,131,1020,99.6,6,1,0,1.779,0.005,-0.0012,24.9356
5837,1446048,444.57,246,1022,99.8,6,1,0,1.833,0.005,-0.0012,24.9356
5838,1446112,481.28,132,1020,99.6,6,1,0,1.683,0.005,-0.0012,24.9356
5839,1446216,454.66,245,1022,99.8,6,1,0,1.628,0.005,-0.0012,24.9356
5840,1446768,469.16,306,1020,99.6,6,1,0,1.692,0.005,-0.0012,24.9356
5841,1446768,487.66,258,1020,99.6,6,1,0,1.722,0.005,-0.0012,24.9356
5842,1447072,445.16,287,1024,100.0,6,1,0,0.773,0.005,-0.0012,24.9356
5843,1447592,467.09,215,1024,100.0,6,1,0,1.009,0.005,-0.0012,24.9356
5844,1447672,453.82,218,1024,100.0,6,1,0,0.818,0.005,-0.0012,24.9356
5845,1447888,445.63,230,1018,99.4,6,1,0,1.576,0.005,-0.0012,24.9356
5846,1447944,449.22,216,1023,99.9,6,1,0,0.734,0.005,-0.0012,24.9356
5847,1447960,469.82,231,1024,100.0,6,1,0,0.859,0.005,-0.0012,24.9356
5848,1448200,545.02,141,1024,100.0,6,1,0,0.735,0.005,-0.0012,24.9356
5849,1448664,460.73,237,1023,99.9,6,1,0,1.64,0.005,-0.0012,24.9356
5850,1448752,462.97,248,1020,99.6,6,1,0,1.758,0.005,-0.0012,24.9356
5851,1448936,469.19,131,1018,99.4,6,1,0,1.516,0.005,-0.0012,24.9356
5852,1449560,450.42,246,1021,99.7,6,1,0,1.49,0.005,-0.0012,24.9356
5853,1449680,453.09,251,1021,99.7,6,1,0,1.499,0.005,-0.0012,24.9356
5854,1449856,442.43,237,1024,100.0,6,1,0,0.863,0.005,-0.0012,24.9356
5855,1449960,490.72,128,1018,99.4,6,1,0,1.739,0.005,-0.0012,24.9356
5856,1449968,461.03,253,1023,99.9,6,1,0,1.783,0.005,-0.0012,24.9356
5857,1450208,459.26,251,1020,99.6,6,1,0,1.568,0.005,0.0009,19.5446
5858,1450544,472.91,235,1024,100.0,6,1,0,0.762,0.005,0.0009,19.5446
5859,1450624,511.17,133,1021,99.7,6,1,0,1.776,0.005,0.0009,19.5446
5860,1450664,481.78,239,1024,100.0,6,1,0,0.836,0.005,0.0009,19.5446
5861,1451464,458.6,157,1024,100.0,6,1,0,0.866,0.005,0.0009,19.5446
5862,1451680,490.58,132,1020,99.6,6,1,0,1.869,0.005,0.0009,19.5446
5863,1451704,486.19,231,1024,100.0,6,1,0,0.976,0.005,0.0009,19.5446
5864,1451720,461.72,255,1019,99.5,6,1,0,1.652,0.005,0.0009,19.5446
5865,1451752,451.04,223,1024,100.0,6,1,0,0.933,0.005,0.0009,19.5446
5866,1452024,481.69,258,1022,99.8,6,1,0,1.868,0.005,0.0009,19.5446
5867,1452488,457.24,243,1021,99.7,6,1,0,1.82,0.005,0.0009,19.5446
5868,1452608,542.26,143,1024,100.0,6,1,0,0.922,0.005,0.0009,19.5446
5869,1452680,441.18,252,1022,99.8,6,1,0,1.741,0.005,0.0009,19.5446
5870,1452744,481.3,130,1019,99.5,6,1,0,1.838,0.005,0.0009,19.5446
5871,1452912,551.17,145,1024,100.0,6,1,0,0.631,0.005,0.0009,19.5446
5872,1453704,456.72,248,1022,99.8,6,1,0,1.628,0.005,0.0009,19.5446
5873,1453936,462.58,282,1024,100.0,6,1,0,0.791,0.005,0.0009,19.5446
5874,1454008,452.91,248,1022,99.8,6,1,0,1.718,0.005,0.0009,19.5446
5875,1454496,506.01,227,1024,100.0,6,1,0,0.882,0.005,0.0009,19.5446
5876,1454520,484.16,239,1024,100.0,6,1,0,0.718,0.005,0.0009,19.5446
5877,1454528,463.7,255,1020,99.6,6,1,0,1.795,0.005,0.0009,19.5446
5878,1454952,461.65,255,1021,99.7,6,1,0,1.813,0.005,0.0009,19.5446
5879,1455008,493.06,134,1023,99.9,6,1,0,1.875,0.005,0.0009,19.5446
5880,1455040,487.61,129,1020,99.6,6,1,0,1.827,0.005,0.0009,19.5446
5881,1455064,458.12,290,1019,99.5,6,1,0,0.705,0.005,0.0009,19.5446
5882,1455560,519.85,129,1024,100.0,6,1,0,0.736,0.005,0.0009,19.5446
5883,1455576,456.84,234,1024,100.0,6,1,0,0.679,0.005,0.0009,19.5446
5884,1456104,525.55,133,1024,100.0,6,1,0,0.836,0.005,0.0009,19.5446
5885,1456320,458.43,228,1024,100.0,6,1,0,0.818,0.005,0.0009,19.5446
5886,1456536,449.53,252,1020,99.6,6,1,0,1.7,0.005,0.0009,19.5446
5887,1456600,490.4,130,1020,99.6,6,1,0,1.863,0.005,0.0009,19.5446
5888,1456656,508.05,135,1020,99.6,6,1,0,1.732,0.005,0.0009,19.5446
5889,1456784,462.71,229,1024,100.0,6,1,0,0.974,0.005,0.0009,19.5446
5890,1456816,425.56,226,1021,99.7,6,1,0,1.475,0.005,0.0009,19.5446
5891,1457464,454.16,300,1021,99.7,6,1,0,1.437,0.005,0.0009,19.5446
5892,1457600,493.47,133,1018,99.4,6,1,0,1.863,0.005,0.0009,19.5446
5893,1457832,465.76,216,1024,100.0,6,1,0,0.949,0.005,0.0009,19.5446
5894,1458192,479.64,234,1024,100.0,6,1,0,0.984,0.005,-0.0034,25.058
5895,1458424,456.5,228,1024,100.0,6,1,0,0.74,0.005,-0.0034,25.058
5896,1458544,465.96,236,1024,100.0,6,1,0,0.776,0.005,-0.0034,25.058
5897,1458600,439.17,223,1024,100.0,6,1,0,1.027,0.005,-0.0034,25.058
5898,1458608,446.92,228,1024,100.0,6,1,0,0.907,0.005,-0.0034,25.058
5899,1458904,528.7,134,1024,100.0,6,1,0,0.643,0.005,-0.0034,25.058
5900,1459240,484.49,131,1019,99.5,6,1,0,1.812,0.005,-0.0034,25.058
5901,1459264,485.02,225,1023,99.9,6,1,0,0.564,0.005,-0.0034,25.058
5902,1459528,498.82,138,1018,99.4,6,1,0,1.805,0.005,-0.0034,25.058
5903,1459600,484.38,132,1018,99.4,6,1,0,1.885,0.005,-0.0034,25.058
5904,1459608,469.84,126,1021,99.7,6,1,0,1.79,0.005,-0.0034,25.058
5905,1459856,463.23,282,1024,100.0,6,1,0,0.884,0.005,-0.0034,25.058
5906,1460528,495.3,240,1024,100.0,6,1,0,1.159,0.005,-0.0034,25.058
5907,1460624,469.83,127,1020,99.6,6,1,0,1.803,0.005,-0.0034,25.058
5908,1460736,460.01,229,1023,99.9,6,1,0,1.084,0.005,-0.0034,25.058
5909,1461200,445.02,245,1024,100.0,6,1,0,1.706,0.005,-0.0034,25.058
5910,1461232,450.97,246,1022,99.8,6,1,0,1.828,0.005,-0.0034,25.058
5911,1461584,470.78,257,1020,99.6,6,1,0,1.803,0.005,-0.0034,25.058
5912,1461816,487.9,277,1024,100.0,6,1,0,0.999,0.005,-0.0034,25.058
5913,1461856,462.7,250,1020,99.6,6,1,0,1.84,0.005,-0.0034,25.058
5914,1462512,443.69,236,1022,99.8,6,1,0,1.375,0.005,-0.0034,25.058
5915,1462608,478.13,260,1019,99.5,6,1,0,1.794,0.005,-0.0034,25.058
5916,1462664,530.72,135,1024,100.0,6,1,0,0.791,0.005,-0.0034,25.058
5917,1462720,453.75,248,1021,99.7,6,1,0,1.774,0.005,-0.0034,25.058
5918,1462928,489.96,134,1018,99.4,6,1,0,1.458,0.005,-0.0034,25.058
5919,1463032,469.87,225,1023,99.9,6,1,0,0.882,0.005,-0.0034,25.058
5920,1463200,462.72,250,1024,100.0,6,1,0,1.707,0.005,-0.0034,25.058
5921,1463648,455.81,229,1024,100.0,6,1,0,0.883,0.005,-0.0034,25.058
5922,1464144,533.12,139,1024,100.0,6,1,0,0.601,0.005,-0.0034,25.058
5923,1464432,448.08,240,1023,99.9,6,1,0,1.8,0.005,-0.0034,25.058
5924,1464472,481.66,233,1024,100.0,6,1,0,0.767,0.005,-0.0034,25.058
5925,1464552,490.95,236,1024,100.0,6,1,0,0.927,0.005,-0.0034,25.058
5926,1464640,448.24,240,1021,99.7,6,1,0,1.858,0.005,-0.0034,25.058
5927,1464776,465.59,231,1024,100.0,6,1,0,0.77,0.005,-0.0034,25.058
5928,1465216,446.09,252,1021,99.7,6,1,0,1.816,0.005,-0.0034,25.058
5929,1465488,513.67,132,1024,100.0,6,1,0,1.212,0.005,-0.0034,25.058
5930,1465728,510.43,147,1019,99.5,6,1,0,1.893,0.005,-0.0034,25.058
5931,1465760,493.59,264,1018,99.4,6,1,0,1.797,0.005,-0.0034,25.058
5932,1465808,481.31,129,1021,99.7,6,1,0,1.662,0.005,-0.0034,25.058
5933,1465984,481.27,230,1024,100.0,6,1,0,0.848,0.005,-0.0034,25.058
5934,1466472,479.65,229,1024,100.0,6,1,0,0.751,0.005,-0.0027,20.4882
5935,1466480,449.98,251,1021,99.7,6,1,0,1.886,0.005,-0.0027,20.4882
5936,1466776,472.13,127,1020,99.6,6,1,0,1.772,0.005,-0.0027,20.4882
5937,1467440,454.31,278,1024,100.0,6,1,0,0.776,0.005,-0.0027,20.4882
5938,1467504,487.11,129,1023,99.9,6,1,0,1.665,0.005,-0.0027,20.4882
5939,1467544,522.16,133,1024,100.0,6,1,0,0.851,0.005,-0.0027,20.4882
5940,1467608,483.63,235,1024,100.0,6,1,0,0.803,0.005,-0.0027,20.4882
5941,1467656,464.26,231,1024,100.0,6,1,0,0.705,0.005,-0.0027,20.4882
5942,1467840,487.17,133,1020,99.6,6,1,0,1.831,0.005,-0.0027,20.4882
5943,1467912,463.67,241,1024,100.0,6,1,0,1.675,0.005,-0.0027,20.4882
5944,1468112,450.89,328,1022,99.8,6,1,0,1.818,0.005,-0.0027,20.4882
5945,1468648,487.0,130,1021,99.7,6,1,0,1.818,0.005,-0.0027,20.4882
5946,1469160,471.6,215,1024,100.0,6,1,0,0.628,0.005,-0.0027,20.4882
5947,1469456,450.71,244,1023,99.9,6,1,0,1.826,0.005,-0.0027,20.4882
5948,1469472,441.63,241,1022,99.8,6,1,0,1.846,0.005,-0.0027,20.4882
5949,1469536,469.35,235,1024,100.0,6,1,0,0.796,0.005,-0.0027,20.4882
5950,1469752,448.22,230,1018,99.4,6,1,0,1.766,0.005,-0.0027,20.4882
5951,1469984,472.9,234,1024,100.0,6,1,0,0.794,0.005,-0.0027,20.4882
5952,1470144,451.5,288,1024,100.0,6,1,0,0.791,0.005,-0.0027,20.4882
5953,1470464,449.92,227,1024,100.0,6,1,0,0.728,0.005,-0.0027,20.4882
5954,1471064,530.84,135,1024,100.0,6,1,0,0.7,0.005,-0.0027,20.4882
5955,1471088,440.06,241,1020,99.6,6,1,0,1.579,0.005,-0.0027,20.4882
5956,1471184,475.4,130,1021,99.7,6,1,0,1.887,0.005,-0.0027,20.4882
5957,1471304,468.11,229,1024,100.0,6,1,0,0.911,0.005,-0.0027,20.4882
5958,1471328,490.22,224,1024,100.0,6,1,0,1.041,0.005,-0.0027,20.4882
5959,1471456,459.3,250,1022,99.8,6,1,0,1.724,0.005,-0.0027,20.4882
5960,1471536,459.36,223,1024,100.0,6,1,0,0.889,0.005,-0.0027,20.4882
5961,1472344,439.06,235,1017,99.3,6,1,0,1.717,0.005,-0.0027,20.4882
5962,1472456,475.75,125,1022,99.8,6,1,0,1.869,0.005,-0.0027,20.4882
5963,1472592,499.08,132,1020,99.6,6,1,0,1.879,0.005,-0.0027,20.4882
5964,1473024,445.44,242,1023,99.9,6,1,0,1.729,0.005,-0.0027,20.4882
5965,1473032,454.05,246,1024,100.0,6,1,0,1.853,0.005,-0.0027,20.4882
5966,1473120,462.71,242,1022,99.8,6,1,0,1.561,0.005,-0.0027,20.4882
5967,1473248,447.49,243,1022,99.8,6,1,0,1.839,0.005,-0.0027,20.4882
5968,1473320,454.01,249,1021,99.7,6,1,0,1.542,0.005,-0.0027,20.4882
5969,1474160,459.03,213,1024,100.0,6,1,0,0.846,0.005,-0.0027,20.4882
5970,1474240,466.93,237,1024,100.0,6,1,0,1.037,0.005,-0.0027,20.4882
5971,1474272,514.04,128,1024,100.0,6,1,0,0.48,0.005,-0.0027,20.4882
5972,1474632,464.8,255,1023,99.9,6,1,0,1.685,0.005,0.0063,19.9394
5973,1474912,490.9,236,1024,100.0,6,1,0,0.895,0.005,0.0063,19.9394
5974,1475008,458.78,247,1022,99.8,6,1,0,1.893,0.005,0.0063,19.9394
5975,1475168,480.04,256,1024,100.0,6,1,0,1.78,0.005,0.0063,19.9394
5976,1475176,497.96,232,1024,100.0,6,1,0,0.765,0.005,0.0063,19.9394
5977,1475712,484.05,135,1020,99.6,6,1,0,1.854,0.005,0.0063,19.9394
5978,1476024,471.01,219,1023,99.9,6,1,0,0.805,0.005,0.0063,19.9394
5979,1476200,445.11,255,1021,99.7,6,1,0,1.711,0.005,0.0063,19.9394
5980,1476208,447.12,246,1021,99.7,6,1,0,1.776,0.005,0.0063,19.9394
5981,1476272,533.67,137,1024,100.0,6,1,0,0.673,0.005,0.0063,19.9394
5982,1476808,456.9,225,1024,100.0,6,1,0,0.835,0.005,0.0063,19.9394
5983,1476896,465.92,248,1022,99.8,6,1,0,1.793,0.005,0.0063,19.9394
5984,1477096,536.74,134,1024,100.0,6,1,0,0.665,0.005,0.0063,19.9394
5985,1477184,459.18,252,1021,99.7,6,1,0,1.813,0.005,0.0063,19.9394
5986,1477256,499.28,132,1019,99.5,6,1,0,1.749,0.005,0.0063,19.9394
5987,1477344,539.95,134,1024,100.0,6,1,0,0.763,0.005,0.0063,19.9394
5988,1477552,452.4,230,1024,100.0,6,1,0,0.763,0.005,0.0063,19.9394
5989,1477960,527.51,133,1024,100.0,6,1,0,0.783,0.005,0.0063,19.9394
5990,1478176,443.26,246,1021,99.7,6,1,0,1.647,0.005,0.0063,19.9394
5991,1478320,472.78,122,1021,99.7,6,1,0,1.725,0.005,0.0063,19.9394
5992,1478760,462.87,244,1022,99.8,6,1,0,1.833,0.005,0.0063,19.9394
5993,1478896,463.08,225,1024,100.0,6,1,0,0.868,0.005,0.0063,19.9394
5994,1479040,473.21,232,1024,100.0,6,1,0,0.919,0.005,0.0063,19.9394
5995,1479184,475.74,126,1019,99.5,6,1,0,1.708,0.005,0.0063,19.9394
5996,1479232,435.76,247,1023,99.9,6,1,0,1.433,0.005,0.0063,19.9394
5997,1479504,445.69,244,1024,100.0,6,1,0,1.755,0.005,0.0063,19.9394
5998,1479792,472.31,129,1020,99.6,6,1,0,1.763,0.005,0.0063,19.9394
5999,1479872,483.54,239,1024,100.0,6,1,0,0.702,0.005,0.0063,19.9394
6000,1480048,476.99,216,1024,100.0,6,1,0,0.771,0.005,0.0063,19.9394
6001,1480064,487.82,128,1021,99.7,6,1,0,1.806,0.005,0.0063,19.9394
6002,1480312,525.21,135,1024,100.0,6,1,0,0.638,0.005,0.0063,19.9394
6003,1480832,447.99,242,1024,100.0,6,1,0,1.427,0.005,0.0063,19.9394
6004,1480912,516.94,130,1024,100.0,6,1,0,1.095,0.005,0.0063,19.9394
6005,1480928,459.82,218,1023,99.9,6,1,0,0.895,0.005,0.0063,19.9394
6006,1481152,539.63,136,1024,100.0,6,1,0,0.769,0.005,0.0063,19.9394
6007,1481296,469.56,224,1024,100.0,6,1,0,0.79,0.005,0.0063,19.9394
6008,1481808,418.4,252,1022,99.8,6,1,0,1.88,0.005,0.0063,19.9394
6009,1481872,480.8,228,1024,100.0,6,1,0,1.094,0.005,0.0063,19.9394
6010,1481968,499.38,132,1020,99.6,6,1,0,1.836,0.005,0.0063,19.9394
6011,1482248,461.28,242,1022,99.8,6,1,0,1.557,0.005,0.0063,19.9394
6012,1482632,451.22,225,1024,100.0,6,1,0,0.802,0.005,0.0063,19.9394
6013,1482920,453.34,249,1021,99.7,6,1,0,1.691,0.005,-0.0051,16.5175
6014,1482936,551.67,141,1024,100.0,6,1,0,0.855,0.005,-0.0051,16.5175
6015,1482952,531.69,135,1024,100.0,6,1,0,0.615,0.005,-0.0051,16.5175
6016,1483104,487.77,226,1022,99.8,6,1,0,0.881,0.005,-0.0051,16.5175
6017,1483224,454.9,259,1018,99.4,6,1,0,1.818,0.005,-0.0051,16.5175
6018,1483280,504.67,129,1024,100.0,6,1,0,0.813,0.005,-0.0051,16.5175
6019,1483712,499.25,135,1018,99.4,6,1,0,1.664,0.005,-0.0051,16.5175
6020,1483736,439.39,221,1024,100.0,6,1,0,0.75,0.005,-0.0051,16.5175
6021,1483960,520.15,130,1023,99.9,6,1,0,0.636,0.005,-0.0051,16.5175
6022,1484128,550.97,147,1024,100.0,6,1,0,0.793,0.005,-0.0051,16.5175
6023,1484664,473.98,216,1024,100.0,6,1,0,0.913,0.005,-0.0051,16.5175
6024,1484792,540.13,135,1024,100.0,6,1,0,0.771,0.005,-0.0051,16.5175
6025,1485024,436.3,240,1024,100.0,6,1,0,1.774,0.005,-0.0051,16.5175
6026,1485056,469.8,229,1024,100.0,6,1,0,0.781,0.005,-0.0051,16.5175
6027,1485120,479.71,230,1024,100.0,6,1,0,0.8,0.005,-0.0051,16.5175
6028,1485952,449.72,249,1022,99.8,6,1,0,1.265,0.005,-0.0051,16.5175
6029,1486000,541.83,151,1024,100.0,6,1,0,0.762,0.005,-0.0051,16.5175
6030,1486024,453.81,237,1022,99.8,6,1,0,1.722,0.005,-0.0051,16.5175
6031,1486048,496.52,128,1019,99.5,6,1,0,1.755,0.005,-0.0051,16.5175
6032,1486192,443.79,307,1020,99.6,6,1,0,1.399,0.005,-0.0051,16.5175
6033,1486360,483.36,212,1023,99.9,6,1,0,0.722,0.005,-0.0051,16.5175
6034,1487016,473.33,237,1024,100.0,6,1,0,1.007,0.005,-0.0051,16.5175
6035,1487024,454.17,246,1021,99.7,6,1,0,1.702,0.005,-0.0051,16.5175
6036,1487088,542.82,136,1024,100.0,6,1,0,0.796,0.005,-0.0051,16.5175
6037,1487248,519.36,132,1024,100.0,6,1,0,0.728,0.005,-0.0051,16.5175
6038,1487704,462.48,219,1023,99.9,6,1,0,0.748,0.005,-0.0051,16.5175
6039,1487824,475.6,225,1024,100.0,6,1,0,0.831,0.005,-0.0051,16.5175
6040,1487832,438.75,223,1020,99.6,6,1,0,0.614,0.005,-0.0051,16.5175
6041,1488200,521.79,139,1024,100.0,6,1,0,0.895,0.005,-0.0051,16.5175
6042,1488440,458.45,260,1020,99.6,6,1,0,1.623,0.005,-0.0051,16.5175
6043,1488784,543.15,135,1024,100.0,6,1,0,0.823,0.005,-0.0051,16.5175
6044,1488856,474.08,229,1024,100.0,6,1,0,0.884,0.005,-0.0051,16.5175
6045,1488888,493.27,133,1019,99.5,6,1,0,1.844,0.005,-0.0051,16.5175
6046,1489024,437.56,251,1021,99.7,6,1,0,1.866,0.005,-0.0051,16.5175
6047,1489072,468.12,228,1024,100.0,6,1,0,0.802,0.005,-0.0051,16.5175
6048,1489288,530.7,136,1024,100.0,6,1,0,0.742,0.005,-0.0051,16.5175
6049,1489656,480.74,228,1024,100.0,6,1,0,0.655,0.005,-0.0051,16.5175
6050,1490448,471.26,251,1021,99.7,6,1,0,1.709,0.005,-0.0051,16.5175
6051,1490672,466.25,227,1024,100.0,6,1,0,0.999,0.005,-0.0051,16.5175
6052,1490696,520.24,130,1024,100.0,6,1,0,0.637,0.005,-0.0051,16.5175
6053,1490800,482.09,222,1024,100.0,6,1,0,0.894,0.005,-0.0051,16.5175
6054,1490840,460.6,257,1020,99.6,6,1,0,1.329,0.005,-0.0051,16.5175
6055,1490888,459.64,250,1023,99.9,6,1,0,1.811,0.005,-0.0051,16.5175
6056,1491056,447.25,248,1022,99.8,6,1,0,1.854,0.005,-0.0005,21.7399
6057,1491496,525.68,131,1024,100.0,6,1,0,0.702,0.005,-0.0005,21.7399
6058,1491552,430.96,283,1024,100.0,6,1,0,0.855,0.005,-0.0005,21.7399
6059,1492488,454.76,224,1022,99.8,6,1,0,0.855,0.005,-0.0005,21.7399
6060,1492632,463.54,245,1021,99.7,6,1,0,1.768,0.005,-0.0005,21.7399
6061,1492776,441.17,247,1023,99.9,6,1,0,1.533,0.005,-0.0005,21.7399
6062,1492792,487.19,238,1024,100.0,6,1,0,0.903,0.005,-0.0005,21.7399
6063,1492824,443.93,248,1021,99.7,6,1,0,1.816,0.005,-0.0005,21.7399
6064,1492888,490.15,229,1024,100.0,6,1,0,0.73,0.005,-0.0005,21.7399
6065,1493312,486.63,227,1024,100.0,6,1,0,0.931,0.005,-0.0005,21.7399
6066,1493512,454.36,245,1021,99.7,6,1,0,1.778,0.005,-0.0005,21.7399
6067,1493624,548.3,142,1024,100.0,6,1,0,0.754,0.005,-0.0005,21.7399
6068,1493824,513.77,129,1024,100.0,6,1,0,0.84,0.005,-0.0005,21.7399
6069,1493832,522.68,132,1024,100.0,6,1,0,0.862,0.005,-0.0005,21.7399
6070,1493936,490.09,131,1021,99.7,6,1,0,1.531,0.005,-0.0005,21.7399
6071,1494440,484.15,226,1024,100.0,6,1,0,0.701,0.005,-0.0005,21.7399
6072,1494592,542.71,135,1024,100.0,6,1,0,0.935,0.005,-0.0005,21.7399
6073,1494680,453.97,232,1024,100.0,6,1,0,0.839,0.005,-0.0005,21.7399
6074,1495096,454.06,223,1022,99.8,6,1,0,0.803,0.005,-0.0005,21.7399
6075,1495456,446.32,229,1024,100.0,6,1,0,0.64,0.005,-0.0005,21.7399
6076,1495480,522.8,130,1024,100.0,6,1,0,0.939,0.005,-0.0005,21.7399
6077,1495672,415.5,230,1020,99.6,6,1,0,1.31,0.005,-0.0005,21.7399
6078,1495728,477.87,238,1024,100.0,6,1,0,0.992,0.005,-0.0005,21.7399
6079,1496128,454.03,274,1023,99.9,6,1,0,0.695,0.005,-0.0005,21.7399
6080,1496360,482.33,221,1024,100.0,6,1,0,0.781,0.005,-0.0005,21.7399
6081,1496576,442.31,237,1022,99.8,6,1,0,1.671,0.005,-0.0005,21.7399
6082,1496808,538.74,142,1024,100.0,6,1,0,0.671,0.005,-0.0005,21.7399
6083,1497088,462.65,249,1022,99.8,6,1,0,1.684,0.005,-0.0005,21.7399
6084,1497152,523.22,128,1024,100.0,6,1,0,0.827,0.005,-0.0005,21.7399
6085,1497376,450.97,240,1023,99.9,6,1,0,1.824,0.005,-0.0005,21.7399
6086,1497456,465.61,247,1021,99.7,6,1,0,1.731,0.005,-0.0005,21.7399
6087,1497608,488.35,235,1024,100.0,6,1,0,0.955,0.005,-0.0005,21.7399
6088,1497696,530.6,140,1024,100.0,6,1,0,0.781,0.005,-0.0005,21.7399
6089,1498312,442.43,244,1020,99.6,6,1,0,1.656,0.005,-0.0005,21.7399
6090,1498720,504.58,139,1016,99.2,6,1,0,1.714,0.005,-0.0005,21.7399
6091,1498760,444.72,244,1021,99.7,6,1,0,1.357,0.005,-0.0005,21.7399
6092,1498864,528.04,146,1021,99.7,6,1,0,1.487,0.005,-0.0005,21.7399
6093,1498912,461.72,228,1024,100.0,6,1,0,0.917,0.005,-0.0005,21.7399
6094,1499176,479.95,253,1020,99.6,6,1,0,1.775,0.005,-0.0049,19.3785
6095,1499312,457.3,242,1022,99.8,6,1,0,1.75,0.005,-0.0049,19.3785
6096,1499376,531.44,133,1024,100.0,6,1,0,0.758,0.005,-0.0049,19.3785
6097,1499384,463.24,241,1022,99.8,6,1,0,1.567,0.005,-0.0049,19.3785
6098,1499840,483.75,135,1017,99.3,6,1,0,1.485,0.005,-0.0049,19.3785
6099,1499936,487.16,134,1020,99.6,6,1,0,1.546,0.005,-0.0049,19.3785
6100,1499992,504.74,135,1019,99.5,6,1,0,1.579,0.005,-0.0049,19.3785
6101,1500696,450.52,247,1021,99.7,6,1,0,1.627,0.005,-0.0049,19.3785
6102,1500912,489.86,134,1019,99.5,6,1,0,1.501,0.005,-0.0049,19.3785
6103,1501128,451.03,244,1022,99.8,6,1,0,1.888,0.005,-0.0049,19.3785
6104,1501184,479.07,234,1024,100.0,6,1,0,0.681,0.005,-0.0049,19.3785
6105,1501264,454.8,236,1021,99.7,6,1,0,1.492,0.005,-0.0049,19.3785
6106,1501440,441.23,257,1022,99.8,6,1,0,1.677,0.005,-0.0049,19.3785
6107,1501776,456.61,230,1022,99.8,6,1,0,1.582,0.005,-0.0049,19.3785
6108,1501888,429.57,237,1023,99.9,6,1,0,1.591,0.005,-0.0049,19.3785
6109,1502536,530.1,137,1024,100.0,6,1,0,0.871,0.005,-0.0049,19.3785
6110,1502560,472.77,233,1024,100.0,6,1,0,0.934,0.005,-0.0049,19.3785
6111,1502848,442.22,242,1022,99.8,6,1,0,1.76,0.005,-0.0049,19.3785
6112,1503032,490.2,231,1024,100.0,6,1,0,0.888,0.005,-0.0049,19.3785
6113,1503056,469.26,224,1023,99.9,6,1,0,0.862,0.005,-0.0049,19.3785
6114,1503424,482.53,287,1024,100.0,6,1,0,0.832,0.005,-0.0049,19.3785
6115,1503504,449.57,216,1022,99.8,6,1,0,0.729,0.005,-0.0049,19.3785
6116,1503624,527.66,136,1024,100.0,6,1,0,0.885,0.005,-0.0049,19.3785
6117,1504440,463.6,319,1024,100.0,6,1,0,1.452,0.005,-0.0049,19.3785
6118,1504520,450.81,245,1022,99.8,6,1,0,1.725,0.005,-0.0049,19.3785
6119,1504576,502.56,134,1017,99.3,6,1,0,1.833,0.005,-0.0049,19.3785
6120,1504688,460.9,230,1024,100.0,6,1,0,1.106,0.005,-0.0049,19.3785
6121,1504816,518.6,149,1016,99.2,6,1,0,1.289,0.005,-0.0049,19.3785
6122,1504888,464.9,232,1024,100.0,6,1,0,0.848,0.005,-0.0049,19.3785
6123,1504984,436.16,241,1023,99.9,6,1,0,1.806,0.005,-0.0049,19.3785
6124,1505208,454.47,223,1022,99.8,6,1,0,0.803,0.005,-0.0049,19.3785
6125,1505528,540.32,136,1024,100.0,6,1,0,0.643,0.005,-0.0049,19.3785
6126,1505744,495.88,132,1018,99.4,6,1,0,1.332,0.005,-0.0049,19.3785
6127,1505928,522.27,130,1024,100.0,6,1,0,0.608,0.005,-0.0049,19.3785
6128,1506040,517.04,132,1024,100.0,6,1,0,0.967,0.005,-0.0049,19.3785
6129,1506280,487.66,220,1024,100.0,6,1,0,0.723,0.005,-0.0049,19.3785
6130,1506552,453.96,247,1021,99.7,6,1,0,1.654,0.005,-0.0049,19.3785
6131,1506800,456.78,248,1020,99.6,6,1,0,1.736,0.005,-0.0049,19.3785
6132,1506840,533.66,137,1024,100.0,6,1,0,0.652,0.005,-0.0049,19.3785
6133,1507032,453.32,228,1024,100.0,6,1,0,0.903,0.005,-0.0049,19.3785
