episode,timestep,ep_return,steps,explored_voxels,coverage_pct,visited_rooms,success,crashed,min_lidar,ent_coef,actor_loss,critic_loss
1,400,7.5,50,197,19.2,1,0,1,0.167,0.005,0.0,0.0
2,584,-15.82,73,352,34.4,1,0,1,0.165,0.005,0.0,0.0
3,936,23.28,117,470,45.9,1,0,1,0.186,0.005,0.0,0.0
4,1200,-2.98,150,358,35.0,1,0,1,0.105,0.005,0.0,0.0
5,1592,95.66,199,513,50.1,2,0,1,0.143,0.005,0.0,0.0
6,1744,108.95,218,524,51.2,1,0,1,0.143,0.005,0.0,0.0
7,1888,66.77,86,426,41.6,1,0,1,0.211,0.005,0.0,0.0
8,1944,203.4,243,589,57.5,1,0,1,0.145,0.005,0.0,0.0
9,2112,-9.73,147,411,40.1,1,0,1,0.175,0.005,0.0,0.0
10,2560,-22.85,247,305,29.8,1,0,1,0.191,0.005,0.0,0.0
11,2720,29.72,290,416,40.6,1,0,1,0.174,0.005,0.0,0.0
12,2720,34.21,97,406,39.6,1,0,1,0.188,0.005,0.0,0.0
13,2728,-64.47,341,284,27.7,1,0,1,0.202,0.005,0.0,0.0
14,3600,-3.63,130,404,39.5,1,0,1,0.142,0.005,0.0,0.0
15,3616,121.94,234,490,47.9,1,0,1,0.167,0.005,0.0,0.0
16,3832,9.25,280,436,42.6,1,0,1,0.066,0.005,0.0,0.0
17,3848,-37.36,245,289,28.2,1,0,1,0.176,0.005,0.0,0.0
18,4304,60.13,57,468,45.7,2,0,1,0.114,0.005,0.0,0.0
19,5192,-4.06,199,445,43.5,1,0,1,0.099,0.005,0.0,0.0
20,5216,47.08,312,462,45.1,1,0,1,0.103,0.005,0.0,0.0
21,5488,87.76,148,478,46.7,1,0,1,0.175,0.005,0.0,0.0
22,5488,2.93,422,428,41.8,1,0,1,0.183,0.005,0.0,0.0
23,5608,157.81,361,553,54.0,2,0,1,0.196,0.005,0.0,0.0
24,5688,38.79,259,489,47.8,1,0,1,0.177,0.005,0.0,0.0
25,6184,20.69,294,466,45.5,1,0,1,0.123,0.005,0.0,0.0
26,6408,12.56,90,445,43.5,1,0,1,0.194,0.005,0.0,0.0
27,6416,16.6,116,404,39.5,1,0,1,0.21,0.005,0.0,0.0
28,6496,171.42,160,601,58.7,1,0,1,0.215,0.005,0.0,0.0
29,7272,18.29,97,222,21.7,1,0,1,0.125,0.005,0.0,0.0
30,7528,-46.97,600,417,40.7,1,0,0,0.469,0.005,0.0,0.0
31,7688,72.76,260,544,53.1,1,0,1,0.188,0.005,0.0,0.0
32,7896,-8.66,185,196,19.1,1,0,1,0.191,0.005,0.0,0.0
33,8832,65.7,331,475,46.4,1,0,1,0.153,0.005,-0.0137,95.4356
34,9040,-4.26,26,177,17.3,1,0,1,0.067,0.005,-0.0137,95.4356
35,9992,121.0,600,562,54.9,1,0,0,3.094,0.005,-0.0137,95.4356
36,10288,64.6,600,325,31.7,1,0,0,1.85,0.005,-0.0137,95.4356
37,11208,187.4,600,570,55.7,1,0,0,1.437,0.005,-0.0137,95.4356
38,11376,-7.03,21,429,41.9,1,0,1,0.186,0.005,-0.0137,95.4356
39,12000,230.28,214,526,51.4,2,0,1,0.221,0.005,-0.0137,95.4356
40,12056,213.58,546,556,54.3,2,0,1,0.098,0.005,-0.0137,95.4356
41,12072,150.23,600,363,35.4,1,0,0,1.785,0.005,-0.0137,95.4356
42,12328,147.7,600,611,59.7,1,0,0,2.648,0.005,-0.0137,95.4356
43,12696,374.88,600,733,71.6,2,0,0,1.446,0.005,-0.0137,95.4356
44,12944,3.74,111,207,20.2,1,0,1,0.058,0.005,-0.0137,95.4356
45,13840,216.3,600,643,62.8,1,0,0,2.656,0.005,-0.0137,95.4356
46,14760,-9.87,115,201,19.6,1,0,1,0.141,0.005,-0.0137,95.4356
47,14792,135.03,600,360,35.2,1,0,0,2.41,0.005,-0.0137,95.4356
48,15968,19.42,147,216,21.1,1,0,1,0.034,0.005,-0.0137,95.4356
49,16176,268.4,600,639,62.4,1,0,0,1.895,0.005,-0.0137,95.4356
50,16720,15.67,68,210,20.5,1,0,1,0.044,0.005,-0.0128,73.0302
51,16800,226.52,600,510,49.8,1,0,0,0.698,0.005,-0.0128,73.0302
52,16872,277.83,600,555,54.2,2,0,0,1.774,0.005,-0.0128,73.0302
53,17128,299.3,600,648,63.3,1,0,0,1.425,0.005,-0.0128,73.0302
54,17320,52.62,56,459,44.8,1,0,1,0.094,0.005,-0.0128,73.0302
55,17440,263.7,562,683,66.7,2,0,1,0.109,0.005,-0.0128,73.0302
56,17496,214.3,600,649,63.4,1,0,0,1.848,0.005,-0.0128,73.0302
57,18816,38.01,187,231,22.6,1,0,1,0.116,0.005,-0.0128,73.0302
58,19560,339.44,600,666,65.0,2,0,0,2.134,0.005,-0.0128,73.0302
59,19800,269.71,385,561,54.8,2,0,1,0.168,0.005,-0.0128,73.0302
60,19848,299.65,301,743,72.6,2,0,1,0.218,0.005,-0.0128,73.0302
61,20016,-0.57,21,427,41.7,1,0,1,0.109,0.005,-0.0128,73.0302
62,20712,-10.88,237,214,20.9,1,0,1,0.129,0.005,-0.0128,73.0302
63,20768,242.4,600,440,43.0,1,0,0,2.34,0.005,-0.0128,73.0302
64,21600,329.44,600,577,56.3,2,0,0,1.106,0.005,-0.0128,73.0302
65,21928,155.0,600,378,36.9,1,0,0,2.545,0.005,-0.0128,73.0302
66,22296,216.83,600,556,54.3,2,0,0,0.951,0.005,-0.0128,73.0302
67,22520,1.05,74,221,21.6,1,0,1,0.081,0.005,-0.0128,73.0302
68,23672,257.75,457,733,71.6,2,0,1,0.21,0.005,-0.0128,73.0302
69,24360,91.76,600,381,37.2,1,0,0,2.569,0.005,-0.0128,73.0302
70,24600,227.8,600,662,64.6,1,0,0,1.68,0.005,-0.0112,93.5275
71,25056,255.0,345,555,54.2,2,0,1,0.173,0.005,-0.0112,93.5275
72,25512,327.6,600,700,68.4,1,0,0,1.195,0.005,-0.0112,93.5275
73,25568,442.41,600,763,74.5,3,0,0,1.185,0.005,-0.0112,93.5275
74,25640,14.02,73,215,21.0,1,0,1,0.123,0.005,-0.0112,93.5275
75,26400,394.98,600,541,52.8,2,0,0,1.362,0.005,-0.0112,93.5275
76,26672,37.44,34,470,45.9,1,0,1,0.0,0.005,-0.0112,93.5275
77,27320,316.58,600,698,68.2,2,0,0,1.265,0.005,-0.0112,93.5275
78,28120,235.5,310,575,56.2,2,0,1,0.173,0.005,-0.0112,93.5275
79,28472,411.71,600,681,66.5,2,0,0,1.637,0.005,-0.0112,93.5275
80,29160,283.58,600,712,69.5,2,0,0,1.115,0.005,-0.0112,93.5275
81,29400,331.92,600,742,72.5,2,0,0,1.481,0.005,-0.0112,93.5275
82,29784,83.47,78,473,46.2,1,0,1,0.179,0.005,-0.0112,93.5275
83,29904,315.78,542,675,65.9,2,0,1,0.097,0.005,-0.0112,93.5275
84,30176,-1.97,34,200,19.5,1,0,1,0.154,0.005,-0.0112,93.5275
85,30312,380.56,600,743,72.6,2,0,0,2.496,0.005,-0.0112,93.5275
86,30320,161.51,115,641,62.6,1,0,1,0.226,0.005,-0.0112,93.5275
87,31472,296.71,600,617,60.3,2,0,0,1.727,0.005,-0.0112,93.5275
88,31576,177.13,157,550,53.7,2,0,1,0.14,0.005,-0.0112,93.5275
89,32120,232.9,600,496,48.4,1,0,0,2.135,0.005,-0.0112,93.5275
90,32184,97.27,89,516,50.4,1,0,1,0.199,0.005,-0.0112,93.5275
91,32360,-9.27,22,177,17.3,1,0,1,0.09,0.005,-0.0112,93.5275
92,32800,177.59,153,517,50.5,1,0,1,0.17,0.005,-0.0089,123.3587
93,32880,274.42,595,712,69.5,3,0,1,0.198,0.005,-0.0089,123.3587
94,33024,31.86,28,491,47.9,1,0,1,0.151,0.005,-0.0089,123.3587
95,33240,212.15,110,517,50.5,2,0,1,0.12,0.005,-0.0089,123.3587
96,33272,325.35,600,529,51.7,2,0,0,1.75,0.005,-0.0089,123.3587
97,33552,104.2,84,508,49.6,1,0,1,0.191,0.005,-0.0089,123.3587
98,34584,502.57,600,803,78.4,3,0,0,1.626,0.005,-0.0089,123.3587
99,34976,429.67,600,782,76.4,2,0,0,1.084,0.005,-0.0089,123.3587
100,35112,318.13,600,782,76.4,2,0,0,1.31,0.005,-0.0089,123.3587
101,35504,36.78,66,219,21.4,1,0,1,0.098,0.005,-0.0089,123.3587
102,36128,233.88,193,597,58.3,2,0,1,0.164,0.005,-0.0089,123.3587
103,36504,251.05,404,644,62.9,2,0,1,0.105,0.005,-0.0089,123.3587
104,36920,221.98,600,666,65.0,1,0,0,1.85,0.005,-0.0089,123.3587
105,37824,500.25,600,821,80.2,3,0,0,1.645,0.005,-0.0089,123.3587
106,38040,279.1,600,698,68.2,1,0,0,1.542,0.005,-0.0089,123.3587
107,38312,22.23,34,498,48.6,1,0,1,0.113,0.005,-0.0089,123.3587
108,38352,422.36,600,787,76.9,2,0,0,0.85,0.005,-0.0089,123.3587
109,39056,56.66,88,255,24.9,1,0,1,0.194,0.005,-0.0089,123.3587
110,39912,451.25,600,778,76.0,3,0,0,0.194,0.005,-0.0089,123.3587
111,40304,359.45,600,765,74.7,2,0,0,0.894,0.005,-0.0089,123.3587
112,40888,16.73,73,213,20.8,1,0,1,0.172,0.005,-0.0089,123.3587
113,40928,321.76,600,749,73.1,2,0,0,1.984,0.005,-0.0089,123.3587
114,41000,218.93,336,530,51.8,2,0,1,0.184,0.005,-0.0057,117.0595
115,41120,-3.55,24,210,20.5,1,0,1,0.159,0.005,-0.0057,117.0595
116,41184,42.6,37,524,51.2,1,0,1,0.155,0.005,-0.0057,117.0595
117,41304,322.03,600,732,71.5,2,0,0,1.512,0.005,-0.0057,117.0595
118,41720,481.54,600,792,77.3,3,0,0,1.441,0.005,-0.0057,117.0595
119,42624,541.79,600,835,81.5,3,0,0,1.745,0.005,-0.0057,117.0595
120,43040,210.58,255,657,64.2,2,0,1,0.166,0.005,-0.0057,117.0595
121,43856,464.5,600,832,81.2,3,0,0,1.73,0.005,-0.0057,117.0595
122,44712,223.41,600,505,49.3,1,0,0,0.835,0.005,-0.0057,117.0595
123,45920,337.33,600,774,75.6,2,0,0,1.018,0.005,-0.0057,117.0595
124,45984,245.2,600,680,66.4,1,0,0,1.329,0.005,-0.0057,117.0595
125,46104,188.3,600,662,64.6,1,0,0,1.943,0.005,-0.0057,117.0595
126,46520,431.46,600,805,78.6,3,0,0,1.928,0.005,-0.0057,117.0595
127,47424,278.45,600,742,72.5,2,0,0,1.674,0.005,-0.0057,117.0595
128,47840,475.6,600,838,81.8,3,0,0,1.341,0.005,-0.0057,117.0595
129,48608,207.7,594,521,50.9,2,0,1,0.124,0.005,-0.0057,117.0595
130,49512,447.39,600,793,77.4,3,0,0,1.963,0.005,-0.0066,118.8459
131,50720,254.69,600,665,64.9,2,0,0,0.569,0.005,-0.0066,118.8459
132,50784,314.97,600,757,73.9,2,0,0,0.719,0.005,-0.0066,118.8459
133,50904,423.48,600,824,80.5,3,0,0,1.265,0.005,-0.0066,118.8459
134,51320,230.0,600,686,67.0,1,0,0,1.614,0.005,-0.0066,118.8459
135,52184,231.71,175,525,51.3,2,0,1,0.159,0.005,-0.0066,118.8459
136,52224,403.91,600,807,78.8,3,0,0,1.575,0.005,-0.0066,118.8459
137,52640,435.58,600,800,78.1,3,0,0,2.057,0.005,-0.0066,118.8459
138,52776,5.93,17,425,41.5,1,0,1,0.095,0.005,-0.0066,118.8459
139,52848,46.39,78,230,22.5,1,0,1,0.174,0.005,-0.0066,118.8459
140,53408,436.69,600,810,79.1,3,0,0,1.392,0.005,-0.0066,118.8459
141,54312,445.47,600,833,81.3,3,0,0,1.259,0.005,-0.0066,118.8459
142,55520,413.42,600,877,85.6,4,0,0,1.154,0.005,-0.0066,118.8459
143,55704,449.6,600,809,79.0,3,0,0,1.496,0.005,-0.0066,118.8459
144,55912,8.02,26,220,21.5,1,0,1,0.144,0.005,-0.0066,118.8459
145,56120,440.88,600,804,78.5,3,0,0,1.994,0.005,-0.0066,118.8459
146,56984,201.53,600,687,67.1,2,0,0,2.096,0.005,-0.0066,118.8459
147,57576,214.18,600,665,64.9,2,0,0,2.0,0.005,-0.0049,90.9326
148,57648,524.81,600,882,86.1,4,0,0,1.729,0.005,-0.0049,90.9326
149,58208,482.64,600,797,77.8,3,0,0,1.73,0.005,-0.0049,90.9326
150,58456,14.3,292,236,23.0,1,0,1,0.164,0.005,-0.0049,90.9326
151,59112,469.19,600,876,85.5,4,0,0,2.157,0.005,-0.0049,90.9326
152,60320,259.89,600,685,66.9,2,0,0,1.634,0.005,-0.0049,90.9326
153,60712,310.6,600,741,72.4,2,0,0,1.481,0.005,-0.0049,90.9326
154,61784,366.97,600,782,76.4,3,0,0,1.51,0.005,-0.0049,90.9326
155,62376,408.53,600,802,78.3,3,0,0,1.153,0.005,-0.0049,90.9326
156,62448,436.26,600,848,82.8,4,0,0,1.701,0.005,-0.0049,90.9326
157,62984,16.46,150,212,20.7,1,0,1,0.126,0.005,-0.0049,90.9326
158,63008,214.9,600,669,65.3,1,0,0,1.95,0.005,-0.0049,90.9326
159,63168,2.54,23,194,18.9,1,0,1,0.183,0.005,-0.0049,90.9326
160,63256,370.27,600,847,82.7,3,0,0,1.79,0.005,-0.0049,90.9326
161,63792,198.03,168,514,50.2,1,0,1,0.15,0.005,-0.0049,90.9326
162,63912,251.19,600,731,71.4,2,0,0,2.133,0.005,-0.0049,90.9326
163,64000,19.69,104,211,20.6,1,0,1,0.211,0.005,-0.0049,90.9326
164,65120,266.0,600,682,66.6,2,0,0,1.408,0.005,-0.0049,90.9326
165,65512,475.61,600,874,85.4,4,0,0,1.484,0.005,-0.0049,90.9326
166,67176,384.05,600,826,80.7,3,0,0,2.033,0.005,-0.0045,132.0033
167,67808,485.57,600,886,86.5,4,0,0,1.504,0.005,-0.0045,132.0033
168,68056,210.32,600,724,70.7,2,0,0,0.926,0.005,-0.0045,132.0033
169,68240,-18.88,23,164,16.0,1,0,1,0.132,0.005,-0.0045,132.0033
170,68592,446.2,600,880,85.9,4,0,0,1.758,0.005,-0.0045,132.0033
171,68712,328.5,600,751,73.3,2,0,0,1.827,0.005,-0.0045,132.0033
172,68800,445.93,600,825,80.6,3,0,0,1.529,0.005,-0.0045,132.0033
173,68800,1.77,26,206,20.1,1,0,1,0.163,0.005,-0.0045,132.0033
174,69328,22.03,66,212,20.7,1,0,1,0.148,0.005,-0.0045,132.0033
175,69328,42.82,66,218,21.3,1,0,1,0.172,0.005,-0.0045,132.0033
176,69920,438.27,600,809,79.0,3,0,0,1.812,0.005,-0.0045,132.0033
177,70176,234.16,183,531,51.9,2,0,1,0.24,0.005,-0.0045,132.0033
178,70312,368.25,600,844,82.4,3,0,0,1.366,0.005,-0.0045,132.0033
179,71976,598.53,600,829,81.0,3,0,0,1.626,0.005,-0.0045,132.0033
180,72608,259.82,600,736,71.9,2,0,0,1.978,0.005,-0.0045,132.0033
181,72816,11.06,26,215,21.0,1,0,1,0.066,0.005,-0.0045,132.0033
182,73040,379.7,600,831,81.2,3,0,0,1.872,0.005,-0.0045,132.0033
183,74128,331.9,600,768,75.0,2,0,0,1.399,0.005,-0.0063,105.3565
184,74128,225.3,600,694,67.8,2,0,0,1.918,0.005,-0.0063,105.3565
185,74680,-0.05,69,194,18.9,1,0,1,0.189,0.005,-0.0063,105.3565
186,74720,232.66,600,763,74.5,2,0,0,1.387,0.005,-0.0063,105.3565
187,74976,489.97,600,830,81.1,3,0,0,1.669,0.005,-0.0063,105.3565
188,75096,44.15,121,233,22.8,1,0,1,0.157,0.005,-0.0063,105.3565
189,75112,459.17,600,882,86.1,4,0,0,1.876,0.005,-0.0063,105.3565
190,75944,173.3,104,515,50.3,2,0,1,0.09,0.005,-0.0063,105.3565
191,76776,377.0,600,752,73.4,3,0,0,1.777,0.005,-0.0063,105.3565
192,77616,450.92,600,872,85.2,4,0,0,2.356,0.005,-0.0063,105.3565
193,77840,213.12,600,738,72.1,2,0,0,1.337,0.005,-0.0063,105.3565
194,79480,325.34,600,792,77.3,3,0,0,1.055,0.005,-0.0063,105.3565
195,79520,423.91,600,847,82.7,4,0,0,2.566,0.005,-0.0063,105.3565
196,79736,-6.92,27,179,17.5,1,0,1,0.195,0.005,-0.0063,105.3565
197,79776,458.88,600,856,83.6,4,0,0,2.036,0.005,-0.0063,105.3565
198,79896,291.78,600,797,77.8,2,0,0,1.32,0.005,-0.0063,105.3565
199,80344,7.35,76,211,20.6,1,0,1,0.195,0.005,-0.0063,105.3565
200,80744,287.62,600,785,76.7,3,0,0,0.976,0.005,-0.0063,105.3565
201,80960,92.52,77,493,48.1,1,0,1,0.123,0.005,-0.0063,105.3565
202,81576,547.43,600,848,82.8,4,0,0,1.21,0.005,-0.0063,105.3565
203,82416,341.21,600,773,75.5,2,0,0,1.806,0.005,-0.0064,116.986
204,82640,198.3,600,727,71.0,2,0,0,1.837,0.005,-0.0064,116.986
205,84280,530.47,600,929,90.7,4,0,0,2.026,0.005,-0.0064,116.986
206,84576,457.43,600,848,82.8,4,0,0,1.914,0.005,-0.0064,116.986
207,84696,443.89,600,875,85.4,4,0,0,1.193,0.005,-0.0064,116.986
208,85144,31.7,108,218,21.3,1,0,1,0.141,0.005,-0.0064,116.986
209,85544,444.99,600,918,89.6,4,0,0,1.564,0.005,-0.0064,116.986
210,85760,386.8,600,766,74.8,3,0,0,1.288,0.005,-0.0064,116.986
211,85976,-0.81,27,190,18.6,1,0,1,0.154,0.005,-0.0064,116.986
212,86376,339.62,600,786,76.8,3,0,0,2.079,0.005,-0.0064,116.986
213,86488,10.28,64,213,20.8,1,0,1,0.16,0.005,-0.0064,116.986
214,87216,337.31,600,801,78.2,3,0,0,1.939,0.005,-0.0064,116.986
215,87440,345.62,600,719,70.2,3,0,0,1.063,0.005,-0.0064,116.986
216,89376,435.0,600,879,85.8,4,0,0,1.974,0.005,-0.0064,116.986
217,89496,520.1,600,852,83.2,4,0,0,1.304,0.005,-0.0064,116.986
218,89944,326.9,600,760,74.2,3,0,0,1.623,0.005,-0.0064,116.986
219,90152,-10.03,26,185,18.1,1,0,1,0.13,0.005,-0.0073,94.8796
220,90344,383.43,600,786,76.8,3,0,0,0.544,0.005,-0.0073,94.8796
221,90648,411.82,520,818,79.9,3,0,1,0.198,0.005,-0.0073,94.8796
222,90864,-7.17,27,200,19.5,1,0,1,0.0,0.005,-0.0073,94.8796
223,91176,398.11,600,847,82.7,3,0,0,1.119,0.005,-0.0073,94.8796
224,92016,360.9,600,755,73.7,3,0,0,1.707,0.005,-0.0073,94.8796
225,92240,382.81,600,835,81.5,3,0,0,1.836,0.005,-0.0073,94.8796
226,94176,288.6,600,759,74.1,3,0,0,1.807,0.005,-0.0073,94.8796
227,94296,277.9,600,769,75.1,3,0,0,1.393,0.005,-0.0073,94.8796
228,94952,494.2,600,861,84.1,4,0,0,1.086,0.005,-0.0073,94.8796
229,95144,455.44,600,861,84.1,4,0,0,1.775,0.005,-0.0073,94.8796
230,95256,-12.31,14,393,38.4,1,0,1,0.147,0.005,-0.0073,94.8796
231,95664,261.34,600,872,85.2,3,0,0,1.205,0.005,-0.0073,94.8796
232,95976,457.7,600,904,88.3,4,0,0,1.736,0.005,-0.0073,94.8796
233,96816,289.7,600,783,76.5,3,0,0,1.975,0.005,-0.0073,94.8796
234,97040,279.57,600,754,73.6,3,0,0,2.176,0.005,-0.0073,94.8796
235,97552,25.19,64,215,21.0,1,0,1,0.079,0.005,-0.0073,94.8796
236,98976,337.32,600,869,84.9,3,0,0,1.107,0.005,-0.0074,75.9213
237,99096,426.1,600,859,83.9,4,0,0,1.9,0.005,-0.0074,75.9213
238,99104,-2.82,16,426,41.6,1,0,1,0.191,0.005,-0.0074,75.9213
239,99752,437.9,600,862,84.2,4,0,0,1.523,0.005,-0.0074,75.9213
240,100056,364.52,600,862,84.2,3,0,0,1.589,0.005,-0.0074,75.9213
241,100464,286.5,600,786,76.8,3,0,0,1.682,0.005,-0.0074,75.9213
242,100584,357.81,185,901,88.0,3,0,1,0.207,0.005,-0.0074,75.9213
243,100776,322.59,600,782,76.4,3,0,0,1.282,0.005,-0.0074,75.9213
244,101616,204.11,600,736,71.9,2,0,0,1.729,0.005,-0.0074,75.9213
245,102352,281.8,600,772,75.4,3,0,0,1.699,0.005,-0.0074,75.9213
246,103896,369.8,600,803,78.4,3,0,0,1.842,0.005,-0.0074,75.9213
247,104552,442.3,600,935,91.3,4,0,0,2.425,0.005,-0.0074,75.9213
248,104856,305.9,600,752,73.4,3,0,0,1.823,0.005,-0.0074,75.9213
249,105264,371.8,600,911,89.0,4,0,0,1.559,0.005,-0.0074,75.9213
250,105384,315.18,600,803,78.4,3,0,0,1.504,0.005,-0.0074,75.9213
251,105576,371.7,600,870,85.0,4,0,0,2.355,0.005,-0.0074,75.9213
252,106416,326.76,600,810,79.1,3,0,0,1.877,0.005,-0.0074,75.9213
253,107152,414.97,600,849,82.9,3,0,0,1.512,0.005,-0.009,73.2772
254,108696,406.97,600,924,90.2,4,0,0,1.643,0.005,-0.009,73.2772
255,109352,350.8,600,826,80.7,3,0,0,1.48,0.005,-0.009,73.2772
256,109656,512.66,600,909,88.8,5,0,0,1.673,0.005,-0.009,73.2772
257,110064,386.81,600,802,78.3,3,0,0,1.57,0.005,-0.009,73.2772
258,110184,298.11,600,790,77.1,3,0,0,1.795,0.005,-0.009,73.2772
259,110376,477.47,600,885,86.4,4,0,0,0.613,0.005,-0.009,73.2772
260,110576,5.73,25,218,21.3,1,0,1,0.169,0.005,-0.009,73.2772
261,110896,38.78,40,239,23.3,1,0,1,0.162,0.005,-0.009,73.2772
262,111216,271.07,600,771,75.3,3,0,0,1.795,0.005,-0.009,73.2772
263,111952,277.68,600,808,78.9,3,0,0,1.653,0.005,-0.009,73.2772
264,113496,310.72,600,855,83.5,3,0,0,1.689,0.005,-0.009,73.2772
265,114152,333.85,600,886,86.5,4,0,0,1.752,0.005,-0.009,73.2772
266,114456,409.12,600,890,86.9,3,0,0,1.861,0.005,-0.009,73.2772
267,114864,543.79,600,882,86.1,4,0,0,1.611,0.005,-0.0066,63.7295
268,114984,364.25,600,859,83.9,4,0,0,1.527,0.005,-0.0066,63.7295
269,115336,443.5,230,943,92.1,4,0,1,0.188,0.005,-0.0066,63.7295
270,115696,382.42,600,806,78.7,3,0,0,1.392,0.005,-0.0066,63.7295
271,116016,469.61,600,862,84.2,4,0,0,1.073,0.005,-0.0066,63.7295
272,116176,70.64,164,524,51.2,1,0,1,0.19,0.005,-0.0066,63.7295
273,116552,-8.03,196,219,21.4,1,0,1,0.171,0.005,-0.0066,63.7295
274,116752,369.3,600,908,88.7,4,0,0,1.19,0.005,-0.0066,63.7295
275,117016,364.4,320,881,86.0,4,0,1,0.184,0.005,-0.0066,63.7295
276,118088,122.04,134,320,31.2,2,0,1,0.192,0.005,-0.0066,63.7295
277,118952,383.79,600,912,89.1,4,0,0,1.962,0.005,-0.0066,63.7295
278,119928,407.51,489,876,85.5,3,0,1,0.151,0.005,-0.0066,63.7295
279,120136,401.23,600,858,83.8,4,0,0,1.07,0.005,-0.0066,63.7295
280,120496,483.97,600,914,89.3,5,0,0,1.761,0.005,-0.0066,63.7295
281,120624,49.96,87,243,23.7,1,0,1,0.128,0.005,-0.0066,63.7295
282,120976,376.9,600,869,84.9,4,0,0,1.751,0.005,-0.0066,63.7295
283,121000,124.06,63,518,50.6,2,0,1,0.188,0.005,-0.0066,63.7295
284,121352,428.9,600,861,84.1,4,0,0,1.755,0.005,-0.0066,63.7295
285,121552,437.68,600,931,90.9,4,0,0,1.502,0.005,-0.0066,63.7295
286,121976,53.69,78,484,47.3,1,0,1,0.073,0.005,-0.0066,63.7295
287,122888,426.83,600,877,85.6,4,0,0,1.646,0.005,-0.0054,111.0586
288,123328,295.4,169,840,82.0,3,0,1,0.166,0.005,-0.0054,111.0586
289,123752,435.15,600,880,85.9,4,0,0,1.943,0.005,-0.0054,111.0586
290,123952,13.92,25,219,21.4,1,0,1,0.077,0.005,-0.0054,111.0586
291,124032,203.61,143,727,71.0,2,0,1,0.145,0.005,-0.0054,111.0586
292,124936,455.88,600,887,86.6,4,0,0,1.44,0.005,-0.0054,111.0586
293,125424,469.23,600,930,90.8,5,0,0,0.793,0.005,-0.0054,111.0586
294,125776,403.31,600,937,91.5,4,0,0,1.793,0.005,-0.0054,111.0586
295,125800,305.47,600,861,84.1,4,0,0,1.761,0.005,-0.0054,111.0586
296,126352,301.18,600,824,80.5,3,0,0,1.736,0.005,-0.0054,111.0586
297,127224,191.32,286,482,47.1,2,0,1,0.188,0.005,-0.0054,111.0586
298,127512,418.39,261,934,91.2,4,0,1,0.12,0.005,-0.0054,111.0586
299,127640,2.99,16,453,44.2,1,0,1,0.212,0.005,-0.0054,111.0586
300,127784,205.53,469,751,73.3,2,0,1,0.171,0.005,-0.0054,111.0586
301,128128,288.46,600,831,81.2,3,0,0,1.585,0.005,-0.0054,111.0586
302,128488,384.05,267,940,91.8,4,0,1,0.149,0.005,-0.0054,111.0586
303,128752,247.47,600,796,77.7,3,0,0,1.547,0.005,-0.0054,111.0586
304,129328,12.13,150,216,21.1,1,0,1,0.15,0.005,-0.0054,111.0586
305,129416,314.48,222,869,84.9,3,0,1,0.143,0.005,-0.0054,111.0586
306,130576,352.96,600,895,87.4,4,0,0,1.74,0.005,-0.0054,111.0586
307,130600,555.73,600,1000,97.7,5,0,0,1.399,0.005,-0.0054,111.0586
308,130800,374.0,184,920,89.8,3,0,1,0.069,0.005,-0.0054,111.0586
309,132024,346.9,600,902,88.1,3,0,0,1.834,0.005,-0.0066,122.4746
310,132584,368.68,600,943,92.1,4,0,0,1.65,0.005,-0.0066,122.4746
311,133288,555.9,600,1024,100.0,5,0,0,1.093,0.005,-0.0066,122.4746
312,133552,289.49,600,807,78.8,3,0,0,1.998,0.005,-0.0066,122.4746
313,134216,228.09,600,747,72.9,3,0,0,1.687,0.005,-0.0066,122.4746
314,135376,252.39,600,822,80.3,3,0,0,0.493,0.005,-0.0066,122.4746
315,135400,471.13,600,921,89.9,4,0,0,1.366,0.005,-0.0066,122.4746
316,135600,474.76,600,936,91.4,4,0,0,1.383,0.005,-0.0066,122.4746
317,136824,315.44,600,892,87.1,3,0,0,0.962,0.005,-0.0066,122.4746
318,137024,23.58,25,214,20.9,1,0,1,0.204,0.005,-0.0066,122.4746
319,137384,518.38,600,999,97.6,5,0,0,2.142,0.005,-0.0066,122.4746
320,138088,511.62,600,1007,98.3,5,0,0,1.631,0.005,-0.0066,122.4746
321,138352,381.67,600,941,91.9,4,0,0,1.87,0.005,-0.0066,122.4746
322,138720,730.9,415,1023,99.9,6,1,0,1.219,0.005,-0.0066,122.4746
323,138864,3.06,18,206,20.1,1,0,1,0.145,0.005,-0.0066,122.4746
324,139016,409.31,600,922,90.0,3,0,0,1.704,0.005,-0.0066,122.4746
325,139200,418.81,227,881,86.0,4,0,1,0.129,0.005,-0.0066,122.4746
326,140176,367.23,600,869,84.9,4,0,0,1.758,0.005,-0.0068,93.042
327,140392,687.01,255,1024,100.0,6,1,0,0.45,0.005,-0.0068,93.042
328,140400,344.66,600,891,87.0,4,0,0,0.638,0.005,-0.0068,93.042
329,140408,1.33,29,193,18.8,1,0,1,0.208,0.005,-0.0068,93.042
330,140464,384.48,297,898,87.7,3,0,1,0.092,0.005,-0.0068,93.042
331,140552,-11.79,18,190,18.6,1,0,1,0.193,0.005,-0.0068,93.042
332,141176,169.95,78,509,49.7,2,0,1,0.109,0.005,-0.0068,93.042
333,141824,440.34,600,954,93.2,4,0,0,1.552,0.005,-0.0068,93.042
334,143048,39.28,153,217,21.2,1,0,1,0.157,0.005,-0.0068,93.042
335,143168,668.04,538,1024,100.0,6,1,0,0.962,0.005,-0.0068,93.042
336,143280,649.74,361,1024,100.0,6,1,0,0.782,0.005,-0.0068,93.042
337,143384,4.42,27,217,21.2,1,0,1,0.172,0.005,-0.0068,93.042
338,143816,388.52,600,949,92.7,4,0,0,1.753,0.005,-0.0068,93.042
339,144000,402.24,600,871,85.1,4,0,0,1.029,0.005,-0.0068,93.042
340,144560,271.36,520,870,85.0,4,0,1,0.134,0.005,-0.0068,93.042
341,145264,550.4,600,991,96.8,5,0,0,2.342,0.005,-0.0068,93.042
342,145976,405.11,600,940,91.8,4,0,0,2.277,0.005,-0.0068,93.042
343,146080,-2.32,13,456,44.5,1,0,1,0.201,0.005,-0.0068,93.042
344,147200,200.64,477,794,77.5,3,0,1,0.223,0.005,-0.0068,93.042
345,147608,292.76,293,816,79.7,3,0,1,0.164,0.005,-0.0046,157.9345
346,147768,723.09,401,1022,99.8,6,1,0,1.006,0.005,-0.0046,157.9345
347,147848,366.81,600,930,90.8,4,0,0,2.367,0.005,-0.0046,157.9345
348,148080,438.79,600,996,97.3,5,0,0,1.994,0.005,-0.0046,157.9345
349,148304,17.01,28,220,21.5,1,0,1,0.198,0.005,-0.0046,157.9345
350,148616,511.34,600,1018,99.4,5,0,0,1.763,0.005,-0.0046,157.9345
351,148776,212.4,126,793,77.4,3,0,1,0.123,0.005,-0.0046,157.9345
352,148800,297.78,600,858,83.8,4,0,0,2.148,0.005,-0.0046,157.9345
353,148824,468.93,203,958,93.6,5,0,1,0.205,0.005,-0.0046,157.9345
354,149976,673.11,487,1024,100.0,5,0,1,0.082,0.005,-0.0046,157.9345
355,152408,358.38,600,937,91.5,4,0,0,0.986,0.005,-0.0046,157.9345
356,152600,11.1,24,220,21.5,1,0,1,0.04,0.005,-0.0046,157.9345
357,152648,210.03,600,801,78.2,3,0,0,2.606,0.005,-0.0046,157.9345
358,153104,324.49,600,880,85.9,4,0,0,2.63,0.005,-0.0046,157.9345
359,153208,-2.42,13,456,44.5,1,0,1,0.089,0.005,-0.0046,157.9345
360,153416,423.03,600,1001,97.8,5,0,0,1.63,0.005,-0.0046,157.9345
361,153576,409.18,600,960,93.8,4,0,0,0.748,0.005,-0.0046,157.9345
362,153600,335.11,600,921,89.9,4,0,0,1.758,0.005,-0.0046,157.9345
363,153624,515.33,600,1005,98.1,5,0,0,1.788,0.005,-0.0046,157.9345
364,153776,90.37,71,579,56.5,1,0,1,0.183,0.005,-0.0046,157.9345
365,154240,261.36,199,812,79.3,3,0,1,0.163,0.005,-0.0046,157.9345
366,154776,427.25,600,939,91.7,4,0,0,1.129,0.005,-0.0046,157.9345
367,154824,143.83,73,720,70.3,2,0,1,0.182,0.005,-0.0046,157.9345
368,156096,510.62,437,998,97.5,5,0,1,0.143,0.005,-0.007,130.4193
369,156984,495.29,270,881,86.0,4,0,1,0.169,0.005,-0.007,130.4193
370,157152,5.69,21,232,22.7,1,0,1,0.177,0.005,-0.007,130.4193
371,157696,367.76,535,988,96.5,4,0,1,0.052,0.005,-0.007,130.4193
372,157920,628.71,540,1024,100.0,6,1,0,0.495,0.005,-0.007,130.4193
373,157944,34.88,31,512,50.0,1,0,1,0.139,0.005,-0.007,130.4193
374,158128,-6.77,23,200,19.5,1,0,1,0.144,0.005,-0.007,130.4193
375,158376,463.3,600,1000,97.7,5,0,0,1.707,0.005,-0.007,130.4193
376,158408,385.38,454,953,93.1,4,0,1,0.159,0.005,-0.007,130.4193
377,158424,474.74,600,1004,98.0,5,0,0,2.684,0.005,-0.007,130.4193
378,158576,454.7,600,969,94.6,5,0,0,1.969,0.005,-0.007,130.4193
379,158720,154.97,74,503,49.1,3,0,1,0.201,0.005,-0.007,130.4193
380,160776,669.98,257,1022,99.8,6,1,0,0.321,0.005,-0.007,130.4193
381,160896,580.7,600,1024,100.0,5,0,0,1.516,0.005,-0.007,130.4193
382,161952,416.4,600,996,97.3,5,0,0,1.174,0.005,-0.007,130.4193
383,162472,186.93,197,546,53.3,3,0,1,0.119,0.005,-0.007,130.4193
384,162720,437.88,600,941,91.9,4,0,0,2.001,0.005,-0.007,130.4193
385,163176,507.87,600,997,97.4,5,0,0,1.717,0.005,-0.007,130.4193
386,163208,463.62,600,1012,98.8,5,0,0,2.458,0.005,-0.007,130.4193
387,163224,477.95,600,1017,99.3,5,0,0,1.03,0.005,-0.007,130.4193
388,163376,373.88,600,999,97.6,5,0,0,1.683,0.005,-0.007,130.4193
389,163560,-3.62,23,206,20.1,1,0,1,0.029,0.005,-0.007,130.4193
390,165576,550.25,600,1015,99.1,5,0,0,2.151,0.005,-0.0047,117.044
391,166104,489.86,360,911,89.0,4,0,1,0.133,0.005,-0.0047,117.044
392,166672,303.68,137,911,89.0,3,0,1,0.191,0.005,-0.0047,117.044
393,166752,398.99,600,996,97.3,5,0,0,2.595,0.005,-0.0047,117.044
394,166912,-9.1,20,184,18.0,1,0,1,0.192,0.005,-0.0047,117.044
395,167040,81.59,46,640,62.5,1,0,1,0.067,0.005,-0.0047,117.044
396,167272,486.88,600,1023,99.9,5,0,0,1.135,0.005,-0.0047,117.044
397,167520,337.07,600,1001,97.8,4,0,0,1.373,0.005,-0.0047,117.044
398,167976,338.9,600,936,91.4,4,0,0,1.02,0.005,-0.0047,117.044
399,168008,479.48,600,1013,98.9,5,0,0,1.823,0.005,-0.0047,117.044
400,168360,111.45,600,741,72.4,3,0,0,2.557,0.005,-0.0047,117.044
401,169416,367.7,414,953,93.1,5,0,1,0.103,0.005,-0.0047,117.044
402,171312,542.84,534,1023,99.9,6,1,0,1.049,0.005,-0.0047,117.044
403,171504,365.79,261,861,84.1,4,0,1,0.15,0.005,-0.0047,117.044
404,171712,123.54,600,772,75.4,3,0,0,2.093,0.005,-0.0047,117.044
405,172072,354.55,600,929,90.7,4,0,0,1.907,0.005,-0.0046,82.9224
406,172320,306.23,600,941,91.9,5,0,0,1.204,0.005,-0.0046,82.9224
407,172776,492.22,600,1012,98.8,5,0,0,2.746,0.005,-0.0046,82.9224
408,172808,529.29,600,1012,98.8,5,0,0,1.364,0.005,-0.0046,82.9224
409,173160,190.21,600,826,80.7,3,0,0,2.432,0.005,-0.0046,82.9224
410,173528,261.29,151,857,83.7,3,0,1,0.195,0.005,-0.0046,82.9224
411,175784,546.03,559,1024,100.0,6,1,0,1.298,0.005,-0.0046,82.9224
412,176304,510.33,600,990,96.7,4,0,0,2.477,0.005,-0.0046,82.9224
413,176392,150.27,76,739,72.2,2,0,1,0.096,0.005,-0.0046,82.9224
414,176512,542.13,600,1024,100.0,5,0,0,1.342,0.005,-0.0046,82.9224
415,176584,10.31,35,212,20.7,1,0,1,0.156,0.005,-0.0046,82.9224
416,176776,-3.59,24,174,17.0,1,0,1,0.13,0.005,-0.0046,82.9224
417,176872,352.0,600,953,93.1,4,0,0,0.963,0.005,-0.0046,82.9224
418,176944,8.98,21,226,22.1,1,0,1,0.113,0.005,-0.0046,82.9224
419,177096,359.78,446,906,88.5,5,0,1,0.18,0.005,-0.0046,82.9224
420,177520,10.5,81,216,21.1,1,0,1,0.123,0.005,-0.0046,82.9224
421,177528,2.27,73,214,20.9,1,0,1,0.178,0.005,-0.0046,82.9224
422,177576,321.89,600,859,83.9,4,0,0,1.646,0.005,-0.0046,82.9224
423,177608,409.22,600,1013,98.9,5,0,0,1.23,0.005,-0.0046,82.9224
424,177960,488.61,600,1001,97.8,5,0,0,2.694,0.005,-0.0046,82.9224
425,178136,-6.37,22,179,17.5,1,0,1,0.192,0.005,-0.0046,82.9224
426,178800,23.28,286,225,22.0,1,0,1,0.137,0.005,-0.0046,82.9224
427,179232,13.2,203,227,22.2,1,0,1,0.104,0.005,-0.0046,82.9224
428,179360,153.72,70,561,54.8,2,0,1,0.154,0.005,-0.0046,82.9224
429,180336,335.17,405,863,84.3,4,0,1,0.201,0.005,-0.0057,146.0275
430,181104,729.65,371,1022,99.8,6,1,0,0.783,0.005,-0.0057,146.0275
431,181192,350.96,600,1001,97.8,5,0,0,2.871,0.005,-0.0057,146.0275
432,181632,267.95,162,841,82.1,3,0,1,0.194,0.005,-0.0057,146.0275
433,182320,381.34,600,1008,98.4,5,0,0,1.129,0.005,-0.0057,146.0275
434,182328,342.1,600,995,97.2,5,0,0,2.712,0.005,-0.0057,146.0275
435,182376,392.47,600,999,97.6,5,0,0,1.725,0.005,-0.0057,146.0275
436,183448,700.98,282,1023,99.9,6,1,0,0.744,0.005,-0.0057,146.0275
437,183592,-14.96,18,194,18.9,1,0,1,0.146,0.005,-0.0057,146.0275
438,184032,418.82,600,889,86.8,4,0,0,1.801,0.005,-0.0057,146.0275
439,184160,484.8,600,1023,99.9,5,0,0,1.56,0.005,-0.0057,146.0275
440,184720,370.06,300,941,91.9,5,0,1,0.193,0.005,-0.0057,146.0275
441,185584,67.07,108,237,23.1,1,0,1,0.001,0.005,-0.0057,146.0275
442,185904,497.54,600,1024,100.0,5,0,0,0.262,0.005,-0.0057,146.0275
443,186432,441.19,600,1023,99.9,5,0,0,2.669,0.005,-0.0057,146.0275
444,186616,-6.27,23,212,20.7,1,0,1,0.199,0.005,-0.0057,146.0275
445,187128,370.2,600,943,92.1,4,0,0,2.808,0.005,-0.0057,146.0275
446,187176,377.61,600,970,94.7,5,0,0,1.709,0.005,-0.0057,146.0275
447,187280,-9.09,19,180,17.6,1,0,1,0.124,0.005,-0.0057,146.0275
448,187440,-6.06,20,207,20.2,1,0,1,0.159,0.005,-0.0057,146.0275
449,187448,383.22,411,943,92.1,5,0,1,0.19,0.005,-0.0057,146.0275
450,188392,358.28,600,936,91.4,5,0,0,1.441,0.005,-0.0057,146.0275
451,188624,31.73,29,523,51.1,1,0,1,0.185,0.005,-0.0064,86.4957
452,188832,383.77,600,999,97.6,5,0,0,1.272,0.005,-0.0064,86.4957
453,189336,334.78,340,866,84.6,4,0,1,0.193,0.005,-0.0064,86.4957
454,190384,398.35,600,994,97.1,5,0,0,2.859,0.005,-0.0064,86.4957
455,190704,331.06,600,862,84.2,4,0,0,2.67,0.005,-0.0064,86.4957
456,191976,459.26,600,1024,100.0,5,0,0,2.558,0.005,-0.0064,86.4957
457,192240,403.58,600,991,96.8,5,0,0,1.79,0.005,-0.0064,86.4957
458,192248,487.25,600,1008,98.4,5,0,0,2.512,0.005,-0.0064,86.4957
459,193424,428.06,600,1020,99.6,5,0,0,2.589,0.005,-0.0064,86.4957
460,193632,429.07,600,917,89.6,5,0,0,1.399,0.005,-0.0064,86.4957
461,193696,-20.14,8,431,42.1,1,0,1,0.183,0.005,-0.0064,86.4957
462,194136,352.32,600,995,97.2,5,0,0,2.594,0.005,-0.0064,86.4957
463,195184,558.93,600,1024,100.0,5,0,0,1.845,0.005,-0.0064,86.4957
464,195504,429.77,600,1024,100.0,5,0,0,1.931,0.005,-0.0064,86.4957
465,196720,526.89,593,1024,100.0,6,1,0,0.874,0.005,-0.0058,96.7541
466,197040,331.76,600,913,89.2,5,0,0,0.638,0.005,-0.0058,96.7541
467,197048,457.63,600,1020,99.6,5,0,0,1.147,0.005,-0.0058,96.7541
468,197272,-7.43,28,211,20.6,1,0,1,0.012,0.005,-0.0058,96.7541
469,197632,528.64,526,1023,99.9,6,1,0,0.794,0.005,-0.0058,96.7541
470,198376,511.78,399,1019,99.5,6,1,0,0.908,0.005,-0.0058,96.7541
471,198496,327.76,600,938,91.6,4,0,0,1.683,0.005,-0.0058,96.7541
472,198808,647.94,261,1024,100.0,6,1,0,1.168,0.005,-0.0058,96.7541
473,198824,364.58,149,945,92.3,4,0,1,0.207,0.005,-0.0058,96.7541
474,198936,289.45,600,926,90.4,4,0,0,1.429,0.005,-0.0058,96.7541
475,199088,82.04,35,633,61.8,2,0,1,0.19,0.005,-0.0058,96.7541
476,199104,2.86,21,217,21.2,1,0,1,0.149,0.005,-0.0058,96.7541
477,199552,390.24,314,936,91.4,5,0,1,0.073,0.005,-0.0058,96.7541
478,200008,185.95,113,716,69.9,2,0,1,0.075,0.005,-0.0058,96.7541
479,200152,-5.73,18,192,18.8,1,0,1,0.14,0.005,-0.0058,96.7541
480,200192,507.5,586,1024,100.0,6,1,0,1.759,0.005,-0.0058,96.7541
481,200288,3.42,17,181,17.7,1,0,1,0.186,0.005,-0.0058,96.7541
482,200488,568.59,264,1014,99.0,5,0,1,0.153,0.005,-0.0058,96.7541
483,200688,17.1,25,217,21.2,1,0,1,0.132,0.005,-0.0058,96.7541
484,201552,453.75,535,1020,99.6,6,1,0,0.828,0.005,-0.0058,96.7541
485,202720,37.8,454,304,29.7,1,0,1,0.175,0.005,-0.0058,96.7541
486,203296,94.6,600,364,35.5,1,0,0,2.372,0.005,-0.0058,96.7541
487,203624,446.05,600,1023,99.9,5,0,0,1.296,0.005,-0.0058,96.7541
488,203648,558.94,432,1022,99.8,6,1,0,1.526,0.005,-0.0058,96.7541
489,204352,484.89,600,1024,100.0,5,0,0,2.805,0.005,-0.0058,96.7541
490,204552,5.25,25,218,21.3,1,0,1,0.177,0.005,-0.0058,96.7541
491,205088,371.41,600,941,91.9,5,0,0,0.727,0.005,-0.0072,142.8397
492,205488,357.83,600,985,96.2,5,0,0,2.867,0.005,-0.0072,142.8397
493,205648,364.81,137,964,94.1,4,0,1,0.2,0.005,-0.0072,142.8397
494,205824,-9.08,22,178,17.4,1,0,1,0.141,0.005,-0.0072,142.8397
495,206032,26.33,26,524,51.2,1,0,1,0.189,0.005,-0.0072,142.8397
496,206352,369.58,600,1008,98.4,5,0,0,2.038,0.005,-0.0072,142.8397
497,207152,620.62,482,1023,99.9,6,1,0,0.883,0.005,-0.0072,142.8397
498,207472,302.55,140,859,83.9,3,0,1,0.199,0.005,-0.0072,142.8397
499,207520,373.46,600,1000,97.7,5,0,0,2.791,0.005,-0.0072,142.8397
500,207736,28.93,27,488,47.7,1,0,1,0.169,0.005,-0.0072,142.8397
501,208136,65.4,50,642,62.7,1,0,1,0.186,0.005,-0.0072,142.8397
502,208320,472.19,587,1021,99.7,6,1,0,1.319,0.005,-0.0072,142.8397
503,208448,292.67,600,888,86.7,4,0,0,1.494,0.005,-0.0072,142.8397
504,208528,8.07,26,219,21.4,1,0,1,0.144,0.005,-0.0072,142.8397
505,208704,5.54,22,189,18.5,1,0,1,0.0,0.005,-0.0072,142.8397
506,209888,252.4,600,861,84.1,4,0,0,2.576,0.005,-0.0072,142.8397
507,210008,-0.02,15,459,44.8,1,0,1,0.099,0.005,-0.0072,142.8397
508,210224,297.82,592,870,85.0,4,0,1,0.149,0.005,-0.0072,142.8397
509,210648,680.02,275,1020,99.6,6,1,0,0.86,0.005,-0.0072,142.8397
510,210832,370.54,600,922,90.0,5,0,0,0.653,0.005,-0.0072,142.8397
511,211864,288.53,129,904,88.3,3,0,1,0.158,0.005,-0.0072,142.8397
512,211952,251.78,600,930,90.8,4,0,0,2.599,0.005,-0.0072,142.8397
513,212272,283.46,600,940,91.8,4,0,0,2.804,0.005,-0.0072,142.8397
514,212936,248.2,600,860,84.0,4,0,0,0.612,0.005,-0.0072,142.8397
515,213504,351.92,600,1004,98.0,5,0,0,2.855,0.005,-0.0043,133.3473
516,213552,348.05,160,935,91.3,4,0,1,0.087,0.005,-0.0043,133.3473
517,213808,485.11,448,1023,99.9,6,1,0,1.236,0.005,-0.0043,133.3473
518,214248,578.19,450,1024,100.0,6,1,0,0.906,0.005,-0.0043,133.3473
519,214424,609.59,186,1024,100.0,6,1,0,1.081,0.005,-0.0043,133.3473
520,214808,642.71,357,1021,99.7,6,1,0,1.188,0.005,-0.0043,133.3473
521,214808,454.43,600,975,95.2,4,0,0,2.812,0.005,-0.0043,133.3473
522,215008,5.18,25,203,19.8,1,0,1,0.136,0.005,-0.0043,133.3473
523,215920,695.65,264,1024,100.0,6,1,0,0.963,0.005,-0.0043,133.3473
524,215992,-17.11,9,399,39.0,1,0,1,0.211,0.005,-0.0043,133.3473
525,216656,669.37,231,1024,100.0,6,1,0,0.828,0.005,-0.0043,133.3473
526,216664,343.5,600,941,91.9,5,0,0,0.537,0.005,-0.0043,133.3473
527,216896,34.92,29,511,49.9,1,0,1,0.222,0.005,-0.0043,133.3473
528,217432,499.04,376,1023,99.9,6,1,0,0.864,0.005,-0.0043,133.3473
529,218304,147.3,600,782,76.4,3,0,0,2.609,0.005,-0.0043,133.3473
530,218352,363.66,600,901,88.0,5,0,0,0.855,0.005,-0.0043,133.3473
531,218976,500.25,496,1024,100.0,6,1,0,1.379,0.005,-0.0043,133.3473
532,219048,325.49,600,941,91.9,5,0,0,1.284,0.005,-0.0043,133.3473
533,219112,313.79,390,899,87.8,5,0,1,0.193,0.005,-0.0043,133.3473
534,220456,688.7,378,1022,99.8,6,1,0,1.184,0.005,-0.0043,133.3473
535,220976,657.24,250,1022,99.8,6,1,0,1.018,0.005,-0.0043,133.3473
536,221056,-11.05,10,421,41.1,1,0,1,0.185,0.005,-0.0043,133.3473
537,221304,34.37,31,521,50.9,1,0,1,0.076,0.005,-0.007,179.4218
538,221456,404.9,600,958,93.6,5,0,0,0.755,0.005,-0.007,179.4218
539,221608,558.99,407,1024,100.0,6,1,0,0.885,0.005,-0.007,179.4218
540,221696,399.97,600,905,88.4,5,0,0,0.689,0.005,-0.007,179.4218
541,222400,264.82,512,955,93.3,5,0,1,0.197,0.005,-0.007,179.4218
542,223192,523.6,342,1021,99.7,6,1,0,1.419,0.005,-0.007,179.4218
543,223848,374.13,600,990,96.7,5,0,0,1.813,0.005,-0.007,179.4218
544,223912,344.22,600,897,87.6,5,0,0,1.3,0.005,-0.007,179.4218
545,223984,-14.34,9,429,41.9,1,0,1,0.013,0.005,-0.007,179.4218
546,225104,641.15,239,1021,99.7,6,1,0,0.947,0.005,-0.007,179.4218
547,225112,532.73,438,1023,99.9,6,1,0,0.749,0.005,-0.007,179.4218
548,225768,524.41,509,1024,100.0,6,1,0,0.676,0.005,-0.007,179.4218
549,225832,664.67,248,1023,99.9,6,1,0,1.234,0.005,-0.007,179.4218
550,226104,355.1,600,991,96.8,5,0,0,2.538,0.005,-0.007,179.4218
551,226168,529.31,589,1024,100.0,6,1,0,0.664,0.005,-0.007,179.4218
552,226184,489.91,473,1024,100.0,6,1,0,1.114,0.005,-0.007,179.4218
553,226952,35.76,106,245,23.9,1,0,1,0.097,0.005,-0.007,179.4218
554,227704,629.96,234,1024,100.0,6,1,0,1.63,0.005,-0.007,179.4218
555,228784,484.89,600,1020,99.6,5,0,0,1.548,0.005,-0.007,179.4218
556,229576,668.64,234,1023,99.9,6,1,0,1.064,0.005,-0.0062,121.4582
557,229704,549.35,442,1024,100.0,6,1,0,0.851,0.005,-0.0062,121.4582
558,229888,314.54,138,890,86.9,3,0,1,0.053,0.005,-0.0062,121.4582
559,229904,268.19,600,860,84.0,4,0,0,2.849,0.005,-0.0062,121.4582
560,229912,516.91,600,1021,99.7,5,0,0,2.329,0.005,-0.0062,121.4582
561,230056,-12.34,21,182,17.8,1,0,1,0.126,0.005,-0.0062,121.4582
562,230568,260.32,600,920,89.8,4,0,0,1.765,0.005,-0.0062,121.4582
563,230984,375.4,600,933,91.1,5,0,0,1.872,0.005,-0.0062,121.4582
564,231120,523.62,521,1021,99.7,6,1,0,1.303,0.005,-0.0062,121.4582
565,231336,626.59,204,1023,99.9,6,1,0,1.285,0.005,-0.0062,121.4582
566,232816,510.34,405,1024,100.0,6,1,0,1.073,0.005,-0.0062,121.4582
567,233312,55.64,62,228,22.3,1,0,1,0.18,0.005,-0.0062,121.4582
568,233488,519.31,429,1022,99.8,6,1,0,1.148,0.005,-0.0062,121.4582
569,233536,476.59,453,1024,100.0,6,1,0,0.778,0.005,-0.0062,121.4582
570,233760,222.26,482,864,84.4,4,0,1,0.162,0.005,-0.0062,121.4582
571,233872,264.95,361,863,84.3,4,0,1,0.18,0.005,-0.0062,121.4582
572,234992,600.19,188,1024,100.0,6,1,0,0.583,0.005,-0.0062,121.4582
573,235160,499.64,505,1024,100.0,6,1,0,1.79,0.005,-0.0062,121.4582
574,235368,227.24,600,861,84.1,4,0,0,2.092,0.005,-0.0062,121.4582
575,236136,290.67,600,932,91.0,4,0,0,2.875,0.005,-0.0062,121.4582
576,236416,598.73,178,1024,100.0,6,1,0,1.109,0.005,-0.0062,121.4582
577,237344,373.03,151,941,91.9,4,0,1,0.096,0.005,-0.0062,121.4582
578,237512,11.72,21,233,22.8,1,0,1,0.206,0.005,-0.0062,121.4582
579,237704,-12.51,24,177,17.3,1,0,1,0.171,0.005,-0.0043,134.2348
580,238112,112.55,600,296,28.9,1,0,0,1.128,0.005,-0.0043,134.2348
581,238336,331.98,600,996,97.3,5,0,0,1.141,0.005,-0.0043,134.2348
582,238496,-3.16,20,221,21.6,1,0,1,0.199,0.005,-0.0043,134.2348
583,238560,328.15,600,939,91.7,5,0,0,0.797,0.005,-0.0043,134.2348
584,238672,364.8,600,957,93.5,5,0,0,0.601,0.005,-0.0043,134.2348
585,238856,5.61,23,206,20.1,1,0,1,0.186,0.005,-0.0043,134.2348
586,239960,246.84,600,863,84.3,4,0,0,1.027,0.005,-0.0043,134.2348
587,240008,505.77,580,1024,100.0,6,1,0,0.929,0.005,-0.0043,134.2348
588,240896,351.22,292,947,92.5,5,0,1,0.112,0.005,-0.0043,134.2348
589,241216,312.96,600,942,92.0,4,0,0,2.718,0.005,-0.0043,134.2348
590,241312,656.64,352,1021,99.7,6,1,0,1.153,0.005,-0.0043,134.2348
591,242144,518.12,411,1022,99.8,6,1,0,0.657,0.005,-0.0043,134.2348
592,242504,262.84,600,934,91.2,4,0,0,1.494,0.005,-0.0043,134.2348
593,242912,353.31,600,956,93.4,5,0,0,0.483,0.005,-0.0043,134.2348
594,243376,655.53,270,1023,99.9,6,1,0,1.143,0.005,-0.0043,134.2348
595,244184,402.34,359,952,93.0,5,0,1,0.095,0.005,-0.0043,134.2348
596,244208,632.07,213,1022,99.8,6,1,0,1.107,0.005,-0.0043,134.2348
597,244560,697.07,569,1022,99.8,6,1,0,0.96,0.005,-0.0043,134.2348
598,244760,337.04,600,979,95.6,4,0,0,2.854,0.005,-0.0043,134.2348
599,244960,7.84,25,221,21.6,1,0,1,0.121,0.005,-0.0043,134.2348
600,245128,-0.31,21,220,21.5,1,0,1,0.186,0.005,-0.0043,134.2348
601,245696,292.62,600,858,83.8,4,0,0,1.799,0.005,-0.0043,134.2348
602,245904,-4.18,26,196,19.1,1,0,1,0.14,0.005,-0.005,124.7312
603,246208,390.93,508,1018,99.4,5,0,1,0.144,0.005,-0.005,124.7312
604,246736,597.2,201,1023,99.9,6,1,0,1.214,0.005,-0.005,124.7312
605,247144,519.85,367,1024,100.0,6,1,0,1.127,0.005,-0.005,124.7312
606,247560,486.08,422,1024,100.0,6,1,0,0.973,0.005,-0.005,124.7312
607,247712,329.12,600,997,97.4,5,0,0,1.364,0.005,-0.005,124.7312
608,247784,-4.35,28,202,19.7,1,0,1,0.07,0.005,-0.005,124.7312
609,247872,549.76,246,1013,98.9,5,0,1,0.189,0.005,-0.005,124.7312
610,248176,363.69,600,1007,98.3,5,0,0,0.875,0.005,-0.005,124.7312
611,248576,615.3,230,1019,99.5,6,1,0,1.154,0.005,-0.005,124.7312
612,249328,534.35,390,1022,99.8,6,1,0,0.882,0.005,-0.005,124.7312
613,249360,270.49,600,924,90.2,4,0,0,1.747,0.005,-0.005,124.7312
614,249536,31.27,26,462,45.1,1,0,1,0.045,0.005,-0.005,124.7312
615,249576,-4.24,27,212,20.7,1,0,1,0.048,0.005,-0.005,124.7312
616,250440,477.37,412,1024,100.0,6,1,0,1.177,0.005,-0.005,124.7312
617,251136,475.61,419,1021,99.7,6,1,0,1.125,0.005,-0.005,124.7312
618,251136,591.07,200,1023,99.9,6,1,0,1.588,0.005,-0.005,124.7312
619,251200,579.23,203,1023,99.9,6,1,0,1.364,0.005,-0.005,124.7312
620,252368,454.06,562,1022,99.8,6,1,0,1.097,0.005,-0.005,124.7312
621,252512,348.61,600,960,93.8,5,0,0,0.768,0.005,-0.005,124.7312
622,252664,580.11,183,1024,100.0,6,1,0,1.072,0.005,-0.005,124.7312
623,252816,515.11,530,1019,99.5,6,1,0,0.981,0.005,-0.005,124.7312
624,252976,340.2,600,938,91.6,4,0,0,2.693,0.005,-0.005,124.7312
625,253976,598.73,183,1024,100.0,6,1,0,0.731,0.005,-0.0057,150.9764
626,254784,594.64,226,1023,99.9,6,1,0,0.893,0.005,-0.0057,150.9764
627,255240,356.68,600,1016,99.2,5,0,0,1.772,0.005,-0.0057,150.9764
628,255600,614.88,203,1024,100.0,6,1,0,1.257,0.005,-0.0057,150.9764
629,255936,350.9,600,945,92.3,5,0,0,1.458,0.005,-0.0057,150.9764
630,255936,302.1,600,991,96.8,5,0,0,2.527,0.005,-0.0057,150.9764
631,256448,617.58,208,1023,99.9,6,1,0,1.3,0.005,-0.0057,150.9764
632,257168,342.99,600,934,91.2,5,0,0,0.296,0.005,-0.0057,150.9764
633,257464,251.86,600,918,89.6,4,0,0,2.725,0.005,-0.0057,150.9764
634,257584,502.58,206,1013,98.9,5,0,1,0.163,0.005,-0.0057,150.9764
635,257616,311.19,600,942,92.0,5,0,0,0.593,0.005,-0.0057,150.9764
636,258128,409.53,316,1004,98.0,5,0,1,0.066,0.005,-0.0057,150.9764
637,258552,349.26,173,867,84.7,4,0,1,0.15,0.005,-0.0057,150.9764
638,259016,485.92,385,1023,99.9,6,1,0,0.88,0.005,-0.0057,150.9764
639,259088,577.65,184,1021,99.7,6,1,0,0.857,0.005,-0.0057,150.9764
640,259304,34.14,36,516,50.4,1,0,1,0.141,0.005,-0.0057,150.9764
641,259800,506.01,419,1022,99.8,6,1,0,1.297,0.005,-0.0057,150.9764
642,260040,318.5,600,991,96.8,5,0,0,2.482,0.005,-0.0057,150.9764
643,260584,622.16,187,1024,100.0,6,1,0,1.07,0.005,-0.0057,150.9764
644,261000,490.73,427,1024,100.0,6,1,0,0.882,0.005,-0.0057,150.9764
645,262144,552.57,355,1024,100.0,6,1,0,1.06,0.005,-0.0057,150.9764
646,262264,303.5,600,987,96.4,5,0,0,1.11,0.005,-0.005,101.0494
647,262928,300.23,600,994,97.1,5,0,0,1.565,0.005,-0.005,101.0494
648,263168,13.75,30,490,47.9,1,0,1,0.2,0.005,-0.005,101.0494
649,263352,305.3,600,1001,97.8,5,0,0,1.561,0.005,-0.005,101.0494
650,263760,607.35,345,1024,100.0,6,1,0,1.456,0.005,-0.005,101.0494
651,264600,276.47,600,939,91.7,5,0,0,1.126,0.005,-0.005,101.0494
652,264672,438.31,579,1024,100.0,6,1,0,1.453,0.005,-0.005,101.0494
653,265008,606.45,230,1022,99.8,6,1,0,1.08,0.005,-0.005,101.0494
654,265384,279.71,600,857,83.7,4,0,0,1.223,0.005,-0.005,101.0494
655,266944,448.32,600,1019,99.5,5,0,0,1.057,0.005,-0.005,101.0494
656,267024,503.3,205,1016,99.2,5,0,1,0.173,0.005,-0.005,101.0494
657,267064,420.7,600,1024,100.0,5,0,0,1.404,0.005,-0.005,101.0494
658,268152,297.57,600,938,91.6,5,0,0,0.771,0.005,-0.005,101.0494
659,268272,487.77,459,1024,100.0,6,1,0,1.136,0.005,-0.005,101.0494
660,268560,363.21,600,885,86.4,5,0,0,0.737,0.005,-0.005,101.0494
661,268784,46.15,64,242,23.6,1,0,1,0.215,0.005,-0.005,101.0494
662,269472,88.45,600,517,50.5,2,0,0,0.912,0.005,-0.005,101.0494
663,269600,569.64,332,1024,100.0,6,1,0,0.975,0.005,-0.005,101.0494
664,269808,282.53,600,945,92.3,5,0,0,0.941,0.005,-0.005,101.0494
665,270152,584.26,171,1024,100.0,6,1,0,1.169,0.005,-0.005,101.0494
666,270472,443.25,431,1018,99.4,5,0,1,0.135,0.005,-0.0045,123.2089
667,271352,456.33,536,1023,99.9,6,1,0,1.136,0.005,-0.0045,123.2089
668,271600,546.5,380,1023,99.9,6,1,0,1.461,0.005,-0.0045,123.2089
669,271824,622.17,252,1022,99.8,6,1,0,1.519,0.005,-0.0045,123.2089
670,272064,600.31,199,1024,100.0,6,1,0,1.477,0.005,-0.0045,123.2089
671,272720,578.38,171,1024,100.0,6,1,0,1.052,0.005,-0.0045,123.2089
672,272952,154.3,600,572,55.9,3,0,0,1.592,0.005,-0.0045,123.2089
673,273440,590.98,202,1023,99.9,6,1,0,1.575,0.005,-0.0045,123.2089
674,273600,346.06,431,949,92.7,5,0,1,0.196,0.005,-0.0045,123.2089
675,273632,603.41,196,1020,99.6,6,1,0,1.326,0.005,-0.0045,123.2089
676,273688,28.42,31,468,45.7,1,0,1,0.14,0.005,-0.0045,123.2089
677,274272,478.87,600,1024,100.0,5,0,0,0.865,0.005,-0.0045,123.2089
678,274400,377.85,600,1006,98.2,5,0,0,2.594,0.005,-0.0045,123.2089
679,275240,572.93,205,1023,99.9,6,1,0,1.341,0.005,-0.0045,123.2089
680,275328,593.88,205,1024,100.0,6,1,0,1.271,0.005,-0.0045,123.2089
681,275880,599.55,201,1024,100.0,6,1,0,0.951,0.005,-0.0045,123.2089
682,276064,486.22,389,1023,99.9,6,1,0,1.443,0.005,-0.0045,123.2089
683,276216,466.76,577,1023,99.9,6,1,0,1.102,0.005,-0.0045,123.2089
684,276456,463.59,467,1021,99.7,6,1,0,1.556,0.005,-0.0045,123.2089
685,276464,553.63,354,1024,100.0,6,1,0,1.4,0.005,-0.0045,123.2089
686,276568,104.72,44,639,62.4,2,0,1,0.185,0.005,-0.0045,123.2089
687,277480,594.3,200,1022,99.8,6,1,0,0.954,0.005,-0.0045,123.2089
688,279200,294.39,600,867,84.7,4,0,0,1.491,0.005,-0.0062,139.8747
689,279216,604.37,217,1024,100.0,6,1,0,0.934,0.005,-0.0062,139.8747
690,279296,517.78,507,1024,100.0,6,1,0,0.754,0.005,-0.0062,139.8747
691,280096,539.84,455,1024,100.0,6,1,0,1.291,0.005,-0.0062,139.8747
692,280128,403.3,600,1020,99.6,5,0,0,1.046,0.005,-0.0062,139.8747
693,280864,365.94,600,1017,99.3,5,0,0,1.452,0.005,-0.0062,139.8747
694,281048,437.78,573,1024,100.0,6,1,0,1.229,0.005,-0.0062,139.8747
695,281368,351.11,600,889,86.8,4,0,0,1.105,0.005,-0.0062,139.8747
696,281728,524.52,316,1022,99.8,6,1,0,1.248,0.005,-0.0062,139.8747
697,282448,487.34,394,1021,99.7,6,1,0,1.157,0.005,-0.0062,139.8747
698,283968,559.38,484,1023,99.9,6,1,0,1.554,0.005,-0.0062,139.8747
699,284016,340.42,600,997,97.4,5,0,0,1.531,0.005,-0.0062,139.8747
700,284072,-2.7,13,442,43.2,1,0,1,0.161,0.005,-0.0062,139.8747
701,284616,486.96,446,1023,99.9,6,1,0,1.324,0.005,-0.0062,139.8747
702,284632,502.94,408,1024,100.0,6,1,0,0.963,0.005,-0.0062,139.8747
703,284928,312.4,600,1001,97.8,5,0,0,1.753,0.005,-0.0062,139.8747
704,285024,497.56,412,1024,100.0,6,1,0,1.19,0.005,-0.0062,139.8747
705,285664,367.37,600,1023,99.9,5,0,0,2.652,0.005,-0.0062,139.8747
706,286392,471.23,493,1022,99.8,6,1,0,1.321,0.005,-0.0062,139.8747
707,286832,660.73,277,1024,100.0,6,1,0,1.254,0.005,-0.0046,123.612
708,287208,613.52,193,1024,100.0,6,1,0,1.421,0.005,-0.0046,123.612
709,287912,528.63,410,1024,100.0,6,1,0,1.087,0.005,-0.0046,123.612
710,288200,480.97,516,1024,100.0,6,1,0,1.384,0.005,-0.0046,123.612
711,288304,571.97,184,1017,99.3,6,1,0,1.558,0.005,-0.0046,123.612
712,288816,357.95,600,901,88.0,5,0,0,1.238,0.005,-0.0046,123.612
713,289520,620.53,201,1024,100.0,6,1,0,1.176,0.005,-0.0046,123.612
714,289568,549.98,397,1024,100.0,6,1,0,1.133,0.005,-0.0046,123.612
715,289672,580.95,184,1018,99.4,6,1,0,1.358,0.005,-0.0046,123.612
716,289720,445.15,587,1023,99.9,6,1,0,1.408,0.005,-0.0046,123.612
717,289728,344.58,600,945,92.3,4,0,0,1.41,0.005,-0.0046,123.612
718,289744,5.15,22,229,22.4,1,0,1,0.089,0.005,-0.0046,123.612
719,290176,566.61,170,1024,100.0,6,1,0,1.281,0.005,-0.0046,123.612
720,290296,20.79,69,216,21.1,1,0,1,0.221,0.005,-0.0046,123.612
721,290664,259.9,118,857,83.7,3,0,1,0.17,0.005,-0.0046,123.612
722,290912,505.11,463,1024,100.0,6,1,0,1.161,0.005,-0.0046,123.612
723,291176,565.28,188,1021,99.7,6,1,0,1.135,0.005,-0.0046,123.612
724,291576,504.12,409,1024,100.0,6,1,0,1.613,0.005,-0.0046,123.612
725,291888,594.21,199,1024,100.0,6,1,0,1.25,0.005,-0.0046,123.612
726,292568,587.53,207,1023,99.9,6,1,0,1.248,0.005,-0.0046,123.612
727,292776,594.49,200,1024,100.0,6,1,0,1.375,0.005,-0.0046,123.612
728,293376,586.76,339,1024,100.0,6,1,0,1.167,0.005,-0.0046,123.612
729,293736,416.17,270,966,94.3,5,0,1,0.177,0.005,-0.0046,123.612
730,294320,364.13,600,972,94.9,5,0,0,0.863,0.005,-0.0046,123.612
731,294528,326.76,600,951,92.9,5,0,0,1.528,0.005,-0.0046,123.612
732,294736,537.1,170,1024,100.0,6,1,0,0.988,0.005,-0.0046,123.612
733,294976,297.0,600,991,96.8,5,0,0,2.725,0.005,-0.0071,124.7366
734,295504,329.46,367,1018,99.4,5,0,1,0.163,0.005,-0.0071,124.7366
735,296072,566.73,167,1024,100.0,6,1,0,0.909,0.005,-0.0071,124.7366
736,296304,454.06,552,1020,99.6,6,1,0,1.743,0.005,-0.0071,124.7366
737,296376,494.7,450,1024,100.0,6,1,0,0.792,0.005,-0.0071,124.7366
738,296968,568.1,305,1023,99.9,6,1,0,0.837,0.005,-0.0071,124.7366
739,297024,541.11,411,1024,100.0,6,1,0,1.117,0.005,-0.0071,124.7366
740,297328,471.91,376,1022,99.8,6,1,0,1.355,0.005,-0.0071,124.7366
741,297776,605.62,175,1024,100.0,6,1,0,1.385,0.005,-0.0071,124.7366
742,298256,509.24,344,1024,100.0,6,1,0,1.151,0.005,-0.0071,124.7366
743,298688,472.26,464,1022,99.8,6,1,0,1.508,0.005,-0.0071,124.7366
744,299448,507.05,393,1024,100.0,6,1,0,0.896,0.005,-0.0071,124.7366
745,299816,289.85,141,869,84.9,4,0,1,0.194,0.005,-0.0071,124.7366
746,300128,572.38,350,1024,100.0,6,1,0,0.616,0.005,-0.0071,124.7366
747,300840,534.43,383,1021,99.7,6,1,0,1.095,0.005,-0.0071,124.7366
748,300872,291.0,600,852,83.2,4,0,0,2.873,0.005,-0.0071,124.7366
749,301120,593.46,209,1023,99.9,6,1,0,1.653,0.005,-0.0071,124.7366
750,301336,-4.0,27,210,20.5,1,0,1,0.171,0.005,-0.0071,124.7366
751,301432,104.14,74,392,38.3,2,0,1,0.175,0.005,-0.0071,124.7366
752,301504,451.09,560,1022,99.8,6,1,0,1.653,0.005,-0.0071,124.7366
753,301768,361.47,600,910,88.9,5,0,0,1.875,0.005,-0.0071,124.7366
754,302848,464.7,574,1024,100.0,6,1,0,1.42,0.005,-0.0071,124.7366
755,303352,514.16,403,1024,100.0,6,1,0,1.204,0.005,-0.0065,169.4492
756,303568,515.31,469,1023,99.9,6,1,0,1.491,0.005,-0.0065,169.4492
757,303872,507.12,375,1023,99.9,6,1,0,0.771,0.005,-0.0065,169.4492
758,303936,499.52,304,1023,99.9,6,1,0,0.904,0.005,-0.0065,169.4492
759,304512,526.44,343,1024,100.0,6,1,0,1.007,0.005,-0.0065,169.4492
760,304704,572.12,169,1024,100.0,6,1,0,0.566,0.005,-0.0065,169.4492
761,304888,510.18,432,1021,99.7,6,1,0,1.126,0.005,-0.0065,169.4492
762,305040,11.33,66,219,21.4,1,0,1,0.154,0.005,-0.0065,169.4492
763,305264,525.69,491,1023,99.9,6,1,0,1.207,0.005,-0.0065,169.4492
764,306328,580.74,180,1024,100.0,6,1,0,1.029,0.005,-0.0065,169.4492
765,306352,518.24,348,1024,100.0,6,1,0,1.599,0.005,-0.0065,169.4492
766,306752,486.12,488,1023,99.9,6,1,0,1.892,0.005,-0.0065,169.4492
767,306752,629.02,214,1022,99.8,6,1,0,1.669,0.005,-0.0065,169.4492
768,306888,597.56,203,1023,99.9,6,1,0,0.755,0.005,-0.0065,169.4492
769,306984,491.39,381,1022,99.8,6,1,0,1.218,0.005,-0.0065,169.4492
770,307520,512.38,352,1016,99.2,6,1,0,1.25,0.005,-0.0065,169.4492
771,307624,537.59,162,1024,100.0,6,1,0,1.205,0.005,-0.0065,169.4492
772,308160,549.04,176,1024,100.0,6,1,0,1.21,0.005,-0.0065,169.4492
773,308560,600.83,197,1019,99.5,6,1,0,1.394,0.005,-0.0065,169.4492
774,308672,264.57,600,855,83.5,4,0,0,1.844,0.005,-0.0065,169.4492
775,308792,573.71,305,1024,100.0,6,1,0,0.831,0.005,-0.0065,169.4492
776,309664,513.72,347,1024,100.0,6,1,0,1.284,0.005,-0.0065,169.4492
777,310080,446.74,416,1024,100.0,6,1,0,1.025,0.005,-0.0065,169.4492
778,310112,589.06,194,1021,99.7,6,1,0,1.354,0.005,-0.0065,169.4492
779,310328,586.98,192,1020,99.6,6,1,0,1.654,0.005,-0.0065,169.4492
780,311000,489.22,355,1024,100.0,6,1,0,1.142,0.005,-0.0065,169.4492
781,311064,438.82,430,1024,100.0,6,1,0,0.917,0.005,-0.0065,169.4492
782,311352,590.28,211,1023,99.9,6,1,0,1.419,0.005,-0.0046,159.1053
783,311480,430.32,495,1024,100.0,6,1,0,1.616,0.005,-0.0046,159.1053
784,312120,465.37,431,1023,99.9,6,1,0,1.265,0.005,-0.0046,159.1053
785,312448,517.85,296,1024,100.0,6,1,0,0.993,0.005,-0.0046,159.1053
786,312984,596.22,188,1019,99.5,6,1,0,1.458,0.005,-0.0046,159.1053
787,313152,345.77,129,1005,98.1,4,0,1,0.192,0.005,-0.0046,159.1053
788,313168,-12.36,23,192,18.8,1,0,1,0.147,0.005,-0.0046,159.1053
789,313544,473.66,402,1023,99.9,6,1,0,1.69,0.005,-0.0046,159.1053
790,314616,445.41,444,1023,99.9,6,1,0,1.593,0.005,-0.0046,159.1053
791,314696,505.7,418,1022,99.8,6,1,0,1.425,0.005,-0.0046,159.1053
792,314912,282.15,600,925,90.3,4,0,0,2.751,0.005,-0.0046,159.1053
793,315800,393.67,600,1022,99.8,5,0,0,0.933,0.005,-0.0046,159.1053
794,316080,508.96,364,1024,100.0,6,1,0,1.227,0.005,-0.0046,159.1053
795,316272,525.12,341,1024,100.0,6,1,0,1.303,0.005,-0.0046,159.1053
796,316296,498.03,393,1021,99.7,6,1,0,1.038,0.005,-0.0046,159.1053
797,316896,525.86,285,1024,100.0,6,1,0,1.238,0.005,-0.0046,159.1053
798,317248,448.93,600,1023,99.9,5,0,0,1.712,0.005,-0.0046,159.1053
799,317712,470.53,377,1022,99.8,6,1,0,1.573,0.005,-0.0046,159.1053
800,317784,507.51,359,1023,99.9,6,1,0,1.33,0.005,-0.0046,159.1053
801,317968,-9.91,23,186,18.2,1,0,1,0.187,0.005,-0.0046,159.1053
802,318160,46.8,56,244,23.8,1,0,1,0.193,0.005,-0.0046,159.1053
803,318248,584.34,169,1024,100.0,6,1,0,1.135,0.005,-0.0046,159.1053
804,318520,470.36,281,1024,100.0,6,1,0,0.805,0.005,-0.0046,159.1053
805,318760,574.61,189,1019,99.5,6,1,0,1.243,0.005,-0.0046,159.1053
806,319224,569.83,393,1024,100.0,6,1,0,1.135,0.005,-0.0046,159.1053
807,319656,467.4,482,1016,99.2,6,1,0,1.186,0.005,-0.0036,157.8969
808,320680,564.47,315,1024,100.0,6,1,0,0.792,0.005,-0.0036,157.8969
809,320728,502.26,554,1023,99.9,6,1,0,1.173,0.005,-0.0036,157.8969
810,320760,583.22,192,1018,99.4,6,1,0,1.147,0.005,-0.0036,157.8969
811,321232,600.83,197,1023,99.9,6,1,0,1.044,0.005,-0.0036,157.8969
812,321592,524.26,384,1024,100.0,6,1,0,0.905,0.005,-0.0036,157.8969
813,321608,491.19,455,1023,99.9,6,1,0,1.251,0.005,-0.0036,157.8969
814,322016,422.63,167,1013,98.9,5,0,1,0.15,0.005,-0.0036,157.8969
815,322328,471.57,446,1024,100.0,6,1,0,1.266,0.005,-0.0036,157.8969
816,323048,380.73,600,1024,100.0,5,0,0,1.077,0.005,-0.0036,157.8969
817,324016,562.31,411,1024,100.0,6,1,0,1.051,0.005,-0.0036,157.8969
818,324360,506.49,344,1024,100.0,6,1,0,1.175,0.005,-0.0036,157.8969
819,324432,501.6,459,1024,100.0,6,1,0,0.967,0.005,-0.0036,157.8969
820,324480,482.25,406,1023,99.9,6,1,0,1.347,0.005,-0.0036,157.8969
821,325048,456.91,379,1022,99.8,6,1,0,1.322,0.005,-0.0036,157.8969
822,325224,532.52,454,1024,100.0,6,1,0,1.216,0.005,-0.0036,157.8969
823,325576,597.7,195,1024,100.0,6,1,0,1.758,0.005,-0.0036,157.8969
824,326192,484.39,393,1021,99.7,6,1,0,1.18,0.005,-0.0036,157.8969
825,327128,248.4,600,862,84.2,4,0,0,2.429,0.005,-0.0036,157.8969
826,327536,488.72,388,1019,99.5,6,1,0,1.44,0.005,-0.0036,157.8969
827,327576,569.98,173,1021,99.7,6,1,0,1.553,0.005,-0.0036,157.8969
828,327832,491.61,434,1024,100.0,6,1,0,1.062,0.005,-0.0049,137.6164
829,328184,492.13,463,1024,100.0,6,1,0,1.058,0.005,-0.0049,137.6164
830,328240,512.39,399,1019,99.5,6,1,0,1.122,0.005,-0.0049,137.6164
831,328632,508.22,426,1023,99.9,6,1,0,1.77,0.005,-0.0049,137.6164
832,328768,470.41,399,1024,100.0,6,1,0,0.826,0.005,-0.0049,137.6164
833,329112,544.78,160,1024,100.0,6,1,0,0.67,0.005,-0.0049,137.6164
834,329544,502.57,302,1022,99.8,6,1,0,1.162,0.005,-0.0049,137.6164
835,330200,561.01,179,1018,99.4,6,1,0,1.271,0.005,-0.0049,137.6164
836,330312,507.31,347,1024,100.0,6,1,0,1.177,0.005,-0.0049,137.6164
837,330464,483.04,361,1023,99.9,6,1,0,1.444,0.005,-0.0049,137.6164
838,330648,512.86,301,1024,100.0,6,1,0,1.254,0.005,-0.0049,137.6164
839,331144,490.3,370,1023,99.9,6,1,0,0.97,0.005,-0.0049,137.6164
840,331880,469.54,406,1023,99.9,6,1,0,0.917,0.005,-0.0049,137.6164
841,332080,544.78,179,1019,99.5,6,1,0,1.564,0.005,-0.0049,137.6164
842,332136,458.67,378,1024,100.0,6,1,0,1.08,0.005,-0.0049,137.6164
843,332592,523.95,285,1024,100.0,6,1,0,0.944,0.005,-0.0049,137.6164
844,332704,503.64,395,1018,99.4,6,1,0,1.254,0.005,-0.0049,137.6164
845,332880,525.55,335,1024,100.0,6,1,0,0.881,0.005,-0.0049,137.6164
846,333248,558.81,171,1024,100.0,6,1,0,1.304,0.005,-0.0049,137.6164
847,334008,548.07,177,1019,99.5,6,1,0,1.797,0.005,-0.0049,137.6164
848,334936,543.69,350,1024,100.0,6,1,0,0.66,0.005,-0.0049,137.6164
849,335056,538.53,272,1024,100.0,6,1,0,0.872,0.005,-0.0049,137.6164
850,335096,470.17,299,1024,100.0,6,1,0,1.141,0.005,-0.0049,137.6164
851,335264,361.02,600,971,94.8,5,0,0,1.816,0.005,-0.0049,137.6164
852,335944,273.92,600,924,90.2,4,0,0,0.938,0.005,-0.0029,109.0295
853,336512,457.45,554,1016,99.2,6,1,0,1.198,0.005,-0.0029,109.0295
854,336640,612.74,193,1024,100.0,6,1,0,1.511,0.005,-0.0029,109.0295
855,337408,413.0,520,1017,99.3,6,1,0,1.385,0.005,-0.0029,109.0295
856,337936,449.27,491,1023,99.9,6,1,0,1.014,0.005,-0.0029,109.0295
857,338080,490.98,378,1020,99.6,6,1,0,1.667,0.005,-0.0029,109.0295
858,338776,489.33,354,1024,100.0,6,1,0,1.151,0.005,-0.0029,109.0295
859,339080,474.88,305,1024,100.0,6,1,0,0.986,0.005,-0.0029,109.0295
860,339176,470.03,489,1022,99.8,6,1,0,1.206,0.005,-0.0029,109.0295
861,339664,131.0,61,470,45.9,2,0,1,0.189,0.005,-0.0029,109.0295
862,339736,242.51,600,930,90.8,4,0,0,2.334,0.005,-0.0029,109.0295
863,340224,468.93,464,1023,99.9,6,1,0,1.38,0.005,-0.0029,109.0295
864,341488,525.8,339,1024,100.0,6,1,0,0.891,0.005,-0.0029,109.0295
865,342088,519.31,294,1022,99.8,6,1,0,0.982,0.005,-0.0029,109.0295
866,342208,271.24,600,911,89.0,4,0,0,2.712,0.005,-0.0029,109.0295
867,342736,360.2,600,1000,97.7,5,0,0,2.696,0.005,-0.0029,109.0295
868,342824,513.74,468,1024,100.0,6,1,0,0.949,0.005,-0.0029,109.0295
869,342880,359.6,600,1010,98.6,5,0,0,2.734,0.005,-0.0029,109.0295
870,342944,464.11,410,1022,99.8,6,1,0,1.147,0.005,-0.0029,109.0295
871,343512,549.3,163,1024,100.0,6,1,0,1.269,0.005,-0.0029,109.0295
872,344312,519.49,511,1024,100.0,6,1,0,0.978,0.005,-0.0048,131.7632
873,344824,486.08,250,1021,99.7,6,1,0,0.997,0.005,-0.0048,131.7632
874,344872,559.66,170,1024,100.0,6,1,0,0.867,0.005,-0.0048,131.7632
875,345208,547.01,283,1024,100.0,6,1,0,1.027,0.005,-0.0048,131.7632
876,345304,487.49,477,1024,100.0,6,1,0,0.974,0.005,-0.0048,131.7632
877,345416,565.27,317,1023,99.9,6,1,0,1.521,0.005,-0.0048,131.7632
878,345872,187.74,83,580,56.6,3,0,1,0.195,0.005,-0.0048,131.7632
879,346008,454.27,490,1024,100.0,6,1,0,1.711,0.005,-0.0048,131.7632
880,346048,-0.38,22,224,21.9,1,0,1,0.131,0.005,-0.0048,131.7632
881,346256,49.63,26,542,52.9,2,0,1,0.196,0.005,-0.0048,131.7632
882,346504,502.74,471,1019,99.5,6,1,0,1.357,0.005,-0.0048,131.7632
883,346656,534.55,155,1024,100.0,6,1,0,0.815,0.005,-0.0048,131.7632
884,347808,501.47,313,1024,100.0,6,1,0,1.116,0.005,-0.0048,131.7632
885,348208,461.01,417,1020,99.6,6,1,0,1.25,0.005,-0.0048,131.7632
886,348824,446.39,564,1020,99.6,6,1,0,1.616,0.005,-0.0048,131.7632
887,348880,500.36,507,1022,99.8,6,1,0,1.486,0.005,-0.0048,131.7632
888,348920,481.06,364,1022,99.8,6,1,0,1.024,0.005,-0.0048,131.7632
889,349088,512.85,304,1024,100.0,6,1,0,0.995,0.005,-0.0048,131.7632
890,349256,583.91,181,1023,99.9,6,1,0,1.191,0.005,-0.0048,131.7632
891,349616,577.18,176,1024,100.0,6,1,0,1.207,0.005,-0.0048,131.7632
892,350112,474.51,451,1021,99.7,6,1,0,1.425,0.005,-0.0048,131.7632
893,350296,550.48,172,1024,100.0,6,1,0,1.114,0.005,-0.0048,131.7632
894,351056,365.86,600,930,90.8,5,0,0,1.526,0.005,-0.0048,131.7632
895,351208,512.8,298,1024,100.0,6,1,0,0.852,0.005,-0.0048,131.7632
896,351288,514.27,301,1024,100.0,6,1,0,1.543,0.005,-0.0048,131.7632
897,351424,551.82,164,1024,100.0,6,1,0,0.828,0.005,-0.0048,131.7632
898,351896,482.62,330,1023,99.9,6,1,0,1.168,0.005,-0.0048,131.7632
899,353208,548.78,223,1024,100.0,6,1,0,1.005,0.005,-0.0038,165.6122
900,353224,481.32,366,1024,100.0,6,1,0,0.735,0.005,-0.0038,165.6122
901,353368,568.28,184,1022,99.8,6,1,0,1.095,0.005,-0.0038,165.6122
902,353424,549.62,296,1024,100.0,6,1,0,1.171,0.005,-0.0038,165.6122
903,353888,318.3,600,990,96.7,5,0,0,1.473,0.005,-0.0038,165.6122
904,354416,335.29,600,1014,99.0,5,0,0,0.957,0.005,-0.0038,165.6122
905,354616,470.82,426,1019,99.5,6,1,0,1.536,0.005,-0.0038,165.6122
906,355040,462.81,469,1022,99.8,6,1,0,1.535,0.005,-0.0038,165.6122
907,355440,583.37,194,1020,99.6,6,1,0,1.446,0.005,-0.0038,165.6122
908,355864,512.66,312,1024,100.0,6,1,0,0.856,0.005,-0.0038,165.6122
909,356048,472.12,328,1023,99.9,6,1,0,1.388,0.005,-0.0038,165.6122
910,356560,500.69,419,1020,99.6,6,1,0,1.441,0.005,-0.0038,165.6122
911,356704,448.33,435,1022,99.8,6,1,0,1.51,0.005,-0.0038,165.6122
912,356760,536.13,293,1024,100.0,6,1,0,1.19,0.005,-0.0038,165.6122
913,356776,530.26,167,1024,100.0,6,1,0,1.074,0.005,-0.0038,165.6122
914,356888,499.1,284,1024,100.0,6,1,0,1.166,0.005,-0.0038,165.6122
915,357096,420.42,154,1017,99.3,5,0,1,0.153,0.005,-0.0038,165.6122
916,357408,567.1,170,1021,99.7,6,1,0,1.407,0.005,-0.0038,165.6122
917,358056,541.28,162,1022,99.8,6,1,0,1.302,0.005,-0.0038,165.6122
918,358776,545.09,171,1024,100.0,6,1,0,1.293,0.005,-0.0038,165.6122
919,359248,442.64,526,1018,99.4,6,1,0,1.129,0.005,-0.0038,165.6122
920,359304,502.08,343,1024,100.0,6,1,0,1.0,0.005,-0.0038,165.6122
921,359648,476.62,345,1022,99.8,6,1,0,1.344,0.005,-0.0038,165.6122
922,359800,466.63,338,1020,99.6,6,1,0,1.476,0.005,-0.0038,165.6122
923,360240,452.85,442,1024,100.0,6,1,0,1.514,0.005,-0.0038,165.6122
924,360696,445.63,490,1020,99.6,6,1,0,1.457,0.005,-0.0057,116.3427
925,361032,571.39,173,1024,100.0,6,1,0,1.03,0.005,-0.0057,116.3427
926,361088,551.47,161,1024,100.0,6,1,0,0.91,0.005,-0.0057,116.3427
927,361120,522.64,293,1024,100.0,6,1,0,1.181,0.005,-0.0057,116.3427
928,361456,524.68,425,1023,99.9,6,1,0,0.768,0.005,-0.0057,116.3427
929,361600,539.37,170,1024,100.0,6,1,0,1.081,0.005,-0.0057,116.3427
930,362432,565.94,175,1024,100.0,6,1,0,1.313,0.005,-0.0057,116.3427
931,362672,498.14,247,1021,99.7,6,1,0,1.171,0.005,-0.0057,116.3427
932,362840,548.39,173,1024,100.0,6,1,0,1.46,0.005,-0.0057,116.3427
933,362888,454.16,455,1022,99.8,6,1,0,1.67,0.005,-0.0057,116.3427
934,363328,510.88,280,1024,100.0,6,1,0,1.179,0.005,-0.0057,116.3427
935,363976,546.18,163,1021,99.7,6,1,0,1.17,0.005,-0.0057,116.3427
936,364104,325.18,600,889,86.8,5,0,0,1.94,0.005,-0.0057,116.3427
937,364240,272.95,114,869,84.9,3,0,1,0.168,0.005,-0.0057,116.3427
938,364616,469.43,437,1020,99.6,6,1,0,1.411,0.005,-0.0057,116.3427
939,365368,485.69,310,1024,100.0,6,1,0,1.139,0.005,-0.0057,116.3427
940,365432,463.6,479,1021,99.7,6,1,0,1.873,0.005,-0.0057,116.3427
941,365456,474.87,378,1024,100.0,6,1,0,1.199,0.005,-0.0057,116.3427
942,365536,554.94,162,1024,100.0,6,1,0,1.213,0.005,-0.0057,116.3427
943,365760,489.59,365,1023,99.9,6,1,0,1.336,0.005,-0.0057,116.3427
944,365840,561.1,153,1024,100.0,6,1,0,0.862,0.005,-0.0057,116.3427
945,366752,560.86,165,1024,100.0,6,1,0,0.904,0.005,-0.0057,116.3427
946,366792,567.36,167,1020,99.6,6,1,0,1.239,0.005,-0.0057,116.3427
947,367024,72.98,34,511,49.9,2,0,1,0.18,0.005,-0.0057,116.3427
948,367216,496.12,389,1024,100.0,6,1,0,0.733,0.005,-0.0057,116.3427
949,367232,490.69,407,1023,99.9,6,1,0,1.769,0.005,-0.0057,116.3427
950,367232,557.46,184,1018,99.4,6,1,0,1.131,0.005,-0.0057,116.3427
951,367392,589.11,194,1023,99.9,6,1,0,1.092,0.005,-0.0057,116.3427
952,367400,18.02,21,229,22.4,1,0,1,0.177,0.005,-0.0057,116.3427
953,368528,471.86,395,1017,99.3,6,1,0,1.403,0.005,-0.0057,116.3427
954,368832,469.77,412,1024,100.0,6,1,0,1.197,0.005,-0.0056,142.2677
955,369752,535.86,295,1023,99.9,6,1,0,0.931,0.005,-0.0056,142.2677
956,369928,531.56,339,1024,100.0,6,1,0,1.356,0.005,-0.0056,142.2677
957,370024,530.69,328,1022,99.8,6,1,0,1.676,0.005,-0.0056,142.2677
958,370064,450.68,409,1024,100.0,6,1,0,1.266,0.005,-0.0056,142.2677
959,370168,494.06,393,1018,99.4,6,1,0,1.257,0.005,-0.0056,142.2677
960,370816,536.61,286,1024,100.0,6,1,0,0.96,0.005,-0.0056,142.2677
961,371024,537.83,159,1023,99.9,6,1,0,1.642,0.005,-0.0056,142.2677
962,372032,361.5,600,1024,100.0,5,0,0,1.998,0.005,-0.0056,142.2677
963,372264,522.96,262,1017,99.3,6,1,0,1.371,0.005,-0.0056,142.2677
964,372280,499.97,277,1024,100.0,6,1,0,0.98,0.005,-0.0056,142.2677
965,372464,461.72,317,1017,99.3,6,1,0,1.207,0.005,-0.0056,142.2677
966,372752,528.66,341,1024,100.0,6,1,0,1.127,0.005,-0.0056,142.2677
967,372760,469.65,491,1020,99.6,6,1,0,1.406,0.005,-0.0056,142.2677
968,373144,503.48,291,1021,99.7,6,1,0,1.042,0.005,-0.0056,142.2677
969,373424,573.1,174,1022,99.8,6,1,0,1.239,0.005,-0.0056,142.2677
970,373520,478.14,312,1019,99.5,6,1,0,1.367,0.005,-0.0056,142.2677
971,373600,538.58,142,1024,100.0,6,1,0,1.343,0.005,-0.0056,142.2677
972,374032,555.17,160,1024,100.0,6,1,0,1.115,0.005,-0.0056,142.2677
973,375256,552.74,153,1024,100.0,6,1,0,0.883,0.005,-0.0056,142.2677
974,375824,507.59,335,1024,100.0,6,1,0,1.133,0.005,-0.0056,142.2677
975,376128,472.05,421,1021,99.7,6,1,0,1.431,0.005,-0.0056,142.2677
976,376632,490.1,389,1024,100.0,6,1,0,1.156,0.005,-0.0056,142.2677
977,376880,443.93,577,1024,100.0,6,1,0,1.848,0.005,-0.0052,88.1505
978,377032,505.57,451,1024,100.0,6,1,0,0.863,0.005,-0.0052,88.1505
979,377080,345.69,600,1021,99.7,5,0,0,0.796,0.005,-0.0052,88.1505
980,377296,551.06,184,1022,99.8,6,1,0,1.028,0.005,-0.0052,88.1505
981,377544,548.63,177,1019,99.5,6,1,0,1.621,0.005,-0.0052,88.1505
982,377744,442.8,518,1020,99.6,6,1,0,1.873,0.005,-0.0052,88.1505
983,378224,456.39,371,1022,99.8,6,1,0,1.166,0.005,-0.0052,88.1505
984,378264,542.75,154,1024,100.0,6,1,0,1.379,0.005,-0.0052,88.1505
985,378944,486.73,289,1024,100.0,6,1,0,1.028,0.005,-0.0052,88.1505
986,379776,496.64,254,1023,99.9,6,1,0,0.832,0.005,-0.0052,88.1505
987,379904,582.59,205,1024,100.0,6,1,0,0.716,0.005,-0.0052,88.1505
988,380048,520.61,396,1020,99.6,6,1,0,0.857,0.005,-0.0052,88.1505
989,380200,-3.12,19,201,19.6,1,0,1,0.177,0.005,-0.0052,88.1505
990,380312,549.14,171,1021,99.7,6,1,0,1.479,0.005,-0.0052,88.1505
991,380848,454.65,471,1020,99.6,6,1,0,1.141,0.005,-0.0052,88.1505
992,380984,451.04,430,1018,99.4,6,1,0,1.235,0.005,-0.0052,88.1505
993,381192,-6.93,26,190,18.6,1,0,1,0.147,0.005,-0.0052,88.1505
994,381560,536.62,170,1024,100.0,6,1,0,1.111,0.005,-0.0052,88.1505
995,381648,545.69,167,1021,99.7,6,1,0,1.309,0.005,-0.0052,88.1505
996,381872,499.6,572,1024,100.0,6,1,0,1.16,0.005,-0.0052,88.1505
997,382136,496.07,279,1024,100.0,6,1,0,0.942,0.005,-0.0052,88.1505
998,382512,537.95,165,1020,99.6,6,1,0,1.314,0.005,-0.0052,88.1505
999,383000,454.37,403,1022,99.8,6,1,0,1.261,0.005,-0.0052,88.1505
1000,383024,364.53,600,1024,100.0,5,0,0,1.62,0.005,-0.0052,88.1505
1001,383560,515.98,339,1024,100.0,6,1,0,1.315,0.005,-0.0052,88.1505
1002,383792,481.78,279,1024,100.0,6,1,0,1.099,0.005,-0.0052,88.1505
1003,384296,531.34,162,1023,99.9,6,1,0,1.155,0.005,-0.0052,88.1505
1004,384328,532.86,274,1024,100.0,6,1,0,1.086,0.005,-0.0052,88.1505
1005,385264,474.1,424,1018,99.4,6,1,0,1.179,0.005,-0.0067,146.4462
1006,385416,457.6,363,1024,100.0,6,1,0,1.597,0.005,-0.0067,146.4462
1007,385520,474.61,484,1022,99.8,6,1,0,1.578,0.005,-0.0067,146.4462
1008,385984,571.08,207,1024,100.0,6,1,0,0.868,0.005,-0.0067,146.4462
1009,386720,439.03,462,1023,99.9,6,1,0,1.442,0.005,-0.0067,146.4462
1010,386744,552.38,153,1024,100.0,6,1,0,1.327,0.005,-0.0067,146.4462
1011,386760,500.7,400,1020,99.6,6,1,0,0.993,0.005,-0.0067,146.4462
1012,386912,467.1,390,1022,99.8,6,1,0,1.213,0.005,-0.0067,146.4462
1013,387016,476.0,340,1019,99.5,6,1,0,1.306,0.005,-0.0067,146.4462
1014,387416,493.26,269,1024,100.0,6,1,0,1.046,0.005,-0.0067,146.4462
1015,387976,558.32,157,1024,100.0,6,1,0,1.116,0.005,-0.0067,146.4462
1016,388120,544.2,151,1024,100.0,6,1,0,1.075,0.005,-0.0067,146.4462
1017,388752,529.1,417,1024,100.0,6,1,0,1.219,0.005,-0.0067,146.4462
1018,388776,492.85,349,1024,100.0,6,1,0,1.269,0.005,-0.0067,146.4462
1019,388960,546.66,243,1024,100.0,6,1,0,1.225,0.005,-0.0067,146.4462
1020,389424,578.45,181,1018,99.4,6,1,0,1.322,0.005,-0.0067,146.4462
1021,389752,268.4,122,857,83.7,3,0,1,0.204,0.005,-0.0067,146.4462
1022,389824,483.81,383,1021,99.7,6,1,0,1.579,0.005,-0.0067,146.4462
1023,390024,501.14,326,1022,99.8,6,1,0,1.383,0.005,-0.0067,146.4462
1024,390136,554.83,173,1021,99.7,6,1,0,1.362,0.005,-0.0067,146.4462
1025,390216,453.82,434,1021,99.7,6,1,0,1.003,0.005,-0.0067,146.4462
1026,390704,498.1,323,1024,100.0,6,1,0,0.752,0.005,-0.0067,146.4462
1027,391320,489.19,295,1024,100.0,6,1,0,1.335,0.005,-0.0067,146.4462
1028,391552,579.94,191,1024,100.0,6,1,0,1.563,0.005,-0.0067,146.4462
1029,391576,560.8,180,1020,99.6,6,1,0,1.613,0.005,-0.0067,146.4462
1030,392160,580.29,182,1021,99.7,6,1,0,1.159,0.005,-0.0067,146.4462
1031,392808,480.57,382,1024,100.0,6,1,0,1.875,0.005,-0.0067,146.4462
1032,392984,468.89,395,1017,99.3,6,1,0,1.244,0.005,-0.0067,146.4462
1033,393408,566.64,232,1024,100.0,6,1,0,0.889,0.005,-0.0061,122.105
1034,393584,475.92,520,1024,100.0,6,1,0,1.017,0.005,-0.0061,122.105
1035,394096,474.22,315,1024,100.0,6,1,0,1.146,0.005,-0.0061,122.105
1036,394208,480.11,499,1022,99.8,6,1,0,1.692,0.005,-0.0061,122.105
1037,394792,558.36,173,1020,99.6,6,1,0,1.311,0.005,-0.0061,122.105
1038,395584,433.45,347,1018,99.4,6,1,0,1.739,0.005,-0.0061,122.105
1039,396120,298.14,600,1007,98.3,5,0,0,2.855,0.005,-0.0061,122.105
1040,396416,513.78,276,1024,100.0,6,1,0,0.97,0.005,-0.0061,122.105
1041,396640,547.9,231,1024,100.0,6,1,0,1.36,0.005,-0.0061,122.105
1042,396960,344.71,600,1024,100.0,5,0,0,2.687,0.005,-0.0061,122.105
1043,397440,532.05,165,1021,99.7,6,1,0,1.188,0.005,-0.0061,122.105
1044,397456,440.86,484,1019,99.5,6,1,0,1.372,0.005,-0.0061,122.105
1045,397784,336.75,600,1019,99.5,5,0,0,2.785,0.005,-0.0061,122.105
1046,397784,551.86,171,1024,100.0,6,1,0,1.083,0.005,-0.0061,122.105
1047,397832,485.94,281,1024,100.0,6,1,0,1.208,0.005,-0.0061,122.105
1048,398456,444.45,545,1022,99.8,6,1,0,1.144,0.005,-0.0061,122.105
1049,398736,579.27,160,1024,100.0,6,1,0,0.995,0.005,-0.0061,122.105
1050,399064,522.1,263,1024,100.0,6,1,0,0.885,0.005,-0.0061,122.105
1051,399296,571.81,189,1019,99.5,6,1,0,1.373,0.005,-0.0061,122.105
1052,399736,490.96,238,1022,99.8,6,1,0,1.07,0.005,-0.0061,122.105
1053,399736,566.55,160,1024,100.0,6,1,0,1.131,0.005,-0.0061,122.105
1054,399776,513.36,292,1023,99.9,6,1,0,0.733,0.005,-0.0061,122.105
1055,400144,567.24,176,1020,99.6,6,1,0,1.404,0.005,-0.0061,122.105
1056,400296,109.4,65,410,40.0,2,0,1,0.226,0.005,-0.0061,122.105
1057,400376,540.2,164,1023,99.9,6,1,0,1.396,0.005,-0.0061,122.105
1058,401440,348.56,600,1011,98.7,5,0,0,2.645,0.005,-0.0026,117.5958
1059,401680,452.73,487,1024,100.0,6,1,0,1.397,0.005,-0.0026,117.5958
1060,402424,471.93,336,1021,99.7,6,1,0,1.393,0.005,-0.0026,117.5958
1061,402928,506.66,399,1019,99.5,6,1,0,1.54,0.005,-0.0026,117.5958
1062,403248,438.1,369,1023,99.9,6,1,0,1.312,0.005,-0.0026,117.5958
1063,403632,467.44,436,1022,99.8,6,1,0,1.542,0.005,-0.0026,117.5958
1064,403752,490.35,422,1021,99.7,6,1,0,1.43,0.005,-0.0026,117.5958
1065,404096,396.06,600,1022,99.8,5,0,0,1.669,0.005,-0.0026,117.5958
1066,404712,485.8,286,1024,100.0,6,1,0,1.08,0.005,-0.0026,117.5958
1067,405232,501.51,248,1024,100.0,6,1,0,0.965,0.005,-0.0026,117.5958
1068,405520,459.94,480,1023,99.9,6,1,0,1.461,0.005,-0.0026,117.5958
1069,405720,-6.82,25,204,19.9,1,0,1,0.121,0.005,-0.0026,117.5958
1070,405752,499.43,250,1023,99.9,6,1,0,0.804,0.005,-0.0026,117.5958
1071,405800,526.3,213,1023,99.9,6,1,0,0.678,0.005,-0.0026,117.5958
1072,405992,468.69,383,1018,99.4,6,1,0,1.549,0.005,-0.0026,117.5958
1073,406240,298.77,600,995,97.2,5,0,0,0.81,0.005,-0.0026,117.5958
1074,406592,564.5,170,1022,99.8,6,1,0,1.832,0.005,-0.0026,117.5958
1075,407648,611.09,241,1022,99.8,6,1,0,1.253,0.005,-0.0026,117.5958
1076,408160,462.36,301,1022,99.8,6,1,0,1.362,0.005,-0.0026,117.5958
1077,408432,364.09,600,1024,100.0,5,0,0,2.696,0.005,-0.0026,117.5958
1078,408704,527.51,264,1023,99.9,6,1,0,0.905,0.005,-0.0026,117.5958
1079,409512,396.45,600,1023,99.9,5,0,0,2.609,0.005,-0.0026,117.5958
1080,409536,552.58,172,1020,99.6,6,1,0,1.33,0.005,-0.0026,117.5958
1081,410392,437.08,550,1024,100.0,6,1,0,1.465,0.005,-0.004,96.3583
1082,410448,459.44,526,1024,100.0,6,1,0,1.538,0.005,-0.004,96.3583
1083,410600,309.6,600,1004,98.0,5,0,0,1.483,0.005,-0.004,96.3583
1084,410648,471.43,277,1024,100.0,6,1,0,1.101,0.005,-0.004,96.3583
1085,410648,-1.29,25,216,21.1,1,0,1,0.046,0.005,-0.004,96.3583
1086,410992,505.46,286,1024,100.0,6,1,0,0.909,0.005,-0.004,96.3583
1087,411552,499.59,252,1024,100.0,6,1,0,1.103,0.005,-0.004,96.3583
1088,412448,377.27,600,1024,100.0,5,0,0,2.609,0.005,-0.004,96.3583
1089,412488,489.67,372,1022,99.8,6,1,0,1.627,0.005,-0.004,96.3583
1090,412584,489.02,248,1024,100.0,6,1,0,0.883,0.005,-0.004,96.3583
1091,413024,587.2,184,1020,99.6,6,1,0,1.109,0.005,-0.004,96.3583
1092,413224,482.41,322,1023,99.9,6,1,0,1.417,0.005,-0.004,96.3583
1093,413992,461.07,418,1021,99.7,6,1,0,1.32,0.005,-0.004,96.3583
1094,414288,465.95,412,1022,99.8,6,1,0,1.627,0.005,-0.004,96.3583
1095,414328,460.22,492,1024,100.0,6,1,0,1.595,0.005,-0.004,96.3583
1096,414504,504.61,252,1023,99.9,6,1,0,0.865,0.005,-0.004,96.3583
1097,414888,464.81,288,1024,100.0,6,1,0,1.071,0.005,-0.004,96.3583
1098,415720,483.43,337,1021,99.7,6,1,0,1.232,0.005,-0.004,96.3583
1099,416216,492.32,278,1024,100.0,6,1,0,0.832,0.005,-0.004,96.3583
1100,416576,472.52,419,1021,99.7,6,1,0,1.131,0.005,-0.004,96.3583
1101,416760,524.74,304,1024,100.0,6,1,0,0.904,0.005,-0.004,96.3583
1102,416976,514.53,261,1024,100.0,6,1,0,0.997,0.005,-0.004,96.3583
1103,417248,371.74,600,1024,100.0,5,0,0,1.252,0.005,-0.004,96.3583
1104,417376,468.63,386,1019,99.5,6,1,0,1.313,0.005,-0.004,96.3583
1105,417408,525.16,149,1024,100.0,6,1,0,0.911,0.005,-0.004,96.3583
1106,418472,477.8,496,1023,99.9,6,1,0,1.687,0.005,-0.001,95.7961
1107,418752,549.51,168,1024,100.0,6,1,0,1.251,0.005,-0.001,95.7961
1108,418896,588.1,190,1024,100.0,6,1,0,1.036,0.005,-0.001,95.7961
1109,419056,497.66,310,1020,99.6,6,1,0,1.728,0.005,-0.001,95.7961
1110,419360,484.92,325,1024,100.0,6,1,0,1.532,0.005,-0.001,95.7961
1111,419680,502.06,338,1021,99.7,6,1,0,1.016,0.005,-0.001,95.7961
1112,419888,454.05,330,1022,99.8,6,1,0,1.207,0.005,-0.001,95.7961
1113,420472,465.81,250,1024,100.0,6,1,0,0.956,0.005,-0.001,95.7961
1114,420520,388.16,600,1024,100.0,5,0,0,1.634,0.005,-0.001,95.7961
1115,420640,-6.24,21,209,20.4,1,0,1,0.084,0.005,-0.001,95.7961
1116,421048,528.28,171,1023,99.9,6,1,0,1.752,0.005,-0.001,95.7961
1117,421096,508.44,275,1024,100.0,6,1,0,0.799,0.005,-0.001,95.7961
1118,421240,577.17,169,1024,100.0,6,1,0,1.131,0.005,-0.001,95.7961
1119,421368,503.63,327,1022,99.8,6,1,0,1.454,0.005,-0.001,95.7961
1120,421400,505.44,255,1024,100.0,6,1,0,1.257,0.005,-0.001,95.7961
1121,421792,92.77,49,508,49.6,2,0,1,0.185,0.005,-0.001,95.7961
1122,422240,534.01,149,1024,100.0,6,1,0,0.689,0.005,-0.001,95.7961
1123,423000,498.57,493,1019,99.5,6,1,0,1.543,0.005,-0.001,95.7961
1124,423008,487.43,239,1024,100.0,6,1,0,1.137,0.005,-0.001,95.7961
1125,423064,565.72,212,1024,100.0,6,1,0,1.102,0.005,-0.001,95.7961
1126,423400,475.22,360,1019,99.5,6,1,0,0.977,0.005,-0.001,95.7961
1127,423512,541.89,284,1019,99.5,6,1,0,1.055,0.005,-0.001,95.7961
1128,424464,577.77,183,1019,99.5,6,1,0,1.452,0.005,-0.001,95.7961
1129,424552,521.28,289,1023,99.9,6,1,0,0.936,0.005,-0.001,95.7961
1130,425048,483.71,248,1024,100.0,6,1,0,1.254,0.005,-0.001,95.7961
1131,425136,518.02,418,1022,99.8,6,1,0,1.321,0.005,-0.001,95.7961
1132,425280,537.47,284,1024,100.0,6,1,0,1.063,0.005,-0.001,95.7961
1133,425440,360.64,600,1023,99.9,5,0,0,2.806,0.005,-0.001,95.7961
1134,426464,539.16,177,1021,99.7,6,1,0,1.658,0.005,-0.0053,116.599
1135,426592,473.51,399,1022,99.8,6,1,0,1.388,0.005,-0.0053,116.599
1136,426776,514.76,278,1024,100.0,6,1,0,0.954,0.005,-0.0053,116.599
1137,427120,121.33,66,414,40.4,2,0,1,0.208,0.005,-0.0053,116.599
1138,427224,447.53,345,1021,99.7,6,1,0,1.537,0.005,-0.0053,116.599
1139,427424,461.95,248,1024,100.0,6,1,0,0.949,0.005,-0.0053,116.599
1140,427736,477.67,325,1024,100.0,6,1,0,1.306,0.005,-0.0053,116.599
1141,427840,476.49,541,1024,100.0,6,1,0,1.401,0.005,-0.0053,116.599
1142,428384,531.99,158,1023,99.9,6,1,0,1.559,0.005,-0.0053,116.599
1143,428752,510.12,286,1024,100.0,6,1,0,0.855,0.005,-0.0053,116.599
1144,429056,494.25,285,1024,100.0,6,1,0,0.977,0.005,-0.0053,116.599
1145,429112,485.73,236,1024,100.0,6,1,0,0.955,0.005,-0.0053,116.599
1146,429152,566.83,177,1024,100.0,6,1,0,1.182,0.005,-0.0053,116.599
1147,429368,470.78,511,1024,100.0,6,1,0,1.228,0.005,-0.0053,116.599
1148,430008,474.09,271,1024,100.0,6,1,0,0.997,0.005,-0.0053,116.599
1149,430128,492.32,338,1020,99.6,6,1,0,1.693,0.005,-0.0053,116.599
1150,430536,511.88,269,1024,100.0,6,1,0,1.166,0.005,-0.0053,116.599
1151,431304,501.84,319,1023,99.9,6,1,0,1.552,0.005,-0.0053,116.599
1152,431408,513.01,287,1024,100.0,6,1,0,1.118,0.005,-0.0053,116.599
1153,431560,476.63,274,1024,100.0,6,1,0,0.937,0.005,-0.0053,116.599
1154,432392,454.78,405,1022,99.8,6,1,0,1.261,0.005,-0.0053,116.599
1155,432912,543.52,169,1023,99.9,6,1,0,1.622,0.005,-0.0053,116.599
1156,432952,449.34,353,1022,99.8,6,1,0,1.676,0.005,-0.0053,116.599
1157,433024,464.05,496,1024,100.0,6,1,0,1.586,0.005,-0.0053,116.599
1158,433120,29.43,26,245,23.9,1,0,1,0.183,0.005,-0.0053,116.599
1159,433216,76.25,33,536,52.3,2,0,1,0.182,0.005,-0.0053,116.599
1160,433368,470.16,354,1018,99.4,6,1,0,1.005,0.005,-0.0053,116.599
1161,433736,514.91,291,1024,100.0,6,1,0,1.522,0.005,-0.0053,116.599
1162,434048,465.78,343,1019,99.5,6,1,0,1.216,0.005,-0.0053,116.599
1163,434368,558.52,168,1022,99.8,6,1,0,1.292,0.005,-0.0046,135.792
1164,434496,568.25,160,1024,100.0,6,1,0,1.477,0.005,-0.0046,135.792
1165,434680,5.42,23,224,21.9,1,0,1,0.142,0.005,-0.0046,135.792
1166,434808,352.47,600,1019,99.5,5,0,0,2.62,0.005,-0.0046,135.792
1167,434896,547.11,191,1020,99.6,6,1,0,1.442,0.005,-0.0046,135.792
1168,435000,265.59,158,864,84.4,4,0,1,0.2,0.005,-0.0046,135.792
1169,435304,534.39,157,1024,100.0,6,1,0,1.186,0.005,-0.0046,135.792
1170,435440,498.89,290,1024,100.0,6,1,0,1.171,0.005,-0.0046,135.792
1171,435696,480.07,413,1022,99.8,6,1,0,1.685,0.005,-0.0046,135.792
1172,436064,541.5,146,1024,100.0,6,1,0,0.968,0.005,-0.0046,135.792
1173,436736,555.78,162,1022,99.8,6,1,0,1.491,0.005,-0.0046,135.792
1174,437264,517.78,283,1023,99.9,6,1,0,1.254,0.005,-0.0046,135.792
1175,437464,458.65,348,1018,99.4,6,1,0,1.622,0.005,-0.0046,135.792
1176,437520,516.69,277,1024,100.0,6,1,0,1.093,0.005,-0.0046,135.792
1177,437536,475.7,341,1019,99.5,6,1,0,1.174,0.005,-0.0046,135.792
1178,438296,447.55,325,1023,99.9,6,1,0,1.404,0.005,-0.0046,135.792
1179,438696,581.4,179,1024,100.0,6,1,0,0.94,0.005,-0.0046,135.792
1180,438952,569.5,177,1018,99.4,6,1,0,1.712,0.005,-0.0046,135.792
1181,438984,569.37,183,1020,99.6,6,1,0,1.606,0.005,-0.0046,135.792
1182,439008,473.38,368,1023,99.9,6,1,0,1.507,0.005,-0.0046,135.792
1183,439168,335.82,600,1023,99.9,5,0,0,2.604,0.005,-0.0046,135.792
1184,439320,493.37,323,1021,99.7,6,1,0,1.423,0.005,-0.0046,135.792
1185,440112,478.89,331,1022,99.8,6,1,0,1.774,0.005,-0.0046,135.792
1186,440816,579.59,187,1024,100.0,6,1,0,1.325,0.005,-0.0046,135.792
1187,441128,468.19,268,1024,100.0,6,1,0,1.272,0.005,-0.0046,135.792
1188,441256,516.19,281,1024,100.0,6,1,0,1.271,0.005,-0.0046,135.792
1189,441272,469.63,372,1022,99.8,6,1,0,1.254,0.005,-0.0046,135.792
1190,441720,443.29,346,1020,99.6,6,1,0,1.381,0.005,-0.0046,135.792
1191,442472,442.21,472,1018,99.4,6,1,0,1.843,0.005,-0.0045,95.9374
1192,442504,560.75,172,1024,100.0,6,1,0,1.341,0.005,-0.0045,95.9374
1193,442624,572.13,171,1024,100.0,6,1,0,1.434,0.005,-0.0045,95.9374
1194,442712,453.24,443,1022,99.8,6,1,0,1.745,0.005,-0.0045,95.9374
1195,442784,506.48,246,1022,99.8,6,1,0,1.316,0.005,-0.0045,95.9374
1196,443016,87.92,49,483,47.2,1,0,1,0.186,0.005,-0.0045,95.9374
1197,443152,337.0,380,1018,99.4,5,0,1,0.176,0.005,-0.0045,95.9374
1198,443920,545.56,177,1021,99.7,6,1,0,1.761,0.005,-0.0045,95.9374
1199,444168,549.04,173,1021,99.7,6,1,0,1.446,0.005,-0.0045,95.9374
1200,444336,430.27,383,1022,99.8,6,1,0,1.51,0.005,-0.0045,95.9374
1201,444392,507.6,240,1023,99.9,6,1,0,1.258,0.005,-0.0045,95.9374
1202,444528,-3.66,24,189,18.5,1,0,1,0.204,0.005,-0.0045,95.9374
1203,445176,463.66,308,1020,99.6,6,1,0,1.528,0.005,-0.0045,95.9374
1204,445352,548.27,275,1022,99.8,6,1,0,1.305,0.005,-0.0045,95.9374
1205,445624,519.2,326,1024,100.0,6,1,0,0.792,0.005,-0.0045,95.9374
1206,445816,579.01,178,1020,99.6,6,1,0,1.877,0.005,-0.0045,95.9374
1207,445984,478.62,258,1024,100.0,6,1,0,1.243,0.005,-0.0045,95.9374
1208,446288,105.98,59,390,38.1,2,0,1,0.207,0.005,-0.0045,95.9374
1209,446520,329.65,600,1023,99.9,5,0,0,1.277,0.005,-0.0045,95.9374
1210,447224,433.49,382,1020,99.6,6,1,0,1.297,0.005,-0.0045,95.9374
1211,447616,514.37,386,1023,99.9,6,1,0,1.187,0.005,-0.0045,95.9374
1212,447768,478.3,268,1024,100.0,6,1,0,0.98,0.005,-0.0045,95.9374
1213,448080,475.79,341,1019,99.5,6,1,0,1.421,0.005,-0.0045,95.9374
1214,448184,474.99,376,1022,99.8,6,1,0,1.12,0.005,-0.0045,95.9374
1215,448296,556.22,222,1021,99.7,6,1,0,1.888,0.005,-0.0045,95.9374
1216,449096,543.27,166,1022,99.8,6,1,0,1.315,0.005,-0.0045,95.9374
1217,449232,496.42,406,1024,100.0,6,1,0,1.024,0.005,-0.0045,95.9374
1218,449248,322.27,133,1006,98.2,4,0,1,0.098,0.005,-0.0045,95.9374
1219,449320,449.73,379,1022,99.8,6,1,0,1.136,0.005,-0.0045,95.9374
1220,450032,440.36,302,1024,100.0,6,1,0,1.246,0.005,-0.0045,95.9374
1221,450088,494.11,358,1022,99.8,6,1,0,1.083,0.005,-0.0045,95.9374
1222,450760,587.07,180,1024,100.0,6,1,0,1.265,0.005,-0.004,147.2025
1223,451648,483.75,302,1020,99.6,6,1,0,1.207,0.005,-0.004,147.2025
1224,451736,493.79,330,1024,100.0,6,1,0,0.85,0.005,-0.004,147.2025
1225,451792,476.75,318,1023,99.9,6,1,0,1.517,0.005,-0.004,147.2025
1226,452184,473.76,513,1024,100.0,6,1,0,1.229,0.005,-0.004,147.2025
1227,452288,444.75,282,1024,100.0,6,1,0,1.03,0.005,-0.004,147.2025
1228,452536,35.66,44,232,22.7,1,0,1,0.145,0.005,-0.004,147.2025
1229,452776,490.72,252,1024,100.0,6,1,0,0.746,0.005,-0.004,147.2025
1230,452968,578.24,165,1024,100.0,6,1,0,0.99,0.005,-0.004,147.2025
1231,453096,369.14,600,952,93.0,5,0,0,1.913,0.005,-0.004,147.2025
1232,453568,121.62,59,515,50.3,2,0,1,0.136,0.005,-0.004,147.2025
1233,454264,438.62,522,1024,100.0,6,1,0,1.485,0.005,-0.004,147.2025
1234,454320,478.46,323,1023,99.9,6,1,0,1.612,0.005,-0.004,147.2025
1235,454456,494.44,240,1024,100.0,6,1,0,1.321,0.005,-0.004,147.2025
1236,454760,479.69,371,1022,99.8,6,1,0,1.505,0.005,-0.004,147.2025
1237,454936,324.22,270,913,89.2,5,0,1,0.136,0.005,-0.004,147.2025
1238,454976,479.85,336,1021,99.7,6,1,0,1.835,0.005,-0.004,147.2025
1239,455168,-6.4,24,206,20.1,1,0,1,0.17,0.005,-0.004,147.2025
1240,455480,543.6,152,1024,100.0,6,1,0,1.251,0.005,-0.004,147.2025
1241,455528,541.0,151,1024,100.0,6,1,0,1.29,0.005,-0.004,147.2025
1242,455528,463.9,320,1023,99.9,6,1,0,1.474,0.005,-0.004,147.2025
1243,456120,462.11,319,1023,99.9,6,1,0,1.414,0.005,-0.004,147.2025
1244,456688,505.47,279,1024,100.0,6,1,0,1.433,0.005,-0.004,147.2025
1245,457104,490.29,271,1024,100.0,6,1,0,0.919,0.005,-0.004,147.2025
1246,457368,491.07,326,1024,100.0,6,1,0,0.875,0.005,-0.004,147.2025
1247,457752,517.95,278,1024,100.0,6,1,0,1.357,0.005,-0.004,147.2025
1248,457848,489.02,290,1024,100.0,6,1,0,1.246,0.005,-0.004,147.2025
1249,458104,471.91,367,1024,100.0,6,1,0,1.177,0.005,-0.004,147.2025
1250,458312,489.15,354,1020,99.6,6,1,0,1.614,0.005,-0.004,147.2025
1251,458424,536.37,165,1024,100.0,6,1,0,0.834,0.005,-0.004,147.2025
1252,458480,569.68,295,1024,100.0,6,1,0,1.352,0.005,-0.004,147.2025
1253,459720,461.88,379,1021,99.7,6,1,0,1.225,0.005,-0.0049,104.3325
1254,460000,492.23,281,1024,100.0,6,1,0,1.148,0.005,-0.0049,104.3325
1255,460056,477.01,336,1021,99.7,6,1,0,1.274,0.005,-0.0049,104.3325
1256,460248,134.68,66,416,40.6,2,0,1,0.152,0.005,-0.0049,104.3325
1257,460408,492.99,288,1024,100.0,6,1,0,1.281,0.005,-0.0049,104.3325
1258,460480,509.01,329,1022,99.8,6,1,0,1.345,0.005,-0.0049,104.3325
1259,460784,520.42,288,1024,100.0,6,1,0,1.154,0.005,-0.0049,104.3325
1260,460960,467.83,317,1024,100.0,6,1,0,1.552,0.005,-0.0049,104.3325
1261,461120,483.69,351,1017,99.3,6,1,0,1.463,0.005,-0.0049,104.3325
1262,461264,84.56,38,542,52.9,2,0,1,0.158,0.005,-0.0049,104.3325
1263,461752,114.77,61,404,39.5,2,0,1,0.189,0.005,-0.0049,104.3325
1264,462112,459.64,264,1024,100.0,6,1,0,1.034,0.005,-0.0049,104.3325
1265,462592,539.26,226,1024,100.0,6,1,0,1.057,0.005,-0.0049,104.3325
1266,462664,470.31,326,1024,100.0,6,1,0,1.448,0.005,-0.0049,104.3325
1267,462832,454.54,303,1019,99.5,6,1,0,1.506,0.005,-0.0049,104.3325
1268,462952,476.72,309,1021,99.7,6,1,0,1.211,0.005,-0.0049,104.3325
1269,463152,574.23,254,1022,99.8,6,1,0,1.354,0.005,-0.0049,104.3325
1270,463960,464.77,464,1022,99.8,6,1,0,1.156,0.005,-0.0049,104.3325
1271,464216,535.92,173,1020,99.6,6,1,0,1.63,0.005,-0.0049,104.3325
1272,464848,476.78,342,1021,99.7,6,1,0,1.897,0.005,-0.0049,104.3325
1273,464984,497.76,299,1024,100.0,6,1,0,1.126,0.005,-0.0049,104.3325
1274,465184,522.15,254,1023,99.9,6,1,0,1.247,0.005,-0.0049,104.3325
1275,465272,492.12,290,1024,100.0,6,1,0,1.499,0.005,-0.0049,104.3325
1276,465280,462.73,327,1023,99.9,6,1,0,1.127,0.005,-0.0049,104.3325
1277,466552,318.0,600,957,93.5,5,0,0,1.6,0.005,-0.0049,104.3325
1278,466568,485.54,326,1024,100.0,6,1,0,1.459,0.005,-0.0049,104.3325
1279,466832,469.67,248,1024,100.0,6,1,0,1.0,0.005,-0.0049,104.3325
1280,466848,488.76,329,1024,100.0,6,1,0,0.754,0.005,-0.0049,104.3325
1281,467416,486.78,279,1024,100.0,6,1,0,0.803,0.005,-0.0045,145.345
1282,467616,480.61,329,1021,99.7,6,1,0,1.232,0.005,-0.0045,145.345
1283,467808,471.33,316,1017,99.3,6,1,0,1.387,0.005,-0.0045,145.345
1284,467840,541.09,161,1022,99.8,6,1,0,1.632,0.005,-0.0045,145.345
1285,469072,495.23,278,1024,100.0,6,1,0,1.059,0.005,-0.0045,145.345
1286,469384,477.57,319,1022,99.8,6,1,0,1.426,0.005,-0.0045,145.345
1287,469568,487.68,269,1024,100.0,6,1,0,0.981,0.005,-0.0045,145.345
1288,469632,461.17,383,1019,99.5,6,1,0,1.261,0.005,-0.0045,145.345
1289,469752,512.51,267,1024,100.0,6,1,0,1.151,0.005,-0.0045,145.345
1290,469880,492.89,255,1024,100.0,6,1,0,1.074,0.005,-0.0045,145.345
1291,469968,106.85,73,414,40.4,2,0,1,0.206,0.005,-0.0045,145.345
1292,470072,268.86,600,862,84.2,4,0,0,1.737,0.005,-0.0045,145.345
1293,470504,474.12,337,1021,99.7,6,1,0,1.317,0.005,-0.0045,145.345
1294,471056,482.46,248,1024,100.0,6,1,0,1.024,0.005,-0.0045,145.345
1295,471096,548.98,168,1023,99.9,6,1,0,1.351,0.005,-0.0045,145.345
1296,471256,544.59,161,1021,99.7,6,1,0,1.246,0.005,-0.0045,145.345
1297,471720,514.92,269,1024,100.0,6,1,0,0.859,0.005,-0.0045,145.345
1298,472280,526.76,153,1023,99.9,6,1,0,1.246,0.005,-0.0045,145.345
1299,472392,534.96,162,1024,100.0,6,1,0,1.127,0.005,-0.0045,145.345
1300,472464,458.46,354,1019,99.5,6,1,0,1.186,0.005,-0.0045,145.345
1301,472608,537.31,169,1022,99.8,6,1,0,1.681,0.005,-0.0045,145.345
1302,472752,477.09,281,1024,100.0,6,1,0,1.392,0.005,-0.0045,145.345
1303,472936,483.26,358,1023,99.9,6,1,0,1.283,0.005,-0.0045,145.345
1304,473624,561.46,238,1023,99.9,6,1,0,1.115,0.005,-0.0045,145.345
1305,474168,464.27,536,1024,100.0,6,1,0,0.896,0.005,-0.0045,145.345
1306,474496,516.76,277,1024,100.0,6,1,0,1.149,0.005,-0.0045,145.345
1307,474568,498.8,245,1023,99.9,6,1,0,0.932,0.005,-0.0045,145.345
1308,474776,505.27,289,1024,100.0,6,1,0,1.106,0.005,-0.0045,145.345
1309,474816,497.53,258,1024,100.0,6,1,0,0.833,0.005,-0.0045,145.345
1310,475312,403.31,143,1011,98.7,5,0,1,0.095,0.005,-0.005,113.719
1311,475736,475.6,350,1021,99.7,6,1,0,1.359,0.005,-0.005,113.719
1312,476256,474.7,483,1024,100.0,6,1,0,0.864,0.005,-0.005,113.719
1313,476296,441.52,334,1022,99.8,6,1,0,1.524,0.005,-0.005,113.719
1314,477024,478.19,281,1024,100.0,6,1,0,1.234,0.005,-0.005,113.719
1315,477200,494.31,329,1022,99.8,6,1,0,1.362,0.005,-0.005,113.719
1316,477240,502.43,343,1020,99.6,6,1,0,1.241,0.005,-0.005,113.719
1317,477296,459.2,248,1022,99.8,6,1,0,0.855,0.005,-0.005,113.719
1318,478040,568.61,218,1024,100.0,6,1,0,1.21,0.005,-0.005,113.719
1319,478072,481.87,292,1021,99.7,6,1,0,1.528,0.005,-0.005,113.719
1320,478384,555.7,170,1021,99.7,6,1,0,1.362,0.005,-0.005,113.719
1321,478904,478.09,331,1022,99.8,6,1,0,1.323,0.005,-0.005,113.719
1322,479272,489.26,557,1024,100.0,6,1,0,0.976,0.005,-0.005,113.719
1323,479480,491.96,280,1024,100.0,6,1,0,1.05,0.005,-0.005,113.719
1324,479728,548.67,168,1020,99.6,6,1,0,1.343,0.005,-0.005,113.719
1325,479784,473.39,311,1020,99.6,6,1,0,1.209,0.005,-0.005,113.719
1326,479904,498.22,338,1021,99.7,6,1,0,1.244,0.005,-0.005,113.719
1327,480312,454.05,284,1024,100.0,6,1,0,0.655,0.005,-0.005,113.719
1328,480576,541.47,163,1021,99.7,6,1,0,1.57,0.005,-0.005,113.719
1329,480872,461.64,350,1021,99.7,6,1,0,1.145,0.005,-0.005,113.719
1330,480992,544.01,151,1024,100.0,6,1,0,1.01,0.005,-0.005,113.719
1331,481160,575.21,179,1023,99.9,6,1,0,1.255,0.005,-0.005,113.719
1332,481208,549.93,163,1023,99.9,6,1,0,1.108,0.005,-0.005,113.719
1333,481432,512.6,316,1022,99.8,6,1,0,1.43,0.005,-0.005,113.719
1334,481616,8.66,23,199,19.4,1,0,1,0.146,0.005,-0.005,113.719
1335,481912,558.59,167,1021,99.7,6,1,0,1.116,0.005,-0.005,113.719
1336,482344,471.95,358,1019,99.5,6,1,0,1.272,0.005,-0.005,113.719
1337,482456,555.61,162,1021,99.7,6,1,0,1.533,0.005,-0.005,113.719
1338,482728,431.77,302,1019,99.5,6,1,0,1.273,0.005,-0.005,113.719
1339,483064,483.72,259,1024,100.0,6,1,0,1.151,0.005,-0.005,113.719
1340,483232,564.76,165,1024,100.0,6,1,0,1.151,0.005,-0.005,113.719
1341,483472,500.57,325,1022,99.8,6,1,0,1.432,0.005,-0.0051,108.6906
1342,483856,470.68,331,1023,99.9,6,1,0,1.291,0.005,-0.0051,108.6906
1343,483856,509.7,280,1024,100.0,6,1,0,1.393,0.005,-0.0051,108.6906
1344,483952,556.85,153,1024,100.0,6,1,0,0.855,0.005,-0.0051,108.6906
1345,484424,561.1,170,1024,100.0,6,1,0,1.16,0.005,-0.0051,108.6906
1346,484456,553.11,153,1024,100.0,6,1,0,1.032,0.005,-0.0051,108.6906
1347,484744,547.51,159,1024,100.0,6,1,0,1.802,0.005,-0.0051,108.6906
1348,484952,466.24,312,1019,99.5,6,1,0,1.338,0.005,-0.0051,108.6906
1349,485144,480.2,350,1017,99.3,6,1,0,1.499,0.005,-0.0051,108.6906
1350,485888,496.12,242,1022,99.8,6,1,0,1.287,0.005,-0.0051,108.6906
1351,485960,511.18,263,1024,100.0,6,1,0,0.923,0.005,-0.0051,108.6906
1352,486032,486.13,272,1024,100.0,6,1,0,0.982,0.005,-0.0051,108.6906
1353,486592,493.34,267,1024,100.0,6,1,0,1.043,0.005,-0.0051,108.6906
1354,486600,530.88,272,1023,99.9,6,1,0,0.982,0.005,-0.0051,108.6906
1355,486744,470.0,250,1024,100.0,6,1,0,0.849,0.005,-0.0051,108.6906
1356,487200,536.74,164,1024,100.0,6,1,0,1.181,0.005,-0.0051,108.6906
1357,487240,535.1,160,1023,99.9,6,1,0,1.576,0.005,-0.0051,108.6906
1358,487712,472.13,345,1018,99.4,6,1,0,1.474,0.005,-0.0051,108.6906
1359,487816,535.88,152,1020,99.6,6,1,0,1.612,0.005,-0.0051,108.6906
1360,487912,455.79,346,1019,99.5,6,1,0,1.471,0.005,-0.0051,108.6906
1361,488544,481.46,314,1021,99.7,6,1,0,1.276,0.005,-0.0051,108.6906
1362,488656,499.03,258,1024,100.0,6,1,0,0.554,0.005,-0.0051,108.6906
1363,489256,566.99,168,1024,100.0,6,1,0,1.145,0.005,-0.0051,108.6906
1364,489432,445.74,274,1024,100.0,6,1,0,0.663,0.005,-0.0051,108.6906
1365,489504,458.82,345,1018,99.4,6,1,0,1.328,0.005,-0.0051,108.6906
1366,489696,465.98,312,1018,99.4,6,1,0,1.238,0.005,-0.0051,108.6906
1367,489760,-17.03,8,424,41.4,1,0,1,0.156,0.005,-0.0051,108.6906
1368,489984,493.34,271,1024,100.0,6,1,0,1.082,0.005,-0.0051,108.6906
1369,490376,491.87,333,1021,99.7,6,1,0,1.539,0.005,-0.0051,108.6906
1370,490528,558.18,159,1024,100.0,6,1,0,0.923,0.005,-0.0051,108.6906
1371,490856,552.22,178,1018,99.4,6,1,0,1.696,0.005,-0.0051,108.6906
1372,491112,573.49,169,1021,99.7,6,1,0,0.988,0.005,-0.0051,108.6906
1373,491224,523.45,155,1021,99.7,6,1,0,1.32,0.005,-0.0051,108.6906
1374,491480,446.22,353,1018,99.4,6,1,0,1.582,0.005,-0.0051,108.6906
1375,491696,466.16,274,1024,100.0,6,1,0,0.791,0.005,-0.0042,93.6681
1376,491816,439.26,409,1024,100.0,6,1,0,0.969,0.005,-0.0042,93.6681
1377,492584,508.26,257,1024,100.0,6,1,0,1.06,0.005,-0.0042,93.6681
1378,492664,524.74,148,1024,100.0,6,1,0,0.958,0.005,-0.0042,93.6681
1379,493016,546.85,165,1019,99.5,6,1,0,1.521,0.005,-0.0042,93.6681
1380,493032,482.5,240,1024,100.0,6,1,0,1.325,0.005,-0.0042,93.6681
1381,493208,494.27,248,1022,99.8,6,1,0,1.231,0.005,-0.0042,93.6681
1382,493248,470.07,359,1024,100.0,6,1,0,1.145,0.005,-0.0042,93.6681
1383,493264,491.99,301,1023,99.9,6,1,0,0.971,0.005,-0.0042,93.6681
1384,493680,472.31,233,1024,100.0,6,1,0,0.744,0.005,-0.0042,93.6681
1385,493824,552.91,155,1024,100.0,6,1,0,1.099,0.005,-0.0042,93.6681
1386,494776,484.78,264,1024,100.0,6,1,0,0.888,0.005,-0.0042,93.6681
1387,495376,478.2,271,1024,100.0,6,1,0,0.874,0.005,-0.0042,93.6681
1388,495656,75.76,35,508,49.6,2,0,1,0.126,0.005,-0.0042,93.6681
1389,495760,570.43,312,1024,100.0,6,1,0,0.785,0.005,-0.0042,93.6681
1390,496056,482.32,378,1021,99.7,6,1,0,1.414,0.005,-0.0042,93.6681
1391,496176,458.29,395,1020,99.6,6,1,0,1.412,0.005,-0.0042,93.6681
1392,496208,513.14,298,1024,100.0,6,1,0,1.045,0.005,-0.0042,93.6681
1393,496472,470.86,349,1020,99.6,6,1,0,1.587,0.005,-0.0042,93.6681
1394,496880,488.13,263,1024,100.0,6,1,0,0.826,0.005,-0.0042,93.6681
1395,497376,562.13,165,1024,100.0,6,1,0,1.278,0.005,-0.0042,93.6681
1396,497712,559.27,155,1024,100.0,6,1,0,1.082,0.005,-0.0042,93.6681
1397,497800,585.49,199,1024,100.0,6,1,0,0.663,0.005,-0.0042,93.6681
1398,498048,337.9,600,1013,98.9,5,0,0,0.867,0.005,-0.0042,93.6681
1399,498240,459.75,323,1024,100.0,6,1,0,1.538,0.005,-0.0042,93.6681
1400,498336,515.28,270,1024,100.0,6,1,0,1.056,0.005,-0.0042,93.6681
1401,498368,490.56,326,1021,99.7,6,1,0,1.485,0.005,-0.0042,93.6681
1402,498896,502.92,148,1017,99.3,6,1,0,1.411,0.005,-0.0042,93.6681
1403,498960,476.84,260,1023,99.9,6,1,0,0.814,0.005,-0.0042,93.6681
1404,499384,521.19,251,1022,99.8,6,1,0,1.58,0.005,-0.0042,93.6681
1405,499648,554.56,164,1024,100.0,6,1,0,0.933,0.005,-0.0042,93.6681
1406,499760,504.07,245,1024,100.0,6,1,0,0.806,0.005,-0.0053,109.0573
1407,500080,512.72,148,1016,99.2,6,1,0,1.31,0.005,-0.0053,109.0573
1408,500336,484.49,246,1024,100.0,6,1,0,0.869,0.005,-0.0053,109.0573
1409,500368,517.7,266,1024,100.0,6,1,0,1.005,0.005,-0.0053,109.0573
1410,500520,479.61,309,1018,99.4,6,1,0,1.403,0.005,-0.0053,109.0573
1411,501104,543.72,168,1020,99.6,6,1,0,1.489,0.005,-0.0053,109.0573
1412,501416,481.81,307,1017,99.3,6,1,0,1.604,0.005,-0.0053,109.0573
1413,501992,485.3,239,1022,99.8,6,1,0,1.321,0.005,-0.0053,109.0573
1414,502096,465.96,339,1021,99.7,6,1,0,1.818,0.005,-0.0053,109.0573
1415,502136,491.29,311,1019,99.5,6,1,0,1.207,0.005,-0.0053,109.0573
1416,502272,465.51,242,1024,100.0,6,1,0,1.511,0.005,-0.0053,109.0573
1417,502384,566.64,160,1024,100.0,6,1,0,1.026,0.005,-0.0053,109.0573
1418,502504,510.08,267,1024,100.0,6,1,0,0.89,0.005,-0.0053,109.0573
1419,502600,456.92,260,1024,100.0,6,1,0,0.835,0.005,-0.0053,109.0573
1420,502696,576.5,160,1024,100.0,6,1,0,0.777,0.005,-0.0053,109.0573
1421,503752,527.14,156,1023,99.9,6,1,0,1.338,0.005,-0.0053,109.0573
1422,503848,547.35,156,1024,100.0,6,1,0,0.866,0.005,-0.0053,109.0573
1423,503984,508.51,249,1021,99.7,6,1,0,0.848,0.005,-0.0053,109.0573
1424,504168,-0.9,23,218,21.3,1,0,1,0.199,0.005,-0.0053,109.0573
1425,504248,487.32,264,1024,100.0,6,1,0,0.859,0.005,-0.0053,109.0573
1426,504384,471.79,286,1024,100.0,6,1,0,1.055,0.005,-0.0053,109.0573
1427,504520,475.44,267,1024,100.0,6,1,0,1.24,0.005,-0.0053,109.0573
1428,504648,496.26,244,1023,99.9,6,1,0,1.196,0.005,-0.0053,109.0573
1429,504776,471.75,313,1020,99.6,6,1,0,1.527,0.005,-0.0053,109.0573
1430,505432,555.9,158,1024,100.0,6,1,0,0.853,0.005,-0.0053,109.0573
1431,505496,559.16,156,1024,100.0,6,1,0,1.146,0.005,-0.0053,109.0573
1432,505784,530.12,158,1021,99.7,6,1,0,1.365,0.005,-0.0053,109.0573
1433,506032,528.88,273,1024,100.0,6,1,0,1.146,0.005,-0.0053,109.0573
1434,506216,479.37,308,1019,99.5,6,1,0,1.634,0.005,-0.0053,109.0573
1435,506360,460.64,247,1024,100.0,6,1,0,1.085,0.005,-0.0053,109.0573
1436,506768,538.41,159,1023,99.9,6,1,0,1.505,0.005,-0.0053,109.0573
1437,506992,515.24,151,1023,99.9,6,1,0,1.394,0.005,-0.0053,109.0573
1438,507008,499.01,279,1024,100.0,6,1,0,1.29,0.005,-0.0053,109.0573
1439,507208,474.6,320,1024,100.0,6,1,0,1.352,0.005,-0.0053,109.0573
1440,507456,524.05,155,1022,99.8,6,1,0,1.534,0.005,-0.0053,109.0573
1441,507560,541.13,150,1024,100.0,6,1,0,0.821,0.005,-0.0053,109.0573
1442,507832,493.63,300,1019,99.5,6,1,0,1.272,0.005,-0.0053,109.0573
1443,508488,563.23,160,1024,100.0,6,1,0,1.184,0.005,-0.0031,76.518
1444,508536,478.16,313,1023,99.9,6,1,0,1.691,0.005,-0.0031,76.518
1445,508920,503.16,239,1024,100.0,6,1,0,1.331,0.005,-0.0031,76.518
1446,509296,461.74,316,1020,99.6,6,1,0,1.071,0.005,-0.0031,76.518
1447,509496,484.37,313,1018,99.4,6,1,0,1.426,0.005,-0.0031,76.518
1448,509984,487.09,316,1020,99.6,6,1,0,1.058,0.005,-0.0031,76.518
1449,510000,476.55,305,1024,100.0,6,1,0,1.198,0.005,-0.0031,76.518
1450,510152,408.83,154,1012,98.8,5,0,1,0.082,0.005,-0.0031,76.518
1451,510392,475.86,320,1023,99.9,6,1,0,1.583,0.005,-0.0031,76.518
1452,511024,492.23,317,1022,99.8,6,1,0,1.686,0.005,-0.0031,76.518
1453,511104,504.13,321,1022,99.8,6,1,0,1.592,0.005,-0.0031,76.518
1454,511216,559.22,152,1024,100.0,6,1,0,0.829,0.005,-0.0031,76.518
1455,511600,506.47,263,1019,99.5,6,1,0,1.483,0.005,-0.0031,76.518
1456,511984,471.44,336,1020,99.6,6,1,0,1.421,0.005,-0.0031,76.518
1457,512200,498.77,277,1024,100.0,6,1,0,0.592,0.005,-0.0031,76.518
1458,512944,543.1,216,1024,100.0,6,1,0,1.282,0.005,-0.0031,76.518
1459,513064,485.55,364,1022,99.8,6,1,0,1.24,0.005,-0.0031,76.518
1460,513072,483.55,256,1024,100.0,6,1,0,0.843,0.005,-0.0031,76.518
1461,513240,515.22,267,1024,100.0,6,1,0,0.905,0.005,-0.0031,76.518
1462,513264,466.64,359,1024,100.0,6,1,0,1.095,0.005,-0.0031,76.518
1463,513496,562.09,162,1022,99.8,6,1,0,1.752,0.005,-0.0031,76.518
1464,513616,482.91,252,1023,99.9,6,1,0,1.314,0.005,-0.0031,76.518
1465,513720,-7.72,28,198,19.3,1,0,1,0.178,0.005,-0.0031,76.518
1466,513872,507.02,236,1024,100.0,6,1,0,0.797,0.005,-0.0031,76.518
1467,514048,2.63,22,218,21.3,1,0,1,0.156,0.005,-0.0031,76.518
1468,514504,552.96,155,1024,100.0,6,1,0,1.018,0.005,-0.0031,76.518
1469,514984,514.01,240,1023,99.9,6,1,0,1.192,0.005,-0.0031,76.518
1470,515088,497.07,268,1024,100.0,6,1,0,0.81,0.005,-0.0031,76.518
1471,515224,516.92,248,1024,100.0,6,1,0,0.965,0.005,-0.0031,76.518
1472,515288,484.8,277,1024,100.0,6,1,0,1.044,0.005,-0.0031,76.518
1473,515768,478.04,269,1024,100.0,6,1,0,0.923,0.005,-0.0031,76.518
1474,515776,477.93,257,1024,100.0,6,1,0,0.711,0.005,-0.0031,76.518
1475,516256,554.73,159,1024,100.0,6,1,0,1.289,0.005,-0.0044,101.9502
1476,516584,479.73,317,1021,99.7,6,1,0,1.381,0.005,-0.0044,101.9502
1477,516608,479.8,263,1024,100.0,6,1,0,0.977,0.005,-0.0044,101.9502
1478,517000,524.45,153,1024,100.0,6,1,0,1.592,0.005,-0.0044,101.9502
1479,517072,495.02,248,1022,99.8,6,1,0,1.334,0.005,-0.0044,101.9502
1480,517416,478.28,274,1024,100.0,6,1,0,0.883,0.005,-0.0044,101.9502
1481,517512,520.63,157,1021,99.7,6,1,0,1.497,0.005,-0.0044,101.9502
1482,517800,485.07,314,1019,99.5,6,1,0,1.463,0.005,-0.0044,101.9502
1483,517856,538.72,156,1023,99.9,6,1,0,1.374,0.005,-0.0044,101.9502
1484,518192,467.81,303,1023,99.9,6,1,0,1.341,0.005,-0.0044,101.9502
1485,519344,435.53,345,1018,99.4,6,1,0,1.623,0.005,-0.0044,101.9502
1486,519432,486.56,304,1018,99.4,6,1,0,1.388,0.005,-0.0044,101.9502
1487,519528,480.74,252,1024,100.0,6,1,0,1.182,0.005,-0.0044,101.9502
1488,519568,512.9,269,1024,100.0,6,1,0,1.006,0.005,-0.0044,101.9502
1489,519600,450.51,316,1020,99.6,6,1,0,1.63,0.005,-0.0044,101.9502
1490,520344,476.08,311,1016,99.2,6,1,0,1.337,0.005,-0.0044,101.9502
1491,520520,360.51,291,1014,99.0,5,0,1,0.223,0.005,-0.0044,101.9502
1492,520520,474.7,340,1021,99.7,6,1,0,1.143,0.005,-0.0044,101.9502
1493,520760,538.36,149,1024,100.0,6,1,0,0.945,0.005,-0.0044,101.9502
1494,520792,511.41,158,1023,99.9,6,1,0,1.584,0.005,-0.0044,101.9502
1495,521056,-0.03,33,213,20.8,1,0,1,0.093,0.005,-0.0044,101.9502
1496,521280,3.62,28,216,21.1,1,0,1,0.082,0.005,-0.0044,101.9502
1497,521504,530.41,238,1024,100.0,6,1,0,0.734,0.005,-0.0044,101.9502
1498,521544,500.24,264,1024,100.0,6,1,0,0.964,0.005,-0.0044,101.9502
1499,521552,548.96,151,1024,100.0,6,1,0,1.21,0.005,-0.0044,101.9502
1500,521720,475.25,297,1019,99.5,6,1,0,1.394,0.005,-0.0044,101.9502
1501,521800,553.13,160,1023,99.9,6,1,0,1.484,0.005,-0.0044,101.9502
1502,522024,549.69,158,1024,100.0,6,1,0,1.209,0.005,-0.0044,101.9502
1503,522480,495.05,245,1022,99.8,6,1,0,1.062,0.005,-0.0044,101.9502
1504,522712,522.72,151,1024,100.0,6,1,0,0.799,0.005,-0.0044,101.9502
1505,522936,530.58,152,1020,99.6,6,1,0,1.652,0.005,-0.0044,101.9502
1506,523200,509.57,240,1024,100.0,6,1,0,1.297,0.005,-0.0044,101.9502
1507,524064,477.45,315,1021,99.7,6,1,0,1.151,0.005,-0.0044,101.9502
1508,524064,474.59,314,1021,99.7,6,1,0,1.837,0.005,-0.0044,101.9502
1509,524256,466.98,279,1024,100.0,6,1,0,1.121,0.005,-0.0044,101.9502
1510,524376,498.29,322,1024,100.0,6,1,0,1.316,0.005,-0.0033,85.5985
1511,524488,526.31,161,1021,99.7,6,1,0,1.384,0.005,-0.0033,85.5985
1512,525344,481.29,329,1021,99.7,6,1,0,1.449,0.005,-0.0033,85.5985
1513,525520,473.86,323,1024,100.0,6,1,0,1.52,0.005,-0.0033,85.5985
1514,526128,499.26,234,1024,100.0,6,1,0,1.396,0.005,-0.0033,85.5985
1515,526600,454.03,317,1018,99.4,6,1,0,1.46,0.005,-0.0033,85.5985
1516,526952,421.03,559,1021,99.7,6,1,0,1.319,0.005,-0.0033,85.5985
1517,527120,475.68,343,1022,99.8,6,1,0,1.311,0.005,-0.0033,85.5985
1518,527144,490.79,332,1023,99.9,6,1,0,1.481,0.005,-0.0033,85.5985
1519,527176,545.81,207,1021,99.7,6,1,0,1.332,0.005,-0.0033,85.5985
1520,527360,526.3,154,1023,99.9,6,1,0,1.532,0.005,-0.0033,85.5985
1521,527360,466.9,252,1024,100.0,6,1,0,1.245,0.005,-0.0033,85.5985
1522,527832,568.48,154,1024,100.0,6,1,0,1.215,0.005,-0.0033,85.5985
1523,528336,530.28,152,1021,99.7,6,1,0,1.239,0.005,-0.0033,85.5985
1524,528648,514.19,161,1021,99.7,6,1,0,1.491,0.005,-0.0033,85.5985
1525,528864,352.97,600,1024,100.0,5,0,0,2.098,0.005,-0.0033,85.5985
1526,529104,563.63,159,1024,100.0,6,1,0,1.163,0.005,-0.0033,85.5985
1527,529352,474.94,249,1023,99.9,6,1,0,1.138,0.005,-0.0033,85.5985
1528,529648,458.9,313,1017,99.3,6,1,0,1.332,0.005,-0.0033,85.5985
1529,529696,474.17,315,1024,100.0,6,1,0,1.643,0.005,-0.0033,85.5985
1530,529840,503.71,361,1022,99.8,6,1,0,1.099,0.005,-0.0033,85.5985
1531,530400,514.58,162,1021,99.7,6,1,0,1.335,0.005,-0.0033,85.5985
1532,530576,537.76,153,1024,100.0,6,1,0,1.255,0.005,-0.0033,85.5985
1533,530696,495.62,295,1024,100.0,6,1,0,1.272,0.005,-0.0033,85.5985
1534,531176,454.02,316,1021,99.7,6,1,0,1.706,0.005,-0.0033,85.5985
1535,531360,466.56,312,1020,99.6,6,1,0,1.6,0.005,-0.0033,85.5985
1536,531864,493.6,277,1024,100.0,6,1,0,1.066,0.005,-0.0033,85.5985
1537,531888,576.7,164,1024,100.0,6,1,0,0.959,0.005,-0.0033,85.5985
1538,532440,491.63,325,1023,99.9,6,1,0,1.732,0.005,-0.0033,85.5985
1539,532544,524.95,148,1024,100.0,6,1,0,0.954,0.005,-0.0051,84.8756
1540,532640,455.2,280,1024,100.0,6,1,0,0.88,0.005,-0.0051,84.8756
1541,532896,467.45,275,1024,100.0,6,1,0,0.794,0.005,-0.0051,84.8756
1542,533184,540.57,165,1022,99.8,6,1,0,1.813,0.005,-0.0051,84.8756
1543,533216,538.54,166,1022,99.8,6,1,0,1.66,0.005,-0.0051,84.8756
1544,533424,489.19,281,1024,100.0,6,1,0,1.106,0.005,-0.0051,84.8756
1545,533480,256.98,117,800,78.1,3,0,1,0.156,0.005,-0.0051,84.8756
1546,533688,535.17,156,1023,99.9,6,1,0,1.699,0.005,-0.0051,84.8756
1547,534248,565.85,169,1024,100.0,6,1,0,1.007,0.005,-0.0051,84.8756
1548,534464,10.29,27,216,21.1,1,0,1,0.136,0.005,-0.0051,84.8756
1549,534496,375.37,600,1023,99.9,5,0,0,0.472,0.005,-0.0051,84.8756
1550,534928,541.55,155,1024,100.0,6,1,0,0.98,0.005,-0.0051,84.8756
1551,535176,512.81,249,1022,99.8,6,1,0,1.138,0.005,-0.0051,84.8756
1552,535288,503.77,331,1021,99.7,6,1,0,1.589,0.005,-0.0051,84.8756
1553,535344,506.95,266,1024,100.0,6,1,0,0.912,0.005,-0.0051,84.8756
1554,535464,14.63,22,228,22.3,1,0,1,0.186,0.005,-0.0051,84.8756
1555,535912,476.73,304,1018,99.4,6,1,0,1.535,0.005,-0.0051,84.8756
1556,535912,489.15,311,1017,99.3,6,1,0,1.123,0.005,-0.0051,84.8756
1557,536360,564.76,233,1019,99.5,6,1,0,1.56,0.005,-0.0051,84.8756
1558,536416,486.35,244,1021,99.7,6,1,0,1.0,0.005,-0.0051,84.8756
1559,536432,561.89,157,1024,100.0,6,1,0,0.953,0.005,-0.0051,84.8756
1560,537448,479.47,248,1024,100.0,6,1,0,0.931,0.005,-0.0051,84.8756
1561,537576,516.23,279,1024,100.0,6,1,0,0.96,0.005,-0.0051,84.8756
1562,537712,70.05,33,503,49.1,2,0,1,0.122,0.005,-0.0051,84.8756
1563,537736,553.29,172,1024,100.0,6,1,0,0.986,0.005,-0.0051,84.8756
1564,538240,344.67,291,1014,99.0,5,0,1,0.176,0.005,-0.0051,84.8756
1565,538512,522.08,325,1023,99.9,6,1,0,1.405,0.005,-0.0051,84.8756
1566,538784,488.18,296,1024,100.0,6,1,0,1.052,0.005,-0.0051,84.8756
1567,538976,466.31,318,1017,99.3,6,1,0,1.347,0.005,-0.0051,84.8756
1568,539008,541.28,162,1023,99.9,6,1,0,1.196,0.005,-0.0051,84.8756
1569,539728,324.91,600,982,95.9,5,0,0,1.719,0.005,-0.0051,84.8756
1570,539912,468.61,292,1024,100.0,6,1,0,0.923,0.005,-0.0051,84.8756
1571,540000,462.32,283,1023,99.9,6,1,0,1.614,0.005,-0.0051,84.8756
1572,540368,531.64,266,1024,100.0,6,1,0,0.796,0.005,-0.0051,84.8756
1573,540680,517.23,271,1024,100.0,6,1,0,1.188,0.005,-0.0072,140.229
1574,540824,520.57,255,1024,100.0,6,1,0,1.017,0.005,-0.0072,140.229
1575,540992,493.51,248,1024,100.0,6,1,0,0.876,0.005,-0.0072,140.229
1576,541304,531.97,163,1024,100.0,6,1,0,1.542,0.005,-0.0072,140.229
1577,541496,490.13,315,1023,99.9,6,1,0,1.617,0.005,-0.0072,140.229
1578,541536,513.02,146,1016,99.2,6,1,0,1.477,0.005,-0.0072,140.229
1579,542000,530.99,165,1023,99.9,6,1,0,1.633,0.005,-0.0072,140.229
1580,542056,516.96,154,1022,99.8,6,1,0,1.637,0.005,-0.0072,140.229
1581,542200,547.21,151,1024,100.0,6,1,0,0.761,0.005,-0.0072,140.229
1582,542208,463.04,310,1021,99.7,6,1,0,1.353,0.005,-0.0072,140.229
1583,542632,511.11,340,1024,100.0,6,1,0,1.178,0.005,-0.0072,140.229
1584,543280,533.47,247,1023,99.9,6,1,0,1.101,0.005,-0.0072,140.229
1585,543312,533.17,139,1024,100.0,6,1,0,0.616,0.005,-0.0072,140.229
1586,543456,556.21,156,1024,100.0,6,1,0,1.128,0.005,-0.0072,140.229
1587,543696,495.5,275,1024,100.0,6,1,0,1.032,0.005,-0.0072,140.229
1588,543768,502.55,279,1024,100.0,6,1,0,1.207,0.005,-0.0072,140.229
1589,544032,478.84,247,1024,100.0,6,1,0,0.99,0.005,-0.0072,140.229
1590,544064,502.49,258,1024,100.0,6,1,0,0.732,0.005,-0.0072,140.229
1591,545136,468.04,313,1018,99.4,6,1,0,1.146,0.005,-0.0072,140.229
1592,545240,538.12,151,1023,99.9,6,1,0,0.981,0.005,-0.0072,140.229
1593,545472,538.92,213,1024,100.0,6,1,0,1.005,0.005,-0.0072,140.229
1594,545696,518.55,250,1024,100.0,6,1,0,1.016,0.005,-0.0072,140.229
1595,545792,484.98,310,1020,99.6,6,1,0,1.769,0.005,-0.0072,140.229
1596,545840,457.57,320,1023,99.9,6,1,0,1.311,0.005,-0.0072,140.229
1597,546200,499.05,343,1020,99.6,6,1,0,1.273,0.005,-0.0072,140.229
1598,546320,454.4,282,1024,100.0,6,1,0,1.229,0.005,-0.0072,140.229
1599,546368,539.08,154,1020,99.6,6,1,0,1.488,0.005,-0.0072,140.229
1600,547408,502.96,151,1019,99.5,6,1,0,1.182,0.005,-0.0072,140.229
1601,547632,473.68,299,1020,99.6,6,1,0,1.519,0.005,-0.0072,140.229
1602,547680,541.16,164,1023,99.9,6,1,0,1.053,0.005,-0.0072,140.229
1603,547832,473.57,249,1022,99.8,6,1,0,0.992,0.005,-0.0072,140.229
1604,547888,480.16,302,1019,99.5,6,1,0,1.486,0.005,-0.0072,140.229
1605,548192,458.16,312,1016,99.2,6,1,0,1.289,0.005,-0.0072,140.229
1606,548256,492.27,242,1024,100.0,6,1,0,0.781,0.005,-0.0072,140.229
1607,548432,512.22,330,1022,99.8,6,1,0,1.33,0.005,-0.0072,140.229
1608,549368,495.36,245,1024,100.0,6,1,0,1.163,0.005,-0.0048,80.4477
1609,549472,533.28,152,1021,99.7,6,1,0,1.535,0.005,-0.0048,80.4477
1610,549648,549.72,152,1024,100.0,6,1,0,1.104,0.005,-0.0048,80.4477
1611,549896,526.31,258,1020,99.6,6,1,0,0.806,0.005,-0.0048,80.4477
1612,549896,512.86,277,1024,100.0,6,1,0,0.724,0.005,-0.0048,80.4477
1613,550152,73.21,32,504,49.2,2,0,1,0.175,0.005,-0.0048,80.4477
1614,550192,493.55,320,1019,99.5,6,1,0,1.525,0.005,-0.0048,80.4477
1615,550520,472.72,329,1022,99.8,6,1,0,1.347,0.005,-0.0048,80.4477
1616,550704,466.83,314,1019,99.5,6,1,0,1.52,0.005,-0.0048,80.4477
1617,550936,556.06,161,1024,100.0,6,1,0,1.118,0.005,-0.0048,80.4477
1618,551352,472.36,248,1021,99.7,6,1,0,1.357,0.005,-0.0048,80.4477
1619,551632,499.48,270,1024,100.0,6,1,0,1.17,0.005,-0.0048,80.4477
1620,551680,497.05,223,1024,100.0,6,1,0,1.21,0.005,-0.0048,80.4477
1621,552112,453.31,245,1024,100.0,6,1,0,1.145,0.005,-0.0048,80.4477
1622,552296,552.2,170,1021,99.7,6,1,0,1.575,0.005,-0.0048,80.4477
1623,552440,464.51,281,1024,100.0,6,1,0,1.013,0.005,-0.0048,80.4477
1624,553200,475.68,312,1019,99.5,6,1,0,1.527,0.005,-0.0048,80.4477
1625,553304,492.05,348,1024,100.0,6,1,0,1.029,0.005,-0.0048,80.4477
1626,553320,500.22,246,1024,100.0,6,1,0,1.069,0.005,-0.0048,80.4477
1627,553584,547.44,161,1020,99.6,6,1,0,1.202,0.005,-0.0048,80.4477
1628,554192,480.67,320,1021,99.7,6,1,0,1.749,0.005,-0.0048,80.4477
1629,554600,524.8,270,1024,100.0,6,1,0,0.969,0.005,-0.0048,80.4477
1630,554992,522.39,414,1020,99.6,6,1,0,1.437,0.005,-0.0048,80.4477
1631,555320,504.25,401,1023,99.9,6,1,0,1.339,0.005,-0.0048,80.4477
1632,555440,479.85,267,1024,100.0,6,1,0,0.725,0.005,-0.0048,80.4477
1633,555736,471.68,302,1019,99.5,6,1,0,1.408,0.005,-0.0048,80.4477
1634,555872,583.19,334,1024,100.0,6,1,0,0.811,0.005,-0.0048,80.4477
1635,555944,590.73,168,1024,100.0,6,1,0,1.191,0.005,-0.0048,80.4477
1636,556704,535.39,158,1021,99.7,6,1,0,1.413,0.005,-0.0048,80.4477
1637,556776,449.13,323,1023,99.9,6,1,0,1.559,0.005,-0.0048,80.4477
1638,557088,550.93,152,1024,100.0,6,1,0,1.016,0.005,-0.0044,121.5757
1639,557136,514.91,149,1021,99.7,6,1,0,1.458,0.005,-0.0044,121.5757
1640,557320,512.42,250,1023,99.9,6,1,0,0.821,0.005,-0.0044,121.5757
1641,557808,517.16,259,1024,100.0,6,1,0,0.924,0.005,-0.0044,121.5757
1642,558384,380.09,600,1024,100.0,5,0,0,1.952,0.005,-0.0044,121.5757
1643,559128,497.99,249,1023,99.9,6,1,0,1.153,0.005,-0.0044,121.5757
1644,559136,531.5,166,1024,100.0,6,1,0,1.41,0.005,-0.0044,121.5757
1645,559160,505.63,307,1018,99.4,6,1,0,1.332,0.005,-0.0044,121.5757
1646,559400,471.15,328,1021,99.7,6,1,0,1.822,0.005,-0.0044,121.5757
1647,559416,49.45,35,512,50.0,1,0,1,0.203,0.005,-0.0044,121.5757
1648,559440,490.91,265,1024,100.0,6,1,0,1.07,0.005,-0.0044,121.5757
1649,559656,495.23,321,1022,99.8,6,1,0,1.542,0.005,-0.0044,121.5757
1650,559792,341.54,600,1024,100.0,5,0,0,1.514,0.005,-0.0044,121.5757
1651,560272,206.88,107,766,74.8,3,0,1,0.193,0.005,-0.0044,121.5757
1652,560504,474.5,138,1020,99.6,6,1,0,1.174,0.005,-0.0044,121.5757
1653,560704,-4.33,25,204,19.9,1,0,1,0.151,0.005,-0.0044,121.5757
1654,561128,575.93,167,1024,100.0,6,1,0,1.184,0.005,-0.0044,121.5757
1655,561384,47.13,32,500,48.8,1,0,1,0.113,0.005,-0.0044,121.5757
1656,561440,512.81,285,1024,100.0,6,1,0,1.155,0.005,-0.0044,121.5757
1657,561536,486.36,301,1020,99.6,6,1,0,1.34,0.005,-0.0044,121.5757
1658,561912,508.92,151,1021,99.7,6,1,0,1.541,0.005,-0.0044,121.5757
1659,561960,513.19,315,1020,99.6,6,1,0,1.607,0.005,-0.0044,121.5757
1660,562048,123.21,64,406,39.6,2,0,1,0.177,0.005,-0.0044,121.5757
1661,562152,470.67,312,1024,100.0,6,1,0,0.776,0.005,-0.0044,121.5757
1662,562576,490.93,288,1024,100.0,6,1,0,1.024,0.005,-0.0044,121.5757
1663,562752,546.77,164,1022,99.8,6,1,0,1.714,0.005,-0.0044,121.5757
1664,562928,555.13,193,1024,100.0,6,1,0,0.883,0.005,-0.0044,121.5757
1665,563184,362.54,600,1024,100.0,5,0,0,2.736,0.005,-0.0044,121.5757
1666,563320,523.65,159,1021,99.7,6,1,0,1.68,0.005,-0.0044,121.5757
1667,564160,472.82,251,1022,99.8,6,1,0,1.097,0.005,-0.0044,121.5757
1668,564288,470.92,291,1021,99.7,6,1,0,1.684,0.005,-0.0044,121.5757
1669,564368,479.48,307,1018,99.4,6,1,0,1.393,0.005,-0.0044,121.5757
1670,564400,524.49,152,1023,99.9,6,1,0,1.777,0.005,-0.0044,121.5757
1671,564464,78.19,38,553,54.0,2,0,1,0.055,0.005,-0.0044,121.5757
1672,564696,506.54,243,1022,99.8,6,1,0,1.04,0.005,-0.0044,121.5757
1673,565112,499.36,317,1020,99.6,6,1,0,1.705,0.005,-0.0044,121.5757
1674,565712,534.3,156,1024,100.0,6,1,0,1.007,0.005,-0.0062,161.589
1675,565992,480.19,334,1021,99.7,6,1,0,1.525,0.005,-0.0062,161.589
1676,566504,482.23,263,1024,100.0,6,1,0,0.768,0.005,-0.0062,161.589
1677,566640,471.94,464,1024,100.0,6,1,0,1.209,0.005,-0.0062,161.589
1678,566872,470.23,313,1019,99.5,6,1,0,1.453,0.005,-0.0062,161.589
1679,566936,511.38,153,1021,99.7,6,1,0,1.733,0.005,-0.0062,161.589
1680,567272,508.07,322,1022,99.8,6,1,0,1.613,0.005,-0.0062,161.589
1681,567272,519.05,270,1024,100.0,6,1,0,0.788,0.005,-0.0062,161.589
1682,567568,464.06,410,1023,99.9,6,1,0,1.61,0.005,-0.0062,161.589
1683,567920,562.28,160,1024,100.0,6,1,0,1.188,0.005,-0.0062,161.589
1684,568240,532.17,163,1019,99.5,6,1,0,1.283,0.005,-0.0062,161.589
1685,568512,502.75,315,1021,99.7,6,1,0,1.858,0.005,-0.0062,161.589
1686,568520,523.74,156,1024,100.0,6,1,0,1.594,0.005,-0.0062,161.589
1687,568784,542.67,285,1024,100.0,6,1,0,1.199,0.005,-0.0062,161.589
1688,569216,496.08,243,1023,99.9,6,1,0,1.096,0.005,-0.0062,161.589
1689,569584,473.39,339,1022,99.8,6,1,0,1.573,0.005,-0.0062,161.589
1690,569712,501.45,268,1024,100.0,6,1,0,1.248,0.005,-0.0062,161.589
1691,570208,488.74,246,1024,100.0,6,1,0,0.796,0.005,-0.0062,161.589
1692,570480,537.27,158,1024,100.0,6,1,0,0.915,0.005,-0.0062,161.589
1693,570832,475.42,256,1024,100.0,6,1,0,0.66,0.005,-0.0062,161.589
1694,570904,504.57,373,1024,100.0,6,1,0,0.967,0.005,-0.0062,161.589
1695,570952,584.18,171,1024,100.0,6,1,0,1.269,0.005,-0.0062,161.589
1696,571152,493.93,330,1023,99.9,6,1,0,1.623,0.005,-0.0062,161.589
1697,571208,501.71,336,1021,99.7,6,1,0,1.458,0.005,-0.0062,161.589
1698,571728,542.14,156,1020,99.6,6,1,0,1.558,0.005,-0.0062,161.589
1699,572216,560.73,164,1024,100.0,6,1,0,0.965,0.005,-0.0062,161.589
1700,572672,469.43,308,1020,99.6,6,1,0,1.671,0.005,-0.0062,161.589
1701,573344,444.32,314,1023,99.9,6,1,0,1.697,0.005,-0.0062,161.589
1702,573560,488.1,326,1024,100.0,6,1,0,1.674,0.005,-0.0022,94.303
1703,573656,461.64,306,1018,99.4,6,1,0,1.489,0.005,-0.0022,94.303
1704,574168,440.39,557,1018,99.4,6,1,0,1.826,0.005,-0.0022,94.303
1705,574248,507.22,315,1019,99.5,6,1,0,1.595,0.005,-0.0022,94.303
1706,574432,552.99,410,1024,100.0,6,1,0,0.839,0.005,-0.0022,94.303
1707,574448,464.96,279,1024,100.0,6,1,0,1.013,0.005,-0.0022,94.303
1708,574632,474.33,245,1024,100.0,6,1,0,0.951,0.005,-0.0022,94.303
1709,574720,119.54,59,406,39.6,2,0,1,0.205,0.005,-0.0022,94.303
1710,574816,515.11,145,1019,99.5,6,1,0,1.53,0.005,-0.0022,94.303
1711,574824,529.48,158,1021,99.7,6,1,0,1.729,0.005,-0.0022,94.303
1712,575488,557.82,165,1024,100.0,6,1,0,1.535,0.005,-0.0022,94.303
1713,575592,479.48,281,1024,100.0,6,1,0,1.03,0.005,-0.0022,94.303
1714,575816,561.98,173,1024,100.0,6,1,0,1.456,0.005,-0.0022,94.303
1715,576456,488.86,251,1024,100.0,6,1,0,1.13,0.005,-0.0022,94.303
1716,576904,545.94,260,1023,99.9,6,1,0,0.734,0.005,-0.0022,94.303
1717,577296,502.76,333,1020,99.6,6,1,0,1.668,0.005,-0.0022,94.303
1718,577312,479.43,324,1023,99.9,6,1,0,1.694,0.005,-0.0022,94.303
1719,577496,496.21,238,1023,99.9,6,1,0,1.159,0.005,-0.0022,94.303
1720,577704,445.48,361,1024,100.0,6,1,0,1.386,0.005,-0.0022,94.303
1721,577712,520.48,157,1020,99.6,6,1,0,1.885,0.005,-0.0022,94.303
1722,578024,476.98,317,1020,99.6,6,1,0,1.416,0.005,-0.0022,94.303
1723,578336,500.81,315,1020,99.6,6,1,0,1.534,0.005,-0.0022,94.303
1724,578512,511.55,152,1023,99.9,6,1,0,1.637,0.005,-0.0022,94.303
1725,578768,477.71,233,1023,99.9,6,1,0,1.462,0.005,-0.0022,94.303
1726,579472,479.78,270,1022,99.8,6,1,0,1.221,0.005,-0.0022,94.303
1727,579520,509.18,148,1019,99.5,6,1,0,1.475,0.005,-0.0022,94.303
1728,580000,506.74,287,1024,100.0,6,1,0,0.861,0.005,-0.0022,94.303
1729,580096,533.21,198,1024,100.0,6,1,0,1.061,0.005,-0.0022,94.303
1730,580184,494.02,309,1019,99.5,6,1,0,1.365,0.005,-0.0022,94.303
1731,580976,539.8,276,1023,99.9,6,1,0,0.92,0.005,-0.0022,94.303
1732,581448,536.09,158,1024,100.0,6,1,0,1.424,0.005,-0.0022,94.303
1733,581656,523.59,273,1023,99.9,6,1,0,0.976,0.005,-0.0058,109.3494
1734,582048,509.85,316,1017,99.3,6,1,0,1.032,0.005,-0.0058,109.3494
1735,582192,533.58,262,1024,100.0,6,1,0,0.831,0.005,-0.0058,109.3494
1736,582216,483.22,277,1024,100.0,6,1,0,0.926,0.005,-0.0058,109.3494
1737,582296,401.12,600,1024,100.0,5,0,0,1.33,0.005,-0.0058,109.3494
1738,582824,342.09,600,1023,99.9,5,0,0,1.188,0.005,-0.0058,109.3494
1739,582936,523.4,160,1022,99.8,6,1,0,1.317,0.005,-0.0058,109.3494
1740,583280,507.68,154,1024,100.0,6,1,0,1.472,0.005,-0.0058,109.3494
1741,583440,509.07,153,1024,100.0,6,1,0,1.543,0.005,-0.0058,109.3494
1742,583520,499.79,318,1019,99.5,6,1,0,1.586,0.005,-0.0058,109.3494
1743,583968,496.49,315,1018,99.4,6,1,0,1.228,0.005,-0.0058,109.3494
1744,584112,535.29,161,1020,99.6,6,1,0,1.2,0.005,-0.0058,109.3494
1745,584136,504.95,243,1024,100.0,6,1,0,1.158,0.005,-0.0058,109.3494
1746,584168,508.85,154,1023,99.9,6,1,0,1.58,0.005,-0.0058,109.3494
1747,584760,569.61,165,1024,100.0,6,1,0,0.787,0.005,-0.0058,109.3494
1748,584816,481.54,315,1021,99.7,6,1,0,1.811,0.005,-0.0058,109.3494
1749,585328,563.7,170,1024,100.0,6,1,0,1.073,0.005,-0.0058,109.3494
1750,585784,537.48,283,1024,100.0,6,1,0,0.927,0.005,-0.0058,109.3494
1751,586320,526.34,276,1024,100.0,6,1,0,1.04,0.005,-0.0058,109.3494
1752,586392,521.5,278,1024,100.0,6,1,0,0.832,0.005,-0.0058,109.3494
1753,586576,453.23,305,1020,99.6,6,1,0,1.255,0.005,-0.0058,109.3494
1754,587080,499.79,290,1024,100.0,6,1,0,0.848,0.005,-0.0058,109.3494
1755,587184,470.0,488,1024,100.0,6,1,0,1.843,0.005,-0.0058,109.3494
1756,587392,502.35,322,1024,100.0,6,1,0,1.389,0.005,-0.0058,109.3494
1757,587856,480.26,316,1023,99.9,6,1,0,1.536,0.005,-0.0058,109.3494
1758,587872,529.18,162,1022,99.8,6,1,0,1.336,0.005,-0.0058,109.3494
1759,588424,534.78,168,1023,99.9,6,1,0,1.472,0.005,-0.0058,109.3494
1760,588672,538.13,160,1021,99.7,6,1,0,1.341,0.005,-0.0058,109.3494
1761,588888,521.92,312,1022,99.8,6,1,0,1.722,0.005,-0.0058,109.3494
1762,589000,545.59,335,1024,100.0,6,1,0,1.071,0.005,-0.0058,109.3494
1763,589048,460.9,408,1021,99.7,6,1,0,1.579,0.005,-0.0058,109.3494
1764,589120,514.64,156,1024,100.0,6,1,0,1.38,0.005,-0.0058,109.3494
1765,589264,56.08,33,511,49.9,1,0,1,0.214,0.005,-0.0058,109.3494
1766,589664,450.82,310,1017,99.3,6,1,0,1.336,0.005,-0.0058,109.3494
1767,589688,505.42,158,1023,99.9,6,1,0,1.289,0.005,-0.0058,109.3494
1768,590408,552.5,170,1023,99.9,6,1,0,1.379,0.005,-0.0039,100.8057
1769,590424,557.88,163,1024,100.0,6,1,0,1.195,0.005,-0.0039,100.8057
1770,590984,546.28,162,1024,100.0,6,1,0,1.17,0.005,-0.0039,100.8057
1771,591088,485.88,302,1020,99.6,6,1,0,1.363,0.005,-0.0039,100.8057
1772,591400,506.82,217,1023,99.9,6,1,0,0.939,0.005,-0.0039,100.8057
1773,591456,482.53,321,1024,100.0,6,1,0,1.664,0.005,-0.0039,100.8057
1774,591808,470.99,318,1022,99.8,6,1,0,1.623,0.005,-0.0039,100.8057
1775,591832,568.38,176,1024,100.0,6,1,0,1.016,0.005,-0.0039,100.8057
1776,592336,496.64,156,1022,99.8,6,1,0,1.135,0.005,-0.0039,100.8057
1777,592656,354.6,600,1024,100.0,5,0,0,1.388,0.005,-0.0039,100.8057
1778,592952,482.02,246,1020,99.6,6,1,0,0.734,0.005,-0.0039,100.8057
1779,593680,524.75,285,1024,100.0,6,1,0,1.001,0.005,-0.0039,100.8057
1780,593832,499.03,250,1024,100.0,6,1,0,0.876,0.005,-0.0039,100.8057
1781,593936,549.52,160,1024,100.0,6,1,0,1.36,0.005,-0.0039,100.8057
1782,593944,494.67,311,1017,99.3,6,1,0,1.372,0.005,-0.0039,100.8057
1783,594408,478.99,325,1024,100.0,6,1,0,1.858,0.005,-0.0039,100.8057
1784,594992,481.1,332,1021,99.7,6,1,0,1.481,0.005,-0.0039,100.8057
1785,595208,349.21,600,1020,99.6,5,0,0,1.922,0.005,-0.0039,100.8057
1786,595272,588.34,167,1024,100.0,6,1,0,1.251,0.005,-0.0039,100.8057
1787,595344,494.32,299,1024,100.0,6,1,0,0.838,0.005,-0.0039,100.8057
1788,595800,497.66,246,1021,99.7,6,1,0,1.157,0.005,-0.0039,100.8057
1789,595928,483.32,248,1024,100.0,6,1,0,1.003,0.005,-0.0039,100.8057
1790,596648,567.46,163,1024,100.0,6,1,0,0.794,0.005,-0.0039,100.8057
1791,596864,497.58,398,1018,99.4,6,1,0,1.558,0.005,-0.0039,100.8057
1792,597040,473.84,329,1022,99.8,6,1,0,1.349,0.005,-0.0039,100.8057
1793,597288,586.9,170,1024,100.0,6,1,0,0.949,0.005,-0.0039,100.8057
1794,597320,107.37,57,408,39.8,2,0,1,0.181,0.005,-0.0039,100.8057
1795,597416,507.72,303,1020,99.6,6,1,0,1.573,0.005,-0.0039,100.8057
1796,597520,501.8,281,1024,100.0,6,1,0,1.101,0.005,-0.0039,100.8057
1797,597952,519.21,269,1023,99.9,6,1,0,0.878,0.005,-0.0039,100.8057
1798,598152,49.34,25,529,51.7,2,0,1,0.172,0.005,-0.0058,105.0321
1799,598576,564.71,157,1024,100.0,6,1,0,0.837,0.005,-0.0058,105.0321
1800,598680,564.75,158,1024,100.0,6,1,0,0.894,0.005,-0.0058,105.0321
1801,598720,548.34,150,1024,100.0,6,1,0,0.83,0.005,-0.0058,105.0321
1802,599152,478.4,493,1024,100.0,6,1,0,1.234,0.005,-0.0058,105.0321
1803,599328,490.2,335,1022,99.8,6,1,0,1.613,0.005,-0.0058,105.0321
1804,599528,479.17,311,1017,99.3,6,1,0,1.453,0.005,-0.0058,105.0321
1805,599760,525.85,309,1024,100.0,6,1,0,0.798,0.005,-0.0058,105.0321
1806,600256,517.84,138,1024,100.0,6,1,0,0.976,0.005,-0.0058,105.0321
1807,600536,504.79,298,1021,99.7,6,1,0,1.415,0.005,-0.0058,105.0321
1808,600808,505.68,279,1024,100.0,6,1,0,1.208,0.005,-0.0058,105.0321
1809,600952,480.47,279,1024,100.0,6,1,0,1.003,0.005,-0.0058,105.0321
1810,601024,461.11,293,1024,100.0,6,1,0,1.194,0.005,-0.0058,105.0321
1811,601208,485.58,235,1024,100.0,6,1,0,0.581,0.005,-0.0058,105.0321
1812,601368,246.88,104,850,83.0,3,0,1,0.137,0.005,-0.0058,105.0321
1813,601944,457.1,302,1020,99.6,6,1,0,1.188,0.005,-0.0058,105.0321
1814,602168,471.89,301,1024,100.0,6,1,0,1.196,0.005,-0.0058,105.0321
1815,602200,520.45,156,1022,99.8,6,1,0,1.492,0.005,-0.0058,105.0321
1816,602344,539.81,165,1024,100.0,6,1,0,0.778,0.005,-0.0058,105.0321
1817,602376,49.53,26,506,49.4,2,0,1,0.168,0.005,-0.0058,105.0321
1818,602656,486.76,300,1020,99.6,6,1,0,1.468,0.005,-0.0058,105.0321
1819,603248,472.08,255,1024,100.0,6,1,0,0.747,0.005,-0.0058,105.0321
1820,603288,548.43,168,1024,100.0,6,1,0,0.693,0.005,-0.0058,105.0321
1821,603424,521.07,153,1023,99.9,6,1,0,1.122,0.005,-0.0058,105.0321
1822,603512,494.49,268,1020,99.6,6,1,0,0.808,0.005,-0.0058,105.0321
1823,603672,531.44,166,1021,99.7,6,1,0,1.564,0.005,-0.0058,105.0321
1824,604680,559.21,157,1024,100.0,6,1,0,0.933,0.005,-0.0058,105.0321
1825,604784,555.04,159,1024,100.0,6,1,0,0.947,0.005,-0.0058,105.0321
1826,605200,492.98,318,1021,99.7,6,1,0,1.229,0.005,-0.0058,105.0321
1827,605280,417.11,559,1018,99.4,6,1,0,1.735,0.005,-0.0058,105.0321
1828,605536,515.72,281,1024,100.0,6,1,0,1.041,0.005,-0.0058,105.0321
1829,605592,482.62,293,1019,99.5,6,1,0,1.411,0.005,-0.0058,105.0321
1830,605920,476.84,281,1023,99.9,6,1,0,1.327,0.005,-0.0058,105.0321
1831,606152,571.88,171,1024,100.0,6,1,0,1.219,0.005,-0.0058,105.0321
1832,606320,567.33,205,1024,100.0,6,1,0,0.941,0.005,-0.0057,104.6033
1833,606576,567.24,162,1024,100.0,6,1,0,1.37,0.005,-0.0057,104.6033
1834,606688,431.08,539,1021,99.7,6,1,0,1.222,0.005,-0.0057,104.6033
1835,607352,538.18,269,1024,100.0,6,1,0,0.856,0.005,-0.0057,104.6033
1836,607456,469.94,240,1020,99.6,6,1,0,1.128,0.005,-0.0057,104.6033
1837,608096,497.97,313,1018,99.4,6,1,0,1.655,0.005,-0.0057,104.6033
1838,608160,482.83,251,1020,99.6,6,1,0,1.065,0.005,-0.0057,104.6033
1839,608432,471.16,314,1017,99.3,6,1,0,1.412,0.005,-0.0057,104.6033
1840,608584,547.63,283,1024,100.0,6,1,0,0.979,0.005,-0.0057,104.6033
1841,608672,476.91,248,1023,99.9,6,1,0,1.087,0.005,-0.0057,104.6033
1842,608960,483.74,298,1021,99.7,6,1,0,1.322,0.005,-0.0057,104.6033
1843,609736,477.92,298,1021,99.7,6,1,0,1.238,0.005,-0.0057,104.6033
1844,609840,481.08,298,1018,99.4,6,1,0,1.473,0.005,-0.0057,104.6033
1845,609904,536.05,154,1023,99.9,6,1,0,1.543,0.005,-0.0057,104.6033
1846,610248,525.56,161,1023,99.9,6,1,0,1.566,0.005,-0.0057,104.6033
1847,610392,505.74,279,1024,100.0,6,1,0,0.953,0.005,-0.0057,104.6033
1848,610408,459.23,247,1021,99.7,6,1,0,0.989,0.005,-0.0057,104.6033
1849,610608,475.46,314,1018,99.4,6,1,0,1.259,0.005,-0.0057,104.6033
1850,610720,522.38,267,1024,100.0,6,1,0,0.71,0.005,-0.0057,104.6033
1851,611168,555.98,158,1024,100.0,6,1,0,1.293,0.005,-0.0057,104.6033
1852,612168,469.24,304,1024,100.0,6,1,0,0.876,0.005,-0.0057,104.6033
1853,612192,490.95,243,1023,99.9,6,1,0,1.065,0.005,-0.0057,104.6033
1854,612216,505.96,226,1024,100.0,6,1,0,1.14,0.005,-0.0057,104.6033
1855,612352,467.1,314,1018,99.4,6,1,0,1.609,0.005,-0.0057,104.6033
1856,612400,541.96,154,1022,99.8,6,1,0,1.441,0.005,-0.0057,104.6033
1857,612416,-6.92,25,212,20.7,1,0,1,0.204,0.005,-0.0057,104.6033
1858,612800,474.31,274,1024,100.0,6,1,0,1.002,0.005,-0.0057,104.6033
1859,612920,518.59,275,1024,100.0,6,1,0,0.954,0.005,-0.0057,104.6033
1860,613032,465.58,330,1022,99.8,6,1,0,1.434,0.005,-0.0057,104.6033
1861,613992,474.86,134,1019,99.5,6,1,0,1.457,0.005,-0.0057,104.6033
1862,614080,523.3,160,1022,99.8,6,1,0,1.47,0.005,-0.0057,104.6033
1863,614248,505.43,260,1023,99.9,6,1,0,0.619,0.005,-0.0057,104.6033
1864,614472,508.51,257,1020,99.6,6,1,0,1.375,0.005,-0.006,68.2814
1865,614584,483.46,279,1024,100.0,6,1,0,0.939,0.005,-0.006,68.2814
1866,614584,480.12,299,1020,99.6,6,1,0,1.619,0.005,-0.006,68.2814
1867,614760,482.04,295,1021,99.7,6,1,0,1.393,0.005,-0.006,68.2814
1868,614896,0.06,17,189,18.5,1,0,1,0.114,0.005,-0.006,68.2814
1869,615440,480.52,301,1019,99.5,6,1,0,1.534,0.005,-0.006,68.2814
1870,615744,558.29,159,1024,100.0,6,1,0,0.806,0.005,-0.006,68.2814
1871,616504,479.16,314,1022,99.8,6,1,0,1.445,0.005,-0.006,68.2814
1872,616552,479.02,309,1018,99.4,6,1,0,1.507,0.005,-0.006,68.2814
1873,616592,499.46,251,1024,100.0,6,1,0,0.714,0.005,-0.006,68.2814
1874,616656,480.89,301,1018,99.4,6,1,0,1.346,0.005,-0.006,68.2814
1875,617112,475.05,316,1016,99.2,6,1,0,1.195,0.005,-0.006,68.2814
1876,617328,452.73,304,1022,99.8,6,1,0,1.153,0.005,-0.006,68.2814
1877,617656,460.81,239,1023,99.9,6,1,0,1.07,0.005,-0.006,68.2814
1878,617768,518.48,152,1022,99.8,6,1,0,1.598,0.005,-0.006,68.2814
1879,617816,475.49,297,1021,99.7,6,1,0,1.417,0.005,-0.006,68.2814
1880,617880,546.47,161,1024,100.0,6,1,0,0.719,0.005,-0.006,68.2814
1881,617928,517.46,159,1021,99.7,6,1,0,1.415,0.005,-0.006,68.2814
1882,617976,495.99,184,1024,100.0,6,1,0,0.618,0.005,-0.006,68.2814
1883,619112,571.58,182,1024,100.0,6,1,0,0.75,0.005,-0.006,68.2814
1884,619120,467.89,251,1023,99.9,6,1,0,0.804,0.005,-0.006,68.2814
1885,619232,523.32,157,1022,99.8,6,1,0,1.459,0.005,-0.006,68.2814
1886,619568,497.78,280,1024,100.0,6,1,0,1.08,0.005,-0.006,68.2814
1887,619776,55.91,26,529,51.7,2,0,1,0.221,0.005,-0.006,68.2814
1888,619776,501.04,245,1024,100.0,6,1,0,1.41,0.005,-0.006,68.2814
1889,619824,481.28,243,1024,100.0,6,1,0,1.296,0.005,-0.006,68.2814
1890,619920,552.82,269,1024,100.0,6,1,0,1.221,0.005,-0.006,68.2814
1891,620328,526.21,151,1024,100.0,6,1,0,1.009,0.005,-0.006,68.2814
1892,620464,488.54,317,1018,99.4,6,1,0,1.567,0.005,-0.006,68.2814
1893,621072,519.85,162,1024,100.0,6,1,0,1.739,0.005,-0.006,68.2814
1894,621224,532.27,163,1023,99.9,6,1,0,1.215,0.005,-0.006,68.2814
1895,621336,468.06,263,1022,99.8,6,1,0,0.589,0.005,-0.006,68.2814
1896,621376,533.8,283,1024,100.0,6,1,0,1.27,0.005,-0.006,68.2814
1897,621512,488.37,148,1021,99.7,6,1,0,1.513,0.005,-0.006,68.2814
1898,622152,505.77,291,1024,100.0,6,1,0,1.031,0.005,-0.006,68.2814
1899,622328,501.22,319,1021,99.7,6,1,0,1.161,0.005,-0.006,68.2814
1900,622416,530.29,149,1019,99.5,6,1,0,1.541,0.005,-0.006,68.2814
1901,622648,482.08,142,1019,99.5,6,1,0,1.508,0.005,-0.0057,82.8709
1902,622736,561.51,175,1024,100.0,6,1,0,1.071,0.005,-0.0057,82.8709
1903,622752,587.27,172,1024,100.0,6,1,0,0.963,0.005,-0.0057,82.8709
1904,622880,504.75,302,1019,99.5,6,1,0,1.613,0.005,-0.0057,82.8709
1905,623488,471.41,302,1017,99.3,6,1,0,1.344,0.005,-0.0057,82.8709
1906,623632,552.14,163,1024,100.0,6,1,0,1.049,0.005,-0.0057,82.8709
1907,623672,20.58,23,247,24.1,1,0,1,0.179,0.005,-0.0057,82.8709
1908,623696,566.99,160,1024,100.0,6,1,0,1.175,0.005,-0.0057,82.8709
1909,624184,570.77,163,1024,100.0,6,1,0,1.142,0.005,-0.0057,82.8709
1910,624560,477.58,301,1021,99.7,6,1,0,1.476,0.005,-0.0057,82.8709
1911,624936,532.92,158,1018,99.4,6,1,0,1.206,0.005,-0.0057,82.8709
1912,624952,530.53,277,1020,99.6,6,1,0,0.881,0.005,-0.0057,82.8709
1913,625080,479.71,304,1023,99.9,6,1,0,1.194,0.005,-0.0057,82.8709
1914,625192,476.93,305,1019,99.5,6,1,0,1.477,0.005,-0.0057,82.8709
1915,625432,537.7,156,1024,100.0,6,1,0,0.981,0.005,-0.0057,82.8709
1916,625720,494.85,145,1016,99.2,6,1,0,1.186,0.005,-0.0057,82.8709
1917,626104,504.41,309,1021,99.7,6,1,0,1.255,0.005,-0.0057,82.8709
1918,626888,507.94,244,1022,99.8,6,1,0,1.003,0.005,-0.0057,82.8709
1919,627000,508.16,256,1023,99.9,6,1,0,0.47,0.005,-0.0057,82.8709
1920,627016,500.21,242,1024,100.0,6,1,0,1.049,0.005,-0.0057,82.8709
1921,627160,462.86,433,1021,99.7,6,1,0,0.999,0.005,-0.0057,82.8709
1922,627320,492.36,236,1022,99.8,6,1,0,1.413,0.005,-0.0057,82.8709
1923,627536,486.65,227,1024,100.0,6,1,0,0.805,0.005,-0.0057,82.8709
1924,627656,485.78,308,1018,99.4,6,1,0,1.34,0.005,-0.0057,82.8709
1925,628400,538.95,155,1024,100.0,6,1,0,1.209,0.005,-0.0057,82.8709
1926,628632,480.92,316,1024,100.0,6,1,0,0.956,0.005,-0.0057,82.8709
1927,628848,522.77,245,1022,99.8,6,1,0,0.777,0.005,-0.0057,82.8709
1928,628960,478.38,243,1020,99.6,6,1,0,1.181,0.005,-0.0057,82.8709
1929,629352,573.06,227,1024,100.0,6,1,0,1.173,0.005,-0.0057,82.8709
1930,629392,462.51,299,1021,99.7,6,1,0,1.239,0.005,-0.0057,82.8709
1931,629752,471.21,304,1020,99.6,6,1,0,1.637,0.005,-0.0057,82.8709
1932,630176,562.91,166,1024,100.0,6,1,0,0.989,0.005,-0.0057,82.8709
1933,630776,568.35,173,1024,100.0,6,1,0,0.852,0.005,-0.0057,82.8709
1934,630864,498.62,308,1017,99.3,6,1,0,1.397,0.005,-0.0011,90.915
1935,631032,286.03,259,970,94.7,4,0,1,0.168,0.005,-0.0011,90.915
1936,631136,466.08,313,1019,99.5,6,1,0,1.363,0.005,-0.0011,90.915
1937,631256,500.68,238,1023,99.9,6,1,0,1.318,0.005,-0.0011,90.915
1938,631744,489.19,249,1021,99.7,6,1,0,1.024,0.005,-0.0011,90.915
1939,632064,470.09,236,1024,100.0,6,1,0,0.93,0.005,-0.0011,90.915
1940,632280,490.97,143,1014,99.0,6,1,0,1.236,0.005,-0.0011,90.915
1941,632456,340.66,600,1023,99.9,5,0,0,1.05,0.005,-0.0011,90.915
1942,632832,474.02,246,1024,100.0,6,1,0,0.856,0.005,-0.0011,90.915
1943,633248,502.83,249,1023,99.9,6,1,0,1.025,0.005,-0.0011,90.915
1944,633256,461.11,310,1021,99.7,6,1,0,1.193,0.005,-0.0011,90.915
1945,633320,528.55,157,1021,99.7,6,1,0,1.563,0.005,-0.0011,90.915
1946,633496,467.31,308,1018,99.4,6,1,0,1.326,0.005,-0.0011,90.915
1947,633856,561.86,175,1024,100.0,6,1,0,1.058,0.005,-0.0011,90.915
1948,634064,544.37,154,1024,100.0,6,1,0,1.171,0.005,-0.0011,90.915
1949,634680,474.78,300,1019,99.5,6,1,0,1.35,0.005,-0.0011,90.915
1950,635424,475.86,241,1024,100.0,6,1,0,1.132,0.005,-0.0011,90.915
1951,635464,524.61,277,1022,99.8,6,1,0,0.946,0.005,-0.0011,90.915
1952,635480,504.16,270,1024,100.0,6,1,0,0.671,0.005,-0.0011,90.915
1953,635544,503.83,475,1024,100.0,6,1,0,1.188,0.005,-0.0011,90.915
1954,635672,443.15,302,1020,99.6,6,1,0,1.331,0.005,-0.0011,90.915
1955,636008,470.27,243,1024,100.0,6,1,0,1.039,0.005,-0.0011,90.915
1956,636120,444.2,283,1023,99.9,6,1,0,1.433,0.005,-0.0011,90.915
1957,636688,571.42,158,1024,100.0,6,1,0,0.756,0.005,-0.0011,90.915
1958,636824,569.64,168,1024,100.0,6,1,0,0.873,0.005,-0.0011,90.915
1959,636848,494.53,147,1019,99.5,6,1,0,1.269,0.005,-0.0011,90.915
1960,637424,554.74,163,1024,100.0,6,1,0,1.052,0.005,-0.0011,90.915
1961,637560,489.89,262,1024,100.0,6,1,0,1.035,0.005,-0.0011,90.915
1962,637888,502.22,150,1016,99.2,6,1,0,1.339,0.005,-0.0011,90.915
1963,638224,471.4,335,1021,99.7,6,1,0,1.413,0.005,-0.0011,90.915
1964,638320,480.65,289,1024,100.0,6,1,0,1.169,0.005,-0.0011,90.915
1965,638808,506.58,248,1024,100.0,6,1,0,0.825,0.005,-0.0011,90.915
1966,639312,478.74,308,1017,99.3,6,1,0,1.3,0.005,-0.0037,71.0583
1967,639400,465.53,247,1024,100.0,6,1,0,1.027,0.005,-0.0037,71.0583
1968,639480,366.34,600,1024,100.0,5,0,0,0.842,0.005,-0.0037,71.0583
1969,639992,509.12,148,1016,99.2,6,1,0,1.378,0.005,-0.0037,71.0583
1970,640064,473.65,230,1023,99.9,6,1,0,1.155,0.005,-0.0037,71.0583
1971,640072,512.09,314,1020,99.6,6,1,0,1.542,0.005,-0.0037,71.0583
1972,640256,-0.31,23,200,19.5,1,0,1,0.137,0.005,-0.0037,71.0583
1973,640344,488.04,307,1024,100.0,6,1,0,1.073,0.005,-0.0037,71.0583
1974,640656,472.08,292,1022,99.8,6,1,0,1.51,0.005,-0.0037,71.0583
1975,641296,505.31,237,1023,99.9,6,1,0,0.996,0.005,-0.0037,71.0583
1976,641408,566.25,168,1024,100.0,6,1,0,0.578,0.005,-0.0037,71.0583
1977,641488,527.16,154,1024,100.0,6,1,0,1.485,0.005,-0.0037,71.0583
1978,641552,528.91,259,1024,100.0,6,1,0,0.678,0.005,-0.0037,71.0583
1979,641720,477.23,301,1023,99.9,6,1,0,1.159,0.005,-0.0037,71.0583
1980,642264,506.11,284,1024,100.0,6,1,0,1.064,0.005,-0.0037,71.0583
1981,642600,512.32,149,1020,99.6,6,1,0,1.372,0.005,-0.0037,71.0583
1982,642944,523.64,153,1022,99.8,6,1,0,1.53,0.005,-0.0037,71.0583
1983,642952,500.71,326,1020,99.6,6,1,0,1.546,0.005,-0.0037,71.0583
1984,643088,504.66,304,1019,99.5,6,1,0,0.989,0.005,-0.0037,71.0583
1985,643120,482.95,228,1024,100.0,6,1,0,0.81,0.005,-0.0037,71.0583
1986,643864,447.15,297,1022,99.8,6,1,0,1.315,0.005,-0.0037,71.0583
1987,644056,484.18,313,1018,99.4,6,1,0,1.087,0.005,-0.0037,71.0583
1988,644280,453.48,252,1024,100.0,6,1,0,0.858,0.005,-0.0037,71.0583
1989,644424,555.04,163,1024,100.0,6,1,0,0.922,0.005,-0.0037,71.0583
1990,644960,516.49,251,1022,99.8,6,1,0,0.565,0.005,-0.0037,71.0583
1991,644976,478.41,297,1021,99.7,6,1,0,1.151,0.005,-0.0037,71.0583
1992,645224,500.34,146,1019,99.5,6,1,0,1.41,0.005,-0.0037,71.0583
1993,645552,507.34,326,1022,99.8,6,1,0,1.264,0.005,-0.0037,71.0583
1994,645672,453.31,323,1022,99.8,6,1,0,1.051,0.005,-0.0037,71.0583
1995,646120,528.37,282,1024,100.0,6,1,0,1.206,0.005,-0.0037,71.0583
1996,646360,493.78,242,1024,100.0,6,1,0,0.953,0.005,-0.0037,71.0583
1997,646408,511.96,148,1019,99.5,6,1,0,1.168,0.005,-0.0037,71.0583
1998,646584,473.58,288,1021,99.7,6,1,0,1.567,0.005,-0.0037,71.0583
1999,646888,555.11,239,1022,99.8,6,1,0,1.329,0.005,-0.0037,71.0583
2000,647456,512.78,312,1021,99.7,6,1,0,1.278,0.005,-0.0052,72.0935
2001,647528,553.88,176,1024,100.0,6,1,0,0.441,0.005,-0.0052,72.0935
2002,647712,572.74,163,1024,100.0,6,1,0,0.804,0.005,-0.0052,72.0935
2003,648120,539.06,154,1020,99.6,6,1,0,1.394,0.005,-0.0052,72.0935
2004,648584,507.52,379,1024,100.0,6,1,0,0.731,0.005,-0.0052,72.0935
2005,648616,487.92,254,1024,100.0,6,1,0,0.889,0.005,-0.0052,72.0935
2006,648800,458.14,305,1018,99.4,6,1,0,1.445,0.005,-0.0052,72.0935
2007,649352,478.23,237,1023,99.9,6,1,0,0.836,0.005,-0.0052,72.0935
2008,649848,515.56,154,1022,99.8,6,1,0,1.345,0.005,-0.0052,72.0935
2009,649960,470.5,304,1020,99.6,6,1,0,1.6,0.005,-0.0052,72.0935
2010,650080,495.01,296,1022,99.8,6,1,0,1.359,0.005,-0.0052,72.0935
2011,650472,392.91,600,1024,100.0,5,0,0,2.267,0.005,-0.0052,72.0935
2012,650488,487.71,296,1020,99.6,6,1,0,1.367,0.005,-0.0052,72.0935
2013,651168,495.44,323,1021,99.7,6,1,0,1.228,0.005,-0.0052,72.0935
2014,651232,477.01,235,1024,100.0,6,1,0,0.897,0.005,-0.0052,72.0935
2015,651296,270.34,103,941,91.9,4,0,1,0.148,0.005,-0.0052,72.0935
2016,651536,496.96,342,1023,99.9,6,1,0,1.061,0.005,-0.0052,72.0935
2017,652144,490.25,258,1024,100.0,6,1,0,0.936,0.005,-0.0052,72.0935
2018,652320,473.43,309,1019,99.5,6,1,0,1.129,0.005,-0.0052,72.0935
2019,652424,538.41,149,1024,100.0,6,1,0,0.812,0.005,-0.0052,72.0935
2020,652440,465.99,310,1018,99.4,6,1,0,1.193,0.005,-0.0052,72.0935
2021,652952,551.16,177,1024,100.0,6,1,0,0.887,0.005,-0.0052,72.0935
2022,653536,472.14,296,1020,99.6,6,1,0,1.172,0.005,-0.0052,72.0935
2023,653600,512.49,147,1018,99.4,6,1,0,1.462,0.005,-0.0052,72.0935
2024,653720,477.02,303,1018,99.4,6,1,0,1.558,0.005,-0.0052,72.0935
2025,654592,488.92,306,1021,99.7,6,1,0,1.3,0.005,-0.0052,72.0935
2026,654608,463.74,286,1021,99.7,6,1,0,1.351,0.005,-0.0052,72.0935
2027,654800,482.14,295,1022,99.8,6,1,0,1.539,0.005,-0.0052,72.0935
2028,654888,478.38,242,1024,100.0,6,1,0,1.275,0.005,-0.0052,72.0935
2029,655032,555.43,164,1024,100.0,6,1,0,0.868,0.005,-0.0052,72.0935
2030,655128,441.84,580,1024,100.0,6,1,0,1.339,0.005,-0.0052,72.0935
2031,655448,485.21,239,1023,99.9,6,1,0,1.15,0.005,-0.0015,62.2553
2032,655880,472.05,285,1023,99.9,6,1,0,1.646,0.005,-0.0015,62.2553
2033,656496,521.03,238,1022,99.8,6,1,0,1.063,0.005,-0.0015,62.2553
2034,656736,475.82,242,1024,100.0,6,1,0,0.855,0.005,-0.0015,62.2553
2035,656952,497.08,240,1021,99.7,6,1,0,1.109,0.005,-0.0015,62.2553
2036,656976,462.92,296,1023,99.9,6,1,0,1.021,0.005,-0.0015,62.2553
2037,657264,465.86,297,1021,99.7,6,1,0,1.493,0.005,-0.0015,62.2553
2038,657392,477.97,243,1023,99.9,6,1,0,0.741,0.005,-0.0015,62.2553
2039,657432,513.1,288,1023,99.9,6,1,0,0.938,0.005,-0.0015,62.2553
2040,658032,493.95,269,1024,100.0,6,1,0,0.822,0.005,-0.0015,62.2553
2041,658512,564.33,156,1024,100.0,6,1,0,0.916,0.005,-0.0015,62.2553
2042,658656,532.72,158,1023,99.9,6,1,0,1.261,0.005,-0.0015,62.2553
2043,658784,599.47,169,1024,100.0,6,1,0,0.747,0.005,-0.0015,62.2553
2044,658856,495.97,295,1024,100.0,6,1,0,0.97,0.005,-0.0015,62.2553
2045,658968,472.27,252,1024,100.0,6,1,0,1.041,0.005,-0.0015,62.2553
2046,659184,491.9,306,1018,99.4,6,1,0,1.682,0.005,-0.0015,62.2553
2047,659224,494.11,281,1024,100.0,6,1,0,0.684,0.005,-0.0015,62.2553
2048,659304,536.77,159,1024,100.0,6,1,0,0.815,0.005,-0.0015,62.2553
2049,659720,523.79,151,1020,99.6,6,1,0,1.275,0.005,-0.0015,62.2553
2050,659768,501.25,139,1017,99.3,6,1,0,1.354,0.005,-0.0015,62.2553
2051,660688,511.07,215,1021,99.7,6,1,0,1.444,0.005,-0.0015,62.2553
2052,661160,511.03,247,1024,100.0,6,1,0,1.059,0.005,-0.0015,62.2553
2053,661160,465.71,297,1021,99.7,6,1,0,1.596,0.005,-0.0015,62.2553
2054,661224,465.9,240,1019,99.5,6,1,0,0.906,0.005,-0.0015,62.2553
2055,661288,464.24,304,1018,99.4,6,1,0,1.336,0.005,-0.0015,62.2553
2056,661304,513.34,260,1024,100.0,6,1,0,0.817,0.005,-0.0015,62.2553
2057,661448,0.61,28,220,21.5,1,0,1,0.141,0.005,-0.0015,62.2553
2058,661752,497.94,248,1024,100.0,6,1,0,0.902,0.005,-0.0015,62.2553
2059,662008,468.24,286,1022,99.8,6,1,0,1.305,0.005,-0.0015,62.2553
2060,662408,532.84,156,1024,100.0,6,1,0,1.441,0.005,-0.0015,62.2553
2061,662552,553.07,158,1024,100.0,6,1,0,0.751,0.005,-0.0015,62.2553
2062,662680,500.16,249,1024,100.0,6,1,0,0.708,0.005,-0.0015,62.2553
2063,662968,527.18,152,1024,100.0,6,1,0,1.511,0.005,-0.0015,62.2553
2064,663136,485.97,247,1024,100.0,6,1,0,0.981,0.005,-0.0015,62.2553
2065,663256,543.71,156,1024,100.0,6,1,0,0.902,0.005,-0.0015,62.2553
2066,663592,475.71,268,1024,100.0,6,1,0,0.855,0.005,-0.005,55.3558
2067,663688,528.79,160,1023,99.9,6,1,0,1.161,0.005,-0.005,55.3558
2068,664480,553.54,153,1024,100.0,6,1,0,1.033,0.005,-0.005,55.3558
2069,664496,533.1,170,1024,100.0,6,1,0,0.714,0.005,-0.005,55.3558
2070,664552,500.82,234,1024,100.0,6,1,0,0.982,0.005,-0.005,55.3558
2071,664704,476.12,425,1024,100.0,6,1,0,1.483,0.005,-0.005,55.3558
2072,665072,442.05,315,1019,99.5,6,1,0,1.34,0.005,-0.005,55.3558
2073,665208,496.86,280,1023,99.9,6,1,0,1.194,0.005,-0.005,55.3558
2074,665872,575.88,165,1024,100.0,6,1,0,1.09,0.005,-0.005,55.3558
2075,665880,363.52,286,1013,98.9,5,0,1,0.174,0.005,-0.005,55.3558
2076,666616,490.8,267,1024,100.0,6,1,0,0.983,0.005,-0.005,55.3558
2077,666936,470.85,305,1016,99.2,6,1,0,1.573,0.005,-0.005,55.3558
2078,667288,479.63,323,1022,99.8,6,1,0,1.049,0.005,-0.005,55.3558
2079,667528,475.93,307,1017,99.3,6,1,0,1.295,0.005,-0.005,55.3558
2080,667544,457.28,292,1020,99.6,6,1,0,1.317,0.005,-0.005,55.3558
2081,667720,507.14,231,1024,100.0,6,1,0,1.166,0.005,-0.005,55.3558
2082,667728,492.26,139,1017,99.3,6,1,0,1.45,0.005,-0.005,55.3558
2083,667728,476.66,231,1024,100.0,6,1,0,1.17,0.005,-0.005,55.3558
2084,668112,434.11,553,1018,99.4,6,1,0,1.587,0.005,-0.005,55.3558
2085,669208,509.44,240,1023,99.9,6,1,0,0.83,0.005,-0.005,55.3558
2086,669288,478.86,294,1021,99.7,6,1,0,1.466,0.005,-0.005,55.3558
2087,669384,505.11,230,1023,99.9,6,1,0,0.999,0.005,-0.005,55.3558
2088,669624,476.21,237,1023,99.9,6,1,0,0.719,0.005,-0.005,55.3558
2089,669952,550.46,279,1023,99.9,6,1,0,1.038,0.005,-0.005,55.3558
2090,669968,466.98,305,1017,99.3,6,1,0,1.257,0.005,-0.005,55.3558
2091,670072,508.3,245,1024,100.0,6,1,0,0.72,0.005,-0.005,55.3558
2092,670096,487.43,296,1021,99.7,6,1,0,1.35,0.005,-0.005,55.3558
2093,671176,488.61,236,1024,100.0,6,1,0,1.048,0.005,-0.005,55.3558
2094,671200,552.67,154,1024,100.0,6,1,0,0.698,0.005,-0.005,55.3558
2095,671248,493.73,233,1024,100.0,6,1,0,0.765,0.005,-0.005,55.3558
2096,671328,536.96,265,1024,100.0,6,1,0,0.958,0.005,-0.005,55.3558
2097,671616,493.13,249,1023,99.9,6,1,0,0.596,0.005,-0.005,55.3558
2098,672072,509.64,250,1024,100.0,6,1,0,0.675,0.005,0.0006,53.0305
2099,672368,477.36,302,1024,100.0,6,1,0,1.39,0.005,0.0006,53.0305
2100,672456,521.29,151,1019,99.5,6,1,0,1.459,0.005,0.0006,53.0305
2101,672512,472.34,302,1021,99.7,6,1,0,1.267,0.005,0.0006,53.0305
2102,672856,553.64,155,1024,100.0,6,1,0,0.947,0.005,0.0006,53.0305
2103,673176,469.4,247,1024,100.0,6,1,0,1.008,0.005,0.0006,53.0305
2104,673568,509.0,150,1021,99.7,6,1,0,1.314,0.005,0.0006,53.0305
2105,673600,470.27,303,1020,99.6,6,1,0,1.589,0.005,0.0006,53.0305
2106,673720,493.88,299,1019,99.5,6,1,0,1.458,0.005,0.0006,53.0305
2107,673744,564.38,161,1024,100.0,6,1,0,1.026,0.005,0.0006,53.0305
2108,674384,556.79,151,1024,100.0,6,1,0,0.705,0.005,0.0006,53.0305
2109,674416,472.07,293,1020,99.6,6,1,0,1.404,0.005,0.0006,53.0305
2110,674776,497.88,240,1022,99.8,6,1,0,1.066,0.005,0.0006,53.0305
2111,674904,515.79,148,1019,99.5,6,1,0,1.289,0.005,0.0006,53.0305
2112,675008,463.78,312,1016,99.2,6,1,0,1.277,0.005,0.0006,53.0305
2113,675472,503.32,234,1024,100.0,6,1,0,1.019,0.005,0.0006,53.0305
2114,675728,570.5,164,1024,100.0,6,1,0,0.866,0.005,0.0006,53.0305
2115,676064,482.38,312,1018,99.4,6,1,0,1.008,0.005,0.0006,53.0305
2116,676096,490.66,294,1021,99.7,6,1,0,1.108,0.005,0.0006,53.0305
2117,676232,509.47,153,1018,99.4,6,1,0,1.373,0.005,0.0006,53.0305
2118,676248,565.52,168,1024,100.0,6,1,0,0.874,0.005,0.0006,53.0305
2119,677280,477.72,313,1020,99.6,6,1,0,1.295,0.005,0.0006,53.0305
2120,677736,461.69,283,1022,99.8,6,1,0,1.357,0.005,0.0006,53.0305
2121,678024,475.48,224,1024,100.0,6,1,0,1.152,0.005,0.0006,53.0305
2122,678464,485.92,300,1020,99.6,6,1,0,1.448,0.005,0.0006,53.0305
2123,678560,476.16,289,1022,99.8,6,1,0,1.53,0.005,0.0006,53.0305
2124,678568,463.41,309,1017,99.3,6,1,0,1.368,0.005,0.0006,53.0305
2125,679184,372.22,600,1022,99.8,5,0,0,1.434,0.005,0.0006,53.0305
2126,679208,475.97,241,1024,100.0,6,1,0,1.043,0.005,0.0006,53.0305
2127,679896,475.8,234,1024,100.0,6,1,0,1.184,0.005,0.0006,53.0305
2128,680088,478.77,294,1021,99.7,6,1,0,1.188,0.005,-0.0037,47.319
2129,680496,524.61,242,1021,99.7,6,1,0,0.923,0.005,-0.0037,47.319
2130,680528,330.39,600,1022,99.8,5,0,0,1.32,0.005,-0.0037,47.319
2131,680904,482.75,305,1021,99.7,6,1,0,1.147,0.005,-0.0037,47.319
2132,680976,449.37,301,1023,99.9,6,1,0,1.086,0.005,-0.0037,47.319
2133,681064,525.14,146,1017,99.3,6,1,0,1.451,0.005,-0.0037,47.319
2134,681496,495.19,289,1020,99.6,6,1,0,1.375,0.005,-0.0037,47.319
2135,681600,474.32,138,1018,99.4,6,1,0,1.569,0.005,-0.0037,47.319
2136,681672,479.41,308,1019,99.5,6,1,0,1.356,0.005,-0.0037,47.319
2137,682264,455.66,272,1021,99.7,6,1,0,1.557,0.005,-0.0037,47.319
2138,682288,577.21,153,1024,100.0,6,1,0,1.009,0.005,-0.0037,47.319
2139,682296,561.77,174,1024,100.0,6,1,0,0.846,0.005,-0.0037,47.319
2140,682736,469.76,276,1022,99.8,6,1,0,1.599,0.005,-0.0037,47.319
2141,682824,523.11,144,1024,100.0,6,1,0,0.889,0.005,-0.0037,47.319
2142,682976,64.25,30,536,52.3,2,0,1,0.186,0.005,-0.0037,47.319
2143,683336,478.74,295,1022,99.8,6,1,0,1.641,0.005,-0.0037,47.319
2144,683408,520.94,139,1024,100.0,6,1,0,0.8,0.005,-0.0037,47.319
2145,683440,486.0,243,1024,100.0,6,1,0,0.857,0.005,-0.0037,47.319
2146,683480,497.78,235,1024,100.0,6,1,0,1.134,0.005,-0.0037,47.319
2147,684136,515.83,145,1017,99.3,6,1,0,1.365,0.005,-0.0037,47.319
2148,684192,490.87,238,1023,99.9,6,1,0,1.113,0.005,-0.0037,47.319
2149,684688,498.44,303,1017,99.3,6,1,0,1.432,0.005,-0.0037,47.319
2150,685360,446.82,244,1022,99.8,6,1,0,1.092,0.005,-0.0037,47.319
2151,685360,489.58,240,1024,100.0,6,1,0,0.879,0.005,-0.0037,47.319
2152,685408,497.61,241,1024,100.0,6,1,0,1.056,0.005,-0.0037,47.319
2153,685736,477.63,300,1024,100.0,6,1,0,1.123,0.005,-0.0037,47.319
2154,685864,501.33,147,1019,99.5,6,1,0,1.361,0.005,-0.0037,47.319
2155,685880,508.35,382,1024,100.0,6,1,0,0.716,0.005,-0.0037,47.319
2156,686440,468.5,281,1023,99.9,6,1,0,1.562,0.005,-0.0037,47.319
2157,686544,496.63,301,1021,99.7,6,1,0,1.387,0.005,-0.0037,47.319
2158,686704,561.94,168,1024,100.0,6,1,0,1.107,0.005,-0.0037,47.319
2159,686720,484.83,170,1024,100.0,6,1,0,0.912,0.005,-0.0037,47.319
2160,687192,569.89,164,1024,100.0,6,1,0,0.964,0.005,-0.0037,47.319
2161,687440,532.48,254,1021,99.7,6,1,0,0.89,0.005,-0.0037,47.319
2162,687632,516.64,237,1024,100.0,6,1,0,1.22,0.005,-0.0037,47.319
2163,687712,534.56,159,1024,100.0,6,1,0,0.95,0.005,-0.0037,47.319
2164,687728,500.69,148,1016,99.2,6,1,0,1.449,0.005,-0.0037,47.319
2165,687792,502.18,241,1024,100.0,6,1,0,0.924,0.005,-0.0037,47.319
2166,687904,556.12,148,1024,100.0,6,1,0,0.963,0.005,-0.0037,47.319
2167,688376,509.52,148,1015,99.1,6,1,0,1.362,0.005,-0.0028,52.993
2168,688576,500.71,234,1022,99.8,6,1,0,0.876,0.005,-0.0028,52.993
2169,688664,527.37,153,1023,99.9,6,1,0,1.445,0.005,-0.0028,52.993
2170,688880,511.74,156,1021,99.7,6,1,0,1.507,0.005,-0.0028,52.993
2171,689176,499.95,173,1024,100.0,6,1,0,1.227,0.005,-0.0028,52.993
2172,689608,468.99,235,1024,100.0,6,1,0,1.199,0.005,-0.0028,52.993
2173,689888,492.01,248,1021,99.7,6,1,0,1.076,0.005,-0.0028,52.993
2174,690080,469.64,296,1020,99.6,6,1,0,1.202,0.005,-0.0028,52.993
2175,690496,476.47,240,1024,100.0,6,1,0,0.982,0.005,-0.0028,52.993
2176,690640,465.74,283,1023,99.9,6,1,0,1.463,0.005,-0.0028,52.993
2177,690720,513.41,257,1024,100.0,6,1,0,0.734,0.005,-0.0028,52.993
2178,691232,494.46,144,1017,99.3,6,1,0,1.42,0.005,-0.0028,52.993
2179,691280,466.04,300,1022,99.8,6,1,0,1.242,0.005,-0.0028,52.993
2180,691552,462.01,243,1024,100.0,6,1,0,0.889,0.005,-0.0028,52.993
2181,691600,460.25,303,1018,99.4,6,1,0,1.513,0.005,-0.0028,52.993
2182,691776,520.23,236,1023,99.9,6,1,0,0.84,0.005,-0.0028,52.993
2183,692352,489.7,232,1024,100.0,6,1,0,1.271,0.005,-0.0028,52.993
2184,692512,500.56,234,1024,100.0,6,1,0,1.301,0.005,-0.0028,52.993
2185,692592,495.41,234,1023,99.9,6,1,0,1.038,0.005,-0.0028,52.993
2186,693424,471.14,234,1024,100.0,6,1,0,1.261,0.005,-0.0028,52.993
2187,693712,474.49,304,1018,99.4,6,1,0,1.572,0.005,-0.0028,52.993
2188,694056,480.05,285,1021,99.7,6,1,0,1.482,0.005,-0.0028,52.993
2189,694176,472.91,322,1023,99.9,6,1,0,1.731,0.005,-0.0028,52.993
2190,694256,468.37,238,1021,99.7,6,1,0,1.235,0.005,-0.0028,52.993
2191,694640,479.84,256,1024,100.0,6,1,0,1.021,0.005,-0.0028,52.993
2192,694688,487.24,272,1024,100.0,6,1,0,1.04,0.005,-0.0028,52.993
2193,695256,506.4,150,1020,99.6,6,1,0,1.51,0.005,-0.0028,52.993
2194,695752,491.36,291,1020,99.6,6,1,0,1.723,0.005,-0.0028,52.993
2195,695776,470.84,142,1017,99.3,6,1,0,1.554,0.005,-0.0028,52.993
2196,695816,419.72,573,1022,99.8,6,1,0,1.402,0.005,-0.0028,52.993
2197,696208,474.81,244,1024,100.0,6,1,0,1.184,0.005,-0.0028,52.993
2198,696232,484.2,315,1023,99.9,6,1,0,1.577,0.005,-0.0028,52.993
2199,696624,475.81,306,1020,99.6,6,1,0,1.215,0.005,-0.004,56.7392
2200,696904,490.61,136,1024,100.0,6,1,0,1.088,0.005,-0.004,56.7392
2201,697040,472.24,294,1022,99.8,6,1,0,1.494,0.005,-0.004,56.7392
2202,697280,517.95,253,1024,100.0,6,1,0,0.773,0.005,-0.004,56.7392
2203,697632,525.64,232,1024,100.0,6,1,0,1.16,0.005,-0.004,56.7392
2204,697752,507.26,250,1024,100.0,6,1,0,1.104,0.005,-0.004,56.7392
2205,698112,482.02,238,1023,99.9,6,1,0,1.125,0.005,-0.004,56.7392
2206,698144,123.19,49,710,69.3,2,0,1,0.195,0.005,-0.004,56.7392
2207,698424,465.61,225,1024,100.0,6,1,0,0.98,0.005,-0.004,56.7392
2208,698480,544.93,150,1024,100.0,6,1,0,0.823,0.005,-0.004,56.7392
2209,698752,496.11,140,1024,100.0,6,1,0,0.705,0.005,-0.004,56.7392
2210,698920,500.76,235,1024,100.0,6,1,0,1.285,0.005,-0.004,56.7392
2211,698976,-4.76,28,211,20.6,1,0,1,0.113,0.005,-0.004,56.7392
2212,699104,485.75,359,1023,99.9,6,1,0,1.337,0.005,-0.004,56.7392
2213,699184,464.08,285,1024,100.0,6,1,0,1.101,0.005,-0.004,56.7392
2214,700080,509.07,145,1017,99.3,6,1,0,1.55,0.005,-0.004,56.7392
2215,700280,555.29,163,1024,100.0,6,1,0,1.046,0.005,-0.004,56.7392
2216,700312,475.03,236,1024,100.0,6,1,0,0.982,0.005,-0.004,56.7392
2217,700424,489.68,285,1021,99.7,6,1,0,1.285,0.005,-0.004,56.7392
2218,700432,479.35,290,1021,99.7,6,1,0,1.546,0.005,-0.004,56.7392
2219,700880,496.1,300,1018,99.4,6,1,0,1.412,0.005,-0.004,56.7392
2220,701128,516.57,243,1023,99.9,6,1,0,1.082,0.005,-0.004,56.7392
2221,701288,476.95,273,1024,100.0,6,1,0,1.09,0.005,-0.004,56.7392
2222,701688,546.0,157,1024,100.0,6,1,0,1.027,0.005,-0.004,56.7392
2223,702032,509.38,144,1016,99.2,6,1,0,1.475,0.005,-0.004,56.7392
2224,702168,486.98,236,1023,99.9,6,1,0,0.961,0.005,-0.004,56.7392
2225,702224,463.5,268,1024,100.0,6,1,0,1.05,0.005,-0.004,56.7392
2226,702304,478.25,235,1024,100.0,6,1,0,1.166,0.005,-0.004,56.7392
2227,702416,494.92,141,1018,99.4,6,1,0,1.519,0.005,-0.004,56.7392
2228,702600,489.59,286,1021,99.7,6,1,0,1.409,0.005,-0.004,56.7392
2229,703056,278.82,104,880,85.9,4,0,1,0.084,0.005,-0.004,56.7392
2230,703240,527.29,151,1019,99.5,6,1,0,1.47,0.005,-0.004,56.7392
2231,703416,449.44,286,1020,99.6,6,1,0,1.286,0.005,-0.004,56.7392
2232,703968,500.27,285,1024,100.0,6,1,0,0.961,0.005,-0.004,56.7392
2233,704184,490.97,235,1021,99.7,6,1,0,1.238,0.005,-0.004,56.7392
2234,704248,497.09,260,1024,100.0,6,1,0,0.948,0.005,-0.004,56.7392
2235,704392,500.72,144,1018,99.4,6,1,0,1.263,0.005,-0.004,56.7392
2236,704464,529.0,233,1024,100.0,6,1,0,1.376,0.005,-0.004,56.7392
2237,704568,469.91,269,1020,99.6,6,1,0,1.352,0.005,-0.005,82.5176
2238,705120,540.86,144,1024,100.0,6,1,0,0.943,0.005,-0.005,82.5176
2239,705432,460.94,297,1020,99.6,6,1,0,1.157,0.005,-0.005,82.5176
2240,705600,530.54,273,1024,100.0,6,1,0,0.95,0.005,-0.005,82.5176
2241,706312,505.43,149,1017,99.3,6,1,0,1.608,0.005,-0.005,82.5176
2242,706472,446.11,286,1023,99.9,6,1,0,1.306,0.005,-0.005,82.5176
2243,706576,511.53,251,1024,100.0,6,1,0,0.973,0.005,-0.005,82.5176
2244,706600,471.49,267,1018,99.4,6,1,0,1.429,0.005,-0.005,82.5176
2245,706680,476.67,286,1022,99.8,6,1,0,1.469,0.005,-0.005,82.5176
2246,706744,538.32,143,1024,100.0,6,1,0,0.746,0.005,-0.005,82.5176
2247,707336,523.14,386,1024,100.0,6,1,0,0.855,0.005,-0.005,82.5176
2248,707736,492.08,142,1019,99.5,6,1,0,1.425,0.005,-0.005,82.5176
2249,707760,463.8,291,1022,99.8,6,1,0,1.373,0.005,-0.005,82.5176
2250,707872,518.71,149,1017,99.3,6,1,0,1.338,0.005,-0.005,82.5176
2251,708504,480.81,241,1024,100.0,6,1,0,1.244,0.005,-0.005,82.5176
2252,708560,444.74,261,1019,99.5,6,1,0,1.245,0.005,-0.005,82.5176
2253,708672,485.42,295,1022,99.8,6,1,0,1.53,0.005,-0.005,82.5176
2254,708880,492.1,140,1017,99.3,6,1,0,1.27,0.005,-0.005,82.5176
2255,709032,535.74,145,1024,100.0,6,1,0,0.756,0.005,-0.005,82.5176
2256,709040,483.01,287,1021,99.7,6,1,0,1.593,0.005,-0.005,82.5176
2257,709608,470.69,284,1023,99.9,6,1,0,1.581,0.005,-0.005,82.5176
2258,709816,556.12,157,1024,100.0,6,1,0,1.128,0.005,-0.005,82.5176
2259,709824,506.61,261,1024,100.0,6,1,0,1.331,0.005,-0.005,82.5176
2260,710168,501.19,141,1015,99.1,6,1,0,1.127,0.005,-0.005,82.5176
2261,710184,567.41,163,1024,100.0,6,1,0,1.312,0.005,-0.005,82.5176
2262,710392,494.74,236,1022,99.8,6,1,0,1.008,0.005,-0.005,82.5176
2263,710576,36.48,49,229,22.4,1,0,1,0.205,0.005,-0.005,82.5176
2264,710592,-6.79,25,184,18.0,1,0,1,0.166,0.005,-0.005,82.5176
2265,710784,506.53,147,1016,99.2,6,1,0,1.443,0.005,-0.005,82.5176
2266,710848,464.58,272,1018,99.4,6,1,0,1.388,0.005,-0.005,82.5176
2267,711240,481.72,276,1024,100.0,6,1,0,1.453,0.005,-0.005,82.5176
2268,711664,480.21,231,1024,100.0,6,1,0,1.18,0.005,-0.005,82.5176
2269,711712,495.88,142,1015,99.1,6,1,0,1.385,0.005,-0.005,82.5176
2270,711736,505.23,239,1024,100.0,6,1,0,1.126,0.005,-0.005,82.5176
2271,712296,470.81,266,1018,99.4,6,1,0,1.533,0.005,-0.005,82.5176
2272,712392,528.75,144,1024,100.0,6,1,0,0.827,0.005,-0.005,82.5176
2273,712496,470.37,238,1022,99.8,6,1,0,1.545,0.005,-0.005,82.5176
2274,712768,500.43,248,1024,100.0,6,1,0,0.998,0.005,-0.0071,76.059
2275,713144,453.28,287,1022,99.8,6,1,0,1.536,0.005,-0.0071,76.059
2276,713184,293.91,184,940,91.8,4,0,1,0.221,0.005,-0.0071,76.059
2277,713416,566.68,210,1024,100.0,6,1,0,1.091,0.005,-0.0071,76.059
2278,713528,483.0,142,1018,99.4,6,1,0,1.14,0.005,-0.0071,76.059
2279,713848,475.47,273,1017,99.3,6,1,0,1.294,0.005,-0.0071,76.059
2280,714304,539.21,140,1024,100.0,6,1,0,0.882,0.005,-0.0071,76.059
2281,714520,468.4,278,1020,99.6,6,1,0,1.435,0.005,-0.0071,76.059
2282,714800,461.32,288,1023,99.9,6,1,0,1.589,0.005,-0.0071,76.059
2283,714976,456.24,276,1021,99.7,6,1,0,1.414,0.005,-0.0071,76.059
2284,715440,526.35,239,1023,99.9,6,1,0,1.1,0.005,-0.0071,76.059
2285,715688,500.18,173,1024,100.0,6,1,0,1.357,0.005,-0.0071,76.059
2286,715728,469.8,289,1022,99.8,6,1,0,1.492,0.005,-0.0071,76.059
2287,715824,471.05,335,1019,99.5,6,1,0,1.589,0.005,-0.0071,76.059
2288,716160,467.7,289,1022,99.8,6,1,0,1.656,0.005,-0.0071,76.059
2289,716584,264.96,95,942,92.0,4,0,1,0.217,0.005,-0.0071,76.059
2290,716608,536.07,146,1024,100.0,6,1,0,0.552,0.005,-0.0071,76.059
2291,716696,466.29,237,1021,99.7,6,1,0,1.079,0.005,-0.0071,76.059
2292,716928,524.84,244,1024,100.0,6,1,0,0.908,0.005,-0.0071,76.059
2293,717384,466.53,358,1021,99.7,6,1,0,1.475,0.005,-0.0071,76.059
2294,717592,5.28,26,211,20.6,1,0,1,0.182,0.005,-0.0071,76.059
2295,717680,504.9,244,1024,100.0,6,1,0,1.112,0.005,-0.0071,76.059
2296,717808,514.42,153,1023,99.9,6,1,0,1.436,0.005,-0.0071,76.059
2297,717968,492.65,285,1022,99.8,6,1,0,1.365,0.005,-0.0071,76.059
2298,718008,495.72,231,1023,99.9,6,1,0,1.092,0.005,-0.0071,76.059
2299,718600,503.06,238,1024,100.0,6,1,0,1.069,0.005,-0.0071,76.059
2300,718808,466.35,275,1019,99.5,6,1,0,1.501,0.005,-0.0071,76.059
2301,719120,472.25,274,1022,99.8,6,1,0,1.449,0.005,-0.0071,76.059
2302,719648,501.91,230,1024,100.0,6,1,0,1.175,0.005,-0.0071,76.059
2303,719688,518.31,136,1024,100.0,6,1,0,0.609,0.005,-0.0071,76.059
2304,719800,484.45,229,1024,100.0,6,1,0,1.313,0.005,-0.0071,76.059
2305,719912,480.69,279,1022,99.8,6,1,0,1.419,0.005,-0.0071,76.059
2306,719944,472.16,294,1020,99.6,6,1,0,1.565,0.005,-0.0071,76.059
2307,719992,524.62,148,1022,99.8,6,1,0,1.531,0.005,-0.0071,76.059
2308,720088,459.64,260,1020,99.6,6,1,0,1.366,0.005,-0.0071,76.059
2309,720176,108.4,61,420,41.0,2,0,1,0.201,0.005,-0.0071,76.059
2310,720344,89.73,44,502,49.0,2,0,1,0.231,0.005,-0.0071,76.059
2311,720392,-1.02,27,210,20.5,1,0,1,0.197,0.005,-0.0071,76.059
2312,720568,-7.68,28,195,19.0,1,0,1,0.045,0.005,-0.0071,76.059
2313,720968,533.38,146,1024,100.0,6,1,0,0.834,0.005,-0.0081,99.0524
2314,721040,284.46,119,931,90.9,3,0,1,0.18,0.005,-0.0081,99.0524
2315,721056,481.79,242,1024,100.0,6,1,0,0.864,0.005,-0.0081,99.0524
2316,721080,512.73,146,1018,99.4,6,1,0,1.802,0.005,-0.0081,99.0524
2317,721120,513.13,147,1016,99.2,6,1,0,1.462,0.005,-0.0081,99.0524
2318,721816,482.72,271,1024,100.0,6,1,0,0.891,0.005,-0.0081,99.0524
2319,722016,8.45,25,221,21.6,1,0,1,0.159,0.005,-0.0081,99.0524
2320,722568,543.53,186,1024,100.0,6,1,0,0.874,0.005,-0.0081,99.0524
2321,722608,481.35,277,1021,99.7,6,1,0,1.426,0.005,-0.0081,99.0524
2322,722760,457.09,274,1019,99.5,6,1,0,1.511,0.005,-0.0081,99.0524
2323,723040,536.89,248,1024,100.0,6,1,0,0.769,0.005,-0.0081,99.0524
2324,723168,501.36,144,1018,99.4,6,1,0,1.257,0.005,-0.0081,99.0524
2325,723248,474.56,266,1019,99.5,6,1,0,1.461,0.005,-0.0081,99.0524
2326,723360,478.92,290,1021,99.7,6,1,0,1.385,0.005,-0.0081,99.0524
2327,723392,456.07,303,1022,99.8,6,1,0,1.276,0.005,-0.0081,99.0524
2328,723712,528.23,138,1024,100.0,6,1,0,0.898,0.005,-0.0081,99.0524
2329,724440,512.61,149,1018,99.4,6,1,0,1.292,0.005,-0.0081,99.0524
2330,724512,480.46,243,1024,100.0,6,1,0,0.995,0.005,-0.0081,99.0524
2331,724544,551.81,144,1024,100.0,6,1,0,0.73,0.005,-0.0081,99.0524
2332,724544,565.52,148,1024,100.0,6,1,0,0.984,0.005,-0.0081,99.0524
2333,724600,468.66,230,1020,99.6,6,1,0,0.964,0.005,-0.0081,99.0524
2334,724944,491.66,238,1023,99.9,6,1,0,1.041,0.005,-0.0081,99.0524
2335,725112,477.08,243,1024,100.0,6,1,0,0.824,0.005,-0.0081,99.0524
2336,725568,492.74,232,1024,100.0,6,1,0,1.304,0.005,-0.0081,99.0524
2337,725632,485.97,136,1017,99.3,6,1,0,1.447,0.005,-0.0081,99.0524
2338,725704,468.52,138,1019,99.5,6,1,0,1.457,0.005,-0.0081,99.0524
2339,726336,500.46,237,1024,100.0,6,1,0,1.075,0.005,-0.0081,99.0524
2340,726376,486.01,229,1023,99.9,6,1,0,1.06,0.005,-0.0081,99.0524
2341,726840,478.86,291,1020,99.6,6,1,0,1.263,0.005,-0.0081,99.0524
2342,726968,498.97,232,1024,100.0,6,1,0,1.227,0.005,-0.0081,99.0524
2343,727136,463.37,274,1018,99.4,6,1,0,1.243,0.005,-0.0081,99.0524
2344,727424,492.77,232,1024,100.0,6,1,0,1.185,0.005,-0.0081,99.0524
2345,727496,506.28,233,1024,100.0,6,1,0,1.079,0.005,-0.0081,99.0524
2346,727968,500.99,141,1015,99.1,6,1,0,1.348,0.005,-0.0081,99.0524
2347,728040,482.36,292,1021,99.7,6,1,0,1.413,0.005,-0.0081,99.0524
2348,728160,488.29,228,1023,99.9,6,1,0,1.179,0.005,-0.0081,99.0524
2349,728208,475.21,229,1021,99.7,6,1,0,1.038,0.005,-0.0081,99.0524
2350,728608,550.43,148,1024,100.0,6,1,0,0.65,0.005,-0.0081,99.0524
2351,729088,545.23,140,1024,100.0,6,1,0,0.919,0.005,-0.0081,99.0524
2352,729336,503.99,141,1020,99.6,6,1,0,1.721,0.005,-0.0035,80.4697
2353,729368,461.6,234,1024,100.0,6,1,0,0.925,0.005,-0.0035,80.4697
2354,729528,489.54,299,1021,99.7,6,1,0,1.423,0.005,-0.0035,80.4697
2355,729568,458.68,325,1022,99.8,6,1,0,1.538,0.005,-0.0035,80.4697
2356,729760,7.71,29,209,20.4,1,0,1,0.179,0.005,-0.0035,80.4697
2357,729904,486.28,233,1022,99.8,6,1,0,1.331,0.005,-0.0035,80.4697
2358,730056,486.79,237,1024,100.0,6,1,0,1.048,0.005,-0.0035,80.4697
2359,730384,474.78,222,1024,100.0,6,1,0,0.842,0.005,-0.0035,80.4697
2360,731136,499.92,225,1023,99.9,6,1,0,0.941,0.005,-0.0035,80.4697
2361,731240,470.75,234,1023,99.9,6,1,0,0.846,0.005,-0.0035,80.4697
2362,731296,471.46,276,1018,99.4,6,1,0,1.285,0.005,-0.0035,80.4697
2363,731464,16.97,28,216,21.1,1,0,1,0.18,0.005,-0.0035,80.4697
2364,731632,481.35,234,1024,100.0,6,1,0,0.792,0.005,-0.0035,80.4697
2365,731752,490.87,273,1024,100.0,6,1,0,0.912,0.005,-0.0035,80.4697
2366,731768,489.72,233,1024,100.0,6,1,0,1.161,0.005,-0.0035,80.4697
2367,731872,499.96,227,1024,100.0,6,1,0,0.991,0.005,-0.0035,80.4697
2368,732352,550.24,152,1024,100.0,6,1,0,0.717,0.005,-0.0035,80.4697
2369,732616,519.16,144,1017,99.3,6,1,0,1.39,0.005,-0.0035,80.4697
2370,733536,489.2,280,1023,99.9,6,1,0,1.459,0.005,-0.0035,80.4697
2371,733568,485.35,242,1020,99.6,6,1,0,0.871,0.005,-0.0035,80.4697
2372,733632,484.56,235,1024,100.0,6,1,0,1.0,0.005,-0.0035,80.4697
2373,733952,447.91,273,1018,99.4,6,1,0,1.413,0.005,-0.0035,80.4697
2374,734088,509.3,217,1024,100.0,6,1,0,0.959,0.005,-0.0035,80.4697
2375,734088,441.54,277,1023,99.9,6,1,0,1.504,0.005,-0.0035,80.4697
2376,734744,565.15,147,1024,100.0,6,1,0,0.926,0.005,-0.0035,80.4697
2377,734872,467.96,282,1022,99.8,6,1,0,1.542,0.005,-0.0035,80.4697
2378,734968,397.72,573,1024,100.0,6,1,0,1.211,0.005,-0.0035,80.4697
2379,735048,20.92,38,227,22.2,1,0,1,0.174,0.005,-0.0035,80.4697
2380,735200,507.11,139,1020,99.6,6,1,0,1.262,0.005,-0.0035,80.4697
2381,735200,495.31,139,1019,99.5,6,1,0,1.137,0.005,-0.0035,80.4697
2382,735408,449.21,234,1024,100.0,6,1,0,0.894,0.005,-0.0035,80.4697
2383,735472,493.38,230,1024,100.0,6,1,0,1.199,0.005,-0.0035,80.4697
2384,735968,520.04,137,1024,100.0,6,1,0,0.809,0.005,-0.0035,80.4697
2385,736256,464.12,288,1022,99.8,6,1,0,1.422,0.005,-0.0035,80.4697
2386,736584,506.25,147,1016,99.2,6,1,0,1.338,0.005,-0.0035,80.4697
2387,736640,538.72,146,1024,100.0,6,1,0,0.923,0.005,-0.0035,80.4697
2388,736944,480.59,237,1024,100.0,6,1,0,0.766,0.005,-0.0035,80.4697
2389,737072,506.72,263,1024,100.0,6,1,0,1.023,0.005,-0.0035,80.4697
2390,737304,491.7,263,1024,100.0,6,1,0,0.815,0.005,-0.0045,95.3062
2391,737392,547.7,142,1024,100.0,6,1,0,0.828,0.005,-0.0045,95.3062
2392,737464,486.16,283,1023,99.9,6,1,0,1.488,0.005,-0.0045,95.3062
2393,737768,542.76,141,1024,100.0,6,1,0,0.914,0.005,-0.0045,95.3062
2394,738016,483.98,256,1024,100.0,6,1,0,0.684,0.005,-0.0045,95.3062
2395,738120,544.77,147,1024,100.0,6,1,0,0.736,0.005,-0.0045,95.3062
2396,738160,489.84,136,1017,99.3,6,1,0,1.453,0.005,-0.0045,95.3062
2397,738568,507.82,138,1018,99.4,6,1,0,1.407,0.005,-0.0045,95.3062
2398,738864,469.86,285,1024,100.0,6,1,0,1.049,0.005,-0.0045,95.3062
2399,739096,487.95,213,1023,99.9,6,1,0,0.998,0.005,-0.0045,95.3062
2400,739160,444.22,232,1021,99.7,6,1,0,1.103,0.005,-0.0045,95.3062
2401,739888,499.57,234,1022,99.8,6,1,0,1.176,0.005,-0.0045,95.3062
2402,739944,475.73,223,1023,99.9,6,1,0,1.066,0.005,-0.0045,95.3062
2403,740168,471.1,300,1018,99.4,6,1,0,1.308,0.005,-0.0045,95.3062
2404,740248,527.34,136,1024,100.0,6,1,0,0.624,0.005,-0.0045,95.3062
2405,740408,473.8,286,1022,99.8,6,1,0,1.348,0.005,-0.0045,95.3062
2406,740680,484.9,227,1023,99.9,6,1,0,1.373,0.005,-0.0045,95.3062
2407,740784,456.71,277,1020,99.6,6,1,0,1.557,0.005,-0.0045,95.3062
2408,740800,476.75,213,1023,99.9,6,1,0,1.063,0.005,-0.0045,95.3062
2409,741056,512.84,146,1018,99.4,6,1,0,1.286,0.005,-0.0045,95.3062
2410,741832,500.86,144,1018,99.4,6,1,0,1.332,0.005,-0.0045,95.3062
2411,741968,512.82,148,1016,99.2,6,1,0,1.182,0.005,-0.0045,95.3062
2412,742168,495.97,240,1024,100.0,6,1,0,1.127,0.005,-0.0045,95.3062
2413,742224,503.64,146,1017,99.3,6,1,0,1.38,0.005,-0.0045,95.3062
2414,742248,490.92,288,1023,99.9,6,1,0,1.335,0.005,-0.0045,95.3062
2415,742264,481.3,232,1023,99.9,6,1,0,0.84,0.005,-0.0045,95.3062
2416,742312,466.71,268,1021,99.7,6,1,0,1.651,0.005,-0.0045,95.3062
2417,742632,492.49,229,1022,99.8,6,1,0,1.081,0.005,-0.0045,95.3062
2418,743392,483.74,135,1017,99.3,6,1,0,1.216,0.005,-0.0045,95.3062
2419,743744,486.41,139,1020,99.6,6,1,0,1.181,0.005,-0.0045,95.3062
2420,743992,471.89,228,1021,99.7,6,1,0,1.292,0.005,-0.0045,95.3062
2421,744056,478.82,278,1022,99.8,6,1,0,1.578,0.005,-0.0045,95.3062
2422,744120,430.41,269,1015,99.1,6,1,0,1.348,0.005,-0.0045,95.3062
2423,744136,489.12,234,1023,99.9,6,1,0,0.904,0.005,-0.0045,95.3062
2424,744184,481.62,242,1021,99.7,6,1,0,0.934,0.005,-0.0045,95.3062
2425,744504,453.26,285,1023,99.9,6,1,0,1.314,0.005,-0.0045,95.3062
2426,745056,563.35,164,1024,100.0,6,1,0,0.767,0.005,-0.0045,95.3062
2427,745160,548.43,146,1024,100.0,6,1,0,0.863,0.005,-0.0045,95.3062
2428,745328,490.99,242,1024,100.0,6,1,0,0.988,0.005,-0.0045,95.3062
2429,745360,535.24,147,1023,99.9,6,1,0,0.56,0.005,-0.0045,95.3062
2430,745432,483.77,162,1021,99.7,6,1,0,1.239,0.005,-0.0045,95.3062
2431,745776,480.06,215,1024,100.0,6,1,0,0.936,0.005,-0.0028,45.0395
2432,746352,471.4,279,1022,99.8,6,1,0,1.421,0.005,-0.0028,45.0395
2433,746608,456.39,263,1017,99.3,6,1,0,1.31,0.005,-0.0028,45.0395
2434,746912,462.79,232,1024,100.0,6,1,0,0.919,0.005,-0.0028,45.0395
2435,747024,491.34,233,1024,100.0,6,1,0,1.457,0.005,-0.0028,45.0395
2436,747472,440.22,268,1017,99.3,6,1,0,1.471,0.005,-0.0028,45.0395
2437,747544,488.67,221,1023,99.9,6,1,0,0.979,0.005,-0.0028,45.0395
2438,748040,500.99,141,1020,99.6,6,1,0,1.605,0.005,-0.0028,45.0395
2439,748056,537.68,337,1024,100.0,6,1,0,0.844,0.005,-0.0028,45.0395
2440,748440,473.02,229,1020,99.6,6,1,0,1.394,0.005,-0.0028,45.0395
2441,748656,455.22,288,1021,99.7,6,1,0,1.383,0.005,-0.0028,45.0395
2442,748672,500.6,150,1020,99.6,6,1,0,1.674,0.005,-0.0028,45.0395
2443,748744,449.67,414,1024,100.0,6,1,0,1.541,0.005,-0.0028,45.0395
2444,749224,463.75,275,1020,99.6,6,1,0,1.281,0.005,-0.0028,45.0395
2445,749736,476.16,274,1021,99.7,6,1,0,1.397,0.005,-0.0028,45.0395
2446,749760,545.43,138,1024,100.0,6,1,0,1.093,0.005,-0.0028,45.0395
2447,749872,498.97,229,1023,99.9,6,1,0,1.33,0.005,-0.0028,45.0395
2448,750176,482.1,217,1024,100.0,6,1,0,1.073,0.005,-0.0028,45.0395
2449,750792,443.45,265,1021,99.7,6,1,0,1.413,0.005,-0.0028,45.0395
2450,750984,444.42,280,1022,99.8,6,1,0,1.127,0.005,-0.0028,45.0395
2451,750992,530.82,140,1024,100.0,6,1,0,0.887,0.005,-0.0028,45.0395
2452,751352,463.45,412,1023,99.9,6,1,0,1.273,0.005,-0.0028,45.0395
2453,751528,491.95,221,1023,99.9,6,1,0,1.12,0.005,-0.0028,45.0395
2454,751544,454.44,290,1022,99.8,6,1,0,1.544,0.005,-0.0028,45.0395
2455,751904,479.83,216,1024,100.0,6,1,0,1.024,0.005,-0.0028,45.0395
2456,752088,489.93,137,1022,99.8,6,1,0,1.177,0.005,-0.0028,45.0395
2457,752096,465.56,295,1018,99.4,6,1,0,1.225,0.005,-0.0028,45.0395
2458,752808,478.72,228,1020,99.6,6,1,0,0.985,0.005,-0.0028,45.0395
2459,752848,441.18,257,1017,99.3,6,1,0,1.523,0.005,-0.0028,45.0395
2460,753176,462.87,206,1022,99.8,6,1,0,0.682,0.005,-0.0028,45.0395
2461,753184,528.1,136,1024,100.0,6,1,0,0.747,0.005,-0.0028,45.0395
2462,753208,496.22,232,1024,100.0,6,1,0,1.026,0.005,-0.0028,45.0395
2463,753384,476.25,230,1019,99.5,6,1,0,1.085,0.005,-0.0028,45.0395
2464,753720,503.49,227,1022,99.8,6,1,0,1.182,0.005,-0.006,51.5493
2465,753848,461.85,220,1024,100.0,6,1,0,1.205,0.005,-0.006,51.5493
2466,754016,547.74,146,1024,100.0,6,1,0,0.777,0.005,-0.006,51.5493
2467,754672,462.27,233,1023,99.9,6,1,0,1.246,0.005,-0.006,51.5493
2468,755096,469.41,239,1022,99.8,6,1,0,0.877,0.005,-0.006,51.5493
2469,755136,492.1,140,1018,99.4,6,1,0,1.457,0.005,-0.006,51.5493
2470,755160,480.04,244,1024,100.0,6,1,0,0.957,0.005,-0.006,51.5493
2471,755216,470.74,229,1023,99.9,6,1,0,0.977,0.005,-0.006,51.5493
2472,755432,449.88,282,1022,99.8,6,1,0,1.51,0.005,-0.006,51.5493
2473,755720,485.01,250,1024,100.0,6,1,0,0.603,0.005,-0.006,51.5493
2474,756016,432.96,271,1016,99.2,6,1,0,1.097,0.005,-0.006,51.5493
2475,756192,501.88,132,1024,100.0,6,1,0,0.711,0.005,-0.006,51.5493
2476,756224,504.39,141,1018,99.4,6,1,0,1.342,0.005,-0.006,51.5493
2477,756552,489.4,140,1017,99.3,6,1,0,1.546,0.005,-0.006,51.5493
2478,756896,478.31,278,1020,99.6,6,1,0,1.357,0.005,-0.006,51.5493
2479,757136,500.36,247,1024,100.0,6,1,0,0.845,0.005,-0.006,51.5493
2480,757232,481.6,130,1019,99.5,6,1,0,1.723,0.005,-0.006,51.5493
2481,757296,415.57,260,1018,99.4,6,1,0,1.337,0.005,-0.006,51.5493
2482,757344,501.4,140,1018,99.4,6,1,0,1.25,0.005,-0.006,51.5493
2483,757632,476.01,239,1024,100.0,6,1,0,0.956,0.005,-0.006,51.5493
2484,758000,539.99,138,1024,100.0,6,1,0,0.753,0.005,-0.006,51.5493
2485,758112,433.96,262,1019,99.5,6,1,0,1.378,0.005,-0.006,51.5493
2486,758456,547.74,145,1024,100.0,6,1,0,0.905,0.005,-0.006,51.5493
2487,758760,483.09,141,1014,99.0,6,1,0,1.328,0.005,-0.006,51.5493
2488,758912,488.35,295,1022,99.8,6,1,0,1.661,0.005,-0.006,51.5493
2489,759152,508.28,226,1024,100.0,6,1,0,0.916,0.005,-0.006,51.5493
2490,759208,495.63,137,1017,99.3,6,1,0,1.229,0.005,-0.006,51.5493
2491,759368,450.08,279,1022,99.8,6,1,0,1.316,0.005,-0.006,51.5493
2492,759464,449.22,279,1021,99.7,6,1,0,1.309,0.005,-0.006,51.5493
2493,759896,500.68,142,1016,99.2,6,1,0,1.171,0.005,-0.006,51.5493
2494,759912,482.29,239,1021,99.7,6,1,0,1.195,0.005,-0.006,51.5493
2495,760280,473.46,228,1021,99.7,6,1,0,1.008,0.005,-0.006,51.5493
2496,760400,493.11,129,1020,99.6,6,1,0,1.258,0.005,-0.006,51.5493
2497,760960,500.15,226,1022,99.8,6,1,0,0.892,0.005,-0.006,51.5493
2498,761008,494.6,225,1023,99.9,6,1,0,0.803,0.005,-0.006,51.5493
2499,761024,497.33,264,1024,100.0,6,1,0,0.735,0.005,-0.006,51.5493
2500,761168,461.64,213,1023,99.9,6,1,0,1.078,0.005,-0.006,51.5493
2501,761704,477.36,226,1023,99.9,6,1,0,0.933,0.005,-0.006,51.5493
2502,762000,472.1,130,1021,99.7,6,1,0,1.448,0.005,-0.001,31.9626
2503,762096,478.44,227,1021,99.7,6,1,0,1.365,0.005,-0.001,31.9626
2504,762136,434.74,278,1022,99.8,6,1,0,1.568,0.005,-0.001,31.9626
2505,762136,530.39,141,1024,100.0,6,1,0,0.719,0.005,-0.001,31.9626
2506,762200,460.22,225,1023,99.9,6,1,0,1.073,0.005,-0.001,31.9626
2507,762840,455.13,227,1022,99.8,6,1,0,1.254,0.005,-0.001,31.9626
2508,762856,445.37,211,1024,100.0,6,1,0,0.879,0.005,-0.001,31.9626
2509,763120,524.33,140,1023,99.9,6,1,0,0.459,0.005,-0.001,31.9626
2510,763280,512.82,148,1021,99.7,6,1,0,1.564,0.005,-0.001,31.9626
2511,763304,535.22,146,1024,100.0,6,1,0,0.956,0.005,-0.001,31.9626
2512,763592,479.11,236,1024,100.0,6,1,0,1.109,0.005,-0.001,31.9626
2513,763880,494.61,218,1024,100.0,6,1,0,1.149,0.005,-0.001,31.9626
2514,764104,458.09,238,1023,99.9,6,1,0,0.821,0.005,-0.001,31.9626
2515,764360,483.65,135,1018,99.4,6,1,0,1.583,0.005,-0.001,31.9626
2516,764384,474.74,135,1018,99.4,6,1,0,1.274,0.005,-0.001,31.9626
2517,764712,481.72,234,1024,100.0,6,1,0,0.967,0.005,-0.001,31.9626
2518,764968,440.18,264,1018,99.4,6,1,0,1.341,0.005,-0.001,31.9626
2519,765168,447.62,256,1020,99.6,6,1,0,1.463,0.005,-0.001,31.9626
2520,765640,484.72,220,1023,99.9,6,1,0,0.934,0.005,-0.001,31.9626
2521,765904,456.87,289,1023,99.9,6,1,0,1.373,0.005,-0.001,31.9626
2522,766240,471.02,232,1023,99.9,6,1,0,0.926,0.005,-0.001,31.9626
2523,766392,482.96,286,1023,99.9,6,1,0,1.111,0.005,-0.001,31.9626
2524,766488,434.15,266,1016,99.2,6,1,0,1.335,0.005,-0.001,31.9626
2525,766720,498.73,135,1017,99.3,6,1,0,1.378,0.005,-0.001,31.9626
2526,767064,478.8,237,1024,100.0,6,1,0,0.653,0.005,-0.001,31.9626
2527,767080,450.47,296,1020,99.6,6,1,0,1.315,0.005,-0.001,31.9626
2528,767312,443.77,293,1022,99.8,6,1,0,1.244,0.005,-0.001,31.9626
2529,767472,477.45,135,1019,99.5,6,1,0,1.376,0.005,-0.001,31.9626
2530,767992,437.97,261,1021,99.7,6,1,0,1.211,0.005,-0.001,31.9626
2531,768096,456.8,232,1019,99.5,6,1,0,1.098,0.005,-0.001,31.9626
2532,768176,530.51,139,1024,100.0,6,1,0,0.807,0.005,-0.001,31.9626
2533,768224,545.03,143,1024,100.0,6,1,0,0.79,0.005,-0.001,31.9626
2534,768272,11.8,22,220,21.5,1,0,1,0.106,0.005,-0.001,31.9626
2535,768344,471.58,232,1021,99.7,6,1,0,0.99,0.005,-0.001,31.9626
2536,768576,460.76,232,1022,99.8,6,1,0,1.148,0.005,-0.001,31.9626
2537,769184,487.55,234,1024,100.0,6,1,0,0.956,0.005,-0.001,31.9626
2538,769288,507.29,133,1023,99.9,6,1,0,0.751,0.005,-0.001,31.9626
2539,769656,457.27,273,1017,99.3,6,1,0,1.387,0.005,-0.001,31.9626
2540,770000,474.58,228,1024,100.0,6,1,0,0.955,0.005,-0.001,31.9626
2541,770064,473.62,259,1024,100.0,6,1,0,0.951,0.005,-0.0051,54.0512
2542,770312,523.19,141,1024,100.0,6,1,0,0.887,0.005,-0.0051,54.0512
2543,770392,486.32,256,1024,100.0,6,1,0,0.909,0.005,-0.0051,54.0512
2544,770408,495.3,140,1016,99.2,6,1,0,1.241,0.005,-0.0051,54.0512
2545,770416,473.14,230,1022,99.8,6,1,0,0.918,0.005,-0.0051,54.0512
2546,770504,431.06,279,1022,99.8,6,1,0,1.569,0.005,-0.0051,54.0512
2547,771560,506.97,143,1017,99.3,6,1,0,1.499,0.005,-0.0051,54.0512
2548,771848,485.38,231,1024,100.0,6,1,0,0.955,0.005,-0.0051,54.0512
2549,771856,496.37,224,1023,99.9,6,1,0,1.208,0.005,-0.0051,54.0512
2550,771944,467.74,286,1023,99.9,6,1,0,1.29,0.005,-0.0051,54.0512
2551,772112,500.45,225,1024,100.0,6,1,0,1.138,0.005,-0.0051,54.0512
2552,772200,481.43,224,1022,99.8,6,1,0,0.8,0.005,-0.0051,54.0512
2553,772208,477.67,227,1024,100.0,6,1,0,1.269,0.005,-0.0051,54.0512
2554,772608,452.78,263,1018,99.4,6,1,0,1.429,0.005,-0.0051,54.0512
2555,773640,419.5,260,1018,99.4,6,1,0,1.352,0.005,-0.0051,54.0512
2556,773864,484.77,219,1023,99.9,6,1,0,0.88,0.005,-0.0051,54.0512
2557,773984,452.47,266,1015,99.1,6,1,0,1.498,0.005,-0.0051,54.0512
2558,774024,442.78,272,1020,99.6,6,1,0,1.584,0.005,-0.0051,54.0512
2559,774056,465.49,264,1018,99.4,6,1,0,1.359,0.005,-0.0051,54.0512
2560,774064,466.47,233,1024,100.0,6,1,0,0.863,0.005,-0.0051,54.0512
2561,774088,480.22,235,1024,100.0,6,1,0,0.867,0.005,-0.0051,54.0512
2562,774280,26.39,24,529,51.7,1,0,1,0.183,0.005,-0.0051,54.0512
2563,774424,450.38,227,1022,99.8,6,1,0,0.911,0.005,-0.0051,54.0512
2564,775200,504.38,142,1015,99.1,6,1,0,1.296,0.005,-0.0051,54.0512
2565,775520,507.23,137,1021,99.7,6,1,0,1.201,0.005,-0.0051,54.0512
2566,775792,449.02,269,1017,99.3,6,1,0,1.41,0.005,-0.0051,54.0512
2567,775816,457.49,224,1023,99.9,6,1,0,0.906,0.005,-0.0051,54.0512
2568,776048,437.63,273,1017,99.3,6,1,0,1.436,0.005,-0.0051,54.0512
2569,776272,4.91,28,209,20.4,1,0,1,0.183,0.005,-0.0051,54.0512
2570,776320,441.75,292,1023,99.9,6,1,0,1.289,0.005,-0.0051,54.0512
2571,776320,467.94,283,1023,99.9,6,1,0,1.259,0.005,-0.0051,54.0512
2572,776680,452.2,300,1019,99.5,6,1,0,1.452,0.005,-0.0051,54.0512
2573,777224,483.32,213,1024,100.0,6,1,0,0.985,0.005,-0.0051,54.0512
2574,777416,468.96,277,1023,99.9,6,1,0,1.419,0.005,-0.0051,54.0512
2575,777608,484.65,227,1021,99.7,6,1,0,1.154,0.005,-0.0051,54.0512
2576,777696,479.82,235,1024,100.0,6,1,0,1.182,0.005,-0.0051,54.0512
2577,778064,494.61,218,1023,99.9,6,1,0,0.923,0.005,-0.0051,54.0512
2578,778264,458.25,249,1024,100.0,6,1,0,0.792,0.005,-0.0054,57.9035
2579,778408,457.92,216,1024,100.0,6,1,0,0.888,0.005,-0.0054,57.9035
2580,778464,446.42,268,1016,99.2,6,1,0,1.388,0.005,-0.0054,57.9035
2581,778688,554.98,159,1024,100.0,6,1,0,0.663,0.005,-0.0054,57.9035
2582,779016,490.39,224,1024,100.0,6,1,0,0.72,0.005,-0.0054,57.9035
2583,779184,486.3,140,1021,99.7,6,1,0,1.127,0.005,-0.0054,57.9035
2584,779432,455.67,217,1023,99.9,6,1,0,0.771,0.005,-0.0054,57.9035
2585,779448,489.37,230,1024,100.0,6,1,0,0.919,0.005,-0.0054,57.9035
2586,779536,501.09,141,1021,99.7,6,1,0,1.064,0.005,-0.0054,57.9035
2587,780256,489.84,134,1024,100.0,6,1,0,1.165,0.005,-0.0054,57.9035
2588,780344,459.5,260,1020,99.6,6,1,0,1.476,0.005,-0.0054,57.9035
2589,780448,481.41,127,1021,99.7,6,1,0,1.73,0.005,-0.0054,57.9035
2590,780464,470.68,222,1023,99.9,6,1,0,0.836,0.005,-0.0054,57.9035
2591,780776,464.31,289,1022,99.8,6,1,0,1.347,0.005,-0.0054,57.9035
2592,780824,558.23,161,1024,100.0,6,1,0,0.775,0.005,-0.0054,57.9035
2593,781160,473.82,268,1015,99.1,6,1,0,1.295,0.005,-0.0054,57.9035
2594,781280,481.56,229,1020,99.6,6,1,0,0.894,0.005,-0.0054,57.9035
2595,782128,511.51,223,1024,100.0,6,1,0,0.753,0.005,-0.0054,57.9035
2596,782344,481.47,133,1019,99.5,6,1,0,1.298,0.005,-0.0054,57.9035
2597,782584,505.97,291,1022,99.8,6,1,0,1.266,0.005,-0.0054,57.9035
2598,782648,462.97,275,1019,99.5,6,1,0,1.343,0.005,-0.0054,57.9035
2599,782656,444.26,274,1018,99.4,6,1,0,1.062,0.005,-0.0054,57.9035
2600,782704,500.09,235,1024,100.0,6,1,0,0.854,0.005,-0.0054,57.9035
2601,782976,499.57,227,1024,100.0,6,1,0,0.775,0.005,-0.0054,57.9035
2602,783016,460.2,280,1023,99.9,6,1,0,1.308,0.005,-0.0054,57.9035
2603,783456,480.11,139,1016,99.2,6,1,0,1.291,0.005,-0.0054,57.9035
2604,783776,492.66,134,1018,99.4,6,1,0,1.198,0.005,-0.0054,57.9035
2605,784448,457.36,290,1023,99.9,6,1,0,1.195,0.005,-0.0054,57.9035
2606,784456,486.83,226,1023,99.9,6,1,0,0.957,0.005,-0.0054,57.9035
2607,784544,495.64,136,1018,99.4,6,1,0,1.318,0.005,-0.0054,57.9035
2608,784800,481.06,228,1024,100.0,6,1,0,0.948,0.005,-0.0054,57.9035
2609,784928,449.96,284,1023,99.9,6,1,0,1.119,0.005,-0.0054,57.9035
2610,785256,434.08,280,1021,99.7,6,1,0,1.527,0.005,-0.0054,57.9035
2611,785480,488.87,213,1024,100.0,6,1,0,0.802,0.005,-0.0054,57.9035
2612,785512,524.29,133,1024,100.0,6,1,0,0.802,0.005,-0.0054,57.9035
2613,785848,513.37,131,1024,100.0,6,1,0,0.954,0.005,-0.0054,57.9035
2614,785864,469.95,410,1023,99.9,6,1,0,1.282,0.005,-0.0054,57.9035
2615,786288,503.59,218,1024,100.0,6,1,0,0.865,0.005,-0.0054,57.9035
2616,786592,442.48,267,1016,99.2,6,1,0,1.262,0.005,-0.0057,38.349
2617,786712,543.87,154,1024,100.0,6,1,0,0.715,0.005,-0.0057,38.349
2618,787064,538.52,150,1024,100.0,6,1,0,0.581,0.005,-0.0057,38.349
2619,787152,486.89,237,1024,100.0,6,1,0,0.586,0.005,-0.0057,38.349
2620,787184,462.56,282,1024,100.0,6,1,0,1.347,0.005,-0.0057,38.349
2621,788000,445.89,269,1018,99.4,6,1,0,1.31,0.005,-0.0057,38.349
2622,788272,485.66,248,1024,100.0,6,1,0,0.621,0.005,-0.0057,38.349
2623,788288,553.12,153,1024,100.0,6,1,0,0.631,0.005,-0.0057,38.349
2624,788368,480.03,222,1021,99.7,6,1,0,1.044,0.005,-0.0057,38.349
2625,788536,441.86,378,1023,99.9,6,1,0,1.263,0.005,-0.0057,38.349
2626,788744,454.37,254,1019,99.5,6,1,0,1.553,0.005,-0.0057,38.349
2627,789008,458.61,232,1023,99.9,6,1,0,0.67,0.005,-0.0057,38.349
2628,789632,483.33,137,1018,99.4,6,1,0,1.339,0.005,-0.0057,38.349
2629,790000,477.71,216,1024,100.0,6,1,0,0.639,0.005,-0.0057,38.349
2630,790120,492.61,139,1017,99.3,6,1,0,1.539,0.005,-0.0057,38.349
2631,790272,475.58,386,1022,99.8,6,1,0,1.256,0.005,-0.0057,38.349
2632,790360,447.05,259,1022,99.8,6,1,0,1.217,0.005,-0.0057,38.349
2633,790368,-4.65,31,211,20.6,1,0,1,0.167,0.005,-0.0057,38.349
2634,790384,466.78,298,1022,99.8,6,1,0,0.879,0.005,-0.0057,38.349
2635,790600,473.94,279,1022,99.8,6,1,0,1.254,0.005,-0.0057,38.349
2636,791096,453.35,294,1022,99.8,6,1,0,1.004,0.005,-0.0057,38.349
2637,791112,527.57,139,1024,100.0,6,1,0,0.849,0.005,-0.0057,38.349
2638,791616,473.59,248,1024,100.0,6,1,0,0.761,0.005,-0.0057,38.349
2639,792032,464.33,209,1024,100.0,6,1,0,0.896,0.005,-0.0057,38.349
2640,792208,487.44,228,1023,99.9,6,1,0,0.871,0.005,-0.0057,38.349
2641,792376,461.61,222,1023,99.9,6,1,0,0.682,0.005,-0.0057,38.349
2642,792408,454.89,267,1016,99.2,6,1,0,1.337,0.005,-0.0057,38.349
2643,792688,481.86,290,1023,99.9,6,1,0,1.055,0.005,-0.0057,38.349
2644,792784,481.45,209,1024,100.0,6,1,0,0.899,0.005,-0.0057,38.349
2645,792864,469.94,221,1024,100.0,6,1,0,0.897,0.005,-0.0057,38.349
2646,793480,493.07,134,1018,99.4,6,1,0,1.409,0.005,-0.0057,38.349
2647,793632,442.72,252,1020,99.6,6,1,0,1.429,0.005,-0.0057,38.349
2648,793824,497.85,130,1024,100.0,6,1,0,0.634,0.005,-0.0057,38.349
2649,794008,484.49,225,1024,100.0,6,1,0,0.993,0.005,-0.0057,38.349
2650,794024,52.75,25,538,52.5,2,0,1,0.167,0.005,-0.0057,38.349
2651,794088,475.53,257,1024,100.0,6,1,0,0.519,0.005,-0.0057,38.349
2652,794168,491.05,224,1023,99.9,6,1,0,0.956,0.005,-0.0057,38.349
2653,794600,486.5,140,1016,99.2,6,1,0,1.276,0.005,-0.0057,38.349
2654,794768,501.47,142,1018,99.4,6,1,0,1.261,0.005,-0.0049,67.35
2655,795016,450.74,291,1021,99.7,6,1,0,1.686,0.005,-0.0049,67.35
2656,795136,446.11,284,1022,99.8,6,1,0,1.229,0.005,-0.0049,67.35
2657,795928,557.4,145,1024,100.0,6,1,0,0.72,0.005,-0.0049,67.35
2658,796128,454.07,263,1018,99.4,6,1,0,1.225,0.005,-0.0049,67.35
2659,796240,530.28,138,1024,100.0,6,1,0,0.672,0.005,-0.0049,67.35
2660,796320,464.16,289,1020,99.6,6,1,0,1.313,0.005,-0.0049,67.35
2661,796360,480.68,220,1024,100.0,6,1,0,0.764,0.005,-0.0049,67.35
2662,796824,470.85,226,1024,100.0,6,1,0,0.96,0.005,-0.0049,67.35
2663,797112,480.59,378,1024,100.0,6,1,0,1.149,0.005,-0.0049,67.35
2664,797344,458.41,397,1024,100.0,6,1,0,1.008,0.005,-0.0049,67.35
2665,797384,538.53,143,1024,100.0,6,1,0,0.565,0.005,-0.0049,67.35
2666,797440,524.76,140,1024,100.0,6,1,0,0.576,0.005,-0.0049,67.35
2667,798200,468.46,284,1022,99.8,6,1,0,1.364,0.005,-0.0049,67.35
2668,798264,455.91,267,1015,99.1,6,1,0,1.252,0.005,-0.0049,67.35
2669,798448,498.31,138,1021,99.7,6,1,0,1.333,0.005,-0.0049,67.35
2670,798504,489.8,140,1019,99.5,6,1,0,1.26,0.005,-0.0049,67.35
2671,798560,478.14,275,1019,99.5,6,1,0,1.225,0.005,-0.0049,67.35
2672,798600,493.18,222,1024,100.0,6,1,0,0.893,0.005,-0.0049,67.35
2673,798784,462.91,209,1024,100.0,6,1,0,0.882,0.005,-0.0049,67.35
2674,799504,504.43,132,1024,100.0,6,1,0,0.739,0.005,-0.0049,67.35
2675,799656,472.95,277,1022,99.8,6,1,0,1.395,0.005,-0.0049,67.35
2676,800016,502.67,227,1023,99.9,6,1,0,0.802,0.005,-0.0049,67.35
2677,800048,463.52,223,1024,100.0,6,1,0,0.758,0.005,-0.0049,67.35
2678,800240,482.36,217,1024,100.0,6,1,0,0.745,0.005,-0.0049,67.35
2679,800336,492.93,217,1022,99.8,6,1,0,0.782,0.005,-0.0049,67.35
2680,800592,438.62,254,1019,99.5,6,1,0,1.193,0.005,-0.0049,67.35
2681,800600,518.0,137,1024,100.0,6,1,0,0.923,0.005,-0.0049,67.35
2682,800784,488.99,141,1019,99.5,6,1,0,1.068,0.005,-0.0049,67.35
2683,801088,479.2,288,1022,99.8,6,1,0,1.003,0.005,-0.0049,67.35
2684,801384,472.28,131,1022,99.8,6,1,0,1.525,0.005,-0.0049,67.35
2685,801736,507.47,143,1019,99.5,6,1,0,0.729,0.005,-0.0049,67.35
2686,802184,446.64,267,1020,99.6,6,1,0,0.995,0.005,-0.0049,67.35
2687,802248,465.33,279,1023,99.9,6,1,0,1.36,0.005,-0.0049,67.35
2688,802432,445.47,274,1023,99.9,6,1,0,1.268,0.005,-0.0049,67.35
2689,802752,427.73,246,1022,99.8,6,1,0,1.549,0.005,-0.0049,67.35
2690,802856,462.55,282,1021,99.7,6,1,0,1.133,0.005,-0.0047,44.4981
2691,803256,456.15,271,1015,99.1,6,1,0,1.216,0.005,-0.0047,44.4981
2692,803344,492.43,137,1020,99.6,6,1,0,1.465,0.005,-0.0047,44.4981
2693,803608,471.77,278,1022,99.8,6,1,0,1.468,0.005,-0.0047,44.4981
2694,803832,536.53,135,1024,100.0,6,1,0,0.764,0.005,-0.0047,44.4981
2695,803872,424.84,267,1017,99.3,6,1,0,1.264,0.005,-0.0047,44.4981
2696,804376,478.8,274,1022,99.8,6,1,0,1.367,0.005,-0.0047,44.4981
2697,804608,526.47,158,1024,100.0,6,1,0,0.611,0.005,-0.0047,44.4981
2698,804696,474.27,283,1021,99.7,6,1,0,1.233,0.005,-0.0047,44.4981
2699,804824,562.01,152,1024,100.0,6,1,0,0.746,0.005,-0.0047,44.4981
2700,804968,483.34,214,1024,100.0,6,1,0,1.09,0.005,-0.0047,44.4981
2701,804976,501.91,138,1018,99.4,6,1,0,1.307,0.005,-0.0047,44.4981
2702,805016,509.22,148,1014,99.0,6,1,0,1.195,0.005,-0.0047,44.4981
2703,805024,-6.89,25,212,20.7,1,0,1,0.068,0.005,-0.0047,44.4981
2704,805392,455.89,317,1024,100.0,6,1,0,0.837,0.005,-0.0047,44.4981
2705,805776,521.84,146,1016,99.2,6,1,0,1.208,0.005,-0.0047,44.4981
2706,806024,528.8,131,1024,100.0,6,1,0,0.852,0.005,-0.0047,44.4981
2707,806152,498.24,142,1017,99.3,6,1,0,1.253,0.005,-0.0047,44.4981
2708,806152,532.46,141,1024,100.0,6,1,0,0.82,0.005,-0.0047,44.4981
2709,806584,473.08,276,1019,99.5,6,1,0,1.355,0.005,-0.0047,44.4981
2710,806664,494.55,212,1024,100.0,6,1,0,0.675,0.005,-0.0047,44.4981
2711,806704,478.61,251,1024,100.0,6,1,0,0.599,0.005,-0.0047,44.4981
2712,807688,473.17,287,1022,99.8,6,1,0,1.156,0.005,-0.0047,44.4981
2713,807896,549.94,154,1024,100.0,6,1,0,0.787,0.005,-0.0047,44.4981
2714,807912,440.1,267,1017,99.3,6,1,0,1.405,0.005,-0.0047,44.4981
2715,807912,500.25,220,1024,100.0,6,1,0,0.726,0.005,-0.0047,44.4981
2716,807968,469.52,227,1023,99.9,6,1,0,1.197,0.005,-0.0047,44.4981
2717,808248,472.09,278,1020,99.6,6,1,0,1.397,0.005,-0.0047,44.4981
2718,808488,482.39,238,1024,100.0,6,1,0,0.939,0.005,-0.0047,44.4981
2719,808504,488.14,225,1023,99.9,6,1,0,1.023,0.005,-0.0047,44.4981
2720,809752,448.41,258,1020,99.6,6,1,0,1.612,0.005,-0.0047,44.4981
2721,809800,455.94,236,1022,99.8,6,1,0,0.843,0.005,-0.0047,44.4981
2722,809976,444.75,260,1018,99.4,6,1,0,1.678,0.005,-0.0047,44.4981
2723,810032,478.82,223,1023,99.9,6,1,0,1.001,0.005,-0.0047,44.4981
2724,810080,491.59,271,1016,99.2,6,1,0,1.245,0.005,-0.0047,44.4981
2725,810200,487.07,279,1022,99.8,6,1,0,1.283,0.005,-0.0047,44.4981
2726,810576,438.04,259,1020,99.6,6,1,0,1.572,0.005,-0.0047,44.4981
2727,810864,539.21,139,1023,99.9,6,1,0,0.717,0.005,-0.0047,44.4981
2728,811288,544.96,151,1024,100.0,6,1,0,0.641,0.005,-0.0053,41.8756
2729,811600,484.26,389,1024,100.0,6,1,0,0.999,0.005,-0.0053,41.8756
2730,811768,488.93,224,1024,100.0,6,1,0,0.625,0.005,-0.0053,41.8756
2731,811920,463.28,132,1019,99.5,6,1,0,1.244,0.005,-0.0053,41.8756
2732,812000,466.05,275,1022,99.8,6,1,0,1.19,0.005,-0.0053,41.8756
2733,812056,0.17,17,241,23.5,1,0,1,0.179,0.005,-0.0053,41.8756
2734,812144,459.36,264,1020,99.6,6,1,0,1.112,0.005,-0.0053,41.8756
2735,812384,476.46,273,1021,99.7,6,1,0,1.446,0.005,-0.0053,41.8756
2736,812760,515.42,145,1024,100.0,6,1,0,0.863,0.005,-0.0053,41.8756
2737,813240,455.42,333,1022,99.8,6,1,0,1.442,0.005,-0.0053,41.8756
2738,813376,465.93,261,1017,99.3,6,1,0,1.268,0.005,-0.0053,41.8756
2739,813400,454.33,168,1024,100.0,6,1,0,0.853,0.005,-0.0053,41.8756
2740,813568,-4.27,24,191,18.7,1,0,1,0.189,0.005,-0.0053,41.8756
2741,813848,493.39,213,1024,100.0,6,1,0,0.856,0.005,-0.0053,41.8756
2742,814184,459.97,273,1018,99.4,6,1,0,0.92,0.005,-0.0053,41.8756
2743,814208,470.25,305,1018,99.4,6,1,0,1.361,0.005,-0.0053,41.8756
2744,814392,542.08,144,1024,100.0,6,1,0,0.631,0.005,-0.0053,41.8756
2745,814480,533.05,135,1024,100.0,6,1,0,0.674,0.005,-0.0053,41.8756
2746,814576,464.91,227,1023,99.9,6,1,0,0.869,0.005,-0.0053,41.8756
2747,814640,477.52,282,1023,99.9,6,1,0,1.406,0.005,-0.0053,41.8756
2748,814792,550.26,153,1024,100.0,6,1,0,0.801,0.005,-0.0053,41.8756
2749,815880,501.84,136,1021,99.7,6,1,0,1.279,0.005,-0.0053,41.8756
2750,815936,484.5,219,1024,100.0,6,1,0,0.917,0.005,-0.0053,41.8756
2751,816040,478.49,229,1023,99.9,6,1,0,0.913,0.005,-0.0053,41.8756
2752,816168,499.48,222,1023,99.9,6,1,0,1.069,0.005,-0.0053,41.8756
2753,816208,450.53,295,1022,99.8,6,1,0,1.152,0.005,-0.0053,41.8756
2754,816424,492.01,223,1024,100.0,6,1,0,0.891,0.005,-0.0053,41.8756
2755,816648,467.17,271,1016,99.2,6,1,0,1.539,0.005,-0.0053,41.8756
2756,816760,429.4,273,1015,99.1,6,1,0,1.456,0.005,-0.0053,41.8756
2757,817136,553.2,150,1024,100.0,6,1,0,0.706,0.005,-0.0053,41.8756
2758,817168,500.89,141,1018,99.4,6,1,0,1.223,0.005,-0.0053,41.8756
2759,817568,518.45,143,1024,100.0,6,1,0,0.611,0.005,-0.0053,41.8756
2760,818056,442.58,272,1017,99.3,6,1,0,1.004,0.005,-0.0053,41.8756
2761,818304,477.33,267,1018,99.4,6,1,0,1.227,0.005,-0.0053,41.8756
2762,818312,69.82,32,542,52.9,2,0,1,0.147,0.005,-0.0053,41.8756
2763,818328,538.54,145,1024,100.0,6,1,0,0.829,0.005,-0.0053,41.8756
2764,818376,454.53,271,1018,99.4,6,1,0,1.309,0.005,-0.0053,41.8756
2765,818736,486.82,261,1024,100.0,6,1,0,0.608,0.005,-0.0053,41.8756
2766,818944,494.25,226,1024,100.0,6,1,0,0.715,0.005,-0.0053,41.8756
2767,818960,460.3,275,1019,99.5,6,1,0,1.223,0.005,-0.0053,41.8756
2768,819224,64.03,33,540,52.7,2,0,1,0.209,0.005,-0.0054,66.5233
2769,820112,479.25,318,1024,100.0,6,1,0,0.622,0.005,-0.0054,66.5233
2770,820168,480.33,233,1024,100.0,6,1,0,0.699,0.005,-0.0054,66.5233
2771,820200,506.0,228,1024,100.0,6,1,0,0.837,0.005,-0.0054,66.5233
2772,820424,453.24,264,1019,99.5,6,1,0,1.276,0.005,-0.0054,66.5233
2773,820592,486.84,283,1024,100.0,6,1,0,1.221,0.005,-0.0054,66.5233
2774,820728,484.65,223,1024,100.0,6,1,0,0.94,0.005,-0.0054,66.5233
2775,820976,462.91,280,1023,99.9,6,1,0,1.199,0.005,-0.0054,66.5233
2776,821072,489.03,231,1022,99.8,6,1,0,0.872,0.005,-0.0054,66.5233
2777,821528,486.82,138,1018,99.4,6,1,0,1.281,0.005,-0.0054,66.5233
2778,821880,477.54,221,1024,100.0,6,1,0,0.639,0.005,-0.0054,66.5233
2779,822120,503.67,143,1019,99.5,6,1,0,1.043,0.005,-0.0054,66.5233
2780,822280,449.6,260,1024,100.0,6,1,0,0.985,0.005,-0.0054,66.5233
2781,822488,485.49,290,1023,99.9,6,1,0,1.46,0.005,-0.0054,66.5233
2782,822496,469.86,221,1023,99.9,6,1,0,0.703,0.005,-0.0054,66.5233
2783,822608,510.35,252,1023,99.9,6,1,0,0.446,0.005,-0.0054,66.5233
2784,822640,492.21,139,1015,99.1,6,1,0,1.279,0.005,-0.0054,66.5233
2785,823272,482.05,275,1018,99.4,6,1,0,1.206,0.005,-0.0054,66.5233
2786,823416,516.38,142,1020,99.6,6,1,0,1.034,0.005,-0.0054,66.5233
2787,823680,544.25,149,1024,100.0,6,1,0,0.684,0.005,-0.0054,66.5233
2788,823792,501.26,144,1019,99.5,6,1,0,0.913,0.005,-0.0054,66.5233
2789,823912,479.23,224,1023,99.9,6,1,0,0.75,0.005,-0.0054,66.5233
2790,824104,474.24,278,1023,99.9,6,1,0,1.069,0.005,-0.0054,66.5233
2791,824400,547.87,141,1024,100.0,6,1,0,0.867,0.005,-0.0054,66.5233
2792,824496,464.27,236,1024,100.0,6,1,0,0.743,0.005,-0.0054,66.5233
2793,824760,492.47,283,1023,99.9,6,1,0,1.174,0.005,-0.0054,66.5233
2794,825008,527.17,166,1024,100.0,6,1,0,0.627,0.005,-0.0054,66.5233
2795,825016,527.38,138,1024,100.0,6,1,0,0.908,0.005,-0.0054,66.5233
2796,825744,471.46,244,1022,99.8,6,1,0,0.72,0.005,-0.0054,66.5233
2797,825744,458.89,291,1021,99.7,6,1,0,1.287,0.005,-0.0054,66.5233
2798,825872,505.49,221,1024,100.0,6,1,0,0.763,0.005,-0.0054,66.5233
2799,826232,487.75,229,1024,100.0,6,1,0,0.754,0.005,-0.0054,66.5233
2800,826648,446.49,269,1018,99.4,6,1,0,1.112,0.005,-0.0054,66.5233
2801,826840,499.03,137,1020,99.6,6,1,0,1.196,0.005,-0.0054,66.5233
2802,827128,433.39,265,1015,99.1,6,1,0,1.219,0.005,-0.0054,66.5233
2803,827280,455.79,283,1023,99.9,6,1,0,1.129,0.005,-0.0054,66.5233
2804,827472,489.22,216,1024,100.0,6,1,0,0.799,0.005,-0.0054,37.8279
2805,828144,482.96,239,1024,100.0,6,1,0,0.808,0.005,-0.0054,37.8279
2806,828272,550.95,143,1024,100.0,6,1,0,0.688,0.005,-0.0054,37.8279
2807,828736,489.63,237,1024,100.0,6,1,0,0.673,0.005,-0.0054,37.8279
2808,828824,479.78,272,1017,99.3,6,1,0,1.199,0.005,-0.0054,37.8279
2809,828952,428.52,524,1023,99.9,6,1,0,1.317,0.005,-0.0054,37.8279
2810,829168,440.61,412,1024,100.0,6,1,0,1.023,0.005,-0.0054,37.8279
2811,829392,446.96,264,1022,99.8,6,1,0,1.013,0.005,-0.0054,37.8279
2812,829448,512.35,147,1020,99.6,6,1,0,1.114,0.005,-0.0054,37.8279
2813,829816,468.17,209,1024,100.0,6,1,0,0.96,0.005,-0.0054,37.8279
2814,829992,501.6,315,1023,99.9,6,1,0,0.633,0.005,-0.0054,37.8279
2815,830560,520.48,139,1024,100.0,6,1,0,0.719,0.005,-0.0054,37.8279
2816,830568,505.84,229,1024,100.0,6,1,0,0.719,0.005,-0.0054,37.8279
2817,830832,467.76,235,1024,100.0,6,1,0,0.688,0.005,-0.0054,37.8279
2818,830920,441.82,262,1016,99.2,6,1,0,1.272,0.005,-0.0054,37.8279
2819,830928,529.04,139,1024,100.0,6,1,0,0.493,0.005,-0.0054,37.8279
2820,831184,96.01,44,502,49.0,2,0,1,0.224,0.005,-0.0054,37.8279
2821,831200,430.54,254,1019,99.5,6,1,0,1.274,0.005,-0.0054,37.8279
2822,831520,458.54,266,1021,99.7,6,1,0,1.005,0.005,-0.0054,37.8279
2823,832272,445.44,285,1024,100.0,6,1,0,0.597,0.005,-0.0054,37.8279
2824,832448,502.42,236,1022,99.8,6,1,0,0.822,0.005,-0.0054,37.8279
2825,832616,483.83,137,1022,99.8,6,1,0,1.201,0.005,-0.0054,37.8279
2826,832696,443.4,266,1021,99.7,6,1,0,1.048,0.005,-0.0054,37.8279
2827,832728,503.93,226,1023,99.9,6,1,0,0.668,0.005,-0.0054,37.8279
2828,832752,493.09,228,1023,99.9,6,1,0,0.757,0.005,-0.0054,37.8279
2829,832912,8.34,27,212,20.7,1,0,1,0.175,0.005,-0.0054,37.8279
2830,833064,514.67,233,1024,100.0,6,1,0,0.77,0.005,-0.0054,37.8279
2831,833312,436.12,266,1020,99.6,6,1,0,1.193,0.005,-0.0054,37.8279
2832,833848,517.86,137,1024,100.0,6,1,0,0.828,0.005,-0.0054,37.8279
2833,834096,490.91,228,1024,100.0,6,1,0,0.858,0.005,-0.0054,37.8279
2834,834224,478.22,222,1024,100.0,6,1,0,0.831,0.005,-0.0054,37.8279
2835,834872,486.34,282,1024,100.0,6,1,0,1.25,0.005,-0.0054,37.8279
2836,834920,483.59,232,1024,100.0,6,1,0,0.802,0.005,-0.0054,37.8279
2837,835048,478.47,217,1023,99.9,6,1,0,0.356,0.005,-0.0054,37.8279
2838,835128,450.09,277,1023,99.9,6,1,0,1.233,0.005,-0.0054,37.8279
2839,835544,521.32,352,1024,100.0,6,1,0,0.598,0.005,-0.0054,37.8279
2840,836000,486.0,141,1019,99.5,6,1,0,1.349,0.005,-0.0041,76.4358
2841,836112,480.15,236,1024,100.0,6,1,0,0.672,0.005,-0.0041,76.4358
2842,836152,501.61,138,1017,99.3,6,1,0,1.444,0.005,-0.0041,76.4358
2843,836184,478.34,292,1023,99.9,6,1,0,1.022,0.005,-0.0041,76.4358
2844,836400,494.77,288,1023,99.9,6,1,0,0.894,0.005,-0.0041,76.4358
2845,836744,487.93,228,1024,100.0,6,1,0,0.857,0.005,-0.0041,76.4358
2846,837176,245.88,204,928,90.6,4,0,1,0.181,0.005,-0.0041,76.4358
2847,837224,484.0,130,1023,99.9,6,1,0,1.105,0.005,-0.0041,76.4358
2848,837336,438.26,276,1018,99.4,6,1,0,0.937,0.005,-0.0041,76.4358
2849,837624,518.27,153,1021,99.7,6,1,0,1.557,0.005,-0.0041,76.4358
2850,837792,500.54,131,1024,100.0,6,1,0,0.796,0.005,-0.0041,76.4358
2851,837872,478.85,234,1023,99.9,6,1,0,0.838,0.005,-0.0041,76.4358
2852,838384,573.96,151,1024,100.0,6,1,0,0.538,0.005,-0.0041,76.4358
2853,838392,473.48,285,1023,99.9,6,1,0,0.981,0.005,-0.0041,76.4358
2854,838856,519.21,133,1024,100.0,6,1,0,0.438,0.005,-0.0041,76.4358
2855,839136,480.53,225,1024,100.0,6,1,0,0.935,0.005,-0.0041,76.4358
2856,839416,506.03,224,1022,99.8,6,1,0,0.822,0.005,-0.0041,76.4358
2857,839432,458.79,410,1024,100.0,6,1,0,0.895,0.005,-0.0041,76.4358
2858,839640,487.03,221,1023,99.9,6,1,0,0.88,0.005,-0.0041,76.4358
2859,840008,545.05,144,1024,100.0,6,1,0,0.768,0.005,-0.0041,76.4358
2860,840488,462.44,262,1022,99.8,6,1,0,1.15,0.005,-0.0041,76.4358
2861,840912,574.04,159,1024,100.0,6,1,0,0.58,0.005,-0.0041,76.4358
2862,841528,431.17,299,1019,99.5,6,1,0,1.215,0.005,-0.0041,76.4358
2863,841608,444.35,272,1016,99.2,6,1,0,1.35,0.005,-0.0041,76.4358
2864,841688,538.82,150,1024,100.0,6,1,0,0.794,0.005,-0.0041,76.4358
2865,841768,500.12,220,1024,100.0,6,1,0,0.762,0.005,-0.0041,76.4358
2866,841784,481.5,296,1018,99.4,6,1,0,1.088,0.005,-0.0041,76.4358
2867,841920,440.72,442,1023,99.9,6,1,0,1.136,0.005,-0.0041,76.4358
2868,842024,346.61,600,1023,99.9,5,0,0,1.745,0.005,-0.0041,76.4358
2869,843216,489.64,162,1024,100.0,6,1,0,1.075,0.005,-0.0041,76.4358
2870,843264,465.86,294,1022,99.8,6,1,0,1.016,0.005,-0.0041,76.4358
2871,843304,501.2,212,1024,100.0,6,1,0,0.682,0.005,-0.0041,76.4358
2872,843472,492.53,223,1024,100.0,6,1,0,0.704,0.005,-0.0041,76.4358
2873,843528,478.27,220,1024,100.0,6,1,0,0.722,0.005,-0.0041,76.4358
2874,843816,489.73,224,1024,100.0,6,1,0,0.649,0.005,-0.0045,71.6737
2875,844136,463.23,294,1022,99.8,6,1,0,1.132,0.005,-0.0045,71.6737
2876,844440,545.27,147,1024,100.0,6,1,0,0.616,0.005,-0.0045,71.6737
2877,844736,525.13,151,1024,100.0,6,1,0,0.527,0.005,-0.0045,71.6737
2878,844784,444.37,407,1024,100.0,6,1,0,1.217,0.005,-0.0045,71.6737
2879,845240,276.68,100,929,90.7,4,0,1,0.175,0.005,-0.0045,71.6737
2880,845256,491.9,140,1019,99.5,6,1,0,0.991,0.005,-0.0045,71.6737
2881,845552,460.05,292,1022,99.8,6,1,0,0.968,0.005,-0.0045,71.6737
2882,845576,456.13,263,1023,99.9,6,1,0,1.123,0.005,-0.0045,71.6737
2883,845968,453.49,269,1017,99.3,6,1,0,1.08,0.005,-0.0045,71.6737
2884,846680,480.29,237,1024,100.0,6,1,0,0.714,0.005,-0.0045,71.6737
2885,846968,481.16,458,1024,100.0,6,1,0,1.303,0.005,-0.0045,71.6737
2886,847040,453.01,288,1022,99.8,6,1,0,1.291,0.005,-0.0045,71.6737
2887,847152,497.72,148,1016,99.2,6,1,0,1.002,0.005,-0.0045,71.6737
2888,847360,475.93,223,1024,100.0,6,1,0,0.848,0.005,-0.0045,71.6737
2889,847400,469.94,268,1023,99.9,6,1,0,1.0,0.005,-0.0045,71.6737
2890,847448,459.75,276,1020,99.6,6,1,0,1.186,0.005,-0.0045,71.6737
2891,847768,468.68,277,1022,99.8,6,1,0,1.187,0.005,-0.0045,71.6737
2892,847832,510.06,144,1016,99.2,6,1,0,1.002,0.005,-0.0045,71.6737
2893,848304,497.86,144,1018,99.4,6,1,0,0.873,0.005,-0.0045,71.6737
2894,848544,497.82,148,1020,99.6,6,1,0,1.625,0.005,-0.0045,71.6737
2895,848928,457.97,236,1024,100.0,6,1,0,0.623,0.005,-0.0045,71.6737
2896,848936,507.14,146,1019,99.5,6,1,0,1.345,0.005,-0.0045,71.6737
2897,849216,493.74,227,1023,99.9,6,1,0,0.705,0.005,-0.0045,71.6737
2898,849224,449.18,282,1021,99.7,6,1,0,1.333,0.005,-0.0045,71.6737
2899,849336,479.05,236,1024,100.0,6,1,0,0.99,0.005,-0.0045,71.6737
2900,849616,472.86,223,1024,100.0,6,1,0,0.59,0.005,-0.0045,71.6737
2901,849672,507.13,141,1021,99.7,6,1,0,1.094,0.005,-0.0045,71.6737
2902,850328,542.34,139,1024,100.0,6,1,0,0.564,0.005,-0.0045,71.6737
2903,850440,440.51,267,1024,100.0,6,1,0,1.331,0.005,-0.0045,71.6737
2904,851176,436.3,281,1023,99.9,6,1,0,1.414,0.005,-0.0045,71.6737
2905,851200,453.1,283,1022,99.8,6,1,0,1.329,0.005,-0.0045,71.6737
2906,851416,441.29,260,1020,99.6,6,1,0,1.16,0.005,-0.0045,71.6737
2907,851504,473.99,285,1023,99.9,6,1,0,1.258,0.005,-0.0045,71.6737
2908,851536,513.32,240,1024,100.0,6,1,0,0.956,0.005,-0.0045,71.6737
2909,851568,515.89,141,1020,99.6,6,1,0,1.119,0.005,-0.0045,71.6737
2910,851840,429.47,271,1018,99.4,6,1,0,1.327,0.005,-0.0045,71.6737
2911,852488,573.3,164,1024,100.0,6,1,0,0.536,0.005,-0.0031,45.2621
2912,852536,444.14,276,1023,99.9,6,1,0,1.018,0.005,-0.0031,45.2621
2913,852728,543.7,164,1024,100.0,6,1,0,0.811,0.005,-0.0031,45.2621
2914,853368,472.43,229,1024,100.0,6,1,0,0.87,0.005,-0.0031,45.2621
2915,853432,434.63,279,1022,99.8,6,1,0,1.235,0.005,-0.0031,45.2621
2916,853848,523.51,140,1024,100.0,6,1,0,0.755,0.005,-0.0031,45.2621
2917,853848,479.34,293,1024,100.0,6,1,0,0.611,0.005,-0.0031,45.2621
2918,853848,432.07,285,1022,99.8,6,1,0,1.473,0.005,-0.0031,45.2621
2919,854192,451.16,294,1022,99.8,6,1,0,1.257,0.005,-0.0031,45.2621
2920,854312,487.56,222,1023,99.9,6,1,0,0.712,0.005,-0.0031,45.2621
2921,854600,462.5,264,1021,99.7,6,1,0,1.214,0.005,-0.0031,45.2621
2922,854608,521.26,147,1017,99.3,6,1,0,1.042,0.005,-0.0031,45.2621
2923,854928,472.25,135,1020,99.6,6,1,0,1.138,0.005,-0.0031,45.2621
2924,854952,528.21,138,1024,100.0,6,1,0,0.708,0.005,-0.0031,45.2621
2925,855136,561.6,161,1024,100.0,6,1,0,0.486,0.005,-0.0031,45.2621
2926,855552,488.07,273,1020,99.6,6,1,0,1.327,0.005,-0.0031,45.2621
2927,855736,494.98,141,1018,99.4,6,1,0,1.613,0.005,-0.0031,45.2621
2928,856192,553.59,155,1024,100.0,6,1,0,0.998,0.005,-0.0031,45.2621
2929,856248,432.46,257,1020,99.6,6,1,0,1.23,0.005,-0.0031,45.2621
2930,856368,565.54,154,1024,100.0,6,1,0,0.634,0.005,-0.0031,45.2621
2931,856496,485.27,273,1015,99.1,6,1,0,1.104,0.005,-0.0031,45.2621
2932,856664,536.74,139,1024,100.0,6,1,0,0.33,0.005,-0.0031,45.2621
2933,856704,449.36,263,1018,99.4,6,1,0,1.27,0.005,-0.0031,45.2621
2934,856888,491.96,144,1018,99.4,6,1,0,0.971,0.005,-0.0031,45.2621
2935,857040,433.99,264,1018,99.4,6,1,0,1.094,0.005,-0.0031,45.2621
2936,857976,498.44,223,1024,100.0,6,1,0,0.825,0.005,-0.0031,45.2621
2937,858112,494.46,233,1024,100.0,6,1,0,0.634,0.005,-0.0031,45.2621
2938,858424,488.68,241,1024,100.0,6,1,0,0.64,0.005,-0.0031,45.2621
2939,858608,453.92,280,1022,99.8,6,1,0,0.92,0.005,-0.0031,45.2621
2940,858840,483.11,267,1021,99.7,6,1,0,0.924,0.005,-0.0031,45.2621
2941,858856,494.63,227,1024,100.0,6,1,0,0.629,0.005,-0.0031,45.2621
2942,858968,474.38,288,1022,99.8,6,1,0,1.179,0.005,-0.0031,45.2621
2943,859008,449.75,265,1018,99.4,6,1,0,1.417,0.005,-0.0031,45.2621
2944,859024,469.29,131,1019,99.5,6,1,0,1.329,0.005,-0.0031,45.2621
2945,859984,538.96,141,1024,100.0,6,1,0,0.617,0.005,-0.0031,45.2621
2946,860040,521.5,150,1022,99.8,6,1,0,1.105,0.005,-0.0031,45.2621
2947,860112,483.82,138,1017,99.3,6,1,0,1.344,0.005,-0.0031,45.2621
2948,860272,461.2,270,1018,99.4,6,1,0,1.028,0.005,-0.0025,32.7679
2949,860560,472.91,267,1014,99.0,6,1,0,1.333,0.005,-0.0025,32.7679
2950,860808,466.65,275,1018,99.4,6,1,0,1.131,0.005,-0.0025,32.7679
2951,860888,471.33,233,1024,100.0,6,1,0,0.82,0.005,-0.0025,32.7679
2952,860904,460.81,242,1024,100.0,6,1,0,0.666,0.005,-0.0025,32.7679
2953,861096,534.64,132,1024,100.0,6,1,0,0.579,0.005,-0.0025,32.7679
2954,861976,489.39,213,1024,100.0,6,1,0,0.856,0.005,-0.0025,32.7679
2955,862016,501.39,141,1020,99.6,6,1,0,1.11,0.005,-0.0025,32.7679
2956,862016,495.51,139,1017,99.3,6,1,0,1.292,0.005,-0.0025,32.7679
2957,862088,447.17,263,1023,99.9,6,1,0,1.13,0.005,-0.0025,32.7679
2958,862216,431.13,263,1019,99.5,6,1,0,1.357,0.005,-0.0025,32.7679
2959,862512,457.52,244,1024,100.0,6,1,0,0.914,0.005,-0.0025,32.7679
2960,862528,480.14,215,1024,100.0,6,1,0,0.842,0.005,-0.0025,32.7679
2961,863008,481.11,129,1022,99.8,6,1,0,1.087,0.005,-0.0025,32.7679
2962,863064,471.89,131,1022,99.8,6,1,0,1.061,0.005,-0.0025,32.7679
2963,863312,466.02,277,1024,100.0,6,1,0,1.11,0.005,-0.0025,32.7679
2964,863592,481.07,133,1019,99.5,6,1,0,1.296,0.005,-0.0025,32.7679
2965,863880,282.02,102,869,84.9,4,0,1,0.143,0.005,-0.0025,32.7679
2966,863936,473.99,231,1024,100.0,6,1,0,0.915,0.005,-0.0025,32.7679
2967,864272,450.48,282,1022,99.8,6,1,0,1.303,0.005,-0.0025,32.7679
2968,864336,453.17,265,1018,99.4,6,1,0,1.32,0.005,-0.0025,32.7679
2969,864360,479.76,231,1024,100.0,6,1,0,0.736,0.005,-0.0025,32.7679
2970,864720,532.93,141,1024,100.0,6,1,0,0.558,0.005,-0.0025,32.7679
2971,864992,548.43,139,1023,99.9,6,1,0,0.768,0.005,-0.0025,32.7679
2972,865160,445.11,269,1020,99.6,6,1,0,1.357,0.005,-0.0025,32.7679
2973,865168,476.45,232,1024,100.0,6,1,0,0.931,0.005,-0.0025,32.7679
2974,865784,537.05,133,1024,100.0,6,1,0,0.745,0.005,-0.0025,32.7679
2975,865968,465.23,254,1024,100.0,6,1,0,0.715,0.005,-0.0025,32.7679
2976,866088,504.03,137,1018,99.4,6,1,0,1.223,0.005,-0.0025,32.7679
2977,866136,468.57,225,1023,99.9,6,1,0,0.914,0.005,-0.0025,32.7679
2978,866168,473.07,226,1020,99.6,6,1,0,0.783,0.005,-0.0025,32.7679
2979,866368,452.51,262,1019,99.5,6,1,0,1.19,0.005,-0.0025,32.7679
2980,866608,61.73,55,258,25.2,1,0,1,0.066,0.005,-0.0025,32.7679
2981,866824,478.3,130,1021,99.7,6,1,0,1.018,0.005,-0.0025,32.7679
2982,867224,448.02,258,1022,99.8,6,1,0,1.211,0.005,-0.0025,32.7679
2983,867272,548.02,142,1024,100.0,6,1,0,0.491,0.005,-0.0025,32.7679
2984,867304,549.54,152,1024,100.0,6,1,0,0.799,0.005,-0.0025,32.7679
2985,867520,442.32,294,1024,100.0,6,1,0,1.098,0.005,-0.0025,32.7679
2986,867816,504.13,231,1024,100.0,6,1,0,0.912,0.005,-0.0025,32.7679
2987,868144,475.71,222,1023,99.9,6,1,0,0.973,0.005,-0.0025,32.7679
2988,868640,475.54,227,1022,99.8,6,1,0,0.943,0.005,-0.0051,37.5666
2989,868784,463.5,272,1017,99.3,6,1,0,1.241,0.005,-0.0051,37.5666
2990,868976,541.57,145,1024,100.0,6,1,0,0.606,0.005,-0.0051,37.5666
2991,869016,488.42,218,1023,99.9,6,1,0,0.75,0.005,-0.0051,37.5666
2992,869256,438.9,254,1021,99.7,6,1,0,1.434,0.005,-0.0051,37.5666
2993,869512,478.23,276,1022,99.8,6,1,0,1.249,0.005,-0.0051,37.5666
2994,869552,423.24,254,1022,99.8,6,1,0,1.172,0.005,-0.0051,37.5666
2995,869736,515.97,137,1024,100.0,6,1,0,0.639,0.005,-0.0051,37.5666
2996,870056,470.48,239,1024,100.0,6,1,0,0.813,0.005,-0.0051,37.5666
2997,870200,559.42,153,1024,100.0,6,1,0,0.923,0.005,-0.0051,37.5666
2998,870336,522.61,135,1024,100.0,6,1,0,0.859,0.005,-0.0051,37.5666
2999,870608,486.53,137,1018,99.4,6,1,0,1.307,0.005,-0.0051,37.5666
3000,870848,489.11,139,1018,99.4,6,1,0,1.243,0.005,-0.0051,37.5666
3001,870872,443.86,261,1016,99.2,6,1,0,1.448,0.005,-0.0051,37.5666
3002,871152,449.43,267,1015,99.1,6,1,0,1.304,0.005,-0.0051,37.5666
3003,871320,495.19,140,1017,99.3,6,1,0,1.207,0.005,-0.0051,37.5666
3004,871464,550.39,141,1024,100.0,6,1,0,0.788,0.005,-0.0051,37.5666
3005,871472,3.38,19,232,22.7,1,0,1,0.204,0.005,-0.0051,37.5666
3006,871696,429.69,268,1021,99.7,6,1,0,1.153,0.005,-0.0051,37.5666
3007,871952,501.92,138,1021,99.7,6,1,0,1.023,0.005,-0.0051,37.5666
3008,872072,471.48,252,1024,100.0,6,1,0,0.818,0.005,-0.0051,37.5666
3009,872208,-2.47,32,224,21.9,1,0,1,0.223,0.005,-0.0051,37.5666
3010,872408,474.77,225,1023,99.9,6,1,0,0.822,0.005,-0.0051,37.5666
3011,872616,545.35,144,1024,100.0,6,1,0,0.789,0.005,-0.0051,37.5666
3012,872664,490.16,224,1024,100.0,6,1,0,0.82,0.005,-0.0051,37.5666
3013,872928,501.68,222,1024,100.0,6,1,0,0.916,0.005,-0.0051,37.5666
3014,873160,489.74,136,1019,99.5,6,1,0,1.456,0.005,-0.0051,37.5666
3015,873496,471.45,225,1023,99.9,6,1,0,0.837,0.005,-0.0051,37.5666
3016,873584,436.58,264,1021,99.7,6,1,0,1.09,0.005,-0.0051,37.5666
3017,873728,513.31,139,1019,99.5,6,1,0,1.109,0.005,-0.0051,37.5666
3018,873752,484.04,136,1020,99.6,6,1,0,1.039,0.005,-0.0051,37.5666
3019,874024,456.28,227,1022,99.8,6,1,0,0.722,0.005,-0.0051,37.5666
3020,874568,471.86,134,1017,99.3,6,1,0,1.293,0.005,-0.0051,37.5666
3021,874688,462.08,220,1024,100.0,6,1,0,0.878,0.005,-0.0051,37.5666
3022,874704,474.21,287,1023,99.9,6,1,0,1.359,0.005,-0.0051,37.5666
3023,874776,522.67,131,1024,100.0,6,1,0,0.753,0.005,-0.0051,37.5666
3024,875208,429.24,256,1016,99.2,6,1,0,1.137,0.005,-0.0051,37.5666
3025,875664,436.9,260,1021,99.7,6,1,0,0.974,0.005,-0.0051,37.5666
3026,875704,501.45,142,1018,99.4,6,1,0,1.222,0.005,-0.0051,37.5666
3027,875864,454.73,264,1019,99.5,6,1,0,1.237,0.005,-0.0051,37.5666
3028,876112,435.2,261,1021,99.7,6,1,0,1.229,0.005,-0.0051,37.5666
3029,876528,484.53,228,1021,99.7,6,1,0,0.85,0.005,-0.0051,37.5666
3030,876760,489.73,137,1018,99.4,6,1,0,1.363,0.005,-0.0048,57.7886
3031,876824,498.3,140,1016,99.2,6,1,0,1.316,0.005,-0.0048,57.7886
3032,876880,464.36,274,1022,99.8,6,1,0,1.459,0.005,-0.0048,57.7886
3033,876960,451.67,273,1020,99.6,6,1,0,1.401,0.005,-0.0048,57.7886
3034,876992,490.74,223,1021,99.7,6,1,0,0.789,0.005,-0.0048,57.7886
3035,877656,504.19,141,1016,99.2,6,1,0,1.223,0.005,-0.0048,57.7886
3036,878016,440.71,269,1015,99.1,6,1,0,1.088,0.005,-0.0048,57.7886
3037,878104,507.21,139,1017,99.3,6,1,0,1.278,0.005,-0.0048,57.7886
3038,878168,484.36,257,1024,100.0,6,1,0,0.647,0.005,-0.0048,57.7886
3039,878936,415.85,264,1017,99.3,6,1,0,1.297,0.005,-0.0048,57.7886
3040,879000,443.43,280,1023,99.9,6,1,0,1.3,0.005,-0.0048,57.7886
3041,879016,417.81,267,1017,99.3,6,1,0,1.352,0.005,-0.0048,57.7886
3042,879192,436.99,279,1024,100.0,6,1,0,1.05,0.005,-0.0048,57.7886
3043,879216,475.49,131,1019,99.5,6,1,0,1.379,0.005,-0.0048,57.7886
3044,879784,427.5,266,1018,99.4,6,1,0,1.129,0.005,-0.0048,57.7886
3045,879912,473.88,226,1024,100.0,6,1,0,0.613,0.005,-0.0048,57.7886
3046,880096,537.08,137,1024,100.0,6,1,0,0.69,0.005,-0.0048,57.7886
3047,880296,542.57,138,1024,100.0,6,1,0,0.702,0.005,-0.0048,57.7886
3048,880312,530.67,137,1024,100.0,6,1,0,0.742,0.005,-0.0048,57.7886
3049,880400,455.42,298,1024,100.0,6,1,0,1.124,0.005,-0.0048,57.7886
3050,880512,459.83,197,1024,100.0,6,1,0,0.74,0.005,-0.0048,57.7886
3051,881000,546.42,136,1024,100.0,6,1,0,0.535,0.005,-0.0048,57.7886
3052,881184,489.44,136,1017,99.3,6,1,0,1.348,0.005,-0.0048,57.7886
3053,881256,456.17,280,1023,99.9,6,1,0,1.362,0.005,-0.0048,57.7886
3054,881400,483.54,136,1023,99.9,6,1,0,1.05,0.005,-0.0048,57.7886
3055,881656,456.38,234,1024,100.0,6,1,0,0.623,0.005,-0.0048,57.7886
3056,882112,538.54,139,1024,100.0,6,1,0,0.891,0.005,-0.0048,57.7886
3057,882256,480.84,232,1022,99.8,6,1,0,0.83,0.005,-0.0048,57.7886
3058,882304,471.3,224,1024,100.0,6,1,0,0.809,0.005,-0.0048,57.7886
3059,882472,456.86,272,1017,99.3,6,1,0,1.409,0.005,-0.0048,57.7886
3060,882520,503.9,140,1018,99.4,6,1,0,1.039,0.005,-0.0048,57.7886
3061,883248,435.45,258,1019,99.5,6,1,0,1.41,0.005,-0.0048,57.7886
3062,883320,457.33,258,1019,99.5,6,1,0,1.288,0.005,-0.0048,57.7886
3063,883408,531.21,138,1024,100.0,6,1,0,0.606,0.005,-0.0048,57.7886
3064,883480,497.46,228,1024,100.0,6,1,0,0.955,0.005,-0.0048,57.7886
3065,883656,504.38,142,1017,99.3,6,1,0,1.239,0.005,-0.0048,57.7886
3066,884280,453.97,271,1016,99.2,6,1,0,1.366,0.005,-0.0048,57.7886
3067,884336,533.85,136,1024,100.0,6,1,0,0.795,0.005,-0.0048,57.7886
3068,884608,455.18,294,1022,99.8,6,1,0,1.242,0.005,-0.0048,57.7886
3069,884712,493.38,132,1019,99.5,6,1,0,1.419,0.005,-0.0048,57.7886
3070,884744,471.96,284,1022,99.8,6,1,0,1.423,0.005,-0.0037,31.4127
3071,885008,454.75,211,1024,100.0,6,1,0,0.789,0.005,-0.0037,31.4127
3072,885216,462.3,226,1022,99.8,6,1,0,0.825,0.005,-0.0037,31.4127
3073,885408,492.66,134,1021,99.7,6,1,0,1.237,0.005,-0.0037,31.4127
3074,885640,474.81,270,1024,100.0,6,1,0,0.862,0.005,-0.0037,31.4127
3075,885848,530.88,138,1024,100.0,6,1,0,0.716,0.005,-0.0037,31.4127
3076,886352,507.28,142,1017,99.3,6,1,0,1.261,0.005,-0.0037,31.4127
3077,886456,454.68,272,1019,99.5,6,1,0,1.297,0.005,-0.0037,31.4127
3078,886520,479.26,226,1024,100.0,6,1,0,0.872,0.005,-0.0037,31.4127
3079,886992,455.3,298,1023,99.9,6,1,0,1.01,0.005,-0.0037,31.4127
3080,887200,466.78,274,1020,99.6,6,1,0,1.141,0.005,-0.0037,31.4127
3081,887512,418.23,263,1017,99.3,6,1,0,1.319,0.005,-0.0037,31.4127
3082,887632,545.03,139,1024,100.0,6,1,0,0.733,0.005,-0.0037,31.4127
3083,887648,453.29,251,1024,100.0,6,1,0,0.771,0.005,-0.0037,31.4127
3084,888168,416.04,290,1022,99.8,6,1,0,1.211,0.005,-0.0037,31.4127
3085,888200,476.12,231,1021,99.7,6,1,0,0.753,0.005,-0.0037,31.4127
3086,888328,495.38,141,1017,99.3,6,1,0,1.442,0.005,-0.0037,31.4127
3087,888536,41.2,46,245,23.9,1,0,1,0.188,0.005,-0.0037,31.4127
3088,888624,489.31,139,1018,99.4,6,1,0,1.294,0.005,-0.0037,31.4127
3089,888640,457.87,273,1021,99.7,6,1,0,1.587,0.005,-0.0037,31.4127
3090,888736,514.39,136,1024,100.0,6,1,0,0.441,0.005,-0.0037,31.4127
3091,888848,459.08,232,1022,99.8,6,1,0,0.787,0.005,-0.0037,31.4127
3092,889456,478.15,228,1023,99.9,6,1,0,0.843,0.005,-0.0037,31.4127
3093,889904,471.92,197,1024,100.0,6,1,0,0.564,0.005,-0.0037,31.4127
3094,890232,477.57,212,1024,100.0,6,1,0,0.81,0.005,-0.0037,31.4127
3095,890272,457.74,259,1024,100.0,6,1,0,0.676,0.005,-0.0037,31.4127
3096,890408,471.69,223,1023,99.9,6,1,0,0.675,0.005,-0.0037,31.4127
3097,890552,473.02,213,1024,100.0,6,1,0,0.834,0.005,-0.0037,31.4127
3098,890920,479.2,273,1018,99.4,6,1,0,1.305,0.005,-0.0037,31.4127
3099,891040,444.36,300,1019,99.5,6,1,0,1.369,0.005,-0.0037,31.4127
3100,891280,484.09,131,1020,99.6,6,1,0,1.396,0.005,-0.0037,31.4127
3101,891312,497.98,232,1024,100.0,6,1,0,0.847,0.005,-0.0037,31.4127
3102,891336,493.27,133,1018,99.4,6,1,0,1.234,0.005,-0.0037,31.4127
3103,891400,492.32,124,1024,100.0,6,1,0,0.904,0.005,-0.0037,31.4127
3104,891616,15.31,38,219,21.4,1,0,1,0.194,0.005,-0.0037,31.4127
3105,891800,589.72,156,1024,100.0,6,1,0,0.861,0.005,-0.0037,31.4127
3106,892024,483.52,138,1023,99.9,6,1,0,1.051,0.005,-0.0037,31.4127
3107,892112,436.24,276,1022,99.8,6,1,0,1.28,0.005,-0.0037,31.4127
3108,892144,527.65,138,1024,100.0,6,1,0,0.724,0.005,-0.0037,31.4127
3109,893064,487.17,130,1019,99.5,6,1,0,1.384,0.005,-0.004,53.1955
3110,893224,478.56,228,1023,99.9,6,1,0,0.627,0.005,-0.004,53.1955
3111,893472,460.25,274,1018,99.4,6,1,0,1.476,0.005,-0.004,53.1955
3112,893520,451.57,273,1020,99.6,6,1,0,1.178,0.005,-0.004,53.1955
3113,893840,484.49,216,1022,99.8,6,1,0,0.64,0.005,-0.004,53.1955
3114,893904,451.97,286,1023,99.9,6,1,0,1.526,0.005,-0.004,53.1955
3115,893912,436.67,264,1018,99.4,6,1,0,1.44,0.005,-0.004,53.1955
3116,894216,542.83,144,1024,100.0,6,1,0,0.774,0.005,-0.004,53.1955
3117,894288,525.27,133,1024,100.0,6,1,0,0.731,0.005,-0.004,53.1955
3118,894344,473.25,275,1020,99.6,6,1,0,1.252,0.005,-0.004,53.1955
3119,894584,495.61,139,1017,99.3,6,1,0,1.293,0.005,-0.004,53.1955
3120,894912,505.75,134,1024,100.0,6,1,0,0.621,0.005,-0.004,53.1955
3121,895016,492.82,138,1019,99.5,6,1,0,1.357,0.005,-0.004,53.1955
3122,895456,512.94,146,1018,99.4,6,1,0,1.242,0.005,-0.004,53.1955
3123,895648,522.63,133,1024,100.0,6,1,0,0.646,0.005,-0.004,53.1955
3124,895680,496.13,222,1024,100.0,6,1,0,0.849,0.005,-0.004,53.1955
3125,895792,449.57,284,1022,99.8,6,1,0,1.399,0.005,-0.004,53.1955
3126,895912,464.52,212,1023,99.9,6,1,0,0.535,0.005,-0.004,53.1955
3127,896072,484.18,132,1018,99.4,6,1,0,1.284,0.005,-0.004,53.1955
3128,896600,491.75,211,1023,99.9,6,1,0,0.843,0.005,-0.004,53.1955
3129,896672,451.19,291,1021,99.7,6,1,0,1.592,0.005,-0.004,53.1955
3130,897200,473.75,218,1024,100.0,6,1,0,0.716,0.005,-0.004,53.1955
3131,897400,483.9,215,1024,100.0,6,1,0,0.925,0.005,-0.004,53.1955
3132,897456,468.53,226,1023,99.9,6,1,0,0.895,0.005,-0.004,53.1955
3133,897544,523.22,219,1024,100.0,6,1,0,0.827,0.005,-0.004,53.1955
3134,897968,470.33,257,1024,100.0,6,1,0,0.797,0.005,-0.004,53.1955
3135,898304,440.91,279,1022,99.8,6,1,0,1.253,0.005,-0.004,53.1955
3136,898344,503.87,143,1017,99.3,6,1,0,1.195,0.005,-0.004,53.1955
3137,898640,531.34,137,1024,100.0,6,1,0,0.8,0.005,-0.004,53.1955
3138,898856,470.39,282,1023,99.9,6,1,0,1.347,0.005,-0.004,53.1955
3139,898856,444.44,273,1022,99.8,6,1,0,1.477,0.005,-0.004,53.1955
3140,899088,536.35,140,1024,100.0,6,1,0,0.701,0.005,-0.004,53.1955
3141,899248,477.71,231,1024,100.0,6,1,0,0.974,0.005,-0.004,53.1955
3142,899600,458.07,268,1016,99.2,6,1,0,1.082,0.005,-0.004,53.1955
3143,900064,524.44,151,1021,99.7,6,1,0,1.13,0.005,-0.004,53.1955
3144,900120,466.16,227,1023,99.9,6,1,0,0.752,0.005,-0.004,53.1955
3145,900128,510.17,130,1024,100.0,6,1,0,0.886,0.005,-0.004,53.1955
3146,900328,492.55,135,1018,99.4,6,1,0,1.36,0.005,-0.004,53.1955
3147,900488,441.75,268,1015,99.1,6,1,0,1.355,0.005,-0.004,53.1955
3148,900752,414.89,264,1018,99.4,6,1,0,1.391,0.005,-0.004,53.1955
3149,901136,467.95,285,1023,99.9,6,1,0,1.486,0.005,-0.0041,27.0833
3150,901184,480.25,132,1019,99.5,6,1,0,1.424,0.005,-0.0041,27.0833
3151,901320,-1.32,23,438,42.8,1,0,1,0.218,0.005,-0.0041,27.0833
3152,901432,539.65,138,1024,100.0,6,1,0,0.712,0.005,-0.0041,27.0833
3153,901568,434.41,246,1022,99.8,6,1,0,1.338,0.005,-0.0041,27.0833
3154,901808,464.96,218,1021,99.7,6,1,0,0.737,0.005,-0.0041,27.0833
3155,902240,493.87,219,1024,100.0,6,1,0,1.028,0.005,-0.0041,27.0833
3156,902512,478.63,299,1024,100.0,6,1,0,0.693,0.005,-0.0041,27.0833
3157,902624,507.32,234,1024,100.0,6,1,0,0.653,0.005,-0.0041,27.0833
3158,903080,494.97,220,1024,100.0,6,1,0,0.909,0.005,-0.0041,27.0833
3159,903216,510.39,223,1024,100.0,6,1,0,0.902,0.005,-0.0041,27.0833
3160,903392,511.39,228,1023,99.9,6,1,0,0.839,0.005,-0.0041,27.0833
3161,903736,477.26,319,1024,100.0,6,1,0,0.581,0.005,-0.0041,27.0833
3162,903968,467.7,270,1020,99.6,6,1,0,1.017,0.005,-0.0041,27.0833
3163,904440,472.49,131,1020,99.6,6,1,0,1.281,0.005,-0.0041,27.0833
3164,904480,480.11,232,1024,100.0,6,1,0,0.994,0.005,-0.0041,27.0833
3165,904536,457.33,287,1023,99.9,6,1,0,1.242,0.005,-0.0041,27.0833
3166,904536,510.18,253,1024,100.0,6,1,0,0.522,0.005,-0.0041,27.0833
3167,905344,483.84,283,1023,99.9,6,1,0,1.379,0.005,-0.0041,27.0833
3168,905352,461.63,267,1020,99.6,6,1,0,1.033,0.005,-0.0041,27.0833
3169,905544,468.47,226,1024,100.0,6,1,0,1.083,0.005,-0.0041,27.0833
3170,905752,518.04,164,1024,100.0,6,1,0,0.812,0.005,-0.0041,27.0833
3171,905792,486.19,228,1024,100.0,6,1,0,0.796,0.005,-0.0041,27.0833
3172,906512,506.74,146,1017,99.3,6,1,0,0.985,0.005,-0.0041,27.0833
3173,906728,463.05,274,1018,99.4,6,1,0,0.981,0.005,-0.0041,27.0833
3174,906768,468.44,279,1023,99.9,6,1,0,1.055,0.005,-0.0041,27.0833
3175,906960,578.09,151,1024,100.0,6,1,0,0.534,0.005,-0.0041,27.0833
3176,907232,467.84,235,1024,100.0,6,1,0,0.658,0.005,-0.0041,27.0833
3177,907344,533.94,358,1024,100.0,6,1,0,0.966,0.005,-0.0041,27.0833
3178,907616,457.21,259,1020,99.6,6,1,0,1.616,0.005,-0.0041,27.0833
3179,907704,542.28,149,1024,100.0,6,1,0,0.768,0.005,-0.0041,27.0833
3180,907960,523.96,154,1023,99.9,6,1,0,1.324,0.005,-0.0041,27.0833
3181,908736,471.54,140,1019,99.5,6,1,0,1.221,0.005,-0.0041,27.0833
3182,908792,516.51,229,1023,99.9,6,1,0,0.884,0.005,-0.0041,27.0833
3183,909024,25.34,29,220,21.5,1,0,1,0.178,0.005,-0.0041,27.0833
3184,909104,487.0,234,1024,100.0,6,1,0,0.808,0.005,-0.0041,27.0833
3185,909152,489.78,226,1024,100.0,6,1,0,1.112,0.005,-0.0041,27.0833
3186,909152,446.05,420,1023,99.9,6,1,0,1.371,0.005,-0.0041,27.0833
3187,909240,473.53,309,1023,99.9,6,1,0,1.63,0.005,-0.0041,27.0833
3188,909464,473.87,220,1024,100.0,6,1,0,0.643,0.005,-0.0045,63.2287
3189,909792,493.34,229,1024,100.0,6,1,0,0.896,0.005,-0.0045,63.2287
3190,909880,548.24,143,1024,100.0,6,1,0,0.511,0.005,-0.0045,63.2287
3191,910200,532.89,147,1024,100.0,6,1,0,0.789,0.005,-0.0045,63.2287
3192,910416,512.93,147,1020,99.6,6,1,0,1.33,0.005,-0.0045,63.2287
3193,910520,481.38,132,1021,99.7,6,1,0,1.321,0.005,-0.0045,63.2287
3194,910832,474.12,210,1023,99.9,6,1,0,0.645,0.005,-0.0045,63.2287
3195,911000,481.19,231,1024,100.0,6,1,0,0.867,0.005,-0.0045,63.2287
3196,911040,488.45,145,1017,99.3,6,1,0,1.211,0.005,-0.0045,63.2287
3197,911312,459.58,276,1022,99.8,6,1,0,1.243,0.005,-0.0045,63.2287
3198,911944,448.8,269,1017,99.3,6,1,0,1.176,0.005,-0.0045,63.2287
3199,912008,506.53,147,1020,99.6,6,1,0,1.391,0.005,-0.0045,63.2287
3200,912040,464.75,230,1024,100.0,6,1,0,0.73,0.005,-0.0045,63.2287
3201,912376,477.69,232,1024,100.0,6,1,0,0.639,0.005,-0.0045,63.2287
3202,912560,467.72,268,1016,99.2,6,1,0,1.444,0.005,-0.0045,63.2287
3203,912648,528.35,201,1024,100.0,6,1,0,0.682,0.005,-0.0045,63.2287
3204,913080,491.5,221,1023,99.9,6,1,0,0.662,0.005,-0.0045,63.2287
3205,913128,503.62,140,1018,99.4,6,1,0,1.257,0.005,-0.0045,63.2287
3206,913536,548.3,145,1024,100.0,6,1,0,0.867,0.005,-0.0045,63.2287
3207,913752,453.32,226,1024,100.0,6,1,0,0.903,0.005,-0.0045,63.2287
3208,914112,428.34,259,1017,99.3,6,1,0,1.213,0.005,-0.0045,63.2287
3209,914192,486.51,139,1021,99.7,6,1,0,1.205,0.005,-0.0045,63.2287
3210,914248,477.81,406,1024,100.0,6,1,0,1.322,0.005,-0.0045,63.2287
3211,914456,483.68,237,1024,100.0,6,1,0,0.768,0.005,-0.0045,63.2287
3212,914496,492.67,231,1023,99.9,6,1,0,0.659,0.005,-0.0045,63.2287
3213,915032,471.38,238,1024,100.0,6,1,0,0.788,0.005,-0.0045,63.2287
3214,915184,492.76,134,1021,99.7,6,1,0,0.984,0.005,-0.0045,63.2287
3215,915584,480.29,229,1023,99.9,6,1,0,0.839,0.005,-0.0045,63.2287
3216,915728,438.82,274,1022,99.8,6,1,0,1.273,0.005,-0.0045,63.2287
3217,916288,460.08,262,1018,99.4,6,1,0,1.281,0.005,-0.0045,63.2287
3218,916528,462.04,285,1022,99.8,6,1,0,1.285,0.005,-0.0045,63.2287
3219,916664,463.16,271,1015,99.1,6,1,0,1.138,0.005,-0.0045,63.2287
3220,916664,444.06,276,1020,99.6,6,1,0,1.432,0.005,-0.0045,63.2287
3221,916832,463.84,225,1023,99.9,6,1,0,0.864,0.005,-0.0045,63.2287
3222,917000,496.38,227,1023,99.9,6,1,0,0.725,0.005,-0.0045,63.2287
3223,917544,495.37,227,1024,100.0,6,1,0,0.878,0.005,-0.0065,57.1867
3224,917648,527.96,140,1024,100.0,6,1,0,0.657,0.005,-0.0065,57.1867
3225,917784,501.5,140,1017,99.3,6,1,0,1.213,0.005,-0.0065,57.1867
3226,917896,523.25,289,1024,100.0,6,1,0,0.732,0.005,-0.0065,57.1867
3227,918080,486.34,224,1022,99.8,6,1,0,0.693,0.005,-0.0065,57.1867
3228,918816,490.94,227,1022,99.8,6,1,0,0.823,0.005,-0.0065,57.1867
3229,918888,464.7,278,1023,99.9,6,1,0,1.329,0.005,-0.0065,57.1867
3230,919008,460.64,272,1019,99.5,6,1,0,1.178,0.005,-0.0065,57.1867
3231,919232,519.26,144,1017,99.3,6,1,0,1.211,0.005,-0.0065,57.1867
3232,919488,463.73,230,1024,100.0,6,1,0,0.944,0.005,-0.0065,57.1867
3233,919600,460.13,257,1019,99.5,6,1,0,1.67,0.005,-0.0065,57.1867
3234,919776,471.79,235,1024,100.0,6,1,0,0.808,0.005,-0.0065,57.1867
3235,919928,507.76,268,1024,100.0,6,1,0,0.527,0.005,-0.0065,57.1867
3236,920648,490.92,220,1023,99.9,6,1,0,0.621,0.005,-0.0065,57.1867
3237,920688,499.85,234,1024,100.0,6,1,0,0.708,0.005,-0.0065,57.1867
3238,920776,485.19,221,1023,99.9,6,1,0,0.736,0.005,-0.0065,57.1867
3239,920864,498.54,136,1019,99.5,6,1,0,1.218,0.005,-0.0065,57.1867
3240,920904,487.26,209,1024,100.0,6,1,0,0.735,0.005,-0.0065,57.1867
3241,921128,541.91,150,1023,99.9,6,1,0,0.581,0.005,-0.0065,57.1867
3242,921344,499.63,218,1024,100.0,6,1,0,0.675,0.005,-0.0065,57.1867
3243,921632,464.4,268,1020,99.6,6,1,0,1.276,0.005,-0.0065,57.1867
3244,921792,486.17,143,1015,99.1,6,1,0,1.27,0.005,-0.0065,57.1867
3245,922512,492.11,228,1024,100.0,6,1,0,0.895,0.005,-0.0065,57.1867
3246,922616,487.48,230,1024,100.0,6,1,0,0.844,0.005,-0.0065,57.1867
3247,922688,467.58,228,1023,99.9,6,1,0,0.916,0.005,-0.0065,57.1867
3248,922848,445.11,188,1024,100.0,6,1,0,0.637,0.005,-0.0065,57.1867
3249,923000,475.24,262,1024,100.0,6,1,0,0.616,0.005,-0.0065,57.1867
3250,923240,483.03,264,1024,100.0,6,1,0,0.742,0.005,-0.0065,57.1867
3251,923656,533.98,143,1024,100.0,6,1,0,0.868,0.005,-0.0065,57.1867
3252,923744,463.54,264,1017,99.3,6,1,0,1.301,0.005,-0.0065,57.1867
3253,923896,456.67,263,1024,100.0,6,1,0,0.911,0.005,-0.0065,57.1867
3254,924440,493.52,228,1024,100.0,6,1,0,0.765,0.005,-0.0065,57.1867
3255,924688,499.09,230,1023,99.9,6,1,0,0.745,0.005,-0.0065,57.1867
3256,924808,467.85,265,1022,99.8,6,1,0,1.147,0.005,-0.0065,57.1867
3257,924944,525.65,131,1024,100.0,6,1,0,0.657,0.005,-0.0065,57.1867
3258,925328,467.69,291,1023,99.9,6,1,0,1.151,0.005,-0.0065,57.1867
3259,925440,428.15,275,1018,99.4,6,1,0,1.143,0.005,-0.0065,57.1867
3260,925480,464.62,228,1023,99.9,6,1,0,0.861,0.005,-0.0065,57.1867
3261,925576,487.07,229,1023,99.9,6,1,0,0.641,0.005,-0.0065,57.1867
3262,925832,535.71,143,1023,99.9,6,1,0,0.453,0.005,-0.0039,43.4429
3263,925952,517.49,143,1024,100.0,6,1,0,0.417,0.005,-0.0039,43.4429
3264,926024,497.35,135,1024,100.0,6,1,0,0.542,0.005,-0.0039,43.4429
3265,926232,486.81,224,1024,100.0,6,1,0,0.724,0.005,-0.0039,43.4429
3266,926680,492.72,138,1017,99.3,6,1,0,1.396,0.005,-0.0039,43.4429
3267,927160,496.01,229,1023,99.9,6,1,0,0.749,0.005,-0.0039,43.4429
3268,927232,481.46,219,1022,99.8,6,1,0,0.62,0.005,-0.0039,43.4429
3269,927456,433.24,252,1020,99.6,6,1,0,1.487,0.005,-0.0039,43.4429
3270,927648,464.11,203,1023,99.9,6,1,0,0.969,0.005,-0.0039,43.4429
3271,927688,473.67,232,1024,100.0,6,1,0,0.617,0.005,-0.0039,43.4429
3272,927800,502.35,231,1024,100.0,6,1,0,1.063,0.005,-0.0039,43.4429
3273,927936,470.56,213,1023,99.9,6,1,0,0.706,0.005,-0.0039,43.4429
3274,928344,550.44,148,1024,100.0,6,1,0,0.602,0.005,-0.0039,43.4429
3275,928480,486.69,225,1023,99.9,6,1,0,0.904,0.005,-0.0039,43.4429
3276,928880,585.63,206,1024,100.0,6,1,0,0.821,0.005,-0.0039,43.4429
3277,928968,546.96,146,1024,100.0,6,1,0,0.427,0.005,-0.0039,43.4429
3278,929280,472.02,228,1024,100.0,6,1,0,0.946,0.005,-0.0039,43.4429
3279,929456,495.48,226,1024,100.0,6,1,0,1.046,0.005,-0.0039,43.4429
3280,929824,437.42,267,1020,99.6,6,1,0,1.165,0.005,-0.0039,43.4429
3281,930216,471.86,234,1024,100.0,6,1,0,0.872,0.005,-0.0039,43.4429
3282,930232,492.86,219,1022,99.8,6,1,0,0.441,0.005,-0.0039,43.4429
3283,930776,478.63,226,1024,100.0,6,1,0,0.951,0.005,-0.0039,43.4429
3284,931048,583.73,153,1024,100.0,6,1,0,0.665,0.005,-0.0039,43.4429
3285,931048,467.89,271,1017,99.3,6,1,0,1.275,0.005,-0.0039,43.4429
3286,931136,474.91,400,1024,100.0,6,1,0,0.846,0.005,-0.0039,43.4429
3287,931304,473.56,231,1023,99.9,6,1,0,0.742,0.005,-0.0039,43.4429
3288,932096,510.17,131,1024,100.0,6,1,0,0.858,0.005,-0.0039,43.4429
3289,932320,424.79,261,1023,99.9,6,1,0,1.2,0.005,-0.0039,43.4429
3290,932544,432.47,408,1024,100.0,6,1,0,0.856,0.005,-0.0039,43.4429
3291,932608,475.12,229,1024,100.0,6,1,0,0.699,0.005,-0.0039,43.4429
3292,932872,496.57,228,1022,99.8,6,1,0,0.689,0.005,-0.0039,43.4429
3293,933208,492.47,139,1022,99.8,6,1,0,1.4,0.005,-0.0039,43.4429
3294,933304,448.33,271,1021,99.7,6,1,0,1.338,0.005,-0.0039,43.4429
3295,933440,436.56,403,1024,100.0,6,1,0,1.388,0.005,-0.0039,43.4429
3296,933440,436.29,267,1021,99.7,6,1,0,0.94,0.005,-0.0039,43.4429
3297,933976,527.3,138,1024,100.0,6,1,0,0.715,0.005,-0.0054,50.6414
3298,934320,481.6,222,1024,100.0,6,1,0,0.797,0.005,-0.0054,50.6414
3299,934408,531.23,138,1024,100.0,6,1,0,0.587,0.005,-0.0054,50.6414
3300,934440,418.44,265,1018,99.4,6,1,0,1.069,0.005,-0.0054,50.6414
3301,934528,536.96,136,1024,100.0,6,1,0,0.637,0.005,-0.0054,50.6414
3302,934664,434.88,257,1022,99.8,6,1,0,1.24,0.005,-0.0054,50.6414
3303,935304,456.48,262,1017,99.3,6,1,0,1.18,0.005,-0.0054,50.6414
3304,935376,503.85,132,1024,100.0,6,1,0,0.702,0.005,-0.0054,50.6414
3305,935528,474.42,136,1017,99.3,6,1,0,1.107,0.005,-0.0054,50.6414
3306,935584,520.08,132,1024,100.0,6,1,0,0.845,0.005,-0.0054,50.6414
3307,935648,453.65,276,1021,99.7,6,1,0,1.18,0.005,-0.0054,50.6414
3308,935736,508.3,220,1024,100.0,6,1,0,0.921,0.005,-0.0054,50.6414
3309,935736,477.76,134,1018,99.4,6,1,0,1.258,0.005,-0.0054,50.6414
3310,936488,512.52,148,1017,99.3,6,1,0,0.952,0.005,-0.0054,50.6414
3311,936496,425.69,261,1020,99.6,6,1,0,1.58,0.005,-0.0054,50.6414
3312,936592,500.06,133,1024,100.0,6,1,0,0.583,0.005,-0.0054,50.6414
3313,936872,554.84,161,1024,100.0,6,1,0,0.752,0.005,-0.0054,50.6414
3314,936896,563.39,145,1024,100.0,6,1,0,0.704,0.005,-0.0054,50.6414
3315,937096,488.32,215,1024,100.0,6,1,0,0.771,0.005,-0.0054,50.6414
3316,937480,476.01,218,1024,100.0,6,1,0,0.851,0.005,-0.0054,50.6414
3317,937704,492.51,139,1017,99.3,6,1,0,1.178,0.005,-0.0054,50.6414
3318,937840,472.2,274,1022,99.8,6,1,0,1.317,0.005,-0.0054,50.6414
3319,938192,492.53,137,1021,99.7,6,1,0,1.039,0.005,-0.0054,50.6414
3320,938280,476.67,224,1021,99.7,6,1,0,0.814,0.005,-0.0054,50.6414
3321,938336,490.32,230,1023,99.9,6,1,0,0.96,0.005,-0.0054,50.6414
3322,939008,444.26,264,1019,99.5,6,1,0,1.267,0.005,-0.0054,50.6414
3323,939016,503.73,147,1017,99.3,6,1,0,1.147,0.005,-0.0054,50.6414
3324,939120,478.09,281,1022,99.8,6,1,0,1.113,0.005,-0.0054,50.6414
3325,939600,446.85,265,1016,99.2,6,1,0,1.414,0.005,-0.0054,50.6414
3326,939752,444.67,256,1019,99.5,6,1,0,1.602,0.005,-0.0054,50.6414
3327,940048,504.65,232,1022,99.8,6,1,0,0.938,0.005,-0.0054,50.6414
3328,940136,487.85,232,1024,100.0,6,1,0,0.913,0.005,-0.0054,50.6414
3329,940400,444.08,258,1019,99.5,6,1,0,1.452,0.005,-0.0054,50.6414
3330,941040,452.07,254,1020,99.6,6,1,0,1.402,0.005,-0.0054,50.6414
3331,941080,469.92,258,1020,99.6,6,1,0,1.142,0.005,-0.0054,50.6414
3332,941160,450.73,255,1021,99.7,6,1,0,1.367,0.005,-0.0054,50.6414
3333,941728,430.52,266,1019,99.5,6,1,0,1.304,0.005,-0.0054,50.6414
3334,941840,462.07,224,1022,99.8,6,1,0,0.865,0.005,-0.0054,50.6414
3335,941880,452.37,266,1018,99.4,6,1,0,1.478,0.005,-0.0054,50.6414
3336,941960,484.98,228,1022,99.8,6,1,0,0.925,0.005,-0.0054,50.6414
3337,942168,461.01,221,1024,100.0,6,1,0,0.789,0.005,-0.0031,26.7308
3338,942304,509.97,143,1018,99.4,6,1,0,1.068,0.005,-0.0031,26.7308
3339,942832,479.25,224,1024,100.0,6,1,0,0.728,0.005,-0.0031,26.7308
3340,942952,478.56,234,1024,100.0,6,1,0,0.738,0.005,-0.0031,26.7308
3341,943328,497.75,145,1017,99.3,6,1,0,1.415,0.005,-0.0031,26.7308
3342,943888,471.98,132,1018,99.4,6,1,0,1.119,0.005,-0.0031,26.7308
3343,943896,463.63,257,1021,99.7,6,1,0,1.284,0.005,-0.0031,26.7308
3344,943912,466.96,254,1019,99.5,6,1,0,1.146,0.005,-0.0031,26.7308
3345,943984,433.22,253,1019,99.5,6,1,0,1.17,0.005,-0.0031,26.7308
3346,944024,440.1,287,1024,100.0,6,1,0,0.918,0.005,-0.0031,26.7308
3347,944064,506.14,220,1022,99.8,6,1,0,0.968,0.005,-0.0031,26.7308
3348,944936,430.82,248,1022,99.8,6,1,0,1.328,0.005,-0.0031,26.7308
3349,944944,486.98,132,1019,99.5,6,1,0,1.641,0.005,-0.0031,26.7308
3350,944992,501.83,137,1020,99.6,6,1,0,1.197,0.005,-0.0031,26.7308
3351,945328,448.44,250,1022,99.8,6,1,0,1.26,0.005,-0.0031,26.7308
3352,945792,476.02,216,1023,99.9,6,1,0,0.874,0.005,-0.0031,26.7308
3353,945880,511.01,232,1024,100.0,6,1,0,0.96,0.005,-0.0031,26.7308
3354,945952,441.88,255,1021,99.7,6,1,0,1.208,0.005,-0.0031,26.7308
3355,946040,462.7,257,1020,99.6,6,1,0,1.37,0.005,-0.0031,26.7308
3356,946640,458.94,212,1024,100.0,6,1,0,0.971,0.005,-0.0031,26.7308
3357,946984,537.05,138,1024,100.0,6,1,0,0.717,0.005,-0.0031,26.7308
3358,947040,465.11,263,1018,99.4,6,1,0,1.32,0.005,-0.0031,26.7308
3359,947128,484.01,136,1020,99.6,6,1,0,0.992,0.005,-0.0031,26.7308
3360,947208,462.13,277,1020,99.6,6,1,0,1.072,0.005,-0.0031,26.7308
3361,947256,476.12,241,1024,100.0,6,1,0,0.891,0.005,-0.0031,26.7308
3362,947784,490.42,229,1024,100.0,6,1,0,1.043,0.005,-0.0031,26.7308
3363,947832,429.33,255,1021,99.7,6,1,0,1.363,0.005,-0.0031,26.7308
3364,948032,522.04,131,1024,100.0,6,1,0,0.824,0.005,-0.0031,26.7308
3365,948328,510.4,140,1020,99.6,6,1,0,1.04,0.005,-0.0031,26.7308
3366,948488,475.95,231,1021,99.7,6,1,0,0.93,0.005,-0.0031,26.7308
3367,948888,451.24,220,1022,99.8,6,1,0,1.014,0.005,-0.0031,26.7308
3368,948896,459.91,205,1024,100.0,6,1,0,0.648,0.005,-0.0031,26.7308
3369,949168,468.24,266,1018,99.4,6,1,0,1.243,0.005,-0.0031,26.7308
3370,949320,87.74,54,485,47.4,2,0,1,0.17,0.005,-0.0031,26.7308
3371,949536,478.76,213,1023,99.9,6,1,0,0.61,0.005,-0.0031,26.7308
3372,949872,474.12,230,1024,100.0,6,1,0,1.008,0.005,-0.0031,26.7308
3373,949976,472.33,274,1023,99.9,6,1,0,1.227,0.005,-0.0031,26.7308
3374,950384,441.93,257,1023,99.9,6,1,0,1.135,0.005,-0.0041,38.4387
3375,950544,435.17,257,1020,99.6,6,1,0,1.355,0.005,-0.0041,38.4387
3376,950632,483.83,137,1019,99.5,6,1,0,1.422,0.005,-0.0041,38.4387
3377,950712,488.16,227,1024,100.0,6,1,0,1.078,0.005,-0.0041,38.4387
3378,950992,458.3,140,1024,100.0,6,1,0,0.801,0.005,-0.0041,38.4387
3379,951096,501.3,140,1021,99.7,6,1,0,0.954,0.005,-0.0041,38.4387
3380,951248,425.22,241,1023,99.9,6,1,0,1.459,0.005,-0.0041,38.4387
3381,951272,450.27,263,1018,99.4,6,1,0,1.402,0.005,-0.0041,38.4387
3382,951696,525.2,133,1024,100.0,6,1,0,0.826,0.005,-0.0041,38.4387
3383,952112,483.7,140,1020,99.6,6,1,0,1.195,0.005,-0.0041,38.4387
3384,952304,475.01,129,1020,99.6,6,1,0,1.347,0.005,-0.0041,38.4387
3385,952512,465.25,266,1017,99.3,6,1,0,1.34,0.005,-0.0041,38.4387
3386,952584,438.14,255,1020,99.6,6,1,0,1.489,0.005,-0.0041,38.4387
3387,952704,420.49,249,1022,99.8,6,1,0,1.147,0.005,-0.0041,38.4387
3388,952880,550.42,148,1024,100.0,6,1,0,0.603,0.005,-0.0041,38.4387
3389,953176,450.8,260,1019,99.5,6,1,0,1.105,0.005,-0.0041,38.4387
3390,953328,457.3,260,1019,99.5,6,1,0,1.471,0.005,-0.0041,38.4387
3391,953416,489.33,139,1020,99.6,6,1,0,1.012,0.005,-0.0041,38.4387
3392,953984,486.26,138,1018,99.4,6,1,0,1.618,0.005,-0.0041,38.4387
3393,954200,449.99,261,1022,99.8,6,1,0,1.18,0.005,-0.0041,38.4387
3394,954352,458.98,206,1024,100.0,6,1,0,0.599,0.005,-0.0041,38.4387
3395,954584,447.96,250,1020,99.6,6,1,0,1.328,0.005,-0.0041,38.4387
3396,954648,456.13,267,1019,99.5,6,1,0,1.149,0.005,-0.0041,38.4387
3397,955152,480.33,217,1023,99.9,6,1,0,0.761,0.005,-0.0041,38.4387
3398,955192,493.15,233,1024,100.0,6,1,0,0.705,0.005,-0.0041,38.4387
3399,955368,456.79,274,1022,99.8,6,1,0,1.319,0.005,-0.0041,38.4387
3400,955536,457.61,148,1024,100.0,6,1,0,0.516,0.005,-0.0041,38.4387
3401,955648,525.85,133,1024,100.0,6,1,0,0.715,0.005,-0.0041,38.4387
3402,955664,470.59,210,1023,99.9,6,1,0,1.024,0.005,-0.0041,38.4387
3403,955704,529.1,132,1024,100.0,6,1,0,0.749,0.005,-0.0041,38.4387
3404,955976,481.36,222,1024,100.0,6,1,0,0.851,0.005,-0.0041,38.4387
3405,956240,480.01,136,1016,99.2,6,1,0,1.355,0.005,-0.0041,38.4387
3406,956464,531.6,137,1024,100.0,6,1,0,0.679,0.005,-0.0041,38.4387
3407,956848,506.95,143,1020,99.6,6,1,0,1.127,0.005,-0.0041,38.4387
3408,957304,462.09,207,1024,100.0,6,1,0,0.786,0.005,-0.0041,38.4387
3409,957304,459.55,264,1017,99.3,6,1,0,1.152,0.005,-0.0041,38.4387
3410,957328,543.0,136,1024,100.0,6,1,0,0.696,0.005,-0.0041,38.4387
3411,957352,488.99,211,1024,100.0,6,1,0,0.838,0.005,-0.0041,38.4387
3412,957592,484.89,202,1024,100.0,6,1,0,0.66,0.005,-0.0041,38.4387
3413,957632,474.67,262,1020,99.6,6,1,0,1.355,0.005,-0.0041,38.4387
3414,957936,474.64,136,1019,99.5,6,1,0,1.314,0.005,-0.0041,38.4387
3415,958240,454.31,222,1019,99.5,6,1,0,0.95,0.005,-0.0041,38.4387
3416,958440,492.81,136,1019,99.5,6,1,0,1.361,0.005,-0.0041,38.4387
3417,958744,492.71,139,1016,99.2,6,1,0,1.341,0.005,-0.0029,22.3226
3418,959064,464.68,217,1024,100.0,6,1,0,0.876,0.005,-0.0029,22.3226
3419,959072,474.83,221,1024,100.0,6,1,0,0.866,0.005,-0.0029,22.3226
3420,959168,483.72,233,1024,100.0,6,1,0,0.602,0.005,-0.0029,22.3226
3421,959688,482.16,219,1024,100.0,6,1,0,0.648,0.005,-0.0029,22.3226
3422,959728,430.78,267,1018,99.4,6,1,0,1.092,0.005,-0.0029,22.3226
3423,959872,545.36,141,1024,100.0,6,1,0,0.826,0.005,-0.0029,22.3226
3424,960216,494.61,247,1024,100.0,6,1,0,0.749,0.005,-0.0029,22.3226
3425,960248,482.59,226,1023,99.9,6,1,0,0.511,0.005,-0.0029,22.3226
3426,960760,521.83,134,1024,100.0,6,1,0,0.805,0.005,-0.0029,22.3226
3427,960936,553.2,151,1024,100.0,6,1,0,0.595,0.005,-0.0029,22.3226
3428,960960,483.76,224,1024,100.0,6,1,0,0.874,0.005,-0.0029,22.3226
3429,961128,454.06,257,1020,99.6,6,1,0,1.474,0.005,-0.0029,22.3226
3430,961208,434.82,268,1015,99.1,6,1,0,1.324,0.005,-0.0029,22.3226
3431,961856,514.89,137,1024,100.0,6,1,0,0.45,0.005,-0.0029,22.3226
3432,962016,484.82,221,1023,99.9,6,1,0,0.756,0.005,-0.0029,22.3226
3433,962096,463.72,278,1022,99.8,6,1,0,1.312,0.005,-0.0029,22.3226
3434,962112,553.73,147,1024,100.0,6,1,0,0.566,0.005,-0.0029,22.3226
3435,962416,457.05,275,1024,100.0,6,1,0,1.463,0.005,-0.0029,22.3226
3436,963136,498.4,140,1024,100.0,6,1,0,1.0,0.005,-0.0029,22.3226
3437,963152,448.06,274,1019,99.5,6,1,0,1.183,0.005,-0.0029,22.3226
3438,963176,489.81,133,1020,99.6,6,1,0,1.208,0.005,-0.0029,22.3226
3439,963320,456.48,274,1016,99.2,6,1,0,1.272,0.005,-0.0029,22.3226
3440,963400,450.95,274,1022,99.8,6,1,0,1.218,0.005,-0.0029,22.3226
3441,963856,478.46,220,1022,99.8,6,1,0,0.662,0.005,-0.0029,22.3226
3442,964216,474.34,225,1023,99.9,6,1,0,1.086,0.005,-0.0029,22.3226
3443,964248,495.58,139,1017,99.3,6,1,0,1.16,0.005,-0.0029,22.3226
3444,964264,549.05,139,1024,100.0,6,1,0,0.789,0.005,-0.0029,22.3226
3445,964488,483.62,136,1020,99.6,6,1,0,1.221,0.005,-0.0029,22.3226
3446,964640,12.09,19,233,22.8,1,0,1,0.193,0.005,-0.0029,22.3226
3447,964944,475.78,221,1023,99.9,6,1,0,0.81,0.005,-0.0029,22.3226
3448,965056,446.53,400,1024,100.0,6,1,0,1.405,0.005,-0.0029,22.3226
3449,965400,453.98,260,1019,99.5,6,1,0,1.249,0.005,-0.0029,22.3226
3450,965624,472.71,221,1023,99.9,6,1,0,0.74,0.005,-0.0029,22.3226
3451,965944,499.62,216,1024,100.0,6,1,0,0.734,0.005,-0.0029,22.3226
3452,966064,502.39,225,1024,100.0,6,1,0,0.876,0.005,-0.0029,22.3226
3453,966136,518.19,135,1024,100.0,6,1,0,0.649,0.005,-0.0029,22.3226
3454,966424,473.58,272,1021,99.7,6,1,0,1.25,0.005,-0.0029,22.3226
3455,967048,478.98,206,1024,100.0,6,1,0,0.716,0.005,-0.0049,66.8594
3456,967064,554.96,140,1024,100.0,6,1,0,0.793,0.005,-0.0049,66.8594
3457,967224,448.13,285,1022,99.8,6,1,0,1.388,0.005,-0.0049,66.8594
3458,967256,515.32,327,1024,100.0,6,1,0,0.742,0.005,-0.0049,66.8594
3459,967312,544.96,156,1024,100.0,6,1,0,0.761,0.005,-0.0049,66.8594
3460,967464,513.16,130,1024,100.0,6,1,0,0.658,0.005,-0.0049,66.8594
3461,967760,451.69,267,1020,99.6,6,1,0,1.149,0.005,-0.0049,66.8594
3462,967968,470.07,229,1024,100.0,6,1,0,0.878,0.005,-0.0049,66.8594
3463,968112,525.88,133,1024,100.0,6,1,0,1.036,0.005,-0.0049,66.8594
3464,968280,8.74,21,225,22.0,1,0,1,0.104,0.005,-0.0049,66.8594
3465,968968,499.39,218,1024,100.0,6,1,0,0.87,0.005,-0.0049,66.8594
3466,969048,499.87,224,1022,99.8,6,1,0,0.65,0.005,-0.0049,66.8594
3467,969080,479.94,221,1023,99.9,6,1,0,0.849,0.005,-0.0049,66.8594
3468,969112,422.68,256,1019,99.5,6,1,0,1.412,0.005,-0.0049,66.8594
3469,969320,493.64,232,1024,100.0,6,1,0,0.874,0.005,-0.0049,66.8594
3470,969424,485.76,208,1024,100.0,6,1,0,0.523,0.005,-0.0049,66.8594
3471,970080,506.97,129,1024,100.0,6,1,0,0.776,0.005,-0.0049,66.8594
3472,970112,497.97,143,1014,99.0,6,1,0,1.242,0.005,-0.0049,66.8594
3473,970136,516.6,128,1024,100.0,6,1,0,0.819,0.005,-0.0049,66.8594
3474,970208,554.22,141,1024,100.0,6,1,0,0.675,0.005,-0.0049,66.8594
3475,970376,434.82,262,1018,99.4,6,1,0,1.473,0.005,-0.0049,66.8594
3476,970448,469.21,128,1021,99.7,6,1,0,1.068,0.005,-0.0049,66.8594
3477,970992,498.02,209,1024,100.0,6,1,0,0.869,0.005,-0.0049,66.8594
3478,971208,539.77,137,1024,100.0,6,1,0,0.903,0.005,-0.0049,66.8594
3479,971280,542.23,143,1024,100.0,6,1,0,0.707,0.005,-0.0049,66.8594
3480,971352,426.48,423,1024,100.0,6,1,0,1.344,0.005,-0.0049,66.8594
3481,971456,539.61,172,1024,100.0,6,1,0,1.057,0.005,-0.0049,66.8594
3482,972288,443.49,260,1022,99.8,6,1,0,1.108,0.005,-0.0049,66.8594
3483,972456,450.8,260,1019,99.5,6,1,0,1.303,0.005,-0.0049,66.8594
3484,972616,461.39,271,1016,99.2,6,1,0,1.375,0.005,-0.0049,66.8594
3485,972968,474.47,220,1024,100.0,6,1,0,0.833,0.005,-0.0049,66.8594
3486,973056,426.12,258,1020,99.6,6,1,0,1.245,0.005,-0.0049,66.8594
3487,973448,463.11,262,1018,99.4,6,1,0,1.484,0.005,-0.0049,66.8594
3488,973584,464.45,266,1020,99.6,6,1,0,1.002,0.005,-0.0049,66.8594
3489,973656,555.91,150,1024,100.0,6,1,0,0.777,0.005,-0.0049,66.8594
3490,974120,525.51,133,1024,100.0,6,1,0,0.618,0.005,-0.0049,66.8594
3491,974344,439.13,257,1019,99.5,6,1,0,1.307,0.005,-0.0049,66.8594
3492,974440,465.28,395,1023,99.9,6,1,0,1.445,0.005,-0.0049,66.8594
3493,974808,460.53,274,1020,99.6,6,1,0,1.116,0.005,-0.0049,66.8594
3494,975032,444.48,258,1020,99.6,6,1,0,1.221,0.005,-0.005,56.5991
3495,975360,488.16,213,1021,99.7,6,1,0,0.877,0.005,-0.005,56.5991
3496,975376,31.64,43,244,23.8,1,0,1,0.171,0.005,-0.005,56.5991
3497,975400,500.95,227,1024,100.0,6,1,0,1.006,0.005,-0.005,56.5991
3498,975440,492.7,137,1016,99.2,6,1,0,1.393,0.005,-0.005,56.5991
3499,975512,460.68,258,1023,99.9,6,1,0,1.103,0.005,-0.005,56.5991
3500,975840,497.58,215,1023,99.9,6,1,0,0.819,0.005,-0.005,56.5991
3501,976496,481.28,132,1019,99.5,6,1,0,1.344,0.005,-0.005,56.5991
3502,976528,433.85,261,1020,99.6,6,1,0,1.309,0.005,-0.005,56.5991
3503,976816,18.22,40,235,22.9,1,0,1,0.184,0.005,-0.005,56.5991
3504,976928,443.06,265,1021,99.7,6,1,0,1.13,0.005,-0.005,56.5991
3505,977224,501.54,214,1023,99.9,6,1,0,0.701,0.005,-0.005,56.5991
3506,977312,415.71,244,1023,99.9,6,1,0,1.313,0.005,-0.005,56.5991
3507,977384,419.02,248,1021,99.7,6,1,0,1.405,0.005,-0.005,56.5991
3508,977440,451.62,258,1019,99.5,6,1,0,1.249,0.005,-0.005,56.5991
3509,977864,433.36,253,1021,99.7,6,1,0,1.394,0.005,-0.005,56.5991
3510,978304,473.59,222,1022,99.8,6,1,0,0.946,0.005,-0.005,56.5991
3511,978912,449.41,248,1022,99.8,6,1,0,1.447,0.005,-0.005,56.5991
3512,978928,447.63,264,1021,99.7,6,1,0,1.008,0.005,-0.005,56.5991
3513,979016,500.76,144,1019,99.5,6,1,0,1.069,0.005,-0.005,56.5991
3514,979096,482.04,223,1024,100.0,6,1,0,0.821,0.005,-0.005,56.5991
3515,979304,477.98,233,1024,100.0,6,1,0,0.949,0.005,-0.005,56.5991
3516,979368,439.31,248,1021,99.7,6,1,0,1.574,0.005,-0.005,56.5991
3517,979384,477.5,270,1018,99.4,6,1,0,1.463,0.005,-0.005,56.5991
3518,979400,498.53,137,1017,99.3,6,1,0,1.265,0.005,-0.005,56.5991
3519,979464,9.26,20,233,22.8,1,0,1,0.197,0.005,-0.005,56.5991
3520,980736,498.26,228,1024,100.0,6,1,0,0.522,0.005,-0.005,56.5991
3521,980784,482.73,232,1024,100.0,6,1,0,0.787,0.005,-0.005,56.5991
3522,981096,469.14,260,1021,99.7,6,1,0,1.229,0.005,-0.005,56.5991
3523,981104,485.98,213,1023,99.9,6,1,0,0.846,0.005,-0.005,56.5991
3524,981120,423.62,253,1022,99.8,6,1,0,1.048,0.005,-0.005,56.5991
3525,981216,484.68,231,1024,100.0,6,1,0,1.037,0.005,-0.005,56.5991
3526,981528,448.51,258,1020,99.6,6,1,0,1.31,0.005,-0.005,56.5991
3527,981528,427.87,268,1018,99.4,6,1,0,1.076,0.005,-0.005,56.5991
3528,982168,531.49,131,1023,99.9,6,1,0,0.545,0.005,-0.005,56.5991
3529,982600,486.96,134,1021,99.7,6,1,0,1.187,0.005,-0.005,56.5991
3530,982632,470.03,231,1024,100.0,6,1,0,0.915,0.005,-0.005,56.5991
3531,982632,495.72,138,1020,99.6,6,1,0,1.152,0.005,-0.005,56.5991
3532,982640,476.53,238,1024,100.0,6,1,0,0.839,0.005,-0.005,56.5991
3533,982912,488.82,227,1023,99.9,6,1,0,0.835,0.005,-0.005,56.5991
3534,983232,444.12,266,1019,99.5,6,1,0,1.144,0.005,-0.005,70.9208
3535,983288,449.39,259,1024,100.0,6,1,0,0.873,0.005,-0.005,70.9208
3536,984272,462.03,204,1024,100.0,6,1,0,0.668,0.005,-0.005,70.9208
3537,984320,454.18,211,1024,100.0,6,1,0,0.906,0.005,-0.005,70.9208
3538,984352,473.5,215,1021,99.7,6,1,0,0.719,0.005,-0.005,70.9208
3539,984360,551.48,141,1024,100.0,6,1,0,0.723,0.005,-0.005,70.9208
3540,984432,478.85,229,1024,100.0,6,1,0,0.819,0.005,-0.005,70.9208
3541,984632,434.33,308,1016,99.2,6,1,0,1.261,0.005,-0.005,70.9208
3542,985320,420.55,254,1021,99.7,6,1,0,1.045,0.005,-0.005,70.9208
3543,985600,534.69,146,1024,100.0,6,1,0,0.97,0.005,-0.005,70.9208
3544,985944,472.32,209,1024,100.0,6,1,0,0.688,0.005,-0.005,70.9208
3545,986040,474.62,215,1024,100.0,6,1,0,0.583,0.005,-0.005,70.9208
3546,986112,472.82,220,1024,100.0,6,1,0,0.819,0.005,-0.005,70.9208
3547,986120,475.63,220,1023,99.9,6,1,0,0.707,0.005,-0.005,70.9208
3548,986136,472.83,403,1023,99.9,6,1,0,1.046,0.005,-0.005,70.9208
3549,986856,459.32,278,1022,99.8,6,1,0,0.929,0.005,-0.005,70.9208
3550,987008,493.07,133,1021,99.7,6,1,0,1.162,0.005,-0.005,70.9208
3551,987152,469.1,130,1019,99.5,6,1,0,1.544,0.005,-0.005,70.9208
3552,987240,504.12,138,1024,100.0,6,1,0,0.86,0.005,-0.005,70.9208
3553,987552,534.76,179,1024,100.0,6,1,0,0.94,0.005,-0.005,70.9208
3554,987704,443.53,263,1021,99.7,6,1,0,1.144,0.005,-0.005,70.9208
3555,988232,451.16,274,1018,99.4,6,1,0,1.22,0.005,-0.005,70.9208
3556,988528,450.93,401,1024,100.0,6,1,0,1.149,0.005,-0.005,70.9208
3557,988608,506.93,132,1024,100.0,6,1,0,0.517,0.005,-0.005,70.9208
3558,988720,14.55,24,219,21.4,1,0,1,0.137,0.005,-0.005,70.9208
3559,988960,406.65,244,1023,99.9,6,1,0,1.186,0.005,-0.005,70.9208
3560,989288,435.3,256,1018,99.4,6,1,0,1.339,0.005,-0.005,70.9208
3561,989344,539.87,139,1024,100.0,6,1,0,0.69,0.005,-0.005,70.9208
3562,989392,491.76,280,1024,100.0,6,1,0,0.615,0.005,-0.005,70.9208
3563,989744,524.68,142,1024,100.0,6,1,0,0.755,0.005,-0.005,70.9208
3564,990152,435.99,412,1024,100.0,6,1,0,1.032,0.005,-0.005,70.9208
3565,990432,446.15,341,1024,100.0,6,1,0,0.921,0.005,-0.005,70.9208
3566,990792,460.11,259,1020,99.6,6,1,0,1.216,0.005,-0.005,70.9208
3567,990936,492.56,206,1023,99.9,6,1,0,0.679,0.005,-0.005,70.9208
3568,991096,458.61,267,1021,99.7,6,1,0,0.888,0.005,-0.005,70.9208
3569,991256,492.72,138,1022,99.8,6,1,0,1.073,0.005,-0.0035,69.1205
3570,991272,483.6,235,1024,100.0,6,1,0,0.823,0.005,-0.0035,69.1205
3571,991864,459.71,265,1020,99.6,6,1,0,1.189,0.005,-0.0035,69.1205
3572,992072,494.96,142,1019,99.5,6,1,0,1.231,0.005,-0.0035,69.1205
3573,992256,497.36,228,1024,100.0,6,1,0,0.647,0.005,-0.0035,69.1205
3574,992448,541.72,147,1024,100.0,6,1,0,0.596,0.005,-0.0035,69.1205
3575,992752,483.04,207,1022,99.8,6,1,0,0.766,0.005,-0.0035,69.1205
3576,992952,479.92,212,1023,99.9,6,1,0,0.854,0.005,-0.0035,69.1205
3577,993016,453.06,459,1023,99.9,6,1,0,1.282,0.005,-0.0035,69.1205
3578,993592,470.5,216,1022,99.8,6,1,0,0.902,0.005,-0.0035,69.1205
3579,994072,450.55,410,1024,100.0,6,1,0,1.27,0.005,-0.0035,69.1205
3580,994216,493.04,221,1024,100.0,6,1,0,0.637,0.005,-0.0035,69.1205
3581,994264,448.24,274,1021,99.7,6,1,0,1.113,0.005,-0.0035,69.1205
3582,994512,473.67,220,1023,99.9,6,1,0,0.906,0.005,-0.0035,69.1205
3583,995096,468.98,260,1021,99.7,6,1,0,1.089,0.005,-0.0035,69.1205
3584,995192,527.34,140,1024,100.0,6,1,0,0.71,0.005,-0.0035,69.1205
3585,995488,481.09,404,1024,100.0,6,1,0,1.167,0.005,-0.0035,69.1205
3586,995928,485.58,208,1024,100.0,6,1,0,0.717,0.005,-0.0035,69.1205
3587,996128,459.74,397,1022,99.8,6,1,0,1.082,0.005,-0.0035,69.1205
3588,996264,494.83,219,1023,99.9,6,1,0,0.857,0.005,-0.0035,69.1205
3589,996472,471.68,282,1023,99.9,6,1,0,1.308,0.005,-0.0035,69.1205
3590,996608,455.07,377,1022,99.8,6,1,0,1.02,0.005,-0.0035,69.1205
3591,997176,434.3,260,1019,99.5,6,1,0,1.19,0.005,-0.0035,69.1205
3592,997432,445.65,280,1023,99.9,6,1,0,1.135,0.005,-0.0035,69.1205
3593,997608,433.38,265,1020,99.6,6,1,0,1.136,0.005,-0.0035,69.1205
3594,997912,434.0,248,1023,99.9,6,1,0,1.104,0.005,-0.0035,69.1205
3595,997944,478.24,210,1024,100.0,6,1,0,0.407,0.005,-0.0035,69.1205
3596,998240,478.64,221,1024,100.0,6,1,0,0.74,0.005,-0.0035,69.1205
3597,998240,516.15,133,1024,100.0,6,1,0,0.69,0.005,-0.0035,69.1205
3598,998352,475.15,278,1024,100.0,6,1,0,1.202,0.005,-0.0035,69.1205
3599,998728,446.81,265,1017,99.3,6,1,0,1.454,0.005,-0.0035,69.1205
3600,998824,472.1,152,1024,100.0,6,1,0,0.701,0.005,-0.0035,69.1205
3601,999312,520.27,134,1024,100.0,6,1,0,0.884,0.005,-0.0035,69.1205
3602,999528,440.81,262,1019,99.5,6,1,0,1.194,0.005,-0.0052,54.4283
3603,999544,520.95,149,1021,99.7,6,1,0,1.01,0.005,-0.0052,54.4283
3604,999672,501.1,220,1024,100.0,6,1,0,0.957,0.005,-0.0052,54.4283
3605,1000016,515.16,149,1018,99.4,6,1,0,1.121,0.005,-0.0052,54.4283
3606,1000088,442.95,268,1016,99.2,6,1,0,1.608,0.005,-0.0052,54.4283
3607,1000904,543.19,170,1024,100.0,6,1,0,0.734,0.005,-0.0052,54.4283
3608,1001008,436.37,285,1021,99.7,6,1,0,1.127,0.005,-0.0052,54.4283
3609,1001240,508.86,144,1017,99.3,6,1,0,1.041,0.005,-0.0052,54.4283
3610,1001408,453.73,262,1024,100.0,6,1,0,0.587,0.005,-0.0052,54.4283
3611,1001584,438.67,257,1022,99.8,6,1,0,1.246,0.005,-0.0052,54.4283
3612,1001728,420.49,436,1024,100.0,6,1,0,0.863,0.005,-0.0052,54.4283
3613,1001800,507.4,223,1023,99.9,6,1,0,0.716,0.005,-0.0052,54.4283
3614,1001816,461.92,268,1017,99.3,6,1,0,1.267,0.005,-0.0052,54.4283
3615,1002056,510.93,131,1024,100.0,6,1,0,0.683,0.005,-0.0052,54.4283
3616,1002288,466.28,131,1019,99.5,6,1,0,1.244,0.005,-0.0052,54.4283
3617,1002880,512.76,144,1022,99.8,6,1,0,1.241,0.005,-0.0052,54.4283
3618,1003008,459.62,263,1021,99.7,6,1,0,0.833,0.005,-0.0052,54.4283
3619,1003096,279.31,101,866,84.6,4,0,1,0.159,0.005,-0.0052,54.4283
3620,1003120,491.24,214,1022,99.8,6,1,0,0.988,0.005,-0.0052,54.4283
3621,1003360,471.17,222,1024,100.0,6,1,0,0.899,0.005,-0.0052,54.4283
3622,1003816,445.83,250,1019,99.5,6,1,0,1.408,0.005,-0.0052,54.4283
3623,1003824,491.14,221,1023,99.9,6,1,0,0.81,0.005,-0.0052,54.4283
3624,1003936,458.59,267,1021,99.7,6,1,0,1.004,0.005,-0.0052,54.4283
3625,1004088,9.17,19,227,22.2,1,0,1,0.218,0.005,-0.0052,54.4283
3626,1004112,492.22,138,1017,99.3,6,1,0,1.2,0.005,-0.0052,54.4283
3627,1004648,475.4,221,1023,99.9,6,1,0,0.564,0.005,-0.0052,54.4283
3628,1004800,487.65,210,1024,100.0,6,1,0,0.565,0.005,-0.0052,54.4283
3629,1004920,501.52,138,1016,99.2,6,1,0,1.345,0.005,-0.0052,54.4283
3630,1005344,464.53,281,1023,99.9,6,1,0,1.206,0.005,-0.0052,54.4283
3631,1005392,419.47,254,1020,99.6,6,1,0,1.19,0.005,-0.0052,54.4283
3632,1005552,474.12,216,1023,99.9,6,1,0,0.928,0.005,-0.0052,54.4283
3633,1005736,471.79,206,1022,99.8,6,1,0,0.694,0.005,-0.0052,54.4283
3634,1005872,488.02,220,1022,99.8,6,1,0,1.049,0.005,-0.0052,54.4283
3635,1006008,6.42,17,242,23.6,1,0,1,0.189,0.005,-0.0052,54.4283
3636,1006712,425.5,258,1019,99.5,6,1,0,1.349,0.005,-0.0052,54.4283
3637,1006832,484.92,239,1023,99.9,6,1,0,0.635,0.005,-0.0052,54.4283
3638,1007040,468.33,280,1024,100.0,6,1,0,1.315,0.005,-0.0052,54.4283
3639,1007248,501.03,212,1023,99.9,6,1,0,0.95,0.005,-0.0052,54.4283
3640,1007576,442.35,273,1017,99.3,6,1,0,1.223,0.005,-0.0052,54.4283
3641,1007632,448.93,286,1022,99.8,6,1,0,1.226,0.005,-0.0068,81.1537
3642,1007816,493.46,226,1023,99.9,6,1,0,0.931,0.005,-0.0068,81.1537
3643,1008096,525.05,132,1024,100.0,6,1,0,0.968,0.005,-0.0068,81.1537
3644,1008320,534.25,134,1024,100.0,6,1,0,0.776,0.005,-0.0068,81.1537
3645,1008616,481.66,238,1024,100.0,6,1,0,0.963,0.005,-0.0068,81.1537
3646,1008616,464.13,223,1024,100.0,6,1,0,0.999,0.005,-0.0068,81.1537
3647,1009000,453.8,408,1024,100.0,6,1,0,1.256,0.005,-0.0068,81.1537
3648,1009312,473.54,210,1023,99.9,6,1,0,0.825,0.005,-0.0068,81.1537
3649,1009392,530.79,134,1024,100.0,6,1,0,0.796,0.005,-0.0068,81.1537
3650,1009664,487.29,131,1019,99.5,6,1,0,1.661,0.005,-0.0068,81.1537
3651,1009776,459.65,275,1020,99.6,6,1,0,1.28,0.005,-0.0068,81.1537
3652,1010280,448.15,273,1017,99.3,6,1,0,1.006,0.005,-0.0068,81.1537
3653,1010904,454.48,286,1022,99.8,6,1,0,1.178,0.005,-0.0068,81.1537
3654,1011072,454.71,407,1024,100.0,6,1,0,1.063,0.005,-0.0068,81.1537
3655,1011104,498.16,214,1024,100.0,6,1,0,0.623,0.005,-0.0068,81.1537
3656,1011104,459.65,263,1017,99.3,6,1,0,1.322,0.005,-0.0068,81.1537
3657,1011128,485.49,227,1024,100.0,6,1,0,0.96,0.005,-0.0068,81.1537
3658,1011352,480.86,134,1019,99.5,6,1,0,1.346,0.005,-0.0068,81.1537
3659,1011864,442.69,275,1020,99.6,6,1,0,1.327,0.005,-0.0068,81.1537
3660,1011960,454.39,273,1019,99.5,6,1,0,1.5,0.005,-0.0068,81.1537
3661,1012064,500.65,145,1016,99.2,6,1,0,0.939,0.005,-0.0068,81.1537
3662,1012880,470.25,222,1023,99.9,6,1,0,0.918,0.005,-0.0068,81.1537
3663,1012936,486.76,134,1022,99.8,6,1,0,1.088,0.005,-0.0068,81.1537
3664,1012936,499.68,226,1022,99.8,6,1,0,0.976,0.005,-0.0068,81.1537
3665,1013064,486.42,138,1019,99.5,6,1,0,1.416,0.005,-0.0068,81.1537
3666,1013136,516.53,254,1024,100.0,6,1,0,0.779,0.005,-0.0068,81.1537
3667,1013232,458.12,270,1021,99.7,6,1,0,1.343,0.005,-0.0068,81.1537
3668,1013536,481.97,273,1022,99.8,6,1,0,1.367,0.005,-0.0068,81.1537
3669,1013832,504.93,221,1024,100.0,6,1,0,0.958,0.005,-0.0068,81.1537
3670,1014168,539.29,138,1024,100.0,6,1,0,0.758,0.005,-0.0068,81.1537
3671,1014184,484.29,131,1019,99.5,6,1,0,1.095,0.005,-0.0068,81.1537
3672,1014656,456.04,215,1023,99.9,6,1,0,0.878,0.005,-0.0068,81.1537
3673,1014960,484.32,260,1024,100.0,6,1,0,0.665,0.005,-0.0068,81.1537
3674,1015104,448.59,271,1017,99.3,6,1,0,1.38,0.005,-0.0068,81.1537
3675,1015120,504.9,236,1024,100.0,6,1,0,0.927,0.005,-0.0068,81.1537
3676,1015296,484.5,220,1023,99.9,6,1,0,0.63,0.005,-0.0068,81.1537
3677,1015344,515.65,145,1019,99.5,6,1,0,1.22,0.005,-0.0068,81.1537
3678,1015888,425.76,257,1019,99.5,6,1,0,1.471,0.005,-0.006,33.1912
3679,1016208,433.36,255,1022,99.8,6,1,0,1.347,0.005,-0.006,33.1912
3680,1016808,446.31,269,1017,99.3,6,1,0,1.259,0.005,-0.006,33.1912
3681,1016856,492.42,217,1024,100.0,6,1,0,0.836,0.005,-0.006,33.1912
3682,1016976,474.34,136,1019,99.5,6,1,0,0.99,0.005,-0.006,33.1912
3683,1017152,469.46,274,1020,99.6,6,1,0,1.266,0.005,-0.006,33.1912
3684,1017280,458.98,272,1019,99.5,6,1,0,1.228,0.005,-0.006,33.1912
3685,1017344,441.76,256,1018,99.4,6,1,0,1.281,0.005,-0.006,33.1912
3686,1017408,449.81,258,1023,99.9,6,1,0,1.193,0.005,-0.006,33.1912
3687,1018200,510.8,131,1024,100.0,6,1,0,0.669,0.005,-0.006,33.1912
3688,1018248,452.22,255,1020,99.6,6,1,0,1.146,0.005,-0.006,33.1912
3689,1018432,501.44,136,1024,100.0,6,1,0,1.094,0.005,-0.006,33.1912
3690,1018664,499.22,211,1024,100.0,6,1,0,1.034,0.005,-0.006,33.1912
3691,1018752,472.04,237,1024,100.0,6,1,0,0.822,0.005,-0.006,33.1912
3692,1018928,449.81,265,1018,99.4,6,1,0,1.155,0.005,-0.006,33.1912
3693,1019288,510.57,130,1024,100.0,6,1,0,0.933,0.005,-0.006,33.1912
3694,1019328,486.09,141,1018,99.4,6,1,0,1.11,0.005,-0.006,33.1912
3695,1019432,439.6,269,1021,99.7,6,1,0,0.919,0.005,-0.006,33.1912
3696,1019440,417.9,254,1021,99.7,6,1,0,1.505,0.005,-0.006,33.1912
3697,1019952,559.69,161,1024,100.0,6,1,0,0.66,0.005,-0.006,33.1912
3698,1020344,421.62,239,1023,99.9,6,1,0,1.277,0.005,-0.006,33.1912
3699,1020408,507.2,140,1022,99.8,6,1,0,1.006,0.005,-0.006,33.1912
3700,1020760,481.59,229,1023,99.9,6,1,0,0.904,0.005,-0.006,33.1912
3701,1020768,427.36,252,1022,99.8,6,1,0,1.218,0.005,-0.006,33.1912
3702,1021192,471.42,233,1024,100.0,6,1,0,0.718,0.005,-0.006,33.1912
3703,1021224,516.18,159,1024,100.0,6,1,0,0.763,0.005,-0.006,33.1912
3704,1021304,493.42,234,1024,100.0,6,1,0,0.997,0.005,-0.006,33.1912
3705,1021616,445.68,272,1017,99.3,6,1,0,1.126,0.005,-0.006,33.1912
3706,1022152,469.82,218,1024,100.0,6,1,0,0.704,0.005,-0.006,33.1912
3707,1022168,498.13,228,1022,99.8,6,1,0,1.165,0.005,-0.006,33.1912
3708,1022216,516.62,128,1024,100.0,6,1,0,0.848,0.005,-0.006,33.1912
3709,1022448,481.41,211,1024,100.0,6,1,0,0.746,0.005,-0.006,33.1912
3710,1022624,468.96,232,1024,100.0,6,1,0,0.968,0.005,-0.006,33.1912
3711,1023056,470.7,229,1024,100.0,6,1,0,0.99,0.005,-0.006,33.1912
3712,1023072,482.91,221,1023,99.9,6,1,0,0.718,0.005,-0.006,33.1912
3713,1023192,487.5,130,1020,99.6,6,1,0,1.245,0.005,-0.006,33.1912
3714,1023784,439.39,271,1017,99.3,6,1,0,1.37,0.005,-0.006,33.1912
3715,1023880,468.74,214,1024,100.0,6,1,0,0.718,0.005,-0.006,33.1912
3716,1024064,78.64,35,551,53.8,2,0,1,0.155,0.005,-0.0026,26.4388
3717,1024184,539.71,141,1024,100.0,6,1,0,0.834,0.005,-0.0026,26.4388
3718,1024184,427.21,246,1022,99.8,6,1,0,1.223,0.005,-0.0026,26.4388
3719,1024624,460.87,272,1018,99.4,6,1,0,1.103,0.005,-0.0026,26.4388
3720,1024752,440.89,266,1017,99.3,6,1,0,1.128,0.005,-0.0026,26.4388
3721,1024896,473.37,213,1024,100.0,6,1,0,0.771,0.005,-0.0026,26.4388
3722,1024944,522.15,133,1024,100.0,6,1,0,0.794,0.005,-0.0026,26.4388
3723,1025080,433.65,251,1019,99.5,6,1,0,1.455,0.005,-0.0026,26.4388
3724,1025160,480.43,137,1022,99.8,6,1,0,1.048,0.005,-0.0026,26.4388
3725,1025288,487.02,138,1020,99.6,6,1,0,0.995,0.005,-0.0026,26.4388
3726,1025368,529.72,148,1024,100.0,6,1,0,0.52,0.005,-0.0026,26.4388
3727,1026168,483.39,136,1021,99.7,6,1,0,0.992,0.005,-0.0026,26.4388
3728,1026488,497.31,217,1024,100.0,6,1,0,0.737,0.005,-0.0026,26.4388
3729,1026608,464.73,208,1023,99.9,6,1,0,0.877,0.005,-0.0026,26.4388
3730,1026672,451.05,256,1022,99.8,6,1,0,1.212,0.005,-0.0026,26.4388
3731,1026936,508.04,222,1024,100.0,6,1,0,0.739,0.005,-0.0026,26.4388
3732,1027008,417.83,264,1023,99.9,6,1,0,0.846,0.005,-0.0026,26.4388
3733,1027032,469.5,218,1024,100.0,6,1,0,1.062,0.005,-0.0026,26.4388
3734,1027040,474.65,209,1023,99.9,6,1,0,0.936,0.005,-0.0026,26.4388
3735,1028008,482.44,230,1024,100.0,6,1,0,0.95,0.005,-0.0026,26.4388
3736,1028048,492.41,139,1017,99.3,6,1,0,1.342,0.005,-0.0026,26.4388
3737,1028152,495.46,208,1023,99.9,6,1,0,0.703,0.005,-0.0026,26.4388
3738,1028384,491.45,214,1024,100.0,6,1,0,0.469,0.005,-0.0026,26.4388
3739,1028736,467.79,266,1020,99.6,6,1,0,1.086,0.005,-0.0026,26.4388
3740,1028760,486.2,215,1022,99.8,6,1,0,0.877,0.005,-0.0026,26.4388
3741,1028808,494.34,222,1022,99.8,6,1,0,1.053,0.005,-0.0026,26.4388
3742,1029224,515.97,134,1024,100.0,6,1,0,1.17,0.005,-0.0026,26.4388
3743,1029224,450.43,277,1019,99.5,6,1,0,1.206,0.005,-0.0026,26.4388
3744,1029736,495.29,216,1023,99.9,6,1,0,0.672,0.005,-0.0026,26.4388
3745,1029872,498.21,139,1017,99.3,6,1,0,1.207,0.005,-0.0026,26.4388
3746,1029896,480.64,231,1023,99.9,6,1,0,0.907,0.005,-0.0026,26.4388
3747,1029896,527.72,136,1024,100.0,6,1,0,0.472,0.005,-0.0026,26.4388
3748,1030176,471.74,224,1023,99.9,6,1,0,0.847,0.005,-0.0026,26.4388
3749,1030376,501.26,144,1020,99.6,6,1,0,1.39,0.005,-0.0026,26.4388
3750,1030416,532.61,149,1024,100.0,6,1,0,1.0,0.005,-0.0026,26.4388
3751,1030784,519.36,131,1024,100.0,6,1,0,0.813,0.005,-0.0026,26.4388
3752,1030872,426.63,267,1016,99.2,6,1,0,1.331,0.005,-0.0026,26.4388
3753,1031384,547.66,151,1024,100.0,6,1,0,0.856,0.005,-0.0026,26.4388
3754,1031464,477.34,136,1018,99.4,6,1,0,1.472,0.005,-0.0026,26.4388
3755,1031640,462.12,218,1023,99.9,6,1,0,0.828,0.005,-0.0026,26.4388
3756,1031792,468.75,237,1024,100.0,6,1,0,0.971,0.005,-0.0026,26.4388
3757,1031944,465.41,259,1024,100.0,6,1,0,0.998,0.005,-0.0026,26.4388
3758,1032208,479.33,224,1022,99.8,6,1,0,1.031,0.005,-0.0038,28.1422
3759,1032472,489.62,136,1024,100.0,6,1,0,0.821,0.005,-0.0038,28.1422
3760,1032600,504.28,142,1015,99.1,6,1,0,1.251,0.005,-0.0038,28.1422
3761,1032680,474.95,226,1023,99.9,6,1,0,0.753,0.005,-0.0038,28.1422
3762,1032936,417.73,269,1015,99.1,6,1,0,1.336,0.005,-0.0038,28.1422
3763,1032960,512.94,146,1019,99.5,6,1,0,1.151,0.005,-0.0038,28.1422
3764,1033680,486.75,135,1018,99.4,6,1,0,1.681,0.005,-0.0038,28.1422
3765,1033728,435.26,261,1018,99.4,6,1,0,1.3,0.005,-0.0038,28.1422
3766,1033752,482.21,226,1023,99.9,6,1,0,1.047,0.005,-0.0038,28.1422
3767,1034120,556.64,148,1024,100.0,6,1,0,0.626,0.005,-0.0038,28.1422
3768,1034128,500.93,146,1015,99.1,6,1,0,1.074,0.005,-0.0038,28.1422
3769,1034240,476.86,221,1022,99.8,6,1,0,1.208,0.005,-0.0038,28.1422
3770,1034496,442.27,286,1023,99.9,6,1,0,1.333,0.005,-0.0038,28.1422
3771,1034760,444.2,260,1019,99.5,6,1,0,1.396,0.005,-0.0038,28.1422
3772,1034864,515.32,148,1021,99.7,6,1,0,1.201,0.005,-0.0038,28.1422
3773,1035440,485.92,214,1024,100.0,6,1,0,0.918,0.005,-0.0038,28.1422
3774,1035528,499.07,129,1024,100.0,6,1,0,1.078,0.005,-0.0038,28.1422
3775,1035784,429.58,254,1020,99.6,6,1,0,1.45,0.005,-0.0038,28.1422
3776,1035904,488.6,222,1023,99.9,6,1,0,1.02,0.005,-0.0038,28.1422
3777,1035920,477.73,225,1024,100.0,6,1,0,0.889,0.005,-0.0038,28.1422
3778,1035960,477.83,137,1016,99.2,6,1,0,1.158,0.005,-0.0038,28.1422
3779,1035984,490.86,218,1024,100.0,6,1,0,0.774,0.005,-0.0038,28.1422
3780,1036744,431.12,248,1022,99.8,6,1,0,1.116,0.005,-0.0038,28.1422
3781,1037000,553.13,152,1024,100.0,6,1,0,0.642,0.005,-0.0038,28.1422
3782,1037152,482.99,214,1022,99.8,6,1,0,1.154,0.005,-0.0038,28.1422
3783,1037360,487.79,229,1024,100.0,6,1,0,0.891,0.005,-0.0038,28.1422
3784,1037624,478.52,215,1023,99.9,6,1,0,0.813,0.005,-0.0038,28.1422
3785,1037688,482.86,213,1023,99.9,6,1,0,0.886,0.005,-0.0038,28.1422
3786,1037856,545.97,139,1024,100.0,6,1,0,0.808,0.005,-0.0038,28.1422
3787,1038136,435.98,272,1019,99.5,6,1,0,1.062,0.005,-0.0038,28.1422
3788,1038136,474.79,277,1023,99.9,6,1,0,1.111,0.005,-0.0038,28.1422
3789,1038200,486.89,131,1017,99.3,6,1,0,1.235,0.005,-0.0038,28.1422
3790,1038384,519.78,128,1023,99.9,6,1,0,0.604,0.005,-0.0038,28.1422
3791,1038736,488.03,217,1024,100.0,6,1,0,0.71,0.005,-0.0038,28.1422
3792,1039016,460.18,145,1024,100.0,6,1,0,0.633,0.005,-0.0038,28.1422
3793,1039368,483.67,210,1024,100.0,6,1,0,0.878,0.005,-0.0038,28.1422
3794,1039448,480.77,133,1022,99.8,6,1,0,1.095,0.005,-0.0038,28.1422
3795,1039856,438.17,279,1023,99.9,6,1,0,1.294,0.005,-0.0038,28.1422
3796,1039856,485.81,215,1024,100.0,6,1,0,0.812,0.005,-0.0038,28.1422
3797,1039944,506.6,218,1024,100.0,6,1,0,0.786,0.005,-0.0038,28.1422
3798,1040160,503.77,143,1018,99.4,6,1,0,0.911,0.005,-0.0038,28.1422
3799,1040216,471.69,260,1023,99.9,6,1,0,1.135,0.005,-0.0038,28.1422
3800,1040440,513.0,134,1024,100.0,6,1,0,0.506,0.005,-0.0025,30.5345
3801,1040584,513.08,142,1016,99.2,6,1,0,1.115,0.005,-0.0025,30.5345
3802,1040800,466.47,258,1020,99.6,6,1,0,1.296,0.005,-0.0025,30.5345
3803,1040984,501.09,141,1020,99.6,6,1,0,1.241,0.005,-0.0025,30.5345
3804,1041008,525.2,133,1024,100.0,6,1,0,0.848,0.005,-0.0025,30.5345
3805,1041240,70.17,32,552,53.9,2,0,1,0.199,0.005,-0.0025,30.5345
3806,1041648,509.6,224,1022,99.8,6,1,0,0.823,0.005,-0.0025,30.5345
3807,1041680,486.9,137,1018,99.4,6,1,0,1.083,0.005,-0.0025,30.5345
3808,1042192,448.65,254,1019,99.5,6,1,0,1.382,0.005,-0.0025,30.5345
3809,1042304,483.75,261,1018,99.4,6,1,0,1.156,0.005,-0.0025,30.5345
3810,1042328,519.33,136,1024,100.0,6,1,0,0.607,0.005,-0.0025,30.5345
3811,1042576,446.49,267,1016,99.2,6,1,0,1.232,0.005,-0.0025,30.5345
3812,1042608,478.79,226,1024,100.0,6,1,0,0.87,0.005,-0.0025,30.5345
3813,1042728,510.23,215,1024,100.0,6,1,0,0.875,0.005,-0.0025,30.5345
3814,1042760,492.85,135,1019,99.5,6,1,0,1.216,0.005,-0.0025,30.5345
3815,1042784,519.0,142,1016,99.2,6,1,0,1.186,0.005,-0.0025,30.5345
3816,1043440,480.41,139,1016,99.2,6,1,0,1.246,0.005,-0.0025,30.5345
3817,1043776,522.38,131,1024,100.0,6,1,0,0.83,0.005,-0.0025,30.5345
3818,1043920,492.38,216,1022,99.8,6,1,0,1.114,0.005,-0.0025,30.5345
3819,1043984,483.47,210,1024,100.0,6,1,0,0.645,0.005,-0.0025,30.5345
3820,1044592,508.19,229,1021,99.7,6,1,0,0.957,0.005,-0.0025,30.5345
3821,1044632,484.38,231,1022,99.8,6,1,0,0.964,0.005,-0.0025,30.5345
3822,1044944,436.94,296,1019,99.5,6,1,0,1.154,0.005,-0.0025,30.5345
3823,1045232,472.61,328,1024,100.0,6,1,0,1.395,0.005,-0.0025,30.5345
3824,1045592,476.71,269,1017,99.3,6,1,0,1.348,0.005,-0.0025,30.5345
3825,1045760,478.9,222,1022,99.8,6,1,0,0.813,0.005,-0.0025,30.5345
3826,1045808,444.73,254,1020,99.6,6,1,0,1.393,0.005,-0.0025,30.5345
3827,1046032,525.4,136,1024,100.0,6,1,0,0.517,0.005,-0.0025,30.5345
3828,1046080,464.59,270,1015,99.1,6,1,0,1.416,0.005,-0.0025,30.5345
3829,1046336,476.95,218,1024,100.0,6,1,0,0.998,0.005,-0.0025,30.5345
3830,1046440,486.77,226,1023,99.9,6,1,0,0.895,0.005,-0.0025,30.5345
3831,1046656,495.77,133,1020,99.6,6,1,0,1.171,0.005,-0.0025,30.5345
3832,1046888,495.25,135,1022,99.8,6,1,0,0.997,0.005,-0.0025,30.5345
3833,1047304,454.28,259,1024,100.0,6,1,0,1.104,0.005,-0.0025,30.5345
3834,1047424,477.74,136,1018,99.4,6,1,0,1.209,0.005,-0.0025,30.5345
3835,1047760,448.93,250,1021,99.7,6,1,0,1.298,0.005,-0.0025,30.5345
3836,1047864,487.72,223,1024,100.0,6,1,0,0.808,0.005,-0.0025,30.5345
3837,1048072,464.15,255,1021,99.7,6,1,0,1.244,0.005,-0.0025,30.5345
3838,1048224,499.29,223,1022,99.8,6,1,0,1.004,0.005,-0.0025,30.5345
3839,1048320,471.79,208,1023,99.9,6,1,0,0.856,0.005,-0.0025,30.5345
3840,1048400,486.47,137,1021,99.7,6,1,0,1.318,0.005,-0.0025,30.5345
3841,1048520,523.93,137,1024,100.0,6,1,0,0.71,0.005,-0.0025,30.5345
3842,1048592,496.62,213,1024,100.0,6,1,0,0.848,0.005,-0.003,34.4897
3843,1048984,495.1,140,1015,99.1,6,1,0,1.422,0.005,-0.003,34.4897
3844,1049136,477.89,133,1017,99.3,6,1,0,1.469,0.005,-0.003,34.4897
3845,1049536,542.64,142,1024,100.0,6,1,0,0.939,0.005,-0.003,34.4897
3846,1049560,485.84,225,1024,100.0,6,1,0,1.04,0.005,-0.003,34.4897
3847,1049968,475.46,218,1024,100.0,6,1,0,0.806,0.005,-0.003,34.4897
3848,1050104,506.48,223,1024,100.0,6,1,0,0.896,0.005,-0.003,34.4897
3849,1050304,8.55,25,215,21.0,1,0,1,0.195,0.005,-0.003,34.4897
3850,1050384,493.32,224,1024,100.0,6,1,0,0.909,0.005,-0.003,34.4897
3851,1050568,461.23,256,1022,99.8,6,1,0,1.471,0.005,-0.003,34.4897
3852,1050720,499.25,217,1024,100.0,6,1,0,0.963,0.005,-0.003,34.4897
3853,1051032,254.03,184,940,91.8,4,0,1,0.193,0.005,-0.003,34.4897
3854,1051232,450.55,262,1018,99.4,6,1,0,1.201,0.005,-0.003,34.4897
3855,1051392,519.58,232,1023,99.9,6,1,0,0.91,0.005,-0.003,34.4897
3856,1051472,495.86,136,1018,99.4,6,1,0,1.355,0.005,-0.003,34.4897
3857,1051472,545.4,146,1024,100.0,6,1,0,0.791,0.005,-0.003,34.4897
3858,1052016,451.84,256,1022,99.8,6,1,0,1.105,0.005,-0.003,34.4897
3859,1052504,483.21,139,1019,99.5,6,1,0,1.309,0.005,-0.003,34.4897
3860,1052632,530.39,145,1024,100.0,6,1,0,0.734,0.005,-0.003,34.4897
3861,1052664,446.69,262,1023,99.9,6,1,0,1.134,0.005,-0.003,34.4897
3862,1052800,446.81,260,1017,99.3,6,1,0,1.261,0.005,-0.003,34.4897
3863,1053120,446.89,261,1019,99.5,6,1,0,1.086,0.005,-0.003,34.4897
3864,1053360,505.84,236,1024,100.0,6,1,0,0.871,0.005,-0.003,34.4897
3865,1053664,507.49,129,1024,100.0,6,1,0,0.585,0.005,-0.003,34.4897
3866,1053784,467.42,221,1022,99.8,6,1,0,0.584,0.005,-0.003,34.4897
3867,1054344,559.08,153,1024,100.0,6,1,0,0.801,0.005,-0.003,34.4897
3868,1054496,434.65,408,1024,100.0,6,1,0,1.201,0.005,-0.003,34.4897
3869,1054504,480.65,213,1024,100.0,6,1,0,0.531,0.005,-0.003,34.4897
3870,1054504,498.06,143,1020,99.6,6,1,0,0.955,0.005,-0.003,34.4897
3871,1054744,465.2,280,1022,99.8,6,1,0,1.225,0.005,-0.003,34.4897
3872,1054792,474.14,266,1017,99.3,6,1,0,0.986,0.005,-0.003,34.4897
3873,1055048,541.57,158,1024,100.0,6,1,0,0.826,0.005,-0.003,34.4897
3874,1055504,482.88,230,1023,99.9,6,1,0,0.526,0.005,-0.003,34.4897
3875,1055664,560.81,145,1024,100.0,6,1,0,0.635,0.005,-0.003,34.4897
3876,1056120,501.3,222,1024,100.0,6,1,0,0.911,0.005,-0.003,34.4897
3877,1056608,497.15,227,1024,100.0,6,1,0,0.922,0.005,-0.003,34.4897
3878,1056608,474.72,264,1023,99.9,6,1,0,0.886,0.005,-0.003,34.4897
3879,1056616,547.94,139,1024,100.0,6,1,0,0.461,0.005,-0.003,34.4897
3880,1056656,437.51,269,1018,99.4,6,1,0,1.092,0.005,-0.003,34.4897
3881,1056816,435.35,259,1016,99.2,6,1,0,1.209,0.005,-0.006,67.7878
3882,1056920,51.96,39,246,24.0,1,0,1,0.214,0.005,-0.006,67.7878
3883,1057184,60.85,33,545,53.2,2,0,1,0.08,0.005,-0.006,67.7878
3884,1057248,450.75,275,1019,99.5,6,1,0,1.029,0.005,-0.006,67.7878
3885,1057480,499.73,227,1024,100.0,6,1,0,1.111,0.005,-0.006,67.7878
3886,1057856,489.17,217,1024,100.0,6,1,0,1.045,0.005,-0.006,67.7878
3887,1058376,465.39,215,1024,100.0,6,1,0,0.729,0.005,-0.006,67.7878
3888,1058672,463.04,257,1021,99.7,6,1,0,1.15,0.005,-0.006,67.7878
3889,1058768,459.1,270,1017,99.3,6,1,0,1.299,0.005,-0.006,67.7878
3890,1059000,467.25,273,1018,99.4,6,1,0,1.166,0.005,-0.006,67.7878
3891,1059272,489.98,224,1023,99.9,6,1,0,1.047,0.005,-0.006,67.7878
3892,1059304,431.26,265,1017,99.3,6,1,0,1.367,0.005,-0.006,67.7878
3893,1059312,454.61,258,1021,99.7,6,1,0,1.393,0.005,-0.006,67.7878
3894,1059672,469.96,227,1024,100.0,6,1,0,0.893,0.005,-0.006,67.7878
3895,1059832,509.99,133,1024,100.0,6,1,0,0.916,0.005,-0.006,67.7878
3896,1060120,498.09,140,1021,99.7,6,1,0,1.133,0.005,-0.006,67.7878
3897,1060368,427.5,249,1022,99.8,6,1,0,1.073,0.005,-0.006,67.7878
3898,1060472,526.72,145,1024,100.0,6,1,0,0.882,0.005,-0.006,67.7878
3899,1060496,488.6,228,1024,100.0,6,1,0,1.192,0.005,-0.006,67.7878
3900,1060784,524.65,139,1024,100.0,6,1,0,0.58,0.005,-0.006,67.7878
3901,1061056,490.63,223,1024,100.0,6,1,0,0.893,0.005,-0.006,67.7878
3902,1061376,441.19,259,1024,100.0,6,1,0,1.007,0.005,-0.006,67.7878
3903,1061592,484.82,220,1024,100.0,6,1,0,0.894,0.005,-0.006,67.7878
3904,1061880,486.83,137,1020,99.6,6,1,0,0.983,0.005,-0.006,67.7878
3905,1062096,488.98,216,1024,100.0,6,1,0,0.962,0.005,-0.006,67.7878
3906,1062200,447.65,260,1017,99.3,6,1,0,1.268,0.005,-0.006,67.7878
3907,1062464,483.43,136,1018,99.4,6,1,0,1.482,0.005,-0.006,67.7878
3908,1062488,421.61,249,1022,99.8,6,1,0,1.207,0.005,-0.006,67.7878
3909,1062552,450.21,260,1016,99.2,6,1,0,1.265,0.005,-0.006,67.7878
3910,1062736,506.97,143,1017,99.3,6,1,0,1.116,0.005,-0.006,67.7878
3911,1062752,463.41,212,1024,100.0,6,1,0,1.064,0.005,-0.006,67.7878
3912,1063184,531.55,136,1024,100.0,6,1,0,0.778,0.005,-0.006,67.7878
3913,1063888,460.84,251,1021,99.7,6,1,0,1.351,0.005,-0.006,67.7878
3914,1064232,458.25,254,1021,99.7,6,1,0,1.294,0.005,-0.006,67.7878
3915,1064432,470.9,235,1024,100.0,6,1,0,0.781,0.005,-0.006,67.7878
3916,1064440,423.01,244,1023,99.9,6,1,0,1.275,0.005,-0.006,67.7878
3917,1064528,497.2,224,1024,100.0,6,1,0,0.779,0.005,-0.006,67.7878
3918,1064528,498.67,222,1024,100.0,6,1,0,0.71,0.005,-0.006,67.7878
3919,1064568,462.77,263,1019,99.5,6,1,0,1.279,0.005,-0.006,67.7878
3920,1065000,487.15,227,1024,100.0,6,1,0,0.99,0.005,-0.0067,36.7044
3921,1065296,518.55,133,1024,100.0,6,1,0,0.83,0.005,-0.0067,36.7044
3922,1065552,558.25,140,1024,100.0,6,1,0,0.731,0.005,-0.0067,36.7044
3923,1065624,553.71,148,1024,100.0,6,1,0,0.761,0.005,-0.0067,36.7044
3924,1065720,475.63,229,1024,100.0,6,1,0,0.946,0.005,-0.0067,36.7044
3925,1066048,525.25,131,1024,100.0,6,1,0,0.679,0.005,-0.0067,36.7044
3926,1066328,475.61,129,1018,99.4,6,1,0,1.411,0.005,-0.0067,36.7044
3927,1066448,478.14,235,1024,100.0,6,1,0,1.095,0.005,-0.0067,36.7044
3928,1066512,421.88,248,1022,99.8,6,1,0,1.432,0.005,-0.0067,36.7044
3929,1066544,446.38,252,1021,99.7,6,1,0,1.4,0.005,-0.0067,36.7044
3930,1066728,560.52,147,1024,100.0,6,1,0,0.805,0.005,-0.0067,36.7044
3931,1066888,249.51,105,864,84.4,3,0,1,0.087,0.005,-0.0067,36.7044
3932,1067424,484.95,225,1024,100.0,6,1,0,0.84,0.005,-0.0067,36.7044
3933,1067488,510.05,145,1019,99.5,6,1,0,1.335,0.005,-0.0067,36.7044
3934,1067536,533.8,136,1024,100.0,6,1,0,0.612,0.005,-0.0067,36.7044
3935,1067800,493.16,134,1017,99.3,6,1,0,1.266,0.005,-0.0067,36.7044
3936,1067824,450.21,263,1017,99.3,6,1,0,1.099,0.005,-0.0067,36.7044
3937,1067960,489.96,134,1020,99.6,6,1,0,1.184,0.005,-0.0067,36.7044
3938,1068488,437.01,247,1021,99.7,6,1,0,1.567,0.005,-0.0067,36.7044
3939,1068600,513.51,139,1019,99.5,6,1,0,1.206,0.005,-0.0067,36.7044
3940,1068600,513.16,133,1024,100.0,6,1,0,0.949,0.005,-0.0067,36.7044
3941,1068616,471.11,259,1019,99.5,6,1,0,1.485,0.005,-0.0067,36.7044
3942,1068680,568.16,157,1024,100.0,6,1,0,1.103,0.005,-0.0067,36.7044
3943,1069688,480.79,233,1024,100.0,6,1,0,0.887,0.005,-0.0067,36.7044
3944,1069712,524.6,137,1024,100.0,6,1,0,0.516,0.005,-0.0067,36.7044
3945,1069856,548.52,147,1024,100.0,6,1,0,0.972,0.005,-0.0067,36.7044
3946,1070008,469.54,276,1022,99.8,6,1,0,1.258,0.005,-0.0067,36.7044
3947,1070168,489.27,210,1024,100.0,6,1,0,0.864,0.005,-0.0067,36.7044
3948,1070360,478.87,220,1023,99.9,6,1,0,0.765,0.005,-0.0067,36.7044
3949,1070424,470.04,228,1023,99.9,6,1,0,1.02,0.005,-0.0067,36.7044
3950,1070712,546.69,344,1024,100.0,6,1,0,1.122,0.005,-0.0067,36.7044
3951,1070760,481.16,134,1019,99.5,6,1,0,1.294,0.005,-0.0067,36.7044
3952,1071568,493.13,232,1024,100.0,6,1,0,0.947,0.005,-0.0067,36.7044
3953,1072032,502.4,233,1024,100.0,6,1,0,0.973,0.005,-0.0067,36.7044
3954,1072064,465.03,205,1023,99.9,6,1,0,0.559,0.005,-0.0067,36.7044
3955,1072120,457.86,283,1024,100.0,6,1,0,0.844,0.005,-0.0067,36.7044
3956,1072120,478.06,264,1020,99.6,6,1,0,1.116,0.005,-0.0067,36.7044
3957,1072304,494.48,243,1024,100.0,6,1,0,0.572,0.005,-0.0067,36.7044
3958,1072544,483.54,229,1022,99.8,6,1,0,0.744,0.005,-0.0067,36.7044
3959,1072752,562.37,148,1024,100.0,6,1,0,0.817,0.005,-0.0067,36.7044
3960,1072792,445.76,254,1021,99.7,6,1,0,1.138,0.005,-0.0067,36.7044
3961,1073272,580.76,155,1024,100.0,6,1,0,0.715,0.005,-0.0064,31.3983
3962,1073848,492.84,223,1023,99.9,6,1,0,0.971,0.005,-0.0064,31.3983
3963,1073944,475.41,228,1023,99.9,6,1,0,1.12,0.005,-0.0064,31.3983
3964,1074104,490.3,225,1023,99.9,6,1,0,0.742,0.005,-0.0064,31.3983
3965,1074112,448.06,249,1021,99.7,6,1,0,1.301,0.005,-0.0064,31.3983
3966,1074360,505.87,227,1024,100.0,6,1,0,0.975,0.005,-0.0064,31.3983
3967,1074456,548.36,148,1024,100.0,6,1,0,1.009,0.005,-0.0064,31.3983
3968,1074608,8.9,19,243,23.7,1,0,1,0.173,0.005,-0.0064,31.3983
3969,1074744,447.18,244,1021,99.7,6,1,0,1.203,0.005,-0.0064,31.3983
3970,1074856,446.97,263,1019,99.5,6,1,0,1.19,0.005,-0.0064,31.3983
3971,1075224,498.31,139,1022,99.8,6,1,0,0.885,0.005,-0.0064,31.3983
3972,1075232,504.31,141,1019,99.5,6,1,0,1.202,0.005,-0.0064,31.3983
3973,1075544,18.51,40,227,22.2,1,0,1,0.082,0.005,-0.0064,31.3983
3974,1075920,466.51,259,1021,99.7,6,1,0,1.46,0.005,-0.0064,31.3983
3975,1076064,478.05,265,1015,99.1,6,1,0,1.469,0.005,-0.0064,31.3983
3976,1076504,457.85,268,1019,99.5,6,1,0,1.108,0.005,-0.0064,31.3983
3977,1076656,462.84,256,1019,99.5,6,1,0,1.285,0.005,-0.0064,31.3983
3978,1076672,488.98,141,1020,99.6,6,1,0,1.167,0.005,-0.0064,31.3983
3979,1076808,451.22,258,1021,99.7,6,1,0,1.198,0.005,-0.0064,31.3983
3980,1077072,460.48,277,1023,99.9,6,1,0,1.4,0.005,-0.0064,31.3983
3981,1077544,522.65,130,1024,100.0,6,1,0,0.862,0.005,-0.0064,31.3983
3982,1077584,477.85,294,1024,100.0,6,1,0,0.979,0.005,-0.0064,31.3983
3983,1077688,476.97,221,1022,99.8,6,1,0,0.994,0.005,-0.0064,31.3983
3984,1077784,483.16,139,1019,99.5,6,1,0,1.277,0.005,-0.0064,31.3983
3985,1077864,-11.15,10,451,44.0,1,0,1,0.184,0.005,-0.0064,31.3983
3986,1077880,481.95,227,1024,100.0,6,1,0,0.81,0.005,-0.0064,31.3983
3987,1078272,438.9,202,1024,100.0,6,1,0,0.723,0.005,-0.0064,31.3983
3988,1078824,470.48,219,1023,99.9,6,1,0,0.781,0.005,-0.0064,31.3983
3989,1078968,486.9,270,1017,99.3,6,1,0,1.26,0.005,-0.0064,31.3983
3990,1079264,480.98,210,1024,100.0,6,1,0,0.675,0.005,-0.0064,31.3983
3991,1079440,499.5,237,1024,100.0,6,1,0,1.08,0.005,-0.0064,31.3983
3992,1079584,479.85,215,1024,100.0,6,1,0,1.007,0.005,-0.0064,31.3983
3993,1079760,444.36,259,1018,99.4,6,1,0,1.377,0.005,-0.0064,31.3983
3994,1079856,431.73,247,1021,99.7,6,1,0,1.534,0.005,-0.0064,31.3983
3995,1079944,497.58,140,1018,99.4,6,1,0,1.235,0.005,-0.0064,31.3983
3996,1080352,440.81,260,1022,99.8,6,1,0,1.161,0.005,-0.0064,31.3983
3997,1080632,553.73,149,1024,100.0,6,1,0,1.072,0.005,-0.0064,31.3983
3998,1080688,510.3,215,1024,100.0,6,1,0,0.968,0.005,-0.0064,31.3983
3999,1081000,539.26,143,1024,100.0,6,1,0,0.715,0.005,-0.0064,31.3983
4000,1081040,480.63,137,1017,99.3,6,1,0,1.183,0.005,-0.0064,31.3983
4001,1081336,438.69,259,1022,99.8,6,1,0,1.215,0.005,-0.0064,31.3983
4002,1081440,478.38,232,1024,100.0,6,1,0,0.947,0.005,-0.0058,59.6377
4003,1081552,476.98,224,1023,99.9,6,1,0,0.924,0.005,-0.0058,59.6377
4004,1082192,496.87,230,1024,100.0,6,1,0,1.159,0.005,-0.0058,59.6377
4005,1082480,509.16,231,1024,100.0,6,1,0,1.032,0.005,-0.0058,59.6377
4006,1082568,536.09,141,1024,100.0,6,1,0,0.891,0.005,-0.0058,59.6377
4007,1082728,466.65,255,1018,99.4,6,1,0,1.315,0.005,-0.0058,59.6377
4008,1083080,472.4,260,1019,99.5,6,1,0,1.381,0.005,-0.0058,59.6377
4009,1083224,461.07,273,1019,99.5,6,1,0,1.346,0.005,-0.0058,59.6377
4010,1083304,424.69,246,1022,99.8,6,1,0,1.426,0.005,-0.0058,59.6377
4011,1083312,483.17,220,1022,99.8,6,1,0,1.051,0.005,-0.0058,59.6377
4012,1083664,559.64,148,1024,100.0,6,1,0,0.803,0.005,-0.0058,59.6377
4013,1083968,476.71,222,1024,100.0,6,1,0,0.93,0.005,-0.0058,59.6377
4014,1084472,487.0,218,1024,100.0,6,1,0,0.817,0.005,-0.0058,59.6377
4015,1084624,420.25,257,1020,99.6,6,1,0,1.547,0.005,-0.0058,59.6377
4016,1084912,477.68,211,1023,99.9,6,1,0,0.855,0.005,-0.0058,59.6377
4017,1085096,546.0,141,1024,100.0,6,1,0,0.948,0.005,-0.0058,59.6377
4018,1085128,460.54,256,1019,99.5,6,1,0,1.467,0.005,-0.0058,59.6377
4019,1085208,436.07,238,1023,99.9,6,1,0,1.431,0.005,-0.0058,59.6377
4020,1085272,434.84,245,1021,99.7,6,1,0,1.43,0.005,-0.0058,59.6377
4021,1085480,496.47,126,1024,100.0,6,1,0,0.95,0.005,-0.0058,59.6377
4022,1085744,443.26,260,1018,99.4,6,1,0,1.311,0.005,-0.0058,59.6377
4023,1085744,498.3,140,1016,99.2,6,1,0,1.487,0.005,-0.0058,59.6377
4024,1086488,492.83,126,1024,100.0,6,1,0,1.291,0.005,-0.0058,59.6377
4025,1086744,484.82,229,1024,100.0,6,1,0,0.959,0.005,-0.0058,59.6377
4026,1086912,560.01,146,1024,100.0,6,1,0,1.014,0.005,-0.0058,59.6377
4027,1086928,483.73,225,1023,99.9,6,1,0,0.9,0.005,-0.0058,59.6377
4028,1087200,489.46,241,1024,100.0,6,1,0,0.941,0.005,-0.0058,59.6377
4029,1087200,418.37,263,1017,99.3,6,1,0,1.374,0.005,-0.0058,59.6377
4030,1087336,462.64,266,1017,99.3,6,1,0,1.192,0.005,-0.0058,59.6377
4031,1087528,516.13,223,1024,100.0,6,1,0,1.097,0.005,-0.0058,59.6377
4032,1088312,469.11,228,1024,100.0,6,1,0,1.105,0.005,-0.0058,59.6377
4033,1088440,542.68,155,1024,100.0,6,1,0,1.039,0.005,-0.0058,59.6377
4034,1088688,477.27,222,1023,99.9,6,1,0,1.157,0.005,-0.0058,59.6377
4035,1088840,441.33,262,1021,99.7,6,1,0,1.148,0.005,-0.0058,59.6377
4036,1089040,490.95,230,1024,100.0,6,1,0,0.783,0.005,-0.0058,59.6377
4037,1089088,455.2,270,1018,99.4,6,1,0,1.301,0.005,-0.0058,59.6377
4038,1089120,509.07,223,1024,100.0,6,1,0,0.917,0.005,-0.0058,59.6377
4039,1089280,488.22,219,1022,99.8,6,1,0,1.033,0.005,-0.0058,59.6377
4040,1089552,525.23,139,1024,100.0,6,1,0,0.672,0.005,-0.0047,27.2653
4041,1089784,489.42,137,1020,99.6,6,1,0,1.172,0.005,-0.0047,27.2653
4042,1090104,528.45,133,1024,100.0,6,1,0,0.976,0.005,-0.0047,27.2653
4043,1090328,538.22,151,1024,100.0,6,1,0,0.785,0.005,-0.0047,27.2653
4044,1090440,477.14,266,1017,99.3,6,1,0,1.675,0.005,-0.0047,27.2653
4045,1090776,498.62,211,1024,100.0,6,1,0,0.729,0.005,-0.0047,27.2653
4046,1090888,444.17,138,1023,99.9,6,1,0,0.781,0.005,-0.0047,27.2653
4047,1090936,554.52,262,1024,100.0,6,1,0,0.874,0.005,-0.0047,27.2653
4048,1090968,495.51,211,1024,100.0,6,1,0,0.982,0.005,-0.0047,27.2653
4049,1091328,485.71,222,1024,100.0,6,1,0,0.957,0.005,-0.0047,27.2653
4050,1092016,436.01,239,1023,99.9,6,1,0,1.341,0.005,-0.0047,27.2653
4051,1092048,548.57,139,1024,100.0,6,1,0,0.89,0.005,-0.0047,27.2653
4052,1092080,509.39,219,1024,100.0,6,1,0,0.933,0.005,-0.0047,27.2653
4053,1092168,485.98,216,1023,99.9,6,1,0,0.817,0.005,-0.0047,27.2653
4054,1092272,560.87,163,1024,100.0,6,1,0,0.796,0.005,-0.0047,27.2653
4055,1092656,464.75,221,1023,99.9,6,1,0,1.002,0.005,-0.0047,27.2653
4056,1093008,26.39,44,239,23.3,1,0,1,0.183,0.005,-0.0047,27.2653
4057,1093040,467.15,283,1024,100.0,6,1,0,1.286,0.005,-0.0047,27.2653
4058,1093160,472.18,229,1024,100.0,6,1,0,0.756,0.005,-0.0047,27.2653
4059,1093168,498.2,140,1022,99.8,6,1,0,0.906,0.005,-0.0047,27.2653
4060,1093840,485.99,220,1023,99.9,6,1,0,0.812,0.005,-0.0047,27.2653
4061,1093992,497.2,215,1024,100.0,6,1,0,1.048,0.005,-0.0047,27.2653
4062,1094040,436.0,253,1023,99.9,6,1,0,1.034,0.005,-0.0047,27.2653
4063,1094144,509.96,142,1021,99.7,6,1,0,1.041,0.005,-0.0047,27.2653
4064,1094144,537.54,138,1024,100.0,6,1,0,0.643,0.005,-0.0047,27.2653
4065,1094168,0.52,16,245,23.9,1,0,1,0.19,0.005,-0.0047,27.2653
4066,1094240,438.43,259,1021,99.7,6,1,0,1.118,0.005,-0.0047,27.2653
4067,1094992,468.82,228,1024,100.0,6,1,0,1.029,0.005,-0.0047,27.2653
4068,1095112,498.23,140,1021,99.7,6,1,0,1.164,0.005,-0.0047,27.2653
4069,1095192,454.86,254,1019,99.5,6,1,0,1.222,0.005,-0.0047,27.2653
4070,1095240,486.53,137,1020,99.6,6,1,0,1.048,0.005,-0.0047,27.2653
4071,1095888,451.64,256,1019,99.5,6,1,0,1.091,0.005,-0.0047,27.2653
4072,1095992,491.14,219,1024,100.0,6,1,0,1.027,0.005,-0.0047,27.2653
4073,1096224,449.13,257,1017,99.3,6,1,0,1.072,0.005,-0.0047,27.2653
4074,1096224,469.7,260,1023,99.9,6,1,0,1.198,0.005,-0.0047,27.2653
4075,1097208,465.89,277,1022,99.8,6,1,0,1.283,0.005,-0.0047,27.2653
4076,1097248,473.03,257,1021,99.7,6,1,0,1.514,0.005,-0.0047,27.2653
4077,1097256,461.22,268,1019,99.5,6,1,0,1.296,0.005,-0.0047,27.2653
4078,1097296,458.13,257,1019,99.5,6,1,0,1.38,0.005,-0.0047,27.2653
4079,1097512,531.67,161,1024,100.0,6,1,0,0.88,0.005,-0.0047,27.2653
4080,1097936,429.43,256,1018,99.4,6,1,0,1.444,0.005,-0.0046,85.6028
4081,1098136,449.66,268,1015,99.1,6,1,0,1.254,0.005,-0.0046,85.6028
4082,1098344,493.03,265,1015,99.1,6,1,0,1.329,0.005,-0.0046,85.6028
4083,1098400,530.16,138,1024,100.0,6,1,0,0.854,0.005,-0.0046,85.6028
4084,1098976,490.34,216,1024,100.0,6,1,0,0.781,0.005,-0.0046,85.6028
4085,1099032,506.81,222,1024,100.0,6,1,0,0.902,0.005,-0.0046,85.6028
4086,1099344,457.12,267,1021,99.7,6,1,0,1.209,0.005,-0.0046,85.6028
4087,1099520,452.79,251,1019,99.5,6,1,0,1.441,0.005,-0.0046,85.6028
4088,1099640,468.95,213,1024,100.0,6,1,0,0.854,0.005,-0.0046,85.6028
4089,1099936,476.15,225,1021,99.7,6,1,0,1.077,0.005,-0.0046,85.6028
4090,1100072,534.11,137,1024,100.0,6,1,0,0.741,0.005,-0.0046,85.6028
4091,1100104,474.42,213,1023,99.9,6,1,0,0.972,0.005,-0.0046,85.6028
4092,1100120,479.05,222,1022,99.8,6,1,0,1.111,0.005,-0.0046,85.6028
4093,1100376,510.64,129,1024,100.0,6,1,0,1.11,0.005,-0.0046,85.6028
4094,1100656,491.55,142,1019,99.5,6,1,0,1.068,0.005,-0.0046,85.6028
4095,1100720,483.83,211,1024,100.0,6,1,0,0.914,0.005,-0.0046,85.6028
4096,1100984,477.89,131,1019,99.5,6,1,0,1.249,0.005,-0.0046,85.6028
4097,1101248,512.83,147,1019,99.5,6,1,0,1.175,0.005,-0.0046,85.6028
4098,1101392,517.38,127,1024,100.0,6,1,0,0.932,0.005,-0.0046,85.6028
4099,1101472,509.47,229,1024,100.0,6,1,0,0.825,0.005,-0.0046,85.6028
4100,1101848,494.89,141,1017,99.3,6,1,0,1.287,0.005,-0.0046,85.6028
4101,1102160,423.59,257,1019,99.5,6,1,0,1.327,0.005,-0.0046,85.6028
4102,1102328,457.14,276,1022,99.8,6,1,0,1.416,0.005,-0.0046,85.6028
4103,1102424,500.08,147,1021,99.7,6,1,0,1.16,0.005,-0.0046,85.6028
4104,1102512,479.03,232,1024,100.0,6,1,0,0.894,0.005,-0.0046,85.6028
4105,1102544,499.06,134,1019,99.5,6,1,0,1.256,0.005,-0.0046,85.6028
4106,1103080,453.57,262,1021,99.7,6,1,0,1.016,0.005,-0.0046,85.6028
4107,1103120,492.83,216,1024,100.0,6,1,0,0.909,0.005,-0.0046,85.6028
4108,1103928,444.8,260,1019,99.5,6,1,0,1.347,0.005,-0.0046,85.6028
4109,1104136,494.25,214,1024,100.0,6,1,0,1.068,0.005,-0.0046,85.6028
4110,1104288,452.78,245,1023,99.9,6,1,0,1.379,0.005,-0.0046,85.6028
4111,1104376,502.33,233,1024,100.0,6,1,0,0.941,0.005,-0.0046,85.6028
4112,1104776,474.22,212,1024,100.0,6,1,0,0.695,0.005,-0.0046,85.6028
4113,1105056,476.66,314,1020,99.6,6,1,0,1.284,0.005,-0.0046,85.6028
4114,1105128,335.61,371,1024,100.0,5,0,1,0.171,0.005,-0.0046,85.6028
4115,1105176,451.5,257,1018,99.4,6,1,0,1.294,0.005,-0.0046,85.6028
4116,1105192,490.28,132,1023,99.9,6,1,0,1.107,0.005,-0.0046,85.6028
4117,1105904,425.41,247,1021,99.7,6,1,0,1.049,0.005,-0.0046,85.6028
4118,1106184,488.99,141,1017,99.3,6,1,0,1.061,0.005,-0.0046,44.2013
4119,1106344,545.15,146,1024,100.0,6,1,0,0.568,0.005,-0.0046,44.2013
4120,1106424,473.93,267,1019,99.5,6,1,0,1.269,0.005,-0.0046,44.2013
4121,1106440,415.08,258,1017,99.3,6,1,0,1.341,0.005,-0.0046,44.2013
4122,1106656,489.4,235,1024,100.0,6,1,0,1.045,0.005,-0.0046,44.2013
4123,1106952,477.17,220,1024,100.0,6,1,0,1.051,0.005,-0.0046,44.2013
4124,1107088,472.64,245,1024,100.0,6,1,0,0.953,0.005,-0.0046,44.2013
4125,1107400,484.03,132,1019,99.5,6,1,0,1.156,0.005,-0.0046,44.2013
4126,1107680,500.8,222,1023,99.9,6,1,0,0.951,0.005,-0.0046,44.2013
4127,1107936,482.17,219,1022,99.8,6,1,0,1.039,0.005,-0.0046,44.2013
4128,1108112,492.63,211,1024,100.0,6,1,0,1.192,0.005,-0.0046,44.2013
4129,1108144,480.47,213,1020,99.6,6,1,0,0.935,0.005,-0.0046,44.2013
4130,1108496,506.85,230,1024,100.0,6,1,0,1.343,0.005,-0.0046,44.2013
4131,1108664,485.73,214,1024,100.0,6,1,0,0.934,0.005,-0.0046,44.2013
4132,1108808,512.05,215,1024,100.0,6,1,0,1.079,0.005,-0.0046,44.2013
4133,1109208,492.73,137,1017,99.3,6,1,0,1.068,0.005,-0.0046,44.2013
4134,1109736,446.56,292,1020,99.6,6,1,0,1.175,0.005,-0.0046,44.2013
4135,1109776,495.31,139,1018,99.4,6,1,0,1.35,0.005,-0.0046,44.2013
4136,1109936,433.66,250,1022,99.8,6,1,0,1.442,0.005,-0.0046,44.2013
4137,1110160,446.14,252,1022,99.8,6,1,0,1.341,0.005,-0.0046,44.2013
4138,1110576,463.6,260,1020,99.6,6,1,0,1.493,0.005,-0.0046,44.2013
4139,1110608,453.11,366,1024,100.0,6,1,0,1.307,0.005,-0.0046,44.2013
4140,1110864,458.76,257,1021,99.7,6,1,0,1.446,0.005,-0.0046,44.2013
4141,1111336,468.2,266,1021,99.7,6,1,0,1.218,0.005,-0.0046,44.2013
4142,1111480,475.84,218,1023,99.9,6,1,0,1.139,0.005,-0.0046,44.2013
4143,1111696,489.64,136,1018,99.4,6,1,0,1.279,0.005,-0.0046,44.2013
4144,1111736,485.34,225,1024,100.0,6,1,0,1.044,0.005,-0.0046,44.2013
4145,1111792,430.89,252,1018,99.4,6,1,0,1.57,0.005,-0.0046,44.2013
4146,1111960,539.65,137,1024,100.0,6,1,0,0.925,0.005,-0.0046,44.2013
4147,1111976,483.0,227,1024,100.0,6,1,0,1.102,0.005,-0.0046,44.2013
4148,1112320,486.73,218,1024,100.0,6,1,0,0.723,0.005,-0.0046,44.2013
4149,1112336,507.97,125,1024,100.0,6,1,0,1.072,0.005,-0.0046,44.2013
4150,1112616,504.44,142,1019,99.5,6,1,0,1.007,0.005,-0.0046,44.2013
4151,1112784,525.37,131,1024,100.0,6,1,0,0.66,0.005,-0.0046,44.2013
4152,1113104,530.45,141,1024,100.0,6,1,0,0.958,0.005,-0.0046,44.2013
4153,1113528,495.04,217,1024,100.0,6,1,0,0.942,0.005,-0.0046,44.2013
4154,1113656,486.74,130,1020,99.6,6,1,0,1.157,0.005,-0.0046,44.2013
4155,1113704,477.35,218,1024,100.0,6,1,0,1.035,0.005,-0.0046,44.2013
4156,1113880,464.77,273,1020,99.6,6,1,0,0.78,0.005,-0.0046,44.2013
4157,1114152,507.73,227,1024,100.0,6,1,0,1.099,0.005,-0.0038,25.4355
4158,1114304,546.75,150,1024,100.0,6,1,0,0.822,0.005,-0.0038,25.4355
4159,1114336,446.59,252,1024,100.0,6,1,0,1.052,0.005,-0.0038,25.4355
4160,1114816,461.13,254,1021,99.7,6,1,0,1.432,0.005,-0.0038,25.4355
4161,1114952,484.16,134,1018,99.4,6,1,0,1.144,0.005,-0.0038,25.4355
4162,1115616,462.97,261,1023,99.9,6,1,0,1.031,0.005,-0.0038,25.4355
4163,1115712,421.08,251,1021,99.7,6,1,0,1.403,0.005,-0.0038,25.4355
4164,1115736,443.9,260,1017,99.3,6,1,0,1.468,0.005,-0.0038,25.4355
4165,1116240,428.07,242,1022,99.8,6,1,0,1.272,0.005,-0.0038,25.4355
4166,1116304,455.66,269,1016,99.2,6,1,0,1.196,0.005,-0.0038,25.4355
4167,1116384,450.2,256,1023,99.9,6,1,0,1.033,0.005,-0.0038,25.4355
4168,1116688,481.75,234,1024,100.0,6,1,0,1.023,0.005,-0.0038,25.4355
4169,1116832,486.53,137,1018,99.4,6,1,0,1.125,0.005,-0.0038,25.4355
4170,1117032,469.57,260,1024,100.0,6,1,0,0.901,0.005,-0.0038,25.4355
4171,1117368,461.57,219,1023,99.9,6,1,0,1.057,0.005,-0.0038,25.4355
4172,1117824,462.86,264,1019,99.5,6,1,0,1.379,0.005,-0.0038,25.4355
4173,1118056,493.94,227,1024,100.0,6,1,0,1.083,0.005,-0.0038,25.4355
4174,1118136,476.19,229,1024,100.0,6,1,0,0.981,0.005,-0.0038,25.4355
4175,1118408,421.53,253,1020,99.6,6,1,0,1.315,0.005,-0.0038,25.4355
4176,1118440,556.91,176,1024,100.0,6,1,0,1.212,0.005,-0.0038,25.4355
4177,1118800,445.83,264,1016,99.2,6,1,0,1.363,0.005,-0.0038,25.4355
4178,1118928,492.49,138,1019,99.5,6,1,0,1.338,0.005,-0.0038,25.4355
4179,1118936,450.55,263,1018,99.4,6,1,0,1.299,0.005,-0.0038,25.4355
4180,1119104,471.48,217,1024,100.0,6,1,0,0.996,0.005,-0.0038,25.4355
4181,1119168,533.24,139,1024,100.0,6,1,0,0.872,0.005,-0.0038,25.4355
4182,1119552,503.97,143,1016,99.2,6,1,0,1.22,0.005,-0.0038,25.4355
4183,1119968,512.94,130,1024,100.0,6,1,0,0.847,0.005,-0.0038,25.4355
4184,1120160,491.96,215,1023,99.9,6,1,0,0.936,0.005,-0.0038,25.4355
4185,1120168,445.24,254,1021,99.7,6,1,0,1.449,0.005,-0.0038,25.4355
4186,1120672,485.1,217,1023,99.9,6,1,0,0.906,0.005,-0.0038,25.4355
4187,1120728,521.08,147,1024,100.0,6,1,0,0.844,0.005,-0.0038,25.4355
4188,1120864,473.48,212,1022,99.8,6,1,0,0.827,0.005,-0.0038,25.4355
4189,1120904,453.64,263,1016,99.2,6,1,0,1.326,0.005,-0.0038,25.4355
4190,1120912,500.97,226,1024,100.0,6,1,0,1.022,0.005,-0.0038,25.4355
4191,1121760,451.72,224,1024,100.0,6,1,0,0.977,0.005,-0.0038,25.4355
4192,1121984,496.15,135,1018,99.4,6,1,0,1.082,0.005,-0.0038,25.4355
4193,1122040,471.95,234,1024,100.0,6,1,0,1.003,0.005,-0.0038,25.4355
4194,1122128,550.37,152,1024,100.0,6,1,0,0.987,0.005,-0.0038,25.4355
4195,1122168,443.31,251,1021,99.7,6,1,0,1.087,0.005,-0.0038,25.4355
4196,1122872,464.92,268,1016,99.2,6,1,0,1.342,0.005,-0.0015,23.627
4197,1122952,472.59,261,1023,99.9,6,1,0,1.09,0.005,-0.0015,23.627
4198,1123040,518.96,132,1024,100.0,6,1,0,0.721,0.005,-0.0015,23.627
4199,1123088,510.64,131,1024,100.0,6,1,0,0.816,0.005,-0.0015,23.627
4200,1123376,461.17,338,1022,99.8,6,1,0,1.43,0.005,-0.0015,23.627
4201,1123760,430.8,250,1020,99.6,6,1,0,1.096,0.005,-0.0015,23.627
4202,1124032,483.95,135,1018,99.4,6,1,0,1.226,0.005,-0.0015,23.627
4203,1124184,439.95,252,1019,99.5,6,1,0,1.175,0.005,-0.0015,23.627
4204,1124208,447.5,260,1018,99.4,6,1,0,1.229,0.005,-0.0015,23.627
4205,1124992,474.65,265,1018,99.4,6,1,0,1.567,0.005,-0.0015,23.627
4206,1125040,331.39,250,1013,98.9,5,0,1,0.13,0.005,-0.0015,23.627
4207,1125152,454.6,258,1019,99.5,6,1,0,1.234,0.005,-0.0015,23.627
4208,1125392,455.03,252,1021,99.7,6,1,0,1.361,0.005,-0.0015,23.627
4209,1125832,449.11,259,1019,99.5,6,1,0,1.393,0.005,-0.0015,23.627
4210,1126072,513.07,129,1024,100.0,6,1,0,0.904,0.005,-0.0015,23.627
4211,1126096,459.34,258,1018,99.4,6,1,0,1.465,0.005,-0.0015,23.627
4212,1126128,445.2,240,1023,99.9,6,1,0,1.221,0.005,-0.0015,23.627
4213,1126208,451.48,253,1023,99.9,6,1,0,1.24,0.005,-0.0015,23.627
4214,1126408,501.41,127,1024,100.0,6,1,0,0.943,0.005,-0.0015,23.627
4215,1126752,468.52,220,1022,99.8,6,1,0,1.048,0.005,-0.0015,23.627
4216,1126960,460.77,226,1024,100.0,6,1,0,1.182,0.005,-0.0015,23.627
4217,1127296,515.3,150,1023,99.9,6,1,0,1.809,0.005,-0.0015,23.627
4218,1127624,477.7,224,1023,99.9,6,1,0,0.909,0.005,-0.0015,23.627
4219,1127880,469.99,219,1023,99.9,6,1,0,1.099,0.005,-0.0015,23.627
4220,1127984,549.07,154,1024,100.0,6,1,0,1.138,0.005,-0.0015,23.627
4221,1128032,480.63,245,1024,100.0,6,1,0,1.241,0.005,-0.0015,23.627
4222,1128344,471.03,267,1020,99.6,6,1,0,1.335,0.005,-0.0015,23.627
4223,1128448,454.02,255,1019,99.5,6,1,0,1.31,0.005,-0.0015,23.627
4224,1129072,469.01,264,1022,99.8,6,1,0,1.151,0.005,-0.0015,23.627
4225,1129128,494.42,229,1024,100.0,6,1,0,1.385,0.005,-0.0015,23.627
4226,1129488,470.41,233,1024,100.0,6,1,0,0.934,0.005,-0.0015,23.627
4227,1129824,479.64,243,1024,100.0,6,1,0,0.937,0.005,-0.0015,23.627
4228,1129824,498.84,230,1024,100.0,6,1,0,1.176,0.005,-0.0015,23.627
4229,1130080,475.02,256,1020,99.6,6,1,0,1.412,0.005,-0.0015,23.627
4230,1130128,492.77,223,1024,100.0,6,1,0,1.242,0.005,-0.0015,23.627
4231,1130280,518.56,151,1022,99.8,6,1,0,0.899,0.005,-0.0015,23.627
4232,1130296,490.3,231,1021,99.7,6,1,0,1.173,0.005,-0.0015,23.627
4233,1130880,525.46,132,1024,100.0,6,1,0,0.853,0.005,-0.0055,28.6763
4234,1131176,433.74,256,1021,99.7,6,1,0,1.441,0.005,-0.0055,28.6763
4235,1131544,448.23,257,1019,99.5,6,1,0,1.163,0.005,-0.0055,28.6763
4236,1131552,482.26,216,1023,99.9,6,1,0,1.202,0.005,-0.0055,28.6763
4237,1132024,499.8,218,1024,100.0,6,1,0,0.989,0.005,-0.0055,28.6763
4238,1132040,501.01,239,1024,100.0,6,1,0,1.381,0.005,-0.0055,28.6763
4239,1132120,466.95,255,1021,99.7,6,1,0,1.308,0.005,-0.0055,28.6763
4240,1132168,493.32,234,1024,100.0,6,1,0,1.309,0.005,-0.0055,28.6763
4241,1132352,547.7,147,1024,100.0,6,1,0,1.092,0.005,-0.0055,28.6763
4242,1132592,485.78,214,1022,99.8,6,1,0,0.82,0.005,-0.0055,28.6763
4243,1132760,241.28,90,920,89.8,4,0,1,0.2,0.005,-0.0055,28.6763
4244,1133360,479.35,227,1021,99.7,6,1,0,1.103,0.005,-0.0055,28.6763
4245,1133544,535.47,149,1024,100.0,6,1,0,1.176,0.005,-0.0055,28.6763
4246,1133648,444.38,262,1020,99.6,6,1,0,1.069,0.005,-0.0055,28.6763
4247,1134016,430.54,249,1022,99.8,6,1,0,1.394,0.005,-0.0055,28.6763
4248,1134064,497.02,243,1024,100.0,6,1,0,1.236,0.005,-0.0055,28.6763
4249,1134280,443.09,264,1020,99.6,6,1,0,1.126,0.005,-0.0055,28.6763
4250,1134600,522.79,132,1024,100.0,6,1,0,1.029,0.005,-0.0055,28.6763
4251,1134744,495.23,137,1017,99.3,6,1,0,1.443,0.005,-0.0055,28.6763
4252,1134832,450.37,259,1017,99.3,6,1,0,1.292,0.005,-0.0055,28.6763
4253,1135104,516.74,130,1024,100.0,6,1,0,1.081,0.005,-0.0055,28.6763
4254,1135168,509.59,226,1024,100.0,6,1,0,1.171,0.005,-0.0055,28.6763
4255,1135392,533.99,350,1024,100.0,6,1,0,1.064,0.005,-0.0055,28.6763
4256,1135888,542.59,143,1024,100.0,6,1,0,0.609,0.005,-0.0055,28.6763
4257,1135992,551.13,145,1024,100.0,6,1,0,0.805,0.005,-0.0055,28.6763
4258,1136024,460.41,251,1021,99.7,6,1,0,1.497,0.005,-0.0055,28.6763
4259,1136136,511.88,232,1024,100.0,6,1,0,1.216,0.005,-0.0055,28.6763
4260,1136336,8.48,25,214,20.9,1,0,1,0.197,0.005,-0.0055,28.6763
4261,1136488,492.73,236,1024,100.0,6,1,0,0.951,0.005,-0.0055,28.6763
4262,1136496,548.13,138,1024,100.0,6,1,0,1.002,0.005,-0.0055,28.6763
4263,1136984,486.87,235,1024,100.0,6,1,0,1.017,0.005,-0.0055,28.6763
4264,1137032,492.27,143,1014,99.0,6,1,0,1.14,0.005,-0.0055,28.6763
4265,1137256,459.89,261,1018,99.4,6,1,0,1.264,0.005,-0.0055,28.6763
4266,1137256,536.41,158,1024,100.0,6,1,0,0.957,0.005,-0.0055,28.6763
4267,1137720,558.86,153,1024,100.0,6,1,0,0.975,0.005,-0.0055,28.6763
4268,1137744,485.95,215,1024,100.0,6,1,0,1.009,0.005,-0.0055,28.6763
4269,1138368,509.83,235,1024,100.0,6,1,0,0.869,0.005,-0.0055,28.6763
4270,1138456,469.15,265,1016,99.2,6,1,0,1.365,0.005,-0.0055,28.6763
4271,1138848,507.73,227,1022,99.8,6,1,0,1.084,0.005,-0.0022,53.4341
4272,1139048,441.68,258,1018,99.4,6,1,0,1.32,0.005,-0.0022,53.4341
4273,1139048,483.4,224,1024,100.0,6,1,0,1.217,0.005,-0.0022,53.4341
4274,1139360,453.77,263,1019,99.5,6,1,0,1.343,0.005,-0.0022,53.4341
4275,1139552,463.22,226,1024,100.0,6,1,0,1.296,0.005,-0.0022,53.4341
4276,1139704,431.54,248,1022,99.8,6,1,0,1.525,0.005,-0.0022,53.4341
4277,1139992,538.84,143,1024,100.0,6,1,0,0.957,0.005,-0.0022,53.4341
4278,1140216,503.04,220,1024,100.0,6,1,0,1.089,0.005,-0.0022,53.4341
4279,1140376,498.05,127,1024,100.0,6,1,0,1.018,0.005,-0.0022,53.4341
4280,1140472,449.66,263,1020,99.6,6,1,0,1.161,0.005,-0.0022,53.4341
4281,1140808,464.7,220,1023,99.9,6,1,0,1.197,0.005,-0.0022,53.4341
4282,1141120,436.3,259,1018,99.4,6,1,0,1.288,0.005,-0.0022,53.4341
4283,1141296,504.65,135,1018,99.4,6,1,0,1.223,0.005,-0.0022,53.4341
4284,1141328,474.04,222,1022,99.8,6,1,0,1.224,0.005,-0.0022,53.4341
4285,1141504,495.03,225,1024,100.0,6,1,0,1.076,0.005,-0.0022,53.4341
4286,1141520,525.47,131,1024,100.0,6,1,0,0.889,0.005,-0.0022,53.4341
4287,1141856,487.04,131,1019,99.5,6,1,0,1.311,0.005,-0.0022,53.4341
4288,1142056,461.02,258,1019,99.5,6,1,0,1.321,0.005,-0.0022,53.4341
4289,1142376,504.48,131,1024,100.0,6,1,0,1.002,0.005,-0.0022,53.4341
4290,1142392,495.63,137,1019,99.5,6,1,0,1.662,0.005,-0.0022,53.4341
4291,1142480,469.07,263,1017,99.3,6,1,0,1.447,0.005,-0.0022,53.4341
4292,1143224,453.47,263,1018,99.4,6,1,0,1.495,0.005,-0.0022,53.4341
4293,1143248,498.19,218,1022,99.8,6,1,0,1.094,0.005,-0.0022,53.4341
4294,1143552,489.38,212,1024,100.0,6,1,0,0.666,0.005,-0.0022,53.4341
4295,1143584,469.6,258,1019,99.5,6,1,0,1.302,0.005,-0.0022,53.4341
4296,1143672,553.83,162,1024,100.0,6,1,0,1.056,0.005,-0.0022,53.4341
4297,1144040,459.98,248,1024,100.0,6,1,0,0.998,0.005,-0.0022,53.4341
4298,1144360,521.31,139,1024,100.0,6,1,0,1.035,0.005,-0.0022,53.4341
4299,1144440,451.26,256,1018,99.4,6,1,0,1.333,0.005,-0.0022,53.4341
4300,1144480,440.12,250,1021,99.7,6,1,0,1.662,0.005,-0.0022,53.4341
4301,1144640,471.68,132,1018,99.4,6,1,0,1.264,0.005,-0.0022,53.4341
4302,1144688,512.95,142,1018,99.4,6,1,0,1.093,0.005,-0.0022,53.4341
4303,1145152,510.71,139,1020,99.6,6,1,0,1.225,0.005,-0.0022,53.4341
4304,1145288,441.92,258,1018,99.4,6,1,0,1.438,0.005,-0.0022,53.4341
4305,1145488,507.59,141,1019,99.5,6,1,0,1.331,0.005,-0.0022,53.4341
4306,1145744,463.01,259,1019,99.5,6,1,0,1.324,0.005,-0.0022,53.4341
4307,1146288,498.78,142,1017,99.3,6,1,0,1.321,0.005,-0.0022,53.4341
4308,1146424,486.04,223,1024,100.0,6,1,0,1.246,0.005,-0.0022,53.4341
4309,1146472,479.6,223,1024,100.0,6,1,0,1.13,0.005,-0.0022,53.4341
4310,1146504,439.89,253,1020,99.6,6,1,0,1.506,0.005,-0.0022,53.4341
4311,1146568,456.38,266,1015,99.1,6,1,0,1.27,0.005,-0.0022,53.4341
4312,1146624,539.7,142,1024,100.0,6,1,0,0.922,0.005,-0.0022,53.4341
4313,1147512,474.35,221,1022,99.8,6,1,0,0.833,0.005,-0.0017,28.6905
4314,1147560,486.94,136,1018,99.4,6,1,0,1.303,0.005,-0.0017,28.6905
4315,1147680,481.48,132,1019,99.5,6,1,0,1.268,0.005,-0.0017,28.6905
4316,1147712,472.52,303,1019,99.5,6,1,0,1.45,0.005,-0.0017,28.6905
4317,1148208,499.02,223,1023,99.9,6,1,0,1.109,0.005,-0.0017,28.6905
4318,1148328,464.18,255,1021,99.7,6,1,0,1.478,0.005,-0.0017,28.6905
4319,1148376,464.6,226,1024,100.0,6,1,0,0.897,0.005,-0.0017,28.6905
4320,1148640,459.15,267,1017,99.3,6,1,0,1.225,0.005,-0.0017,28.6905
4321,1149008,482.86,162,1024,100.0,6,1,0,0.912,0.005,-0.0017,28.6905
4322,1149352,496.97,230,1024,100.0,6,1,0,0.909,0.005,-0.0017,28.6905
4323,1149368,506.95,145,1018,99.4,6,1,0,1.33,0.005,-0.0017,28.6905
4324,1149504,493.97,228,1024,100.0,6,1,0,1.026,0.005,-0.0017,28.6905
4325,1149592,446.37,254,1023,99.9,6,1,0,1.186,0.005,-0.0017,28.6905
4326,1149912,471.7,159,1024,100.0,6,1,0,1.082,0.005,-0.0017,28.6905
4327,1150048,510.38,130,1024,100.0,6,1,0,0.855,0.005,-0.0017,28.6905
4328,1150152,467.0,228,1022,99.8,6,1,0,1.231,0.005,-0.0017,28.6905
4329,1150408,452.14,254,1022,99.8,6,1,0,1.326,0.005,-0.0017,28.6905
4330,1150744,501.26,144,1020,99.6,6,1,0,1.119,0.005,-0.0017,28.6905
4331,1151152,506.95,138,1016,99.2,6,1,0,1.239,0.005,-0.0017,28.6905
4332,1151264,487.68,237,1024,100.0,6,1,0,1.327,0.005,-0.0017,28.6905
4333,1151336,439.5,248,1022,99.8,6,1,0,1.313,0.005,-0.0017,28.6905
4334,1151472,431.37,246,1023,99.9,6,1,0,1.31,0.005,-0.0017,28.6905
4335,1151480,490.26,134,1019,99.5,6,1,0,1.296,0.005,-0.0017,28.6905
4336,1151624,502.71,214,1024,100.0,6,1,0,1.094,0.005,-0.0017,28.6905
4337,1151960,478.19,226,1023,99.9,6,1,0,1.336,0.005,-0.0017,28.6905
4338,1152168,472.43,127,1021,99.7,6,1,0,1.397,0.005,-0.0017,28.6905
4339,1152536,475.94,224,1022,99.8,6,1,0,1.01,0.005,-0.0017,28.6905
4340,1153120,492.07,223,1023,99.9,6,1,0,1.133,0.005,-0.0017,28.6905
4341,1153264,440.4,250,1021,99.7,6,1,0,1.343,0.005,-0.0017,28.6905
4342,1153280,492.81,139,1018,99.4,6,1,0,1.155,0.005,-0.0017,28.6905
4343,1153400,473.42,240,1024,100.0,6,1,0,1.08,0.005,-0.0017,28.6905
4344,1153432,480.85,226,1023,99.9,6,1,0,0.985,0.005,-0.0017,28.6905
4345,1153472,447.04,250,1022,99.8,6,1,0,1.336,0.005,-0.0017,28.6905
4346,1153824,454.79,233,1023,99.9,6,1,0,1.211,0.005,-0.0017,28.6905
4347,1154248,507.29,141,1019,99.5,6,1,0,1.181,0.005,-0.0017,28.6905
4348,1154568,533.33,146,1016,99.2,6,1,0,1.118,0.005,-0.0017,28.6905
4349,1154616,454.82,260,1021,99.7,6,1,0,1.087,0.005,-0.0017,28.6905
4350,1154768,564.21,162,1024,100.0,6,1,0,1.131,0.005,-0.0017,28.6905
4351,1155168,489.83,236,1024,100.0,6,1,0,1.001,0.005,-0.0036,24.2368
4352,1155328,489.72,237,1024,100.0,6,1,0,1.246,0.005,-0.0036,24.2368
4353,1155336,490.24,136,1021,99.7,6,1,0,1.091,0.005,-0.0036,24.2368
4354,1155400,474.83,267,1016,99.2,6,1,0,1.156,0.005,-0.0036,24.2368
4355,1155728,494.83,238,1024,100.0,6,1,0,0.951,0.005,-0.0036,24.2368
4356,1156104,450.58,167,1024,100.0,6,1,0,0.897,0.005,-0.0036,24.2368
4357,1156336,550.9,146,1024,100.0,6,1,0,0.809,0.005,-0.0036,24.2368
4358,1156360,484.85,224,1024,100.0,6,1,0,0.945,0.005,-0.0036,24.2368
4359,1156424,548.64,137,1024,100.0,6,1,0,0.669,0.005,-0.0036,24.2368
4360,1156424,492.94,136,1020,99.6,6,1,0,1.233,0.005,-0.0036,24.2368
4361,1156512,438.74,237,1023,99.9,6,1,0,1.363,0.005,-0.0036,24.2368
4362,1157200,494.66,225,1024,100.0,6,1,0,1.072,0.005,-0.0036,24.2368
4363,1157208,491.78,138,1021,99.7,6,1,0,1.264,0.005,-0.0036,24.2368
4364,1157384,463.19,131,1020,99.6,6,1,0,1.497,0.005,-0.0036,24.2368
4365,1157456,471.07,216,1024,100.0,6,1,0,0.931,0.005,-0.0036,24.2368
4366,1157512,560.33,144,1024,100.0,6,1,0,0.884,0.005,-0.0036,24.2368
4367,1157648,536.11,142,1024,100.0,6,1,0,0.86,0.005,-0.0036,24.2368
4368,1158496,469.41,259,1019,99.5,6,1,0,1.631,0.005,-0.0036,24.2368
4369,1158536,513.43,135,1024,100.0,6,1,0,0.954,0.005,-0.0036,24.2368
4370,1158848,490.03,303,1020,99.6,6,1,0,1.035,0.005,-0.0036,24.2368
4371,1159000,487.88,225,1024,100.0,6,1,0,0.927,0.005,-0.0036,24.2368
4372,1159248,451.66,255,1020,99.6,6,1,0,1.183,0.005,-0.0036,24.2368
4373,1159424,466.95,255,1020,99.6,6,1,0,1.328,0.005,-0.0036,24.2368
4374,1159544,478.17,131,1018,99.4,6,1,0,1.36,0.005,-0.0036,24.2368
4375,1159640,483.94,266,1021,99.7,6,1,0,0.91,0.005,-0.0036,24.2368
4376,1159664,464.42,252,1021,99.7,6,1,0,1.381,0.005,-0.0036,24.2368
4377,1160104,532.97,138,1024,100.0,6,1,0,0.909,0.005,-0.0036,24.2368
4378,1160304,487.88,221,1023,99.9,6,1,0,1.202,0.005,-0.0036,24.2368
4379,1160344,483.42,137,1020,99.6,6,1,0,1.207,0.005,-0.0036,24.2368
4380,1160656,521.33,139,1024,100.0,6,1,0,0.945,0.005,-0.0036,24.2368
4381,1160928,463.0,260,1021,99.7,6,1,0,0.979,0.005,-0.0036,24.2368
4382,1161152,462.48,216,1020,99.6,6,1,0,0.971,0.005,-0.0036,24.2368
4383,1161560,427.33,237,1024,100.0,6,1,0,1.313,0.005,-0.0036,24.2368
4384,1161752,474.96,264,1017,99.3,6,1,0,1.19,0.005,-0.0036,24.2368
4385,1162024,501.06,240,1024,100.0,6,1,0,0.931,0.005,-0.0036,24.2368
4386,1162304,436.1,250,1021,99.7,6,1,0,1.28,0.005,-0.0036,24.2368
4387,1162352,437.17,251,1019,99.5,6,1,0,1.516,0.005,-0.0036,24.2368
4388,1162408,489.03,219,1023,99.9,6,1,0,1.189,0.005,-0.0036,24.2368
4389,1162528,13.31,28,211,20.6,1,0,1,0.205,0.005,-0.0036,24.2368
4390,1162816,468.77,133,1018,99.4,6,1,0,1.252,0.005,-0.0036,24.2368
4391,1162832,483.51,238,1024,100.0,6,1,0,0.841,0.005,-0.0036,24.2368
4392,1163216,433.58,258,1019,99.5,6,1,0,1.227,0.005,-0.0036,24.2368
4393,1163344,479.58,223,1023,99.9,6,1,0,1.166,0.005,-0.0056,51.7249
4394,1163424,484.83,127,1021,99.7,6,1,0,1.253,0.005,-0.0056,51.7249
4395,1163440,546.17,136,1024,100.0,6,1,0,0.778,0.005,-0.0056,51.7249
4396,1163616,490.24,136,1018,99.4,6,1,0,1.321,0.005,-0.0056,51.7249
4397,1163792,505.17,221,1024,100.0,6,1,0,0.988,0.005,-0.0056,51.7249
4398,1164208,270.79,96,891,87.0,4,0,1,0.143,0.005,-0.0056,51.7249
4399,1164584,526.33,145,1024,100.0,6,1,0,0.95,0.005,-0.0056,51.7249
4400,1164848,442.44,252,1021,99.7,6,1,0,1.127,0.005,-0.0056,51.7249
4401,1164864,455.24,256,1021,99.7,6,1,0,1.241,0.005,-0.0056,51.7249
4402,1165248,492.76,238,1024,100.0,6,1,0,1.104,0.005,-0.0056,51.7249
4403,1165304,462.99,261,1021,99.7,6,1,0,1.214,0.005,-0.0056,51.7249
4404,1165456,17.39,26,220,21.5,1,0,1,0.17,0.005,-0.0056,51.7249
4405,1165648,451.96,254,1021,99.7,6,1,0,1.331,0.005,-0.0056,51.7249
4406,1165824,454.83,254,1018,99.4,6,1,0,1.395,0.005,-0.0056,51.7249
4407,1165928,481.21,215,1022,99.8,6,1,0,1.023,0.005,-0.0056,51.7249
4408,1165976,551.03,141,1024,100.0,6,1,0,0.724,0.005,-0.0056,51.7249
4409,1166528,540.71,134,1024,100.0,6,1,0,0.922,0.005,-0.0056,51.7249
4410,1166568,415.85,248,1023,99.9,6,1,0,1.323,0.005,-0.0056,51.7249
4411,1166712,531.48,133,1024,100.0,6,1,0,0.773,0.005,-0.0056,51.7249
4412,1166936,472.31,259,1022,99.8,6,1,0,1.398,0.005,-0.0056,51.7249
4413,1167040,522.69,133,1024,100.0,6,1,0,1.088,0.005,-0.0056,51.7249
4414,1167040,498.81,139,1016,99.2,6,1,0,1.177,0.005,-0.0056,51.7249
4415,1167312,448.99,251,1021,99.7,6,1,0,1.459,0.005,-0.0056,51.7249
4416,1167888,432.31,258,1022,99.8,6,1,0,0.997,0.005,-0.0056,51.7249
4417,1168376,497.02,231,1024,100.0,6,1,0,1.174,0.005,-0.0056,51.7249
4418,1168640,456.29,259,1019,99.5,6,1,0,1.334,0.005,-0.0056,51.7249
4419,1168672,428.7,245,1022,99.8,6,1,0,1.181,0.005,-0.0056,51.7249
4420,1168904,472.93,233,1024,100.0,6,1,0,1.039,0.005,-0.0056,51.7249
4421,1168920,454.41,235,1024,100.0,6,1,0,1.072,0.005,-0.0056,51.7249
4422,1168968,458.46,254,1020,99.6,6,1,0,1.283,0.005,-0.0056,51.7249
4423,1169240,431.49,241,1023,99.9,6,1,0,1.446,0.005,-0.0056,51.7249
4424,1169480,492.07,138,1018,99.4,6,1,0,1.163,0.005,-0.0056,51.7249
4425,1169696,479.56,226,1024,100.0,6,1,0,1.265,0.005,-0.0056,51.7249
4426,1170296,522.68,132,1024,100.0,6,1,0,1.103,0.005,-0.0056,51.7249
4427,1170392,488.75,215,1022,99.8,6,1,0,0.736,0.005,-0.0056,51.7249
4428,1170456,482.02,227,1023,99.9,6,1,0,0.964,0.005,-0.0056,51.7249
4429,1170872,441.22,246,1022,99.8,6,1,0,1.39,0.005,-0.0056,51.7249
4430,1170976,445.09,257,1019,99.5,6,1,0,1.207,0.005,-0.0056,51.7249
4431,1171008,433.05,255,1023,99.9,6,1,0,1.273,0.005,-0.0056,51.7249
4432,1171384,486.86,136,1019,99.5,6,1,0,1.327,0.005,-0.0056,51.7249
4433,1171472,487.55,222,1024,100.0,6,1,0,1.07,0.005,-0.0069,41.6312
4434,1171480,439.62,250,1021,99.7,6,1,0,1.223,0.005,-0.0069,41.6312
4435,1172112,481.84,215,1023,99.9,6,1,0,1.184,0.005,-0.0069,41.6312
4436,1172472,439.94,252,1020,99.6,6,1,0,1.281,0.005,-0.0069,41.6312
4437,1172496,507.41,139,1019,99.5,6,1,0,1.192,0.005,-0.0069,41.6312
4438,1172896,440.49,240,1021,99.7,6,1,0,1.415,0.005,-0.0069,41.6312
4439,1173032,440.17,253,1021,99.7,6,1,0,1.203,0.005,-0.0069,41.6312
4440,1173136,455.67,283,1023,99.9,6,1,0,1.382,0.005,-0.0069,41.6312
4441,1173200,488.58,136,1020,99.6,6,1,0,1.132,0.005,-0.0069,41.6312
4442,1173296,466.39,228,1024,100.0,6,1,0,1.214,0.005,-0.0069,41.6312
4443,1173536,467.33,257,1019,99.5,6,1,0,1.616,0.005,-0.0069,41.6312
4444,1173648,551.64,147,1024,100.0,6,1,0,0.909,0.005,-0.0069,41.6312
4445,1173944,487.29,131,1020,99.6,6,1,0,1.112,0.005,-0.0069,41.6312
4446,1174320,472.19,228,1024,100.0,6,1,0,1.161,0.005,-0.0069,41.6312
4447,1174608,480.96,134,1017,99.3,6,1,0,1.289,0.005,-0.0069,41.6312
4448,1174736,492.67,213,1024,100.0,6,1,0,0.974,0.005,-0.0069,41.6312
4449,1174904,483.19,213,1023,99.9,6,1,0,1.089,0.005,-0.0069,41.6312
4450,1174984,505.66,231,1024,100.0,6,1,0,1.069,0.005,-0.0069,41.6312
4451,1175176,486.75,235,1024,100.0,6,1,0,1.21,0.005,-0.0069,41.6312
4452,1175480,481.92,229,1024,100.0,6,1,0,0.954,0.005,-0.0069,41.6312
4453,1175760,481.65,227,1022,99.8,6,1,0,0.9,0.005,-0.0069,41.6312
4454,1176008,504.46,138,1020,99.6,6,1,0,1.101,0.005,-0.0069,41.6312
4455,1176024,544.3,161,1024,100.0,6,1,0,0.839,0.005,-0.0069,41.6312
4456,1176032,481.49,131,1022,99.8,6,1,0,1.331,0.005,-0.0069,41.6312
4457,1176176,457.66,232,1024,100.0,6,1,0,1.216,0.005,-0.0069,41.6312
4458,1176656,451.15,256,1021,99.7,6,1,0,1.47,0.005,-0.0069,41.6312
4459,1176960,479.5,223,1023,99.9,6,1,0,0.964,0.005,-0.0069,41.6312
4460,1177080,510.49,131,1024,100.0,6,1,0,0.709,0.005,-0.0069,41.6312
4461,1177528,470.1,221,1023,99.9,6,1,0,1.065,0.005,-0.0069,41.6312
4462,1177552,457.41,259,1023,99.9,6,1,0,1.199,0.005,-0.0069,41.6312
4463,1177920,474.01,218,1024,100.0,6,1,0,1.051,0.005,-0.0069,41.6312
4464,1178040,458.46,254,1021,99.7,6,1,0,1.502,0.005,-0.0069,41.6312
4465,1178064,442.34,255,1021,99.7,6,1,0,1.329,0.005,-0.0069,41.6312
4466,1178432,479.48,222,1020,99.6,6,1,0,0.98,0.005,-0.0069,41.6312
4467,1178864,435.38,238,1023,99.9,6,1,0,1.354,0.005,-0.0069,41.6312
4468,1178912,479.66,229,1024,100.0,6,1,0,1.025,0.005,-0.0069,41.6312
4469,1179120,481.13,132,1018,99.4,6,1,0,1.365,0.005,-0.0069,41.6312
4470,1179136,509.88,137,1018,99.4,6,1,0,1.209,0.005,-0.0069,41.6312
4471,1179400,499.46,234,1024,100.0,6,1,0,1.235,0.005,-0.0069,41.6312
4472,1179600,427.09,256,1020,99.6,6,1,0,1.25,0.005,-0.0069,41.6312
4473,1179808,493.02,236,1024,100.0,6,1,0,1.04,0.005,-0.0037,22.5374
4474,1180176,483.7,218,1022,99.8,6,1,0,1.205,0.005,-0.0037,22.5374
4475,1180256,504.05,140,1019,99.5,6,1,0,0.888,0.005,-0.0037,22.5374
4476,1180624,491.38,220,1023,99.9,6,1,0,1.26,0.005,-0.0037,22.5374
4477,1180840,428.88,241,1022,99.8,6,1,0,1.294,0.005,-0.0037,22.5374
4478,1181296,421.73,272,1020,99.6,6,1,0,1.273,0.005,-0.0037,22.5374
4479,1181424,445.69,253,1022,99.8,6,1,0,1.315,0.005,-0.0037,22.5374
4480,1181528,431.56,241,1024,100.0,6,1,0,1.174,0.005,-0.0037,22.5374
4481,1181904,459.53,262,1017,99.3,6,1,0,1.487,0.005,-0.0037,22.5374
4482,1181920,489.93,135,1018,99.4,6,1,0,1.271,0.005,-0.0037,22.5374
4483,1182240,470.12,258,1018,99.4,6,1,0,1.304,0.005,-0.0037,22.5374
4484,1182352,445.8,262,1019,99.5,6,1,0,1.391,0.005,-0.0037,22.5374
4485,1182496,480.66,234,1024,100.0,6,1,0,1.128,0.005,-0.0037,22.5374
4486,1183216,476.63,224,1021,99.7,6,1,0,1.13,0.005,-0.0037,22.5374
4487,1183288,440.22,249,1022,99.8,6,1,0,1.203,0.005,-0.0037,22.5374
4488,1183360,487.56,229,1024,100.0,6,1,0,1.377,0.005,-0.0037,22.5374
4489,1183880,421.51,245,1023,99.9,6,1,0,1.286,0.005,-0.0037,22.5374
4490,1183944,439.45,255,1021,99.7,6,1,0,1.43,0.005,-0.0037,22.5374
4491,1184128,477.39,204,1024,100.0,6,1,0,0.767,0.005,-0.0037,22.5374
4492,1184208,424.05,246,1022,99.8,6,1,0,1.072,0.005,-0.0037,22.5374
4493,1184336,507.38,140,1019,99.5,6,1,0,1.55,0.005,-0.0037,22.5374
4494,1184376,455.67,253,1021,99.7,6,1,0,1.487,0.005,-0.0037,22.5374
4495,1185000,477.36,214,1024,100.0,6,1,0,1.043,0.005,-0.0037,22.5374
4496,1185104,468.07,218,1022,99.8,6,1,0,1.266,0.005,-0.0037,22.5374
4497,1185408,532.2,134,1024,100.0,6,1,0,0.795,0.005,-0.0037,22.5374
4498,1185432,481.34,132,1019,99.5,6,1,0,1.447,0.005,-0.0037,22.5374
4499,1185856,476.56,247,1024,100.0,6,1,0,1.004,0.005,-0.0037,22.5374
4500,1185920,486.66,214,1024,100.0,6,1,0,0.654,0.005,-0.0037,22.5374
4501,1185984,417.49,255,1018,99.4,6,1,0,1.192,0.005,-0.0037,22.5374
4502,1186024,483.49,237,1024,100.0,6,1,0,0.94,0.005,-0.0037,22.5374
4503,1186240,463.57,142,1024,100.0,6,1,0,1.096,0.005,-0.0037,22.5374
4504,1186568,494.98,142,1017,99.3,6,1,0,1.263,0.005,-0.0037,22.5374
4505,1187088,450.79,261,1023,99.9,6,1,0,1.038,0.005,-0.0037,22.5374
4506,1187520,455.91,264,1018,99.4,6,1,0,1.21,0.005,-0.0037,22.5374
4507,1187688,468.8,213,1023,99.9,6,1,0,1.081,0.005,-0.0037,22.5374
4508,1187808,492.51,223,1022,99.8,6,1,0,1.145,0.005,-0.0037,22.5374
4509,1187816,419.41,245,1022,99.8,6,1,0,1.241,0.005,-0.0037,22.5374
4510,1187960,471.05,255,1021,99.7,6,1,0,1.185,0.005,-0.0027,19.1626
4511,1188000,464.04,220,1021,99.7,6,1,0,0.898,0.005,-0.0027,19.1626
4512,1188408,457.13,230,1024,100.0,6,1,0,1.069,0.005,-0.0027,19.1626
4513,1189064,481.57,133,1018,99.4,6,1,0,1.279,0.005,-0.0027,19.1626
4514,1189080,430.59,249,1023,99.9,6,1,0,1.092,0.005,-0.0027,19.1626
4515,1189472,449.58,244,1022,99.8,6,1,0,1.362,0.005,-0.0027,19.1626
4516,1189536,533.2,141,1024,100.0,6,1,0,0.907,0.005,-0.0027,19.1626
4517,1189640,467.22,228,1024,100.0,6,1,0,1.443,0.005,-0.0027,19.1626
4518,1189784,467.34,228,1024,100.0,6,1,0,0.918,0.005,-0.0027,19.1626
4519,1189832,452.62,268,1018,99.4,6,1,0,1.251,0.005,-0.0027,19.1626
4520,1189928,441.52,265,1017,99.3,6,1,0,1.306,0.005,-0.0027,19.1626
4521,1190864,497.84,223,1024,100.0,6,1,0,0.824,0.005,-0.0027,19.1626
4522,1191064,458.29,250,1022,99.8,6,1,0,1.579,0.005,-0.0027,19.1626
4523,1191384,496.61,239,1024,100.0,6,1,0,1.352,0.005,-0.0027,19.1626
4524,1191624,469.08,261,1018,99.4,6,1,0,1.198,0.005,-0.0027,19.1626
4525,1191688,460.9,220,1024,100.0,6,1,0,0.934,0.005,-0.0027,19.1626
4526,1191728,475.89,261,1019,99.5,6,1,0,1.426,0.005,-0.0027,19.1626
4527,1191840,445.13,257,1019,99.5,6,1,0,1.225,0.005,-0.0027,19.1626
4528,1191944,477.26,264,1017,99.3,6,1,0,1.49,0.005,-0.0027,19.1626
4529,1192608,467.4,218,1024,100.0,6,1,0,1.239,0.005,-0.0027,19.1626
4530,1192696,487.0,204,1023,99.9,6,1,0,1.147,0.005,-0.0027,19.1626
4531,1192784,483.43,137,1023,99.9,6,1,0,1.072,0.005,-0.0027,19.1626
4532,1192824,531.34,137,1024,100.0,6,1,0,1.165,0.005,-0.0027,19.1626
4533,1192880,504.36,130,1024,100.0,6,1,0,1.18,0.005,-0.0027,19.1626
4534,1193008,492.97,133,1020,99.6,6,1,0,1.465,0.005,-0.0027,19.1626
4535,1193328,422.85,243,1021,99.7,6,1,0,1.278,0.005,-0.0027,19.1626
4536,1193640,453.18,252,1020,99.6,6,1,0,1.506,0.005,-0.0027,19.1626
4537,1193840,466.35,132,1020,99.6,6,1,0,1.19,0.005,-0.0027,19.1626
4538,1193936,523.81,155,1024,100.0,6,1,0,1.162,0.005,-0.0027,19.1626
4539,1194488,494.95,145,1019,99.5,6,1,0,1.639,0.005,-0.0027,19.1626
4540,1194536,435.24,241,1023,99.9,6,1,0,1.366,0.005,-0.0027,19.1626
4541,1194712,513.67,213,1024,100.0,6,1,0,0.872,0.005,-0.0027,19.1626
4542,1194792,448.86,246,1022,99.8,6,1,0,1.184,0.005,-0.0027,19.1626
4543,1194872,443.42,249,1022,99.8,6,1,0,1.564,0.005,-0.0027,19.1626
4544,1194880,484.3,130,1018,99.4,6,1,0,1.06,0.005,-0.0027,19.1626
4545,1195432,486.48,224,1024,100.0,6,1,0,1.086,0.005,-0.0027,19.1626
4546,1195744,481.61,129,1022,99.8,6,1,0,1.347,0.005,-0.0027,19.1626
4547,1196016,457.5,260,1023,99.9,6,1,0,1.126,0.005,-0.0027,19.1626
4548,1196328,487.42,230,1024,100.0,6,1,0,1.396,0.005,-0.0045,22.6552
4549,1196632,456.03,262,1017,99.3,6,1,0,1.283,0.005,-0.0045,22.6552
4550,1196680,479.36,225,1024,100.0,6,1,0,0.81,0.005,-0.0045,22.6552
4551,1196912,473.35,255,1021,99.7,6,1,0,1.231,0.005,-0.0045,22.6552
4552,1196928,545.2,148,1024,100.0,6,1,0,1.05,0.005,-0.0045,22.6552
4553,1197256,509.11,228,1024,100.0,6,1,0,1.171,0.005,-0.0045,22.6552
4554,1197520,535.75,149,1024,100.0,6,1,0,1.1,0.005,-0.0045,22.6552
4555,1198336,484.88,290,1024,100.0,6,1,0,0.796,0.005,-0.0045,22.6552
4556,1198360,459.98,216,1024,100.0,6,1,0,1.105,0.005,-0.0045,22.6552
4557,1198392,417.17,450,1023,99.9,6,1,0,1.077,0.005,-0.0045,22.6552
4558,1198408,488.19,216,1023,99.9,6,1,0,0.868,0.005,-0.0045,22.6552
4559,1198704,485.26,222,1021,99.7,6,1,0,1.142,0.005,-0.0045,22.6552
4560,1199048,450.33,267,1017,99.3,6,1,0,1.394,0.005,-0.0045,22.6552
4561,1199192,12.19,18,484,47.3,1,0,1,0.166,0.005,-0.0045,22.6552
4562,1199280,433.85,253,1021,99.7,6,1,0,1.459,0.005,-0.0045,22.6552
4563,1199296,479.89,222,1022,99.8,6,1,0,1.143,0.005,-0.0045,22.6552
4564,1199496,498.49,136,1019,99.5,6,1,0,1.317,0.005,-0.0045,22.6552
4565,1200056,453.74,212,1024,100.0,6,1,0,1.014,0.005,-0.0045,22.6552
4566,1200208,491.72,227,1024,100.0,6,1,0,1.207,0.005,-0.0045,22.6552
4567,1200368,496.04,136,1017,99.3,6,1,0,1.225,0.005,-0.0045,22.6552
4568,1200376,518.72,135,1024,100.0,6,1,0,0.858,0.005,-0.0045,22.6552
4569,1200432,432.48,262,1019,99.5,6,1,0,1.46,0.005,-0.0045,22.6552
4570,1200448,536.88,157,1024,100.0,6,1,0,0.657,0.005,-0.0045,22.6552
4571,1200704,444.21,250,1022,99.8,6,1,0,1.241,0.005,-0.0045,22.6552
4572,1201280,476.41,223,1024,100.0,6,1,0,1.031,0.005,-0.0045,22.6552
4573,1201464,498.33,137,1016,99.2,6,1,0,1.216,0.005,-0.0045,22.6552
4574,1201512,520.54,142,1024,100.0,6,1,0,1.016,0.005,-0.0045,22.6552
4575,1201648,541.17,150,1024,100.0,6,1,0,0.771,0.005,-0.0045,22.6552
4576,1201856,542.02,144,1024,100.0,6,1,0,0.824,0.005,-0.0045,22.6552
4577,1202056,490.61,231,1024,100.0,6,1,0,1.159,0.005,-0.0045,22.6552
4578,1202184,456.14,266,1017,99.3,6,1,0,1.475,0.005,-0.0045,22.6552
4579,1202336,481.28,132,1019,99.5,6,1,0,1.287,0.005,-0.0045,22.6552
4580,1202488,472.79,257,1020,99.6,6,1,0,1.209,0.005,-0.0045,22.6552
4581,1202744,522.08,137,1024,100.0,6,1,0,0.828,0.005,-0.0045,22.6552
4582,1203208,476.87,218,1023,99.9,6,1,0,1.262,0.005,-0.0045,22.6552
4583,1203568,451.73,257,1020,99.6,6,1,0,1.405,0.005,-0.0045,22.6552
4584,1203656,501.61,225,1024,100.0,6,1,0,1.16,0.005,-0.0045,22.6552
4585,1203768,482.45,214,1024,100.0,6,1,0,0.966,0.005,-0.0045,22.6552
4586,1204040,485.45,232,1024,100.0,6,1,0,1.179,0.005,-0.0045,22.6552
4587,1204072,480.37,217,1023,99.9,6,1,0,1.048,0.005,-0.0045,22.6552
4588,1204272,453.13,223,1023,99.9,6,1,0,1.341,0.005,-0.0037,33.9155
4589,1204720,450.1,247,1023,99.9,6,1,0,1.359,0.005,-0.0037,33.9155
4590,1205208,449.2,250,1021,99.7,6,1,0,1.306,0.005,-0.0037,33.9155
4591,1205496,486.93,241,1024,100.0,6,1,0,1.007,0.005,-0.0037,33.9155
4592,1205512,515.14,232,1024,100.0,6,1,0,1.128,0.005,-0.0037,33.9155
4593,1205560,477.99,224,1024,100.0,6,1,0,1.256,0.005,-0.0037,33.9155
4594,1205808,504.65,221,1024,100.0,6,1,0,0.967,0.005,-0.0037,33.9155
4595,1205984,426.78,239,1023,99.9,6,1,0,1.314,0.005,-0.0037,33.9155
4596,1206128,481.81,232,1024,100.0,6,1,0,1.312,0.005,-0.0037,33.9155
4597,1206344,488.73,142,1021,99.7,6,1,0,1.045,0.005,-0.0037,33.9155
4598,1206496,486.27,222,1022,99.8,6,1,0,0.83,0.005,-0.0037,33.9155
4599,1206632,486.48,134,1022,99.8,6,1,0,1.114,0.005,-0.0037,33.9155
4600,1206664,506.78,144,1017,99.3,6,1,0,1.167,0.005,-0.0037,33.9155
4601,1207080,525.52,137,1024,100.0,6,1,0,0.762,0.005,-0.0037,33.9155
4602,1207288,509.13,224,1024,100.0,6,1,0,1.118,0.005,-0.0037,33.9155
4603,1207768,489.42,138,1017,99.3,6,1,0,1.605,0.005,-0.0037,33.9155
4604,1207816,455.69,251,1020,99.6,6,1,0,1.498,0.005,-0.0037,33.9155
4605,1207840,477.19,214,1023,99.9,6,1,0,1.066,0.005,-0.0037,33.9155
4606,1208336,476.81,213,1023,99.9,6,1,0,1.024,0.005,-0.0037,33.9155
4607,1208360,483.95,134,1017,99.3,6,1,0,1.3,0.005,-0.0037,33.9155
4608,1208408,460.9,258,1018,99.4,6,1,0,1.322,0.005,-0.0037,33.9155
4609,1208432,462.11,242,1023,99.9,6,1,0,1.237,0.005,-0.0037,33.9155
4610,1208832,499.81,219,1024,100.0,6,1,0,0.778,0.005,-0.0037,33.9155
4611,1208888,481.27,131,1018,99.4,6,1,0,1.191,0.005,-0.0037,33.9155
4612,1208952,497.98,142,1017,99.3,6,1,0,1.269,0.005,-0.0037,33.9155
4613,1209432,510.81,128,1024,100.0,6,1,0,1.138,0.005,-0.0037,33.9155
4614,1209888,448.24,265,1024,100.0,6,1,0,1.126,0.005,-0.0037,33.9155
4615,1209960,480.96,134,1019,99.5,6,1,0,1.297,0.005,-0.0037,33.9155
4616,1210056,467.97,215,1024,100.0,6,1,0,1.109,0.005,-0.0037,33.9155
4617,1210208,474.26,231,1024,100.0,6,1,0,0.892,0.005,-0.0037,33.9155
4618,1210376,478.69,243,1024,100.0,6,1,0,0.926,0.005,-0.0037,33.9155
4619,1210592,488.61,220,1023,99.9,6,1,0,1.057,0.005,-0.0037,33.9155
4620,1210616,441.76,148,1024,100.0,6,1,0,0.901,0.005,-0.0037,33.9155
4621,1210960,534.44,134,1024,100.0,6,1,0,0.894,0.005,-0.0037,33.9155
4622,1210992,438.68,255,1020,99.6,6,1,0,1.517,0.005,-0.0037,33.9155
4623,1211280,474.53,134,1022,99.8,6,1,0,1.01,0.005,-0.0037,33.9155
4624,1211280,475.14,153,1024,100.0,6,1,0,0.771,0.005,-0.0037,33.9155
4625,1211688,540.57,137,1024,100.0,6,1,0,0.654,0.005,-0.0037,33.9155
4626,1212032,453.75,259,1023,99.9,6,1,0,1.04,0.005,-0.0037,33.9155
4627,1212216,475.15,230,1024,100.0,6,1,0,0.955,0.005,-0.0037,33.9155
4628,1212432,466.95,227,1024,100.0,6,1,0,1.11,0.005,-0.0031,27.3886
4629,1212872,486.61,239,1024,100.0,6,1,0,1.224,0.005,-0.0031,27.3886
4630,1213080,475.68,225,1023,99.9,6,1,0,1.107,0.005,-0.0031,27.3886
4631,1213320,438.59,255,1022,99.8,6,1,0,1.289,0.005,-0.0031,27.3886
4632,1213368,480.38,210,1024,100.0,6,1,0,0.915,0.005,-0.0031,27.3886
4633,1213600,500.55,146,1021,99.7,6,1,0,1.453,0.005,-0.0031,27.3886
4634,1213824,446.09,354,1024,100.0,6,1,0,1.316,0.005,-0.0031,27.3886
4635,1213936,439.11,238,1022,99.8,6,1,0,1.248,0.005,-0.0031,27.3886
4636,1214120,516.51,130,1024,100.0,6,1,0,0.803,0.005,-0.0031,27.3886
4637,1214296,447.88,260,1023,99.9,6,1,0,1.144,0.005,-0.0031,27.3886
4638,1214520,451.05,144,1024,100.0,6,1,0,1.062,0.005,-0.0031,27.3886
4639,1214832,490.88,245,1024,100.0,6,1,0,1.16,0.005,-0.0031,27.3886
4640,1214952,495.19,141,1017,99.3,6,1,0,1.423,0.005,-0.0031,27.3886
4641,1215224,477.72,138,1018,99.4,6,1,0,1.195,0.005,-0.0031,27.3886
4642,1215456,509.74,145,1021,99.7,6,1,0,1.478,0.005,-0.0031,27.3886
4643,1215496,462.25,272,1024,100.0,6,1,0,0.981,0.005,-0.0031,27.3886
4644,1215584,486.57,133,1023,99.9,6,1,0,1.113,0.005,-0.0031,27.3886
4645,1215736,455.75,267,1018,99.4,6,1,0,1.356,0.005,-0.0031,27.3886
4646,1215800,505.79,233,1024,100.0,6,1,0,1.02,0.005,-0.0031,27.3886
4647,1216520,490.07,133,1016,99.2,6,1,0,1.297,0.005,-0.0031,27.3886
4648,1216744,539.37,145,1024,100.0,6,1,0,0.968,0.005,-0.0031,27.3886
4649,1216744,487.44,224,1024,100.0,6,1,0,1.02,0.005,-0.0031,27.3886
4650,1216848,457.88,252,1022,99.8,6,1,0,1.177,0.005,-0.0031,27.3886
4651,1216856,522.73,132,1024,100.0,6,1,0,0.737,0.005,-0.0031,27.3886
4652,1216920,477.65,212,1024,100.0,6,1,0,0.791,0.005,-0.0031,27.3886
4653,1217344,487.23,231,1024,100.0,6,1,0,1.138,0.005,-0.0031,27.3886
4654,1217496,479.17,220,1024,100.0,6,1,0,0.999,0.005,-0.0031,27.3886
4655,1217936,501.11,135,1024,100.0,6,1,0,1.153,0.005,-0.0031,27.3886
4656,1217952,496.03,129,1024,100.0,6,1,0,1.038,0.005,-0.0031,27.3886
4657,1218416,463.83,209,1023,99.9,6,1,0,0.727,0.005,-0.0031,27.3886
4658,1218640,521.64,143,1024,100.0,6,1,0,1.047,0.005,-0.0031,27.3886
4659,1218648,474.05,238,1024,100.0,6,1,0,1.148,0.005,-0.0031,27.3886
4660,1218976,467.84,266,1017,99.3,6,1,0,1.127,0.005,-0.0031,27.3886
4661,1219368,442.67,253,1021,99.7,6,1,0,1.338,0.005,-0.0031,27.3886
4662,1219744,489.62,138,1017,99.3,6,1,0,1.088,0.005,-0.0031,27.3886
4663,1219744,451.86,403,1024,100.0,6,1,0,1.0,0.005,-0.0031,27.3886
4664,1220000,436.01,256,1021,99.7,6,1,0,1.186,0.005,-0.0031,27.3886
4665,1220032,422.15,262,1017,99.3,6,1,0,1.022,0.005,-0.0031,27.3886
4666,1220160,493.48,218,1023,99.9,6,1,0,0.967,0.005,-0.0031,27.3886
4667,1220344,484.02,212,1024,100.0,6,1,0,0.963,0.005,-0.0031,27.3886
4668,1220560,559.96,149,1023,99.9,6,1,0,0.735,0.005,-0.0031,27.3886
4669,1220712,491.89,217,1024,100.0,6,1,0,1.258,0.005,-0.0056,31.0058
4670,1220832,495.53,136,1021,99.7,6,1,0,1.14,0.005,-0.0056,31.0058
4671,1220840,488.95,137,1017,99.3,6,1,0,1.225,0.005,-0.0056,31.0058
4672,1221104,521.63,134,1024,100.0,6,1,0,1.097,0.005,-0.0056,31.0058
4673,1221432,493.04,136,1017,99.3,6,1,0,1.292,0.005,-0.0056,31.0058
4674,1221792,472.16,224,1023,99.9,6,1,0,1.251,0.005,-0.0056,31.0058
4675,1221872,506.89,214,1023,99.9,6,1,0,1.159,0.005,-0.0056,31.0058
4676,1221888,519.44,131,1024,100.0,6,1,0,1.059,0.005,-0.0056,31.0058
4677,1222496,480.47,223,1024,100.0,6,1,0,1.018,0.005,-0.0056,31.0058
4678,1222704,508.49,234,1024,100.0,6,1,0,1.324,0.005,-0.0056,31.0058
4679,1222904,451.51,293,1024,100.0,6,1,0,1.071,0.005,-0.0056,31.0058
4680,1222960,537.52,134,1024,100.0,6,1,0,0.737,0.005,-0.0056,31.0058
4681,1223144,461.68,255,1018,99.4,6,1,0,1.265,0.005,-0.0056,31.0058
4682,1223176,488.27,218,1024,100.0,6,1,0,0.93,0.005,-0.0056,31.0058
4683,1223576,495.85,135,1018,99.4,6,1,0,1.48,0.005,-0.0056,31.0058
4684,1223720,514.88,231,1024,100.0,6,1,0,1.386,0.005,-0.0056,31.0058
4685,1223864,450.41,259,1019,99.5,6,1,0,1.466,0.005,-0.0056,31.0058
4686,1224216,525.67,130,1024,100.0,6,1,0,0.6,0.005,-0.0056,31.0058
4687,1224552,493.39,231,1024,100.0,6,1,0,1.068,0.005,-0.0056,31.0058
4688,1224784,495.67,133,1019,99.5,6,1,0,1.302,0.005,-0.0056,31.0058
4689,1224888,431.46,248,1023,99.9,6,1,0,1.41,0.005,-0.0056,31.0058
4690,1224984,446.25,253,1022,99.8,6,1,0,1.435,0.005,-0.0056,31.0058
4691,1225024,477.75,235,1024,100.0,6,1,0,1.242,0.005,-0.0056,31.0058
4692,1225272,519.42,132,1024,100.0,6,1,0,0.885,0.005,-0.0056,31.0058
4693,1225488,438.6,239,1023,99.9,6,1,0,1.244,0.005,-0.0056,31.0058
4694,1225600,475.19,131,1020,99.6,6,1,0,1.124,0.005,-0.0056,31.0058
4695,1225928,469.92,258,1019,99.5,6,1,0,1.346,0.005,-0.0056,31.0058
4696,1226576,531.52,136,1024,100.0,6,1,0,1.088,0.005,-0.0056,31.0058
4697,1226640,486.07,232,1024,100.0,6,1,0,1.134,0.005,-0.0056,31.0058
4698,1226824,494.57,225,1024,100.0,6,1,0,1.339,0.005,-0.0056,31.0058
4699,1227048,490.01,258,1019,99.5,6,1,0,1.308,0.005,-0.0056,31.0058
4700,1227064,508.42,224,1024,100.0,6,1,0,0.848,0.005,-0.0056,31.0058
4701,1227136,461.24,281,1024,100.0,6,1,0,1.276,0.005,-0.0056,31.0058
4702,1227344,492.92,218,1024,100.0,6,1,0,1.199,0.005,-0.0056,31.0058
4703,1227656,513.16,135,1024,100.0,6,1,0,1.088,0.005,-0.0056,31.0058
4704,1227688,469.6,220,1023,99.9,6,1,0,1.075,0.005,-0.0056,31.0058
4705,1228152,495.44,136,1018,99.4,6,1,0,1.273,0.005,-0.0056,31.0058
4706,1228280,553.24,143,1024,100.0,6,1,0,0.633,0.005,-0.0056,31.0058
4707,1228392,480.89,131,1019,99.5,6,1,0,1.249,0.005,-0.0056,31.0058
4708,1228608,495.21,223,1024,100.0,6,1,0,1.31,0.005,-0.0056,31.0058
4709,1228688,457.81,256,1021,99.7,6,1,0,1.466,0.005,-0.0056,31.0058
4710,1228744,522.13,136,1024,100.0,6,1,0,1.117,0.005,-0.0056,31.0058
4711,1228856,482.77,226,1024,100.0,6,1,0,1.015,0.005,-0.0037,24.0354
4712,1229776,472.49,261,1017,99.3,6,1,0,1.303,0.005,-0.0037,24.0354
4713,1230168,465.94,236,1024,100.0,6,1,0,1.142,0.005,-0.0037,24.0354
4714,1230192,312.03,255,983,96.0,5,0,1,0.176,0.005,-0.0037,24.0354
4715,1230288,0.44,15,208,20.3,1,0,1,0.151,0.005,-0.0037,24.0354
4716,1230536,475.57,231,1024,100.0,6,1,0,1.276,0.005,-0.0037,24.0354
4717,1230680,436.81,259,1022,99.8,6,1,0,0.976,0.005,-0.0037,24.0354
4718,1230792,448.6,300,1024,100.0,6,1,0,0.689,0.005,-0.0037,24.0354
4719,1230840,531.55,133,1024,100.0,6,1,0,0.888,0.005,-0.0037,24.0354
4720,1231000,488.03,282,1023,99.9,6,1,0,1.174,0.005,-0.0037,24.0354
4721,1231208,442.08,294,1024,100.0,6,1,0,0.845,0.005,-0.0037,24.0354
4722,1231216,489.53,128,1024,100.0,6,1,0,1.28,0.005,-0.0037,24.0354
4723,1231784,539.85,138,1024,100.0,6,1,0,0.875,0.005,-0.0037,24.0354
4724,1232000,538.94,145,1024,100.0,6,1,0,0.814,0.005,-0.0037,24.0354
4725,1232056,472.38,132,1019,99.5,6,1,0,1.226,0.005,-0.0037,24.0354
4726,1232320,457.54,254,1021,99.7,6,1,0,1.451,0.005,-0.0037,24.0354
4727,1232520,442.63,248,1021,99.7,6,1,0,1.271,0.005,-0.0037,24.0354
4728,1232840,461.17,256,1021,99.7,6,1,0,1.39,0.005,-0.0037,24.0354
4729,1233024,486.56,226,1024,100.0,6,1,0,0.991,0.005,-0.0037,24.0354
4730,1233272,447.5,258,1019,99.5,6,1,0,1.598,0.005,-0.0037,24.0354
4731,1233808,524.01,161,1024,100.0,6,1,0,1.061,0.005,-0.0037,24.0354
4732,1233848,493.96,224,1024,100.0,6,1,0,1.193,0.005,-0.0037,24.0354
4733,1234024,461.45,253,1022,99.8,6,1,0,1.231,0.005,-0.0037,24.0354
4734,1234296,459.73,247,1024,100.0,6,1,0,0.905,0.005,-0.0037,24.0354
4735,1234408,543.9,142,1024,100.0,6,1,0,0.833,0.005,-0.0037,24.0354
4736,1234552,494.21,346,1022,99.8,6,1,0,1.218,0.005,-0.0037,24.0354
4737,1234648,507.34,226,1024,100.0,6,1,0,1.03,0.005,-0.0037,24.0354
4738,1234712,491.43,211,1024,100.0,6,1,0,0.903,0.005,-0.0037,24.0354
4739,1235216,556.68,149,1024,100.0,6,1,0,0.823,0.005,-0.0037,24.0354
4740,1235368,512.42,134,1024,100.0,6,1,0,0.949,0.005,-0.0037,24.0354
4741,1235792,428.37,248,1024,100.0,6,1,0,1.212,0.005,-0.0037,24.0354
4742,1235880,455.16,254,1021,99.7,6,1,0,1.307,0.005,-0.0037,24.0354
4743,1235976,542.73,158,1024,100.0,6,1,0,1.116,0.005,-0.0037,24.0354
4744,1236432,439.84,253,1021,99.7,6,1,0,1.227,0.005,-0.0037,24.0354
4745,1236512,492.95,233,1024,100.0,6,1,0,1.319,0.005,-0.0037,24.0354
4746,1236656,466.07,263,1021,99.7,6,1,0,1.274,0.005,-0.0037,24.0354
4747,1237048,480.52,229,1024,100.0,6,1,0,1.246,0.005,-0.004,72.5033
4748,1237168,476.4,225,1024,100.0,6,1,0,0.913,0.005,-0.004,72.5033
4749,1237480,519.98,131,1024,100.0,6,1,0,0.657,0.005,-0.004,72.5033
4750,1237520,504.37,216,1023,99.9,6,1,0,0.941,0.005,-0.004,72.5033
4751,1237720,495.62,133,1017,99.3,6,1,0,1.105,0.005,-0.004,72.5033
4752,1237976,453.74,262,1020,99.6,6,1,0,1.015,0.005,-0.004,72.5033
4753,1237992,467.58,252,1020,99.6,6,1,0,1.185,0.005,-0.004,72.5033
4754,1238440,471.4,241,1024,100.0,6,1,0,1.26,0.005,-0.004,72.5033
4755,1238568,501.94,136,1018,99.4,6,1,0,1.421,0.005,-0.004,72.5033
4756,1239016,432.04,246,1022,99.8,6,1,0,1.209,0.005,-0.004,72.5033
4757,1239264,474.64,262,1020,99.6,6,1,0,1.058,0.005,-0.004,72.5033
4758,1239352,468.48,229,1023,99.9,6,1,0,1.097,0.005,-0.004,72.5033
4759,1239432,483.21,214,1024,100.0,6,1,0,0.994,0.005,-0.004,72.5033
4760,1239528,534.5,136,1024,100.0,6,1,0,1.022,0.005,-0.004,72.5033
4761,1239608,478.1,130,1021,99.7,6,1,0,1.474,0.005,-0.004,72.5033
4762,1239720,495.24,216,1024,100.0,6,1,0,1.164,0.005,-0.004,72.5033
4763,1239912,450.85,242,1024,100.0,6,1,0,1.376,0.005,-0.004,72.5033
4764,1240064,519.93,131,1024,100.0,6,1,0,0.809,0.005,-0.004,72.5033
4765,1240648,498.2,140,1019,99.5,6,1,0,1.079,0.005,-0.004,72.5033
4766,1240648,513.84,130,1024,100.0,6,1,0,1.23,0.005,-0.004,72.5033
4767,1240776,493.05,132,1023,99.9,6,1,0,1.118,0.005,-0.004,72.5033
4768,1241032,473.9,221,1020,99.6,6,1,0,1.27,0.005,-0.004,72.5033
4769,1241136,484.06,134,1021,99.7,6,1,0,1.183,0.005,-0.004,72.5033
4770,1241144,466.6,224,1022,99.8,6,1,0,1.396,0.005,-0.004,72.5033
4771,1241696,470.83,223,1021,99.7,6,1,0,0.929,0.005,-0.004,72.5033
4772,1242176,514.13,130,1024,100.0,6,1,0,1.07,0.005,-0.004,72.5033
4773,1242272,475.5,355,1021,99.7,6,1,0,1.19,0.005,-0.004,72.5033
4774,1242336,468.65,211,1023,99.9,6,1,0,1.102,0.005,-0.004,72.5033
4775,1242696,459.24,240,1024,100.0,6,1,0,1.116,0.005,-0.004,72.5033
4776,1242888,479.66,218,1024,100.0,6,1,0,0.947,0.005,-0.004,72.5033
4777,1242888,472.56,232,1024,100.0,6,1,0,1.102,0.005,-0.004,72.5033
4778,1243000,441.16,294,1019,99.5,6,1,0,1.284,0.005,-0.004,72.5033
4779,1243368,510.6,129,1024,100.0,6,1,0,1.203,0.005,-0.004,72.5033
4780,1243648,449.64,244,1023,99.9,6,1,0,1.358,0.005,-0.004,72.5033
4781,1244000,507.91,139,1018,99.4,6,1,0,1.06,0.005,-0.004,72.5033
4782,1244256,467.19,260,1018,99.4,6,1,0,1.016,0.005,-0.004,72.5033
4783,1244320,480.04,256,1021,99.7,6,1,0,1.381,0.005,-0.004,72.5033
4784,1244480,478.52,223,1023,99.9,6,1,0,1.255,0.005,-0.004,72.5033
4785,1244784,438.86,237,1023,99.9,6,1,0,1.409,0.005,-0.004,72.5033
4786,1245024,436.33,253,1021,99.7,6,1,0,1.433,0.005,-0.004,72.5033
4787,1245096,483.73,137,1017,99.3,6,1,0,1.368,0.005,-0.004,72.5033
4788,1245304,479.15,207,1024,100.0,6,1,0,0.784,0.005,-0.0056,30.3964
4789,1245376,443.29,251,1022,99.8,6,1,0,1.286,0.005,-0.0056,30.3964
4790,1245432,507.91,139,1017,99.3,6,1,0,0.998,0.005,-0.0056,30.3964
4791,1246072,507.12,227,1024,100.0,6,1,0,0.916,0.005,-0.0056,30.3964
4792,1246120,495.08,137,1018,99.4,6,1,0,1.299,0.005,-0.0056,30.3964
4793,1246344,475.84,233,1024,100.0,6,1,0,0.756,0.005,-0.0056,30.3964
4794,1246408,495.31,138,1019,99.5,6,1,0,1.156,0.005,-0.0056,30.3964
4795,1246608,491.63,228,1024,100.0,6,1,0,1.088,0.005,-0.0056,30.3964
4796,1247080,436.91,248,1022,99.8,6,1,0,1.146,0.005,-0.0056,30.3964
4797,1247360,480.06,248,1022,99.8,6,1,0,1.495,0.005,-0.0056,30.3964
4798,1247408,466.3,247,1024,100.0,6,1,0,1.13,0.005,-0.0056,30.3964
4799,1247520,489.91,139,1019,99.5,6,1,0,1.137,0.005,-0.0056,30.3964
4800,1247712,508.68,138,1024,100.0,6,1,0,0.917,0.005,-0.0056,30.3964
4801,1248080,424.65,245,1022,99.8,6,1,0,1.26,0.005,-0.0056,30.3964
4802,1248088,442.73,252,1020,99.6,6,1,0,1.32,0.005,-0.0056,30.3964
4803,1248416,441.46,259,1019,99.5,6,1,0,1.14,0.005,-0.0056,30.3964
4804,1249080,452.77,250,1019,99.5,6,1,0,1.56,0.005,-0.0056,30.3964
4805,1249104,495.49,218,1023,99.9,6,1,0,0.709,0.005,-0.0056,30.3964
4806,1249192,504.01,139,1021,99.7,6,1,0,1.079,0.005,-0.0056,30.3964
4807,1249440,458.11,254,1020,99.6,6,1,0,1.41,0.005,-0.0056,30.3964
4808,1249528,533.19,139,1024,100.0,6,1,0,0.686,0.005,-0.0056,30.3964
4809,1249592,448.01,259,1019,99.5,6,1,0,1.487,0.005,-0.0056,30.3964
4810,1249664,500.12,244,1024,100.0,6,1,0,0.76,0.005,-0.0056,30.3964
4811,1250080,445.71,249,1021,99.7,6,1,0,1.312,0.005,-0.0056,30.3964
4812,1250152,489.59,131,1020,99.6,6,1,0,1.257,0.005,-0.0056,30.3964
4813,1250784,485.07,213,1023,99.9,6,1,0,1.008,0.005,-0.0056,30.3964
4814,1250976,463.84,223,1020,99.6,6,1,0,1.124,0.005,-0.0056,30.3964
4815,1251224,490.15,134,1022,99.8,6,1,0,1.134,0.005,-0.0056,30.3964
4816,1251432,408.35,249,1022,99.8,6,1,0,1.212,0.005,-0.0056,30.3964
4817,1251560,460.66,254,1023,99.9,6,1,0,1.125,0.005,-0.0056,30.3964
4818,1251608,455.18,252,1020,99.6,6,1,0,1.166,0.005,-0.0056,30.3964
4819,1251728,451.17,258,1019,99.5,6,1,0,1.348,0.005,-0.0056,30.3964
4820,1252064,484.94,248,1024,100.0,6,1,0,1.156,0.005,-0.0056,30.3964
4821,1252736,470.32,220,1024,100.0,6,1,0,0.833,0.005,-0.0056,30.3964
4822,1252768,442.68,248,1022,99.8,6,1,0,1.185,0.005,-0.0056,30.3964
4823,1253224,482.47,224,1022,99.8,6,1,0,0.936,0.005,-0.0056,30.3964
4824,1253240,454.54,147,1024,100.0,6,1,0,0.879,0.005,-0.0056,30.3964
4825,1253288,451.73,258,1019,99.5,6,1,0,1.174,0.005,-0.0056,30.3964
4826,1253352,494.55,224,1024,100.0,6,1,0,1.067,0.005,-0.0056,30.3964
4827,1253376,485.35,221,1022,99.8,6,1,0,1.296,0.005,-0.0056,30.3964
4828,1253592,508.97,233,1024,100.0,6,1,0,1.071,0.005,-0.0055,20.9405
4829,1254360,486.85,134,1016,99.2,6,1,0,1.49,0.005,-0.0055,20.9405
4830,1254360,513.08,142,1019,99.5,6,1,0,1.029,0.005,-0.0055,20.9405
4831,1254432,522.32,132,1024,100.0,6,1,0,1.108,0.005,-0.0055,20.9405
4832,1254456,548.76,138,1024,100.0,6,1,0,0.96,0.005,-0.0055,20.9405
4833,1254552,486.91,223,1022,99.8,6,1,0,1.069,0.005,-0.0055,20.9405
4834,1254776,461.25,255,1021,99.7,6,1,0,1.236,0.005,-0.0055,20.9405
4835,1254800,525.31,151,1024,100.0,6,1,0,0.978,0.005,-0.0055,20.9405
4836,1255040,491.96,225,1024,100.0,6,1,0,0.926,0.005,-0.0055,20.9405
4837,1255464,484.22,138,1017,99.3,6,1,0,1.114,0.005,-0.0055,20.9405
4838,1255880,503.98,138,1021,99.7,6,1,0,1.043,0.005,-0.0055,20.9405
4839,1256128,502.73,221,1024,100.0,6,1,0,1.007,0.005,-0.0055,20.9405
4840,1256224,498.14,224,1024,100.0,6,1,0,1.042,0.005,-0.0055,20.9405
4841,1256280,489.92,228,1024,100.0,6,1,0,1.203,0.005,-0.0055,20.9405
4842,1256656,459.57,263,1017,99.3,6,1,0,1.242,0.005,-0.0055,20.9405
4843,1256664,499.69,233,1024,100.0,6,1,0,1.066,0.005,-0.0055,20.9405
4844,1256896,494.32,232,1024,100.0,6,1,0,1.01,0.005,-0.0055,20.9405
4845,1257440,471.58,247,1023,99.9,6,1,0,1.204,0.005,-0.0055,20.9405
4846,1257720,492.87,133,1019,99.5,6,1,0,1.367,0.005,-0.0055,20.9405
4847,1257736,489.73,134,1017,99.3,6,1,0,1.606,0.005,-0.0055,20.9405
4848,1257808,423.64,241,1022,99.8,6,1,0,1.286,0.005,-0.0055,20.9405
4849,1257848,486.97,215,1024,100.0,6,1,0,1.067,0.005,-0.0055,20.9405
4850,1257888,456.22,208,1024,100.0,6,1,0,1.132,0.005,-0.0055,20.9405
4851,1258064,477.44,223,1024,100.0,6,1,0,0.815,0.005,-0.0055,20.9405
4852,1258816,531.57,135,1024,100.0,6,1,0,1.252,0.005,-0.0055,20.9405
4853,1258984,469.69,261,1019,99.5,6,1,0,1.239,0.005,-0.0055,20.9405
4854,1259080,552.33,149,1024,100.0,6,1,0,0.812,0.005,-0.0055,20.9405
4855,1259576,436.98,267,1017,99.3,6,1,0,1.447,0.005,-0.0055,20.9405
4856,1259584,470.06,222,1024,100.0,6,1,0,0.994,0.005,-0.0055,20.9405
4857,1259648,487.43,225,1023,99.9,6,1,0,0.931,0.005,-0.0055,20.9405
4858,1259752,452.47,254,1021,99.7,6,1,0,1.343,0.005,-0.0055,20.9405
4859,1260048,528.32,133,1024,100.0,6,1,0,0.729,0.005,-0.0055,20.9405
4860,1260064,439.56,250,1022,99.8,6,1,0,1.53,0.005,-0.0055,20.9405
4861,1260808,443.41,249,1022,99.8,6,1,0,1.15,0.005,-0.0055,20.9405
4862,1261112,449.34,254,1019,99.5,6,1,0,1.399,0.005,-0.0055,20.9405
4863,1261152,486.62,138,1015,99.1,6,1,0,1.244,0.005,-0.0055,20.9405
4864,1261224,482.43,205,1022,99.8,6,1,0,0.849,0.005,-0.0055,20.9405
4865,1261408,478.87,229,1024,100.0,6,1,0,0.969,0.005,-0.0055,20.9405
4866,1261464,506.86,227,1022,99.8,6,1,0,1.253,0.005,-0.0055,20.9405
4867,1261616,506.22,233,1024,100.0,6,1,0,0.877,0.005,-0.0025,17.08
4868,1261984,489.65,240,1024,100.0,6,1,0,0.856,0.005,-0.0025,17.08
4869,1262240,490.13,136,1018,99.4,6,1,0,1.372,0.005,-0.0025,17.08
4870,1262328,486.9,138,1017,99.3,6,1,0,1.284,0.005,-0.0025,17.08
4871,1262560,489.02,219,1024,100.0,6,1,0,0.794,0.005,-0.0025,17.08
4872,1262808,465.82,149,1022,99.8,6,1,0,1.07,0.005,-0.0025,17.08
4873,1263120,427.6,251,1021,99.7,6,1,0,1.326,0.005,-0.0025,17.08
4874,1263128,545.22,143,1024,100.0,6,1,0,0.758,0.005,-0.0025,17.08
4875,1263208,479.91,218,1024,100.0,6,1,0,1.198,0.005,-0.0025,17.08
4876,1263216,488.21,226,1024,100.0,6,1,0,0.992,0.005,-0.0025,17.08
4877,1264040,455.21,225,1023,99.9,6,1,0,0.697,0.005,-0.0025,17.08
4878,1264328,456.89,150,1024,100.0,6,1,0,0.829,0.005,-0.0025,17.08
4879,1264360,433.47,254,1021,99.7,6,1,0,1.033,0.005,-0.0025,17.08
4880,1264576,489.04,221,1023,99.9,6,1,0,1.073,0.005,-0.0025,17.08
4881,1264576,449.08,252,1022,99.8,6,1,0,1.357,0.005,-0.0025,17.08
4882,1265080,456.63,245,1021,99.7,6,1,0,1.435,0.005,-0.0025,17.08
4883,1265120,480.93,135,1017,99.3,6,1,0,1.429,0.005,-0.0025,17.08
4884,1265176,434.22,246,1022,99.8,6,1,0,1.17,0.005,-0.0025,17.08
4885,1265416,489.65,132,1022,99.8,6,1,0,1.088,0.005,-0.0025,17.08
4886,1265608,472.2,129,1021,99.7,6,1,0,1.234,0.005,-0.0025,17.08
4887,1265984,470.23,207,1024,100.0,6,1,0,0.641,0.005,-0.0025,17.08
4888,1266168,475.09,131,1021,99.7,6,1,0,1.447,0.005,-0.0025,17.08
4889,1266392,497.77,227,1024,100.0,6,1,0,0.978,0.005,-0.0025,17.08
4890,1266600,438.2,423,1024,100.0,6,1,0,1.173,0.005,-0.0025,17.08
4891,1266920,485.05,218,1024,100.0,6,1,0,1.038,0.005,-0.0025,17.08
4892,1267128,451.84,256,1020,99.6,6,1,0,1.402,0.005,-0.0025,17.08
4893,1267464,476.84,256,1022,99.8,6,1,0,1.425,0.005,-0.0025,17.08
4894,1267688,473.4,260,1020,99.6,6,1,0,1.312,0.005,-0.0025,17.08
4895,1267696,486.7,137,1018,99.4,6,1,0,1.162,0.005,-0.0025,17.08
4896,1267888,446.57,238,1022,99.8,6,1,0,1.233,0.005,-0.0025,17.08
4897,1268168,456.6,250,1022,99.8,6,1,0,1.346,0.005,-0.0025,17.08
4898,1268472,454.4,260,1018,99.4,6,1,0,1.232,0.005,-0.0025,17.08
4899,1269000,481.58,260,1021,99.7,6,1,0,1.159,0.005,-0.0025,17.08
4900,1269128,436.95,250,1019,99.5,6,1,0,1.317,0.005,-0.0025,17.08
4901,1269200,522.72,129,1024,100.0,6,1,0,1.001,0.005,-0.0025,17.08
4902,1269240,475.75,222,1023,99.9,6,1,0,0.926,0.005,-0.0025,17.08
4903,1269640,453.56,244,1023,99.9,6,1,0,1.429,0.005,-0.0025,17.08
4904,1269760,466.62,258,1021,99.7,6,1,0,1.142,0.005,-0.0025,17.08
4905,1269928,458.11,255,1019,99.5,6,1,0,1.446,0.005,-0.0047,21.6404
4906,1270168,482.76,212,1024,100.0,6,1,0,0.887,0.005,-0.0047,21.6404
4907,1270968,480.19,221,1024,100.0,6,1,0,1.189,0.005,-0.0047,21.6404
4908,1271048,448.38,256,1022,99.8,6,1,0,1.038,0.005,-0.0047,21.6404
4909,1271096,483.22,232,1024,100.0,6,1,0,0.964,0.005,-0.0047,21.6404
4910,1271208,462.92,260,1019,99.5,6,1,0,1.052,0.005,-0.0047,21.6404
4911,1271264,498.7,137,1016,99.2,6,1,0,1.299,0.005,-0.0047,21.6404
4912,1271624,493.8,233,1024,100.0,6,1,0,1.377,0.005,-0.0047,21.6404
4913,1271768,459.84,266,1017,99.3,6,1,0,1.173,0.005,-0.0047,21.6404
4914,1271840,445.17,239,1024,100.0,6,1,0,1.357,0.005,-0.0047,21.6404
4915,1272008,469.28,130,1024,100.0,6,1,0,1.196,0.005,-0.0047,21.6404
4916,1272080,513.72,129,1024,100.0,6,1,0,0.932,0.005,-0.0047,21.6404
4917,1272328,515.65,133,1024,100.0,6,1,0,0.585,0.005,-0.0047,21.6404
4918,1273072,449.51,247,1021,99.7,6,1,0,1.293,0.005,-0.0047,21.6404
4919,1273224,445.57,252,1021,99.7,6,1,0,1.59,0.005,-0.0047,21.6404
4920,1273632,481.3,233,1024,100.0,6,1,0,0.83,0.005,-0.0047,21.6404
4921,1273656,473.96,254,1020,99.6,6,1,0,1.34,0.005,-0.0047,21.6404
4922,1273768,489.23,220,1024,100.0,6,1,0,1.074,0.005,-0.0047,21.6404
4923,1273816,474.1,217,1024,100.0,6,1,0,1.187,0.005,-0.0047,21.6404
4924,1273816,440.45,247,1021,99.7,6,1,0,1.292,0.005,-0.0047,21.6404
4925,1274280,456.96,244,1023,99.9,6,1,0,1.276,0.005,-0.0047,21.6404
4926,1274336,492.81,139,1018,99.4,6,1,0,1.146,0.005,-0.0047,21.6404
4927,1274600,24.53,40,231,22.6,1,0,1,0.195,0.005,-0.0047,21.6404
4928,1274880,504.97,133,1019,99.5,6,1,0,1.266,0.005,-0.0047,21.6404
4929,1274944,551.54,141,1024,100.0,6,1,0,1.0,0.005,-0.0047,21.6404
4930,1275160,453.63,261,1019,99.5,6,1,0,1.268,0.005,-0.0047,21.6404
4931,1275416,490.11,135,1019,99.5,6,1,0,1.288,0.005,-0.0047,21.6404
4932,1275584,431.25,244,1023,99.9,6,1,0,1.059,0.005,-0.0047,21.6404
4933,1275664,437.94,251,1022,99.8,6,1,0,1.296,0.005,-0.0047,21.6404
4934,1275792,458.37,253,1020,99.6,6,1,0,1.378,0.005,-0.0047,21.6404
4935,1275952,475.24,126,1022,99.8,6,1,0,1.342,0.005,-0.0047,21.6404
4936,1275984,512.32,138,1024,100.0,6,1,0,0.899,0.005,-0.0047,21.6404
4937,1276536,491.66,242,1024,100.0,6,1,0,1.124,0.005,-0.0047,21.6404
4938,1276656,492.44,134,1019,99.5,6,1,0,1.196,0.005,-0.0047,21.6404
4939,1276760,534.28,137,1024,100.0,6,1,0,1.092,0.005,-0.0047,21.6404
4940,1277008,518.08,231,1024,100.0,6,1,0,0.99,0.005,-0.0047,21.6404
4941,1277008,466.12,128,1021,99.7,6,1,0,1.061,0.005,-0.0047,21.6404
4942,1277400,438.11,248,1021,99.7,6,1,0,1.315,0.005,-0.0047,21.6404
4943,1277640,478.1,211,1024,100.0,6,1,0,0.679,0.005,-0.0047,21.6404
4944,1277656,532.8,140,1024,100.0,6,1,0,0.773,0.005,-0.0047,21.6404
4945,1277680,500.76,236,1024,100.0,6,1,0,1.134,0.005,-0.0047,21.6404
4946,1277744,528.47,136,1024,100.0,6,1,0,0.91,0.005,-0.0047,21.6404
4947,1278528,481.51,221,1023,99.9,6,1,0,1.136,0.005,-0.0067,45.114
4948,1278784,501.92,138,1017,99.3,6,1,0,1.309,0.005,-0.0067,45.114
4949,1278792,484.59,131,1019,99.5,6,1,0,1.24,0.005,-0.0067,45.114
4950,1279024,458.47,252,1021,99.7,6,1,0,1.347,0.005,-0.0067,45.114
4951,1279056,451.72,256,1020,99.6,6,1,0,1.209,0.005,-0.0067,45.114
4952,1279232,448.31,229,1024,100.0,6,1,0,1.132,0.005,-0.0067,45.114
4953,1279336,454.8,210,1024,100.0,6,1,0,1.213,0.005,-0.0067,45.114
4954,1279632,475.34,249,1024,100.0,6,1,0,0.796,0.005,-0.0067,45.114
4955,1279648,49.16,39,241,23.5,1,0,1,0.21,0.005,-0.0067,45.114
4956,1280256,498.2,128,1024,100.0,6,1,0,0.851,0.005,-0.0067,45.114
4957,1280352,490.9,228,1024,100.0,6,1,0,1.084,0.005,-0.0067,45.114
4958,1280648,501.97,233,1024,100.0,6,1,0,0.996,0.005,-0.0067,45.114
4959,1280760,483.35,139,1016,99.2,6,1,0,1.429,0.005,-0.0067,45.114
4960,1280768,445.83,142,1024,100.0,6,1,0,0.923,0.005,-0.0067,45.114
4961,1280784,521.65,249,1024,100.0,6,1,0,0.778,0.005,-0.0067,45.114
4962,1280800,480.83,218,1024,100.0,6,1,0,1.142,0.005,-0.0067,45.114
4963,1281000,437.72,247,1021,99.7,6,1,0,1.317,0.005,-0.0067,45.114
4964,1281480,546.67,153,1024,100.0,6,1,0,1.1,0.005,-0.0067,45.114
4965,1281736,498.84,136,1018,99.4,6,1,0,1.308,0.005,-0.0067,45.114
4966,1281808,472.19,131,1019,99.5,6,1,0,1.041,0.005,-0.0067,45.114
4967,1281992,562.6,149,1024,100.0,6,1,0,1.105,0.005,-0.0067,45.114
4968,1282096,493.82,218,1024,100.0,6,1,0,0.719,0.005,-0.0067,45.114
4969,1282112,489.39,139,1019,99.5,6,1,0,1.153,0.005,-0.0067,45.114
4970,1282576,484.96,226,1024,100.0,6,1,0,1.013,0.005,-0.0067,45.114
4971,1282584,492.12,225,1024,100.0,6,1,0,0.929,0.005,-0.0067,45.114
4972,1282688,559.74,151,1024,100.0,6,1,0,0.989,0.005,-0.0067,45.114
4973,1283048,549.47,155,1024,100.0,6,1,0,1.086,0.005,-0.0067,45.114
4974,1283232,478.38,155,1024,100.0,6,1,0,0.966,0.005,-0.0067,45.114
4975,1283640,483.97,133,1018,99.4,6,1,0,1.338,0.005,-0.0067,45.114
4976,1283640,522.38,132,1024,100.0,6,1,0,1.005,0.005,-0.0067,45.114
4977,1283752,480.97,133,1019,99.5,6,1,0,1.238,0.005,-0.0067,45.114
4978,1283824,510.13,216,1024,100.0,6,1,0,1.188,0.005,-0.0067,45.114
4979,1283848,468.77,217,1023,99.9,6,1,0,1.12,0.005,-0.0067,45.114
4980,1284488,465.03,344,1024,100.0,6,1,0,1.062,0.005,-0.0067,45.114
4981,1284752,492.61,139,1017,99.3,6,1,0,1.38,0.005,-0.0067,45.114
4982,1284824,512.42,134,1024,100.0,6,1,0,0.905,0.005,-0.0067,45.114
4983,1284856,466.35,152,1024,100.0,6,1,0,0.828,0.005,-0.0067,45.114
4984,1284984,454.03,242,1023,99.9,6,1,0,1.223,0.005,-0.0067,45.114
4985,1285032,460.54,225,1024,100.0,6,1,0,1.32,0.005,-0.0067,45.114
4986,1285640,498.64,224,1023,99.9,6,1,0,1.237,0.005,-0.0067,45.114
4987,1285984,458.8,270,1021,99.7,6,1,0,1.471,0.005,-0.0067,45.114
4988,1286144,547.76,145,1024,100.0,6,1,0,0.858,0.005,-0.0067,45.114
4989,1286488,462.3,250,1022,99.8,6,1,0,1.32,0.005,-0.0058,41.4809
4990,1286736,446.21,248,1021,99.7,6,1,0,1.126,0.005,-0.0058,41.4809
4991,1286888,464.96,254,1021,99.7,6,1,0,1.243,0.005,-0.0058,41.4809
4992,1286896,444.16,259,1020,99.6,6,1,0,1.266,0.005,-0.0058,41.4809
4993,1286992,497.28,245,1024,100.0,6,1,0,0.933,0.005,-0.0058,41.4809
4994,1287480,479.08,230,1024,100.0,6,1,0,1.116,0.005,-0.0058,41.4809
4995,1287792,476.79,206,1024,100.0,6,1,0,1.038,0.005,-0.0058,41.4809
4996,1288040,469.39,131,1020,99.6,6,1,0,1.248,0.005,-0.0058,41.4809
4997,1288088,456.57,263,1020,99.6,6,1,0,1.194,0.005,-0.0058,41.4809
4998,1288472,424.53,248,1022,99.8,6,1,0,1.366,0.005,-0.0058,41.4809
4999,1288520,488.21,223,1024,100.0,6,1,0,0.723,0.005,-0.0058,41.4809
5000,1288728,508.24,229,1024,100.0,6,1,0,0.988,0.005,-0.0058,41.4809
5001,1288752,469.23,233,1024,100.0,6,1,0,1.256,0.005,-0.0058,41.4809
5002,1289152,534.02,133,1024,100.0,6,1,0,0.821,0.005,-0.0058,41.4809
5003,1289296,476.34,227,1024,100.0,6,1,0,0.949,0.005,-0.0058,41.4809
5004,1289424,465.25,204,1024,100.0,6,1,0,0.524,0.005,-0.0058,41.4809
5005,1289520,519.87,131,1024,100.0,6,1,0,1.005,0.005,-0.0058,41.4809
5006,1289712,479.04,209,1023,99.9,6,1,0,1.03,0.005,-0.0058,41.4809
5007,1289776,487.49,131,1020,99.6,6,1,0,1.199,0.005,-0.0058,41.4809
5008,1289800,516.53,131,1024,100.0,6,1,0,0.742,0.005,-0.0058,41.4809
5009,1290344,478.29,131,1022,99.8,6,1,0,1.103,0.005,-0.0058,41.4809
5010,1290544,472.53,128,1022,99.8,6,1,0,1.242,0.005,-0.0058,41.4809
5011,1290560,440.03,255,1021,99.7,6,1,0,1.124,0.005,-0.0058,41.4809
5012,1290856,505.1,132,1024,100.0,6,1,0,1.169,0.005,-0.0058,41.4809
5013,1291112,478.56,211,1024,100.0,6,1,0,0.775,0.005,-0.0058,41.4809
5014,1291120,450.64,246,1022,99.8,6,1,0,1.187,0.005,-0.0058,41.4809
5015,1291416,537.15,134,1024,100.0,6,1,0,0.931,0.005,-0.0058,41.4809
5016,1291504,487.21,216,1024,100.0,6,1,0,1.124,0.005,-0.0058,41.4809
5017,1291512,491.29,225,1023,99.9,6,1,0,0.984,0.005,-0.0058,41.4809
5018,1291640,496.09,135,1017,99.3,6,1,0,1.175,0.005,-0.0058,41.4809
5019,1292064,546.11,151,1024,100.0,6,1,0,1.032,0.005,-0.0058,41.4809
5020,1292200,487.04,136,1024,100.0,6,1,0,0.93,0.005,-0.0058,41.4809
5021,1292352,416.62,226,1021,99.7,6,1,0,1.472,0.005,-0.0058,41.4809
5022,1292496,492.95,135,1022,99.8,6,1,0,1.075,0.005,-0.0058,41.4809
5023,1292560,484.49,131,1020,99.6,6,1,0,1.23,0.005,-0.0058,41.4809
5024,1292696,528.28,132,1024,100.0,6,1,0,0.915,0.005,-0.0058,41.4809
5025,1293152,442.06,254,1020,99.6,6,1,0,1.411,0.005,-0.0058,41.4809
5026,1293512,452.29,251,1020,99.6,6,1,0,1.469,0.005,-0.0058,41.4809
5027,1293968,475.52,238,1024,100.0,6,1,0,1.1,0.005,-0.0058,41.4809
5028,1294208,498.33,214,1024,100.0,6,1,0,0.915,0.005,-0.0058,41.4809
5029,1294224,436.25,253,1021,99.7,6,1,0,1.153,0.005,-0.0058,41.4809
5030,1294288,459.87,242,1021,99.7,6,1,0,1.322,0.005,-0.0058,41.4809
5031,1294304,489.29,218,1022,99.8,6,1,0,0.972,0.005,-0.0058,41.4809
5032,1294464,500.79,221,1024,100.0,6,1,0,0.939,0.005,-0.0015,20.2741
5033,1294544,520.08,129,1024,100.0,6,1,0,0.771,0.005,-0.0015,20.2741
5034,1294944,480.73,224,1024,100.0,6,1,0,1.006,0.005,-0.0015,20.2741
5035,1295296,483.94,136,1018,99.4,6,1,0,1.264,0.005,-0.0015,20.2741
5036,1295376,480.94,136,1018,99.4,6,1,0,1.289,0.005,-0.0015,20.2741
5037,1295568,478.42,128,1021,99.7,6,1,0,1.174,0.005,-0.0015,20.2741
5038,1295888,461.48,208,1023,99.9,6,1,0,0.697,0.005,-0.0015,20.2741
5039,1295968,443.09,250,1023,99.9,6,1,0,1.28,0.005,-0.0015,20.2741
5040,1296256,491.83,244,1024,100.0,6,1,0,1.112,0.005,-0.0015,20.2741
5041,1296472,450.49,251,1021,99.7,6,1,0,1.246,0.005,-0.0015,20.2741
5042,1296552,544.73,147,1024,100.0,6,1,0,0.957,0.005,-0.0015,20.2741
5043,1296728,472.83,223,1024,100.0,6,1,0,1.156,0.005,-0.0015,20.2741
5044,1297120,468.92,228,1024,100.0,6,1,0,0.663,0.005,-0.0015,20.2741
5045,1297368,476.43,225,1024,100.0,6,1,0,1.038,0.005,-0.0015,20.2741
5046,1297520,486.16,204,1022,99.8,6,1,0,0.79,0.005,-0.0015,20.2741
5047,1297608,496.17,132,1019,99.5,6,1,0,1.12,0.005,-0.0015,20.2741
5048,1298000,455.21,254,1017,99.3,6,1,0,1.375,0.005,-0.0015,20.2741
5049,1298248,439.81,249,1021,99.7,6,1,0,1.42,0.005,-0.0015,20.2741
5050,1298256,488.61,223,1023,99.9,6,1,0,0.688,0.005,-0.0015,20.2741
5051,1298488,482.32,220,1024,100.0,6,1,0,0.992,0.005,-0.0015,20.2741
5052,1298664,496.38,132,1020,99.6,6,1,0,1.155,0.005,-0.0015,20.2741
5053,1299152,448.39,254,1022,99.8,6,1,0,1.22,0.005,-0.0015,20.2741
5054,1299264,475.15,218,1023,99.9,6,1,0,0.994,0.005,-0.0015,20.2741
5055,1299360,486.27,249,1021,99.7,6,1,0,0.944,0.005,-0.0015,20.2741
5056,1299376,527.37,141,1024,100.0,6,1,0,0.992,0.005,-0.0015,20.2741
5057,1299640,527.15,144,1024,100.0,6,1,0,0.63,0.005,-0.0015,20.2741
5058,1299672,492.91,209,1023,99.9,6,1,0,1.016,0.005,-0.0015,20.2741
5059,1300240,440.78,248,1021,99.7,6,1,0,1.33,0.005,-0.0015,20.2741
5060,1300416,480.23,219,1023,99.9,6,1,0,0.908,0.005,-0.0015,20.2741
5061,1300432,486.63,134,1020,99.6,6,1,0,1.109,0.005,-0.0015,20.2741
5062,1300472,532.41,151,1024,100.0,6,1,0,1.135,0.005,-0.0015,20.2741
5063,1301160,476.31,223,1023,99.9,6,1,0,1.029,0.005,-0.0015,20.2741
5064,1301224,457.38,259,1019,99.5,6,1,0,1.351,0.005,-0.0015,20.2741
5065,1301464,469.09,131,1019,99.5,6,1,0,1.351,0.005,-0.0015,20.2741
5066,1301496,509.83,133,1024,100.0,6,1,0,0.521,0.005,-0.0015,20.2741
5067,1301616,459.86,247,1023,99.9,6,1,0,1.252,0.005,-0.0015,20.2741
5068,1301632,421.89,245,1023,99.9,6,1,0,1.266,0.005,-0.0015,20.2741
5069,1302216,462.31,247,1023,99.9,6,1,0,1.164,0.005,-0.0015,20.2741
5070,1302240,542.99,135,1024,100.0,6,1,0,0.923,0.005,-0.0015,20.2741
5071,1302344,328.03,234,1014,99.0,5,0,1,0.128,0.005,-0.0015,20.2741
5072,1302624,497.7,141,1019,99.5,6,1,0,1.389,0.005,-0.0036,26.1113
5073,1302984,515.44,220,1024,100.0,6,1,0,1.047,0.005,-0.0036,26.1113
5074,1303272,489.88,132,1019,99.5,6,1,0,1.345,0.005,-0.0036,26.1113
5075,1303360,498.3,140,1017,99.3,6,1,0,1.401,0.005,-0.0036,26.1113
5076,1303392,516.96,131,1024,100.0,6,1,0,0.704,0.005,-0.0036,26.1113
5077,1303464,457.86,231,1021,99.7,6,1,0,1.129,0.005,-0.0036,26.1113
5078,1303536,457.74,259,1019,99.5,6,1,0,1.145,0.005,-0.0036,26.1113
5079,1303680,445.94,256,1023,99.9,6,1,0,1.093,0.005,-0.0036,26.1113
5080,1304520,532.41,132,1024,100.0,6,1,0,0.733,0.005,-0.0036,26.1113
5081,1304576,454.02,244,1022,99.8,6,1,0,1.341,0.005,-0.0036,26.1113
5082,1304808,497.95,228,1024,100.0,6,1,0,1.074,0.005,-0.0036,26.1113
5083,1304824,503.67,143,1018,99.4,6,1,0,1.171,0.005,-0.0036,26.1113
5084,1305272,434.27,250,1021,99.7,6,1,0,1.472,0.005,-0.0036,26.1113
5085,1305344,505.8,226,1023,99.9,6,1,0,0.727,0.005,-0.0036,26.1113
5086,1305376,465.54,252,1022,99.8,6,1,0,1.16,0.005,-0.0036,26.1113
5087,1305432,461.65,255,1020,99.6,6,1,0,1.318,0.005,-0.0036,26.1113
5088,1305608,486.64,136,1018,99.4,6,1,0,1.161,0.005,-0.0036,26.1113
5089,1306384,526.86,139,1024,100.0,6,1,0,1.064,0.005,-0.0036,26.1113
5090,1306456,509.6,135,1024,100.0,6,1,0,0.597,0.005,-0.0036,26.1113
5091,1306488,522.46,132,1024,100.0,6,1,0,0.945,0.005,-0.0036,26.1113
5092,1306592,462.11,252,1021,99.7,6,1,0,1.384,0.005,-0.0036,26.1113
5093,1306632,504.51,128,1024,100.0,6,1,0,0.833,0.005,-0.0036,26.1113
5094,1306664,489.27,230,1024,100.0,6,1,0,1.393,0.005,-0.0036,26.1113
5095,1306864,463.52,257,1020,99.6,6,1,0,1.183,0.005,-0.0036,26.1113
5096,1307344,447.0,250,1021,99.7,6,1,0,1.189,0.005,-0.0036,26.1113
5097,1307512,478.48,132,1017,99.3,6,1,0,1.339,0.005,-0.0036,26.1113
5098,1307592,529.22,151,1024,100.0,6,1,0,0.95,0.005,-0.0036,26.1113
5099,1307728,480.97,133,1019,99.5,6,1,0,1.202,0.005,-0.0036,26.1113
5100,1308280,483.42,211,1024,100.0,6,1,0,0.732,0.005,-0.0036,26.1113
5101,1308440,489.56,226,1023,99.9,6,1,0,1.106,0.005,-0.0036,26.1113
5102,1308504,426.55,252,1020,99.6,6,1,0,1.174,0.005,-0.0036,26.1113
5103,1308592,468.75,135,1018,99.4,6,1,0,1.151,0.005,-0.0036,26.1113
5104,1308904,467.84,255,1023,99.9,6,1,0,1.095,0.005,-0.0036,26.1113
5105,1309120,493.26,222,1024,100.0,6,1,0,1.118,0.005,-0.0036,26.1113
5106,1309584,461.36,249,1021,99.7,6,1,0,1.085,0.005,-0.0036,26.1113
5107,1309704,495.7,139,1019,99.5,6,1,0,1.018,0.005,-0.0036,26.1113
5108,1309712,471.92,248,1023,99.9,6,1,0,1.014,0.005,-0.0036,26.1113
5109,1310080,494.84,225,1023,99.9,6,1,0,1.092,0.005,-0.0036,26.1113
5110,1310224,476.73,223,1024,100.0,6,1,0,0.666,0.005,-0.0036,26.1113
5111,1310728,505.15,127,1024,100.0,6,1,0,1.06,0.005,-0.0057,18.152
5112,1310744,538.37,145,1024,100.0,6,1,0,0.931,0.005,-0.0057,18.152
5113,1310768,493.39,233,1024,100.0,6,1,0,1.052,0.005,-0.0057,18.152
5114,1310776,480.94,134,1023,99.9,6,1,0,1.163,0.005,-0.0057,18.152
5115,1311056,479.47,319,1022,99.8,6,1,0,1.066,0.005,-0.0057,18.152
5116,1311088,469.84,126,1020,99.6,6,1,0,1.342,0.005,-0.0057,18.152
5117,1311096,430.91,247,1023,99.9,6,1,0,1.377,0.005,-0.0057,18.152
5118,1311768,505.25,128,1024,100.0,6,1,0,0.719,0.005,-0.0057,18.152
5119,1311896,501.6,140,1020,99.6,6,1,0,1.201,0.005,-0.0057,18.152
5120,1312272,438.13,256,1022,99.8,6,1,0,1.409,0.005,-0.0057,18.152
5121,1312600,488.0,234,1024,100.0,6,1,0,1.454,0.005,-0.0057,18.152
5122,1312784,460.97,252,1019,99.5,6,1,0,1.326,0.005,-0.0057,18.152
5123,1312856,488.85,221,1024,100.0,6,1,0,0.924,0.005,-0.0057,18.152
5124,1312920,454.9,233,1023,99.9,6,1,0,1.163,0.005,-0.0057,18.152
5125,1312944,522.59,131,1024,100.0,6,1,0,0.794,0.005,-0.0057,18.152
5126,1313080,12.17,20,233,22.8,1,0,1,0.193,0.005,-0.0057,18.152
5127,1313120,449.26,253,1021,99.7,6,1,0,1.153,0.005,-0.0057,18.152
5128,1313816,451.4,256,1021,99.7,6,1,0,1.085,0.005,-0.0057,18.152
5129,1314256,446.46,248,1020,99.6,6,1,0,1.185,0.005,-0.0057,18.152
5130,1314520,441.44,240,1024,100.0,6,1,0,1.108,0.005,-0.0057,18.152
5131,1314568,451.69,214,1024,100.0,6,1,0,0.504,0.005,-0.0057,18.152
5132,1314696,489.31,197,1023,99.9,6,1,0,0.545,0.005,-0.0057,18.152
5133,1314712,484.77,204,1024,100.0,6,1,0,0.716,0.005,-0.0057,18.152
5134,1314752,455.69,246,1022,99.8,6,1,0,1.278,0.005,-0.0057,18.152
5135,1314928,433.9,248,1022,99.8,6,1,0,1.347,0.005,-0.0057,18.152
5136,1315520,495.31,125,1024,100.0,6,1,0,1.206,0.005,-0.0057,18.152
5137,1315696,439.91,235,1022,99.8,6,1,0,1.501,0.005,-0.0057,18.152
5138,1315992,525.34,133,1024,100.0,6,1,0,0.758,0.005,-0.0057,18.152
5139,1316264,464.41,251,1021,99.7,6,1,0,1.441,0.005,-0.0057,18.152
5140,1316400,474.6,213,1023,99.9,6,1,0,0.998,0.005,-0.0057,18.152
5141,1316432,499.05,233,1024,100.0,6,1,0,0.786,0.005,-0.0057,18.152
5142,1316464,487.77,219,1024,100.0,6,1,0,0.909,0.005,-0.0057,18.152
5143,1316480,492.56,216,1023,99.9,6,1,0,1.048,0.005,-0.0057,18.152
5144,1317064,478.06,134,1017,99.3,6,1,0,1.345,0.005,-0.0057,18.152
5145,1317504,439.43,248,1022,99.8,6,1,0,1.111,0.005,-0.0057,18.152
5146,1317584,501.07,140,1017,99.3,6,1,0,1.281,0.005,-0.0057,18.152
5147,1317616,529.81,142,1024,100.0,6,1,0,0.824,0.005,-0.0057,18.152
5148,1317616,441.26,240,1022,99.8,6,1,0,1.316,0.005,-0.0057,18.152
5149,1318048,471.28,206,1024,100.0,6,1,0,0.91,0.005,-0.0057,18.152
5150,1318384,471.22,265,1024,100.0,6,1,0,1.165,0.005,-0.0057,18.152
5151,1318424,426.71,249,1022,99.8,6,1,0,1.442,0.005,-0.0057,18.152
5152,1318568,522.7,133,1024,100.0,6,1,0,0.804,0.005,-0.0057,18.152
5153,1318664,519.39,131,1024,100.0,6,1,0,0.91,0.005,-0.0057,18.152
5154,1318704,492.4,140,1021,99.7,6,1,0,0.962,0.005,-0.0057,18.152
5155,1318792,474.12,216,1021,99.7,6,1,0,1.117,0.005,-0.0057,18.152
5156,1319664,463.85,256,1020,99.6,6,1,0,1.415,0.005,-0.0026,42.6905
5157,1319720,472.13,127,1020,99.6,6,1,0,1.071,0.005,-0.0026,42.6905
5158,1319792,482.42,218,1024,100.0,6,1,0,0.811,0.005,-0.0026,42.6905
5159,1320136,474.03,214,1023,99.9,6,1,0,0.857,0.005,-0.0026,42.6905
5160,1320304,464.23,217,1022,99.8,6,1,0,0.742,0.005,-0.0026,42.6905
5161,1320472,460.19,261,1018,99.4,6,1,0,1.397,0.005,-0.0026,42.6905
5162,1320584,30.72,35,237,23.1,1,0,1,0.144,0.005,-0.0026,42.6905
5163,1320632,439.03,246,1022,99.8,6,1,0,1.452,0.005,-0.0026,42.6905
5164,1320712,449.42,240,1023,99.9,6,1,0,1.289,0.005,-0.0026,42.6905
5165,1320760,524.22,137,1024,100.0,6,1,0,0.86,0.005,-0.0026,42.6905
5166,1321728,445.71,251,1021,99.7,6,1,0,1.394,0.005,-0.0026,42.6905
5167,1321736,441.3,243,1024,100.0,6,1,0,1.601,0.005,-0.0026,42.6905
5168,1321864,501.62,138,1020,99.6,6,1,0,1.137,0.005,-0.0026,42.6905
5169,1322152,460.97,252,1020,99.6,6,1,0,1.529,0.005,-0.0026,42.6905
5170,1322424,486.25,214,1023,99.9,6,1,0,1.054,0.005,-0.0026,42.6905
5171,1322432,482.15,225,1023,99.9,6,1,0,0.856,0.005,-0.0026,42.6905
5172,1322504,442.96,254,1021,99.7,6,1,0,1.457,0.005,-0.0026,42.6905
5173,1322576,459.11,249,1022,99.8,6,1,0,1.291,0.005,-0.0026,42.6905
5174,1323208,489.88,132,1023,99.9,6,1,0,1.149,0.005,-0.0026,42.6905
5175,1323520,464.22,223,1023,99.9,6,1,0,1.043,0.005,-0.0026,42.6905
5176,1323576,495.46,134,1020,99.6,6,1,0,1.215,0.005,-0.0026,42.6905
5177,1323664,453.61,242,1023,99.9,6,1,0,1.445,0.005,-0.0026,42.6905
5178,1324304,433.67,234,1021,99.7,6,1,0,1.141,0.005,-0.0026,42.6905
5179,1324448,445.66,253,1022,99.8,6,1,0,1.307,0.005,-0.0026,42.6905
5180,1324504,454.04,241,1023,99.9,6,1,0,1.421,0.005,-0.0026,42.6905
5181,1324584,478.05,133,1016,99.2,6,1,0,1.108,0.005,-0.0026,42.6905
5182,1324720,477.96,132,1017,99.3,6,1,0,1.288,0.005,-0.0026,42.6905
5183,1324992,478.02,391,1023,99.9,6,1,0,1.451,0.005,-0.0026,42.6905
5184,1325080,444.2,234,1021,99.7,6,1,0,1.162,0.005,-0.0026,42.6905
5185,1325496,450.43,240,1024,100.0,6,1,0,1.269,0.005,-0.0026,42.6905
5186,1325792,477.96,134,1018,99.4,6,1,0,1.417,0.005,-0.0026,42.6905
5187,1326120,482.65,209,1023,99.9,6,1,0,0.83,0.005,-0.0026,42.6905
5188,1326224,486.53,215,1022,99.8,6,1,0,0.77,0.005,-0.0026,42.6905
5189,1326352,479.24,256,1019,99.5,6,1,0,1.481,0.005,-0.0026,42.6905
5190,1326624,473.08,255,1019,99.5,6,1,0,1.493,0.005,-0.0026,42.6905
5191,1327008,448.99,252,1020,99.6,6,1,0,1.443,0.005,-0.0026,42.6905
5192,1327064,442.7,248,1022,99.8,6,1,0,1.091,0.005,-0.0026,42.6905
5193,1327168,478.03,131,1021,99.7,6,1,0,1.004,0.005,-0.0051,32.2139
5194,1327432,472.68,242,1022,99.8,6,1,0,1.348,0.005,-0.0051,32.2139
5195,1327800,448.42,251,1018,99.4,6,1,0,1.164,0.005,-0.0051,32.2139
5196,1328064,478.82,230,1024,100.0,6,1,0,1.331,0.005,-0.0051,32.2139
5197,1328176,495.39,139,1018,99.4,6,1,0,1.215,0.005,-0.0051,32.2139
5198,1328208,496.54,232,1024,100.0,6,1,0,1.395,0.005,-0.0051,32.2139
5199,1328616,456.0,249,1022,99.8,6,1,0,1.275,0.005,-0.0051,32.2139
5200,1329088,445.02,260,1021,99.7,6,1,0,1.363,0.005,-0.0051,32.2139
5201,1329104,473.94,242,1024,100.0,6,1,0,1.182,0.005,-0.0051,32.2139
5202,1329256,493.05,135,1021,99.7,6,1,0,1.014,0.005,-0.0051,32.2139
5203,1329456,449.35,253,1019,99.5,6,1,0,1.374,0.005,-0.0051,32.2139
5204,1329576,476.65,222,1024,100.0,6,1,0,1.41,0.005,-0.0051,32.2139
5205,1329672,480.72,132,1018,99.4,6,1,0,1.259,0.005,-0.0051,32.2139
5206,1329832,487.94,221,1024,100.0,6,1,0,1.028,0.005,-0.0051,32.2139
5207,1329992,495.28,223,1024,100.0,6,1,0,1.198,0.005,-0.0051,32.2139
5208,1330136,513.56,129,1024,100.0,6,1,0,1.076,0.005,-0.0051,32.2139
5209,1330296,487.6,130,1020,99.6,6,1,0,1.358,0.005,-0.0051,32.2139
5210,1330600,516.38,143,1024,100.0,6,1,0,0.928,0.005,-0.0051,32.2139
5211,1330912,471.75,155,1024,100.0,6,1,0,1.002,0.005,-0.0051,32.2139
5212,1331016,466.18,148,1024,100.0,6,1,0,1.046,0.005,-0.0051,32.2139
5213,1331040,428.32,244,1022,99.8,6,1,0,1.44,0.005,-0.0051,32.2139
5214,1331328,55.26,36,507,49.5,1,0,1,0.15,0.005,-0.0051,32.2139
5215,1331392,476.05,227,1023,99.9,6,1,0,1.186,0.005,-0.0051,32.2139
5216,1331664,495.97,133,1019,99.5,6,1,0,1.355,0.005,-0.0051,32.2139
5217,1331888,463.45,237,1022,99.8,6,1,0,1.19,0.005,-0.0051,32.2139
5218,1332024,501.29,139,1020,99.6,6,1,0,1.407,0.005,-0.0051,32.2139
5219,1332144,471.46,251,1022,99.8,6,1,0,1.219,0.005,-0.0051,32.2139
5220,1332280,444.03,248,1023,99.9,6,1,0,1.312,0.005,-0.0051,32.2139
5221,1332680,508.09,127,1024,100.0,6,1,0,1.04,0.005,-0.0051,32.2139
5222,1332888,455.1,234,1021,99.7,6,1,0,1.292,0.005,-0.0051,32.2139
5223,1332984,492.93,137,1016,99.2,6,1,0,1.307,0.005,-0.0051,32.2139
5224,1333352,448.87,253,1021,99.7,6,1,0,1.294,0.005,-0.0051,32.2139
5225,1333352,543.07,151,1024,100.0,6,1,0,0.887,0.005,-0.0051,32.2139
5226,1333384,452.34,249,1022,99.8,6,1,0,1.606,0.005,-0.0051,32.2139
5227,1333784,467.01,220,1023,99.9,6,1,0,1.075,0.005,-0.0051,32.2139
5228,1334008,501.62,216,1023,99.9,6,1,0,1.133,0.005,-0.0051,32.2139
5229,1334424,484.57,130,1020,99.6,6,1,0,1.12,0.005,-0.0051,32.2139
5230,1334672,501.05,211,1024,100.0,6,1,0,0.841,0.005,-0.0051,32.2139
5231,1334704,477.17,253,1021,99.7,6,1,0,1.359,0.005,-0.0051,32.2139
5232,1334936,448.69,256,1020,99.6,6,1,0,1.21,0.005,-0.0051,32.2139
5233,1335128,473.79,222,1023,99.9,6,1,0,1.429,0.005,-0.0051,32.2139
5234,1335128,485.66,222,1023,99.9,6,1,0,1.013,0.005,-0.0051,32.2139
5235,1335432,513.93,126,1024,100.0,6,1,0,1.335,0.005,-0.0058,41.493
5236,1335856,450.97,259,1020,99.6,6,1,0,1.281,0.005,-0.0058,41.493
5237,1335912,435.39,238,1023,99.9,6,1,0,1.568,0.005,-0.0058,41.493
5238,1336224,518.81,137,1024,100.0,6,1,0,0.845,0.005,-0.0058,41.493
5239,1336488,507.63,132,1024,100.0,6,1,0,0.968,0.005,-0.0058,41.493
5240,1336656,468.22,248,1022,99.8,6,1,0,1.18,0.005,-0.0058,41.493
5241,1336704,467.6,250,1023,99.9,6,1,0,1.597,0.005,-0.0058,41.493
5242,1336952,520.4,137,1024,100.0,6,1,0,1.054,0.005,-0.0058,41.493
5243,1336976,490.35,231,1024,100.0,6,1,0,1.119,0.005,-0.0058,41.493
5244,1337024,453.68,261,1019,99.5,6,1,0,1.38,0.005,-0.0058,41.493
5245,1337320,489.43,137,1020,99.6,6,1,0,1.17,0.005,-0.0058,41.493
5246,1337744,511.09,130,1024,100.0,6,1,0,0.985,0.005,-0.0058,41.493
5247,1337888,452.79,247,1021,99.7,6,1,0,1.321,0.005,-0.0058,41.493
5248,1338000,478.39,131,1021,99.7,6,1,0,1.302,0.005,-0.0058,41.493
5249,1338176,484.47,211,1024,100.0,6,1,0,1.083,0.005,-0.0058,41.493
5250,1338392,496.16,134,1017,99.3,6,1,0,1.047,0.005,-0.0058,41.493
5251,1338472,490.85,227,1021,99.7,6,1,0,1.045,0.005,-0.0058,41.493
5252,1338728,486.54,219,1024,100.0,6,1,0,1.295,0.005,-0.0058,41.493
5253,1339080,443.23,257,1019,99.5,6,1,0,1.393,0.005,-0.0058,41.493
5254,1339456,483.67,133,1020,99.6,6,1,0,1.21,0.005,-0.0058,41.493
5255,1339720,443.41,247,1023,99.9,6,1,0,1.498,0.005,-0.0058,41.493
5256,1339776,480.89,131,1020,99.6,6,1,0,1.164,0.005,-0.0058,41.493
5257,1339888,464.58,250,1021,99.7,6,1,0,1.336,0.005,-0.0058,41.493
5258,1339904,514.47,238,1024,100.0,6,1,0,0.99,0.005,-0.0058,41.493
5259,1340216,455.35,255,1020,99.6,6,1,0,1.481,0.005,-0.0058,41.493
5260,1340456,433.8,248,1021,99.7,6,1,0,1.397,0.005,-0.0058,41.493
5261,1340728,511.29,126,1024,100.0,6,1,0,1.395,0.005,-0.0058,41.493
5262,1340752,502.32,122,1024,100.0,6,1,0,1.134,0.005,-0.0058,41.493
5263,1340904,493.32,228,1024,100.0,6,1,0,1.173,0.005,-0.0058,41.493
5264,1340920,472.11,129,1024,100.0,6,1,0,1.2,0.005,-0.0058,41.493
5265,1341000,498.92,137,1019,99.5,6,1,0,1.268,0.005,-0.0058,41.493
5266,1341424,443.92,246,1022,99.8,6,1,0,1.242,0.005,-0.0058,41.493
5267,1341976,522.06,132,1024,100.0,6,1,0,0.587,0.005,-0.0058,41.493
5268,1342264,457.74,256,1020,99.6,6,1,0,1.431,0.005,-0.0058,41.493
5269,1342400,462.53,206,1024,100.0,6,1,0,1.13,0.005,-0.0058,41.493
5270,1342472,452.38,252,1021,99.7,6,1,0,1.474,0.005,-0.0058,41.493
5271,1342528,494.73,225,1022,99.8,6,1,0,0.792,0.005,-0.0058,41.493
5272,1342624,497.95,215,1024,100.0,6,1,0,1.23,0.005,-0.0058,41.493
5273,1342688,487.13,211,1024,100.0,6,1,0,0.777,0.005,-0.0058,41.493
5274,1342992,475.2,127,1021,99.7,6,1,0,1.368,0.005,-0.0058,41.493
5275,1343168,474.6,218,1022,99.8,6,1,0,1.064,0.005,-0.0058,41.493
5276,1343536,524.27,142,1024,100.0,6,1,0,0.733,0.005,-0.005,16.9932
5277,1343536,483.96,133,1019,99.5,6,1,0,1.242,0.005,-0.005,16.9932
5278,1343696,532.23,146,1024,100.0,6,1,0,1.05,0.005,-0.005,16.9932
5279,1343976,481.22,214,1023,99.9,6,1,0,1.027,0.005,-0.005,16.9932
5280,1344000,504.3,126,1024,100.0,6,1,0,0.951,0.005,-0.005,16.9932
5281,1344560,472.52,128,1020,99.6,6,1,0,1.228,0.005,-0.005,16.9932
5282,1344568,444.65,243,1023,99.9,6,1,0,1.242,0.005,-0.005,16.9932
5283,1344576,519.32,130,1024,100.0,6,1,0,1.032,0.005,-0.005,16.9932
5284,1344712,439.25,253,1018,99.4,6,1,0,1.189,0.005,-0.005,16.9932
5285,1344792,498.71,137,1023,99.9,6,1,0,0.983,0.005,-0.005,16.9932
5286,1345256,451.69,261,1024,100.0,6,1,0,1.058,0.005,-0.005,16.9932
5287,1345616,469.58,130,1019,99.5,6,1,0,1.361,0.005,-0.005,16.9932
5288,1345696,489.99,212,1023,99.9,6,1,0,0.731,0.005,-0.005,16.9932
5289,1345704,542.57,142,1024,100.0,6,1,0,1.048,0.005,-0.005,16.9932
5290,1345768,491.69,224,1024,100.0,6,1,0,1.028,0.005,-0.005,16.9932
5291,1345944,4.21,31,221,21.6,1,0,1,0.051,0.005,-0.005,16.9932
5292,1346352,490.65,224,1024,100.0,6,1,0,1.163,0.005,-0.005,16.9932
5293,1346712,467.9,250,1022,99.8,6,1,0,1.358,0.005,-0.005,16.9932
5294,1346752,452.32,245,1022,99.8,6,1,0,1.414,0.005,-0.005,16.9932
5295,1346760,541.16,143,1024,100.0,6,1,0,0.872,0.005,-0.005,16.9932
5296,1346808,457.41,138,1022,99.8,6,1,0,0.913,0.005,-0.005,16.9932
5297,1347008,476.94,219,1022,99.8,6,1,0,0.968,0.005,-0.005,16.9932
5298,1347752,455.9,248,1022,99.8,6,1,0,1.201,0.005,-0.005,16.9932
5299,1347952,454.43,251,1023,99.9,6,1,0,1.265,0.005,-0.005,16.9932
5300,1348128,529.99,140,1024,100.0,6,1,0,1.096,0.005,-0.005,16.9932
5301,1348392,458.25,255,1020,99.6,6,1,0,1.222,0.005,-0.005,16.9932
5302,1348400,486.69,211,1023,99.9,6,1,0,0.998,0.005,-0.005,16.9932
5303,1348704,443.99,244,1023,99.9,6,1,0,1.396,0.005,-0.005,16.9932
5304,1348736,434.6,241,1022,99.8,6,1,0,1.47,0.005,-0.005,16.9932
5305,1348776,453.87,252,1019,99.5,6,1,0,1.447,0.005,-0.005,16.9932
5306,1348872,530.48,140,1024,100.0,6,1,0,0.861,0.005,-0.005,16.9932
5307,1349648,489.72,212,1024,100.0,6,1,0,0.843,0.005,-0.005,16.9932
5308,1349752,519.36,131,1024,100.0,6,1,0,0.968,0.005,-0.005,16.9932
5309,1349872,497.18,218,1024,100.0,6,1,0,1.094,0.005,-0.005,16.9932
5310,1350072,504.89,210,1024,100.0,6,1,0,1.124,0.005,-0.005,16.9932
5311,1350408,455.02,251,1022,99.8,6,1,0,1.235,0.005,-0.005,16.9932
5312,1350544,476.24,209,1024,100.0,6,1,0,0.869,0.005,-0.005,16.9932
5313,1350576,478.81,225,1024,100.0,6,1,0,1.049,0.005,-0.005,16.9932
5314,1350824,457.28,261,1023,99.9,6,1,0,0.589,0.005,-0.005,16.9932
5315,1351472,494.76,228,1024,100.0,6,1,0,1.203,0.005,-0.005,16.9932
5316,1351648,531.74,138,1024,100.0,6,1,0,0.849,0.005,-0.005,16.9932
5317,1351648,530.86,134,1024,100.0,6,1,0,0.863,0.005,-0.005,16.9932
5318,1351768,465.38,252,1022,99.8,6,1,0,1.343,0.005,-0.0052,24.7594
5319,1351880,459.17,251,1022,99.8,6,1,0,1.449,0.005,-0.0052,24.7594
5320,1352136,463.21,258,1019,99.5,6,1,0,1.422,0.005,-0.0052,24.7594
5321,1352184,488.77,222,1024,100.0,6,1,0,1.049,0.005,-0.0052,24.7594
5322,1352840,451.86,149,1024,100.0,6,1,0,1.04,0.005,-0.0052,24.7594
5323,1352896,463.57,259,1024,100.0,6,1,0,1.171,0.005,-0.0052,24.7594
5324,1353008,-2.87,21,224,21.9,1,0,1,0.19,0.005,-0.0052,24.7594
5325,1353368,447.69,237,1023,99.9,6,1,0,1.172,0.005,-0.0052,24.7594
5326,1353384,473.96,217,1024,100.0,6,1,0,1.262,0.005,-0.0052,24.7594
5327,1353384,532.11,150,1024,100.0,6,1,0,0.891,0.005,-0.0052,24.7594
5328,1353456,510.8,211,1024,100.0,6,1,0,0.819,0.005,-0.0052,24.7594
5329,1353600,480.56,215,1024,100.0,6,1,0,1.054,0.005,-0.0052,24.7594
5330,1354056,516.81,131,1024,100.0,6,1,0,0.985,0.005,-0.0052,24.7594
5331,1354120,450.39,248,1021,99.7,6,1,0,1.324,0.005,-0.0052,24.7594
5332,1354424,513.79,130,1024,100.0,6,1,0,1.034,0.005,-0.0052,24.7594
5333,1354656,496.27,132,1019,99.5,6,1,0,1.595,0.005,-0.0052,24.7594
5334,1354928,448.76,254,1019,99.5,6,1,0,1.397,0.005,-0.0052,24.7594
5335,1355128,524.92,134,1024,100.0,6,1,0,1.08,0.005,-0.0052,24.7594
5336,1355200,482.9,218,1024,100.0,6,1,0,1.166,0.005,-0.0052,24.7594
5337,1355336,419.66,246,1023,99.9,6,1,0,1.559,0.005,-0.0052,24.7594
5338,1355424,461.55,255,1021,99.7,6,1,0,1.451,0.005,-0.0052,24.7594
5339,1355928,475.49,226,1021,99.7,6,1,0,1.247,0.005,-0.0052,24.7594
5340,1356176,475.88,219,1022,99.8,6,1,0,0.965,0.005,-0.0052,24.7594
5341,1356376,536.61,156,1024,100.0,6,1,0,1.095,0.005,-0.0052,24.7594
5342,1356512,480.64,136,1018,99.4,6,1,0,1.624,0.005,-0.0052,24.7594
5343,1356600,456.57,243,1023,99.9,6,1,0,1.253,0.005,-0.0052,24.7594
5344,1356680,488.95,219,1024,100.0,6,1,0,1.366,0.005,-0.0052,24.7594
5345,1357040,465.14,213,1024,100.0,6,1,0,1.034,0.005,-0.0052,24.7594
5346,1357168,455.86,246,1022,99.8,6,1,0,1.659,0.005,-0.0052,24.7594
5347,1357456,533.38,135,1024,100.0,6,1,0,1.222,0.005,-0.0052,24.7594
5348,1357600,524.96,136,1024,100.0,6,1,0,0.998,0.005,-0.0052,24.7594
5349,1357616,495.32,211,1024,100.0,6,1,0,1.29,0.005,-0.0052,24.7594
5350,1357744,495.57,133,1020,99.6,6,1,0,0.993,0.005,-0.0052,24.7594
5351,1358216,466.82,255,1020,99.6,6,1,0,1.476,0.005,-0.0052,24.7594
5352,1358544,435.47,243,1022,99.8,6,1,0,1.56,0.005,-0.0052,24.7594
5353,1358648,540.8,149,1024,100.0,6,1,0,1.188,0.005,-0.0052,24.7594
5354,1358936,451.3,237,1022,99.8,6,1,0,1.216,0.005,-0.0052,24.7594
5355,1359096,454.55,241,1023,99.9,6,1,0,1.237,0.005,-0.0052,24.7594
5356,1359248,477.24,206,1024,100.0,6,1,0,1.257,0.005,-0.0052,24.7594
5357,1359376,485.69,220,1022,99.8,6,1,0,1.347,0.005,-0.0052,24.7594
5358,1359568,494.95,228,1024,100.0,6,1,0,1.334,0.005,-0.0052,24.7594
5359,1359600,519.77,132,1024,100.0,6,1,0,1.439,0.005,-0.0052,24.7594
5360,1360000,534.27,133,1024,100.0,6,1,0,0.841,0.005,-0.0043,43.3539
5361,1360064,430.69,231,1020,99.6,6,1,0,1.197,0.005,-0.0043,43.3539
5362,1360576,492.88,122,1024,100.0,6,1,0,1.242,0.005,-0.0043,43.3539
5363,1360600,453.64,244,1022,99.8,6,1,0,1.169,0.005,-0.0043,43.3539
5364,1360904,492.36,226,1022,99.8,6,1,0,1.327,0.005,-0.0043,43.3539
5365,1360984,489.68,217,1023,99.9,6,1,0,1.403,0.005,-0.0043,43.3539
5366,1361368,461.41,249,1022,99.8,6,1,0,1.322,0.005,-0.0043,43.3539
5367,1361520,447.91,244,1023,99.9,6,1,0,1.415,0.005,-0.0043,43.3539
5368,1361624,475.09,131,1020,99.6,6,1,0,1.471,0.005,-0.0043,43.3539
5369,1361632,478.51,129,1020,99.6,6,1,0,1.246,0.005,-0.0043,43.3539
5370,1362056,448.62,257,1020,99.6,6,1,0,1.763,0.005,-0.0043,43.3539
5371,1362416,519.97,131,1024,100.0,6,1,0,0.918,0.005,-0.0043,43.3539
5372,1362920,463.98,242,1022,99.8,6,1,0,1.296,0.005,-0.0043,43.3539
5373,1362936,457.32,254,1019,99.5,6,1,0,1.433,0.005,-0.0043,43.3539
5374,1363032,468.05,371,1024,100.0,6,1,0,0.841,0.005,-0.0043,43.3539
5375,1363096,529.3,130,1024,100.0,6,1,0,0.985,0.005,-0.0043,43.3539
5376,1363248,475.16,216,1023,99.9,6,1,0,1.361,0.005,-0.0043,43.3539
5377,1363328,486.4,213,1024,100.0,6,1,0,1.12,0.005,-0.0043,43.3539
5378,1363456,418.55,228,1017,99.3,6,1,0,1.14,0.005,-0.0043,43.3539
5379,1364168,493.06,219,1023,99.9,6,1,0,1.105,0.005,-0.0043,43.3539
5380,1364672,475.24,217,1021,99.7,6,1,0,1.142,0.005,-0.0043,43.3539
5381,1364736,476.31,205,1024,100.0,6,1,0,0.902,0.005,-0.0043,43.3539
5382,1364736,497.69,227,1024,100.0,6,1,0,1.225,0.005,-0.0043,43.3539
5383,1364992,492.16,218,1023,99.9,6,1,0,1.012,0.005,-0.0043,43.3539
5384,1365040,490.2,214,1024,100.0,6,1,0,1.184,0.005,-0.0043,43.3539
5385,1365048,448.02,252,1021,99.7,6,1,0,1.441,0.005,-0.0043,43.3539
5386,1365208,469.4,130,1019,99.5,6,1,0,1.47,0.005,-0.0043,43.3539
5387,1365224,487.45,221,1024,100.0,6,1,0,1.135,0.005,-0.0043,43.3539
5388,1366088,534.0,137,1024,100.0,6,1,0,1.008,0.005,-0.0043,43.3539
5389,1366096,516.34,132,1024,100.0,6,1,0,1.351,0.005,-0.0043,43.3539
5390,1366120,527.69,134,1024,100.0,6,1,0,0.935,0.005,-0.0043,43.3539
5391,1366376,451.29,146,1024,100.0,6,1,0,0.862,0.005,-0.0043,43.3539
5392,1366456,488.09,215,1024,100.0,6,1,0,1.276,0.005,-0.0043,43.3539
5393,1366664,424.84,249,1022,99.8,6,1,0,1.397,0.005,-0.0043,43.3539
5394,1366664,448.05,241,1023,99.9,6,1,0,1.405,0.005,-0.0043,43.3539
5395,1366896,481.13,209,1024,100.0,6,1,0,0.801,0.005,-0.0043,43.3539
5396,1367152,510.32,132,1024,100.0,6,1,0,1.093,0.005,-0.0043,43.3539
5397,1367176,519.61,132,1024,100.0,6,1,0,0.902,0.005,-0.0043,43.3539
5398,1367456,514.43,125,1024,100.0,6,1,0,1.133,0.005,-0.0043,43.3539
5399,1367480,530.46,138,1024,100.0,6,1,0,0.828,0.005,-0.0043,43.3539
5400,1367680,468.97,199,1024,100.0,6,1,0,0.852,0.005,-0.0043,43.3539
5401,1367696,520.03,129,1024,100.0,6,1,0,0.96,0.005,-0.0043,43.3539
5402,1368200,519.06,131,1024,100.0,6,1,0,1.039,0.005,-0.0041,22.1389
5403,1368200,512.95,128,1024,100.0,6,1,0,1.099,0.005,-0.0041,22.1389
5404,1368376,464.4,214,1023,99.9,6,1,0,1.045,0.005,-0.0041,22.1389
5405,1368512,469.61,129,1019,99.5,6,1,0,1.391,0.005,-0.0041,22.1389
5406,1368744,418.94,231,1018,99.4,6,1,0,1.331,0.005,-0.0041,22.1389
5407,1369256,510.06,132,1024,100.0,6,1,0,1.266,0.005,-0.0041,22.1389
5408,1369272,489.27,227,1020,99.6,6,1,0,1.167,0.005,-0.0041,22.1389
5409,1369320,510.5,140,1019,99.5,6,1,0,1.26,0.005,-0.0041,22.1389
5410,1369560,439.36,233,1022,99.8,6,1,0,1.405,0.005,-0.0041,22.1389
5411,1370160,498.3,223,1024,100.0,6,1,0,1.17,0.005,-0.0041,22.1389
5412,1370184,471.44,209,1024,100.0,6,1,0,1.207,0.005,-0.0041,22.1389
5413,1370464,504.43,215,1024,100.0,6,1,0,1.144,0.005,-0.0041,22.1389
5414,1370752,471.64,384,1024,100.0,6,1,0,0.995,0.005,-0.0041,22.1389
5415,1370952,482.88,212,1024,100.0,6,1,0,0.752,0.005,-0.0041,22.1389
5416,1371200,519.0,130,1024,100.0,6,1,0,1.142,0.005,-0.0041,22.1389
5417,1371224,475.68,130,1020,99.6,6,1,0,1.509,0.005,-0.0041,22.1389
5418,1371240,431.33,246,1021,99.7,6,1,0,1.432,0.005,-0.0041,22.1389
5419,1371624,425.83,258,1017,99.3,6,1,0,1.317,0.005,-0.0041,22.1389
5420,1371824,492.66,134,1019,99.5,6,1,0,1.33,0.005,-0.0041,22.1389
5421,1372096,513.84,143,1024,100.0,6,1,0,0.596,0.005,-0.0041,22.1389
5422,1372192,473.93,216,1024,100.0,6,1,0,1.294,0.005,-0.0041,22.1389
5423,1372328,457.3,138,1023,99.9,6,1,0,0.767,0.005,-0.0041,22.1389
5424,1373256,519.22,133,1024,100.0,6,1,0,1.034,0.005,-0.0041,22.1389
5425,1373392,510.23,221,1023,99.9,6,1,0,1.365,0.005,-0.0041,22.1389
5426,1373448,422.55,276,1023,99.9,6,1,0,1.133,0.005,-0.0041,22.1389
5427,1373496,443.6,287,1024,100.0,6,1,0,1.335,0.005,-0.0041,22.1389
5428,1373624,463.24,225,1024,100.0,6,1,0,1.298,0.005,-0.0041,22.1389
5429,1373856,467.89,220,1023,99.9,6,1,0,1.075,0.005,-0.0041,22.1389
5430,1374120,333.03,600,1024,100.0,5,0,0,0.658,0.005,-0.0041,22.1389
5431,1374256,446.66,241,1023,99.9,6,1,0,1.354,0.005,-0.0041,22.1389
5432,1374552,519.68,132,1024,100.0,6,1,0,1.161,0.005,-0.0041,22.1389
5433,1374936,495.83,210,1023,99.9,6,1,0,1.242,0.005,-0.0041,22.1389
5434,1375112,486.36,215,1024,100.0,6,1,0,1.009,0.005,-0.0041,22.1389
5435,1375392,461.88,243,1023,99.9,6,1,0,1.271,0.005,-0.0041,22.1389
5436,1375640,493.18,223,1024,100.0,6,1,0,1.067,0.005,-0.0041,22.1389
5437,1375640,467.07,252,1020,99.6,6,1,0,1.328,0.005,-0.0041,22.1389
5438,1375656,460.87,138,1024,100.0,6,1,0,0.924,0.005,-0.0041,22.1389
5439,1375912,483.15,224,1024,100.0,6,1,0,1.452,0.005,-0.0041,22.1389
5440,1376200,522.73,136,1024,100.0,6,1,0,0.785,0.005,-0.0041,22.1389
5441,1376296,451.95,255,1019,99.5,6,1,0,1.469,0.005,-0.0032,38.6619
5442,1376576,480.01,205,1024,100.0,6,1,0,0.521,0.005,-0.0032,38.6619
5443,1377296,518.82,137,1024,100.0,6,1,0,1.195,0.005,-0.0032,38.6619
5444,1377328,502.41,211,1024,100.0,6,1,0,1.29,0.005,-0.0032,38.6619
5445,1377368,483.54,214,1024,100.0,6,1,0,1.246,0.005,-0.0032,38.6619
5446,1377608,434.85,246,1021,99.7,6,1,0,1.182,0.005,-0.0032,38.6619
5447,1377896,504.38,313,1024,100.0,6,1,0,1.08,0.005,-0.0032,38.6619
5448,1378016,504.37,215,1024,100.0,6,1,0,1.134,0.005,-0.0032,38.6619
5449,1378208,459.18,287,1024,100.0,6,1,0,1.014,0.005,-0.0032,38.6619
5450,1378640,463.72,258,1018,99.4,6,1,0,1.576,0.005,-0.0032,38.6619
5451,1379016,489.7,206,1024,100.0,6,1,0,1.228,0.005,-0.0032,38.6619
5452,1379160,481.2,229,1023,99.9,6,1,0,1.036,0.005,-0.0032,38.6619
5453,1379200,451.33,238,1021,99.7,6,1,0,1.398,0.005,-0.0032,38.6619
5454,1379280,531.18,134,1024,100.0,6,1,0,1.145,0.005,-0.0032,38.6619
5455,1379704,481.17,133,1019,99.5,6,1,0,1.396,0.005,-0.0032,38.6619
5456,1379896,462.0,250,1021,99.7,6,1,0,1.37,0.005,-0.0032,38.6619
5457,1379976,466.24,245,1023,99.9,6,1,0,1.254,0.005,-0.0032,38.6619
5458,1380040,472.72,128,1022,99.8,6,1,0,1.27,0.005,-0.0032,38.6619
5459,1380312,472.61,129,1022,99.8,6,1,0,1.133,0.005,-0.0032,38.6619
5460,1380400,457.38,150,1024,100.0,6,1,0,1.088,0.005,-0.0032,38.6619
5461,1380776,443.98,396,1024,100.0,6,1,0,1.085,0.005,-0.0032,38.6619
5462,1380776,492.76,134,1020,99.6,6,1,0,1.198,0.005,-0.0032,38.6619
5463,1380800,493.03,205,1024,100.0,6,1,0,0.921,0.005,-0.0032,38.6619
5464,1381152,495.91,139,1014,99.0,6,1,0,1.377,0.005,-0.0032,38.6619
5465,1381456,483.98,132,1017,99.3,6,1,0,1.421,0.005,-0.0032,38.6619
5466,1381576,493.08,210,1023,99.9,6,1,0,0.99,0.005,-0.0032,38.6619
5467,1381808,513.51,129,1024,100.0,6,1,0,1.247,0.005,-0.0032,38.6619
5468,1381864,483.87,133,1018,99.4,6,1,0,1.326,0.005,-0.0032,38.6619
5469,1381944,438.92,246,1023,99.9,6,1,0,1.497,0.005,-0.0032,38.6619
5470,1382200,490.72,236,1024,100.0,6,1,0,1.413,0.005,-0.0032,38.6619
5471,1382264,497.91,139,1016,99.2,6,1,0,1.391,0.005,-0.0032,38.6619
5472,1382448,483.49,209,1024,100.0,6,1,0,0.971,0.005,-0.0032,38.6619
5473,1382968,490.02,138,1021,99.7,6,1,0,1.286,0.005,-0.0032,38.6619
5474,1383152,485.79,212,1024,100.0,6,1,0,0.948,0.005,-0.0032,38.6619
5475,1383280,480.62,135,1019,99.5,6,1,0,1.331,0.005,-0.0032,38.6619
5476,1383352,501.74,136,1018,99.4,6,1,0,1.44,0.005,-0.0032,38.6619
5477,1383592,464.93,252,1020,99.6,6,1,0,1.403,0.005,-0.0032,38.6619
5478,1383992,473.53,256,1019,99.5,6,1,0,1.467,0.005,-0.0032,38.6619
5479,1384112,542.06,143,1024,100.0,6,1,0,0.843,0.005,-0.0032,38.6619
5480,1384440,458.55,249,1023,99.9,6,1,0,1.386,0.005,-0.0032,38.6619
5481,1384616,479.33,351,1024,100.0,6,1,0,1.209,0.005,-0.0044,36.1499
5482,1384672,483.83,135,1019,99.5,6,1,0,1.403,0.005,-0.0044,36.1499
5483,1384920,498.89,205,1023,99.9,6,1,0,1.133,0.005,-0.0044,36.1499
5484,1385112,502.61,125,1024,100.0,6,1,0,1.344,0.005,-0.0044,36.1499
5485,1385136,476.67,248,1021,99.7,6,1,0,1.206,0.005,-0.0044,36.1499
5486,1385344,453.81,249,1021,99.7,6,1,0,1.275,0.005,-0.0044,36.1499
5487,1385592,498.26,144,1016,99.2,6,1,0,1.473,0.005,-0.0044,36.1499
5488,1385696,494.71,213,1023,99.9,6,1,0,1.05,0.005,-0.0044,36.1499
5489,1385992,534.03,134,1024,100.0,6,1,0,0.859,0.005,-0.0044,36.1499
5490,1386264,460.54,144,1024,100.0,6,1,0,0.756,0.005,-0.0044,36.1499
5491,1386360,491.83,211,1024,100.0,6,1,0,0.765,0.005,-0.0044,36.1499
5492,1386424,11.62,20,243,23.7,1,0,1,0.098,0.005,-0.0044,36.1499
5493,1386608,472.6,127,1023,99.9,6,1,0,1.374,0.005,-0.0044,36.1499
5494,1386640,447.66,253,1021,99.7,6,1,0,1.505,0.005,-0.0044,36.1499
5495,1387024,515.86,129,1024,100.0,6,1,0,1.193,0.005,-0.0044,36.1499
5496,1387184,501.32,256,1020,99.6,6,1,0,1.528,0.005,-0.0044,36.1499
5497,1387280,450.08,242,1023,99.9,6,1,0,1.521,0.005,-0.0044,36.1499
5498,1387720,492.83,135,1021,99.7,6,1,0,1.164,0.005,-0.0044,36.1499
5499,1388064,516.72,130,1024,100.0,6,1,0,1.012,0.005,-0.0044,36.1499
5500,1388264,457.57,238,1023,99.9,6,1,0,1.234,0.005,-0.0044,36.1499
5501,1388336,457.42,239,1022,99.8,6,1,0,1.164,0.005,-0.0044,36.1499
5502,1388392,461.1,337,1024,100.0,6,1,0,1.351,0.005,-0.0044,36.1499
5503,1388536,463.31,241,1021,99.7,6,1,0,1.456,0.005,-0.0044,36.1499
5504,1388864,469.89,143,1021,99.7,6,1,0,0.798,0.005,-0.0044,36.1499
5505,1389056,485.79,222,1024,100.0,6,1,0,1.302,0.005,-0.0044,36.1499
5506,1389096,505.15,129,1024,100.0,6,1,0,0.754,0.005,-0.0044,36.1499
5507,1389224,440.27,255,1020,99.6,6,1,0,1.093,0.005,-0.0044,36.1499
5508,1389280,469.53,127,1020,99.6,6,1,0,1.339,0.005,-0.0044,36.1499
5509,1389400,522.87,133,1024,100.0,6,1,0,1.277,0.005,-0.0044,36.1499
5510,1390120,501.63,128,1024,100.0,6,1,0,1.476,0.005,-0.0044,36.1499
5511,1390152,489.83,137,1018,99.4,6,1,0,1.487,0.005,-0.0044,36.1499
5512,1390352,446.46,245,1022,99.8,6,1,0,1.627,0.005,-0.0044,36.1499
5513,1390672,480.97,226,1024,100.0,6,1,0,1.224,0.005,-0.0044,36.1499
5514,1390936,501.52,207,1024,100.0,6,1,0,1.09,0.005,-0.0044,36.1499
5515,1391176,459.01,244,1022,99.8,6,1,0,1.408,0.005,-0.0044,36.1499
5516,1391264,520.55,139,1023,99.9,6,1,0,0.751,0.005,-0.0044,36.1499
5517,1391312,457.16,347,1023,99.9,6,1,0,1.524,0.005,-0.0044,36.1499
5518,1391384,475.02,248,1021,99.7,6,1,0,1.451,0.005,-0.0044,36.1499
5519,1392152,486.58,225,1024,100.0,6,1,0,1.263,0.005,-0.0044,36.1499
5520,1392176,479.43,257,1021,99.7,6,1,0,1.451,0.005,-0.0044,36.1499
5521,1392264,498.74,136,1023,99.9,6,1,0,1.066,0.005,-0.0044,36.1499
5522,1392328,512.35,133,1024,100.0,6,1,0,1.004,0.005,-0.0044,36.1499
5523,1392344,492.12,209,1024,100.0,6,1,0,0.967,0.005,-0.0044,36.1499
5524,1392496,460.1,148,1024,100.0,6,1,0,0.846,0.005,-0.0044,36.1499
5525,1392688,483.14,219,1022,99.8,6,1,0,1.039,0.005,-0.0075,46.5454
5526,1393400,487.28,132,1019,99.5,6,1,0,1.759,0.005,-0.0075,46.5454
5527,1393704,458.13,290,1024,100.0,6,1,0,1.347,0.005,-0.0075,46.5454
5528,1393824,523.38,142,1024,100.0,6,1,0,0.64,0.005,-0.0075,46.5454
5529,1393984,485.42,215,1024,100.0,6,1,0,1.001,0.005,-0.0075,46.5454
5530,1394064,494.41,236,1024,100.0,6,1,0,1.114,0.005,-0.0075,46.5454
5531,1394128,456.28,247,1022,99.8,6,1,0,1.412,0.005,-0.0075,46.5454
5532,1394304,462.03,247,1022,99.8,6,1,0,1.266,0.005,-0.0075,46.5454
5533,1394424,459.2,241,1023,99.9,6,1,0,1.273,0.005,-0.0075,46.5454
5534,1394432,514.05,129,1024,100.0,6,1,0,1.349,0.005,-0.0075,46.5454
5535,1394776,525.58,134,1024,100.0,6,1,0,0.796,0.005,-0.0075,46.5454
5536,1395144,484.15,135,1020,99.6,6,1,0,1.18,0.005,-0.0075,46.5454
5537,1395488,513.39,132,1024,100.0,6,1,0,0.93,0.005,-0.0075,46.5454
5538,1395528,474.68,213,1022,99.8,6,1,0,1.298,0.005,-0.0075,46.5454
5539,1395704,478.14,215,1024,100.0,6,1,0,0.932,0.005,-0.0075,46.5454
5540,1395808,520.0,129,1024,100.0,6,1,0,1.11,0.005,-0.0075,46.5454
5541,1396008,461.21,235,1024,100.0,6,1,0,1.613,0.005,-0.0075,46.5454
5542,1396408,425.34,263,1024,100.0,6,1,0,0.939,0.005,-0.0075,46.5454
5543,1396440,458.18,252,1020,99.6,6,1,0,1.485,0.005,-0.0075,46.5454
5544,1397056,458.41,239,1023,99.9,6,1,0,1.667,0.005,-0.0075,46.5454
5545,1397440,441.98,244,1022,99.8,6,1,0,1.263,0.005,-0.0075,46.5454
5546,1397456,440.56,241,1022,99.8,6,1,0,1.246,0.005,-0.0075,46.5454
5547,1397632,448.18,241,1023,99.9,6,1,0,1.471,0.005,-0.0075,46.5454
5548,1397752,450.26,243,1023,99.9,6,1,0,1.523,0.005,-0.0075,46.5454
5549,1397968,434.19,245,1022,99.8,6,1,0,1.397,0.005,-0.0075,46.5454
5550,1398168,506.13,220,1024,100.0,6,1,0,1.164,0.005,-0.0075,46.5454
5551,1398336,460.93,237,1022,99.8,6,1,0,1.402,0.005,-0.0075,46.5454
5552,1399000,498.91,129,1024,100.0,6,1,0,1.272,0.005,-0.0075,46.5454
5553,1399016,456.57,245,1022,99.8,6,1,0,1.74,0.005,-0.0075,46.5454
5554,1399200,507.53,129,1024,100.0,6,1,0,0.925,0.005,-0.0075,46.5454
5555,1399216,452.39,220,1023,99.9,6,1,0,1.263,0.005,-0.0075,46.5454
5556,1399384,492.62,219,1024,100.0,6,1,0,1.322,0.005,-0.0075,46.5454
5557,1399464,441.62,253,1017,99.3,6,1,0,1.301,0.005,-0.0075,46.5454
5558,1399640,432.34,236,1022,99.8,6,1,0,1.29,0.005,-0.0075,46.5454
5559,1400064,484.17,133,1019,99.5,6,1,0,1.557,0.005,-0.0075,46.5454
5560,1400120,478.89,223,1023,99.9,6,1,0,1.26,0.005,-0.0075,46.5454
5561,1400296,518.33,137,1024,100.0,6,1,0,0.98,0.005,-0.0075,46.5454
5562,1400368,299.33,144,895,87.4,5,0,1,0.17,0.005,-0.0075,46.5454
5563,1400896,428.58,235,1021,99.7,6,1,0,1.434,0.005,-0.0033,27.002
5564,1401184,469.07,133,1017,99.3,6,1,0,1.327,0.005,-0.0033,27.002
5565,1401312,416.29,231,1020,99.6,6,1,0,1.354,0.005,-0.0033,27.002
5566,1401320,463.08,242,1022,99.8,6,1,0,1.392,0.005,-0.0033,27.002
5567,1401400,454.7,138,1022,99.8,6,1,0,0.825,0.005,-0.0033,27.002
5568,1401744,476.79,210,1024,100.0,6,1,0,1.13,0.005,-0.0033,27.002
5569,1401992,536.72,137,1024,100.0,6,1,0,0.89,0.005,-0.0033,27.002
5570,1402208,427.18,230,1019,99.5,6,1,0,1.423,0.005,-0.0033,27.002
5571,1402632,466.38,374,1024,100.0,6,1,0,1.291,0.005,-0.0033,27.002
5572,1402912,479.61,216,1022,99.8,6,1,0,0.937,0.005,-0.0033,27.002
5573,1403008,481.02,212,1024,100.0,6,1,0,1.087,0.005,-0.0033,27.002
5574,1403128,481.16,216,1024,100.0,6,1,0,1.44,0.005,-0.0033,27.002
5575,1403224,441.45,238,1022,99.8,6,1,0,1.489,0.005,-0.0033,27.002
5576,1403256,503.77,131,1024,100.0,6,1,0,0.803,0.005,-0.0033,27.002
5577,1403616,432.96,234,1023,99.9,6,1,0,1.373,0.005,-0.0033,27.002
5578,1403904,444.51,239,1023,99.9,6,1,0,1.583,0.005,-0.0033,27.002
5579,1404056,516.91,131,1024,100.0,6,1,0,0.981,0.005,-0.0033,27.002
5580,1404648,482.74,252,1021,99.7,6,1,0,1.265,0.005,-0.0033,27.002
5581,1404664,475.01,131,1018,99.4,6,1,0,1.503,0.005,-0.0033,27.002
5582,1404904,464.92,249,1021,99.7,6,1,0,1.206,0.005,-0.0033,27.002
5583,1405024,476.87,221,1022,99.8,6,1,0,0.973,0.005,-0.0033,27.002
5584,1405696,479.88,224,1024,100.0,6,1,0,1.082,0.005,-0.0033,27.002
5585,1405704,478.37,130,1021,99.7,6,1,0,1.279,0.005,-0.0033,27.002
5586,1405824,477.26,337,1023,99.9,6,1,0,1.223,0.005,-0.0033,27.002
5587,1405880,535.49,154,1023,99.9,6,1,0,1.237,0.005,-0.0033,27.002
5588,1405928,481.82,128,1020,99.6,6,1,0,1.337,0.005,-0.0033,27.002
5589,1406008,467.91,244,1022,99.8,6,1,0,1.256,0.005,-0.0033,27.002
5590,1406872,495.58,124,1024,100.0,6,1,0,1.153,0.005,-0.0033,27.002
5591,1406952,405.01,466,1024,100.0,6,1,0,1.287,0.005,-0.0033,27.002
5592,1407032,464.29,251,1019,99.5,6,1,0,1.653,0.005,-0.0033,27.002
5593,1407136,525.52,151,1024,100.0,6,1,0,0.762,0.005,-0.0033,27.002
5594,1407504,488.42,225,1024,100.0,6,1,0,0.991,0.005,-0.0033,27.002
5595,1407536,427.57,230,1020,99.6,6,1,0,1.402,0.005,-0.0033,27.002
5596,1407656,474.83,229,1024,100.0,6,1,0,1.058,0.005,-0.0033,27.002
5597,1407784,499.94,222,1024,100.0,6,1,0,1.306,0.005,-0.0033,27.002
5598,1408080,478.49,131,1022,99.8,6,1,0,1.312,0.005,-0.0033,27.002
5599,1408560,469.62,128,1021,99.7,6,1,0,1.358,0.005,-0.0033,27.002
5600,1408576,522.46,134,1024,100.0,6,1,0,1.021,0.005,-0.0033,27.002
5601,1408768,424.65,227,1022,99.8,6,1,0,1.508,0.005,-0.0033,27.002
5602,1408824,492.23,211,1024,100.0,6,1,0,1.064,0.005,-0.0033,27.002
5603,1408840,447.21,246,1024,100.0,6,1,0,1.317,0.005,-0.0033,27.002
5604,1409152,521.88,134,1024,100.0,6,1,0,0.931,0.005,-0.0034,29.2421
5605,1409584,456.89,241,1023,99.9,6,1,0,1.3,0.005,-0.0034,29.2421
5606,1409768,471.22,248,1023,99.9,6,1,0,1.535,0.005,-0.0034,29.2421
5607,1409840,493.16,134,1016,99.2,6,1,0,1.507,0.005,-0.0034,29.2421
5608,1410320,509.13,218,1023,99.9,6,1,0,1.313,0.005,-0.0034,29.2421
5609,1410456,444.5,237,1022,99.8,6,1,0,1.144,0.005,-0.0034,29.2421
5610,1410536,489.25,214,1024,100.0,6,1,0,1.238,0.005,-0.0034,29.2421
5611,1410600,485.25,220,1024,100.0,6,1,0,0.872,0.005,-0.0034,29.2421
5612,1410608,472.32,128,1022,99.8,6,1,0,1.265,0.005,-0.0034,29.2421
5613,1410840,469.65,125,1021,99.7,6,1,0,1.458,0.005,-0.0034,29.2421
5614,1411064,445.06,239,1024,100.0,6,1,0,1.322,0.005,-0.0034,29.2421
5615,1411368,493.19,131,1019,99.5,6,1,0,1.609,0.005,-0.0034,29.2421
5616,1411488,475.18,129,1019,99.5,6,1,0,1.222,0.005,-0.0034,29.2421
5617,1411664,513.12,132,1024,100.0,6,1,0,0.87,0.005,-0.0034,29.2421
5618,1411672,486.36,134,1020,99.6,6,1,0,1.413,0.005,-0.0034,29.2421
5619,1411776,468.07,251,1022,99.8,6,1,0,1.372,0.005,-0.0034,29.2421
5620,1411944,495.62,138,1018,99.4,6,1,0,1.49,0.005,-0.0034,29.2421
5621,1412344,472.6,226,1024,100.0,6,1,0,0.87,0.005,-0.0034,29.2421
5622,1412400,513.92,129,1024,100.0,6,1,0,1.062,0.005,-0.0034,29.2421
5623,1412552,481.17,133,1020,99.6,6,1,0,1.305,0.005,-0.0034,29.2421
5624,1412776,500.08,214,1024,100.0,6,1,0,0.876,0.005,-0.0034,29.2421
5625,1412824,516.59,131,1024,100.0,6,1,0,1.098,0.005,-0.0034,29.2421
5626,1413168,539.9,153,1024,100.0,6,1,0,0.901,0.005,-0.0034,29.2421
5627,1413376,483.2,214,1024,100.0,6,1,0,1.244,0.005,-0.0034,29.2421
5628,1413480,536.16,135,1024,100.0,6,1,0,1.182,0.005,-0.0034,29.2421
5629,1413576,453.71,238,1022,99.8,6,1,0,1.162,0.005,-0.0034,29.2421
5630,1414272,482.51,215,1024,100.0,6,1,0,1.108,0.005,-0.0034,29.2421
5631,1414288,446.86,243,1023,99.9,6,1,0,1.47,0.005,-0.0034,29.2421
5632,1414568,497.1,218,1024,100.0,6,1,0,0.972,0.005,-0.0034,29.2421
5633,1414680,448.67,238,1021,99.7,6,1,0,1.364,0.005,-0.0034,29.2421
5634,1414872,483.11,213,1024,100.0,6,1,0,1.157,0.005,-0.0034,29.2421
5635,1415120,500.44,218,1024,100.0,6,1,0,1.207,0.005,-0.0034,29.2421
5636,1415336,522.36,133,1024,100.0,6,1,0,0.976,0.005,-0.0034,29.2421
5637,1415344,469.98,221,1024,100.0,6,1,0,1.23,0.005,-0.0034,29.2421
5638,1415440,466.34,245,1022,99.8,6,1,0,1.282,0.005,-0.0034,29.2421
5639,1415744,530.96,133,1024,100.0,6,1,0,0.659,0.005,-0.0034,29.2421
5640,1415904,516.7,129,1024,100.0,6,1,0,0.883,0.005,-0.0034,29.2421
5641,1416144,519.71,128,1024,100.0,6,1,0,0.925,0.005,-0.0034,29.2421
5642,1416288,446.53,250,1022,99.8,6,1,0,1.213,0.005,-0.0034,29.2421
5643,1416480,441.68,239,1022,99.8,6,1,0,1.258,0.005,-0.0034,29.2421
5644,1417056,498.92,214,1024,100.0,6,1,0,1.073,0.005,-0.0034,29.2421
5645,1417288,465.66,244,1023,99.9,6,1,0,1.409,0.005,-0.0002,17.8662
5646,1417296,454.44,232,1020,99.6,6,1,0,1.369,0.005,-0.0002,17.8662
5647,1417688,445.48,243,1023,99.9,6,1,0,1.315,0.005,-0.0002,17.8662
5648,1418064,490.52,222,1024,100.0,6,1,0,1.312,0.005,-0.0002,17.8662
5649,1418104,451.94,275,1024,100.0,6,1,0,0.852,0.005,-0.0002,17.8662
5650,1418376,436.04,135,1024,100.0,6,1,0,0.732,0.005,-0.0002,17.8662
5651,1418376,451.9,237,1024,100.0,6,1,0,1.57,0.005,-0.0002,17.8662
5652,1418744,519.4,132,1024,100.0,6,1,0,0.732,0.005,-0.0002,17.8662
5653,1418896,449.43,230,1020,99.6,6,1,0,1.549,0.005,-0.0002,17.8662
5654,1419168,525.11,133,1024,100.0,6,1,0,1.093,0.005,-0.0002,17.8662
5655,1419232,431.91,243,1023,99.9,6,1,0,1.305,0.005,-0.0002,17.8662
5656,1419360,429.26,402,1024,100.0,6,1,0,1.276,0.005,-0.0002,17.8662
5657,1419376,466.45,125,1021,99.7,6,1,0,1.23,0.005,-0.0002,17.8662
5658,1419864,548.19,140,1024,100.0,6,1,0,0.78,0.005,-0.0002,17.8662
5659,1419928,510.51,129,1024,100.0,6,1,0,0.702,0.005,-0.0002,17.8662
5660,1420016,465.28,244,1023,99.9,6,1,0,1.43,0.005,-0.0002,17.8662
5661,1420280,429.15,238,1024,100.0,6,1,0,1.454,0.005,-0.0002,17.8662
5662,1420352,530.17,140,1024,100.0,6,1,0,0.853,0.005,-0.0002,17.8662
5663,1420472,520.93,163,1024,100.0,6,1,0,0.766,0.005,-0.0002,17.8662
5664,1420944,489.75,135,1017,99.3,6,1,0,1.648,0.005,-0.0002,17.8662
5665,1420952,476.12,128,1019,99.5,6,1,0,1.339,0.005,-0.0002,17.8662
5666,1421072,522.16,132,1024,100.0,6,1,0,0.97,0.005,-0.0002,17.8662
5667,1421080,482.93,213,1023,99.9,6,1,0,1.115,0.005,-0.0002,17.8662
5668,1421104,474.94,218,1022,99.8,6,1,0,0.927,0.005,-0.0002,17.8662
5669,1421632,542.42,145,1024,100.0,6,1,0,0.611,0.005,-0.0002,17.8662
5670,1422008,487.09,216,1024,100.0,6,1,0,0.928,0.005,-0.0002,17.8662
5671,1422080,480.91,216,1024,100.0,6,1,0,0.809,0.005,-0.0002,17.8662
5672,1422176,472.36,134,1018,99.4,6,1,0,1.291,0.005,-0.0002,17.8662
5673,1422720,476.19,221,1022,99.8,6,1,0,1.257,0.005,-0.0002,17.8662
5674,1422768,483.08,211,1024,100.0,6,1,0,0.712,0.005,-0.0002,17.8662
5675,1422832,450.97,236,1021,99.7,6,1,0,1.193,0.005,-0.0002,17.8662
5676,1423000,453.07,241,1022,99.8,6,1,0,1.546,0.005,-0.0002,17.8662
5677,1423104,469.72,128,1019,99.5,6,1,0,1.377,0.005,-0.0002,17.8662
5678,1423280,490.81,206,1023,99.9,6,1,0,0.895,0.005,-0.0002,17.8662
5679,1423680,485.07,209,1024,100.0,6,1,0,0.671,0.005,-0.0002,17.8662
5680,1423736,507.3,127,1024,100.0,6,1,0,0.804,0.005,-0.0002,17.8662
5681,1423848,495.8,127,1024,100.0,6,1,0,0.985,0.005,-0.0002,17.8662
5682,1423928,495.15,219,1020,99.6,6,1,0,1.303,0.005,-0.0002,17.8662
5683,1424152,516.59,131,1024,100.0,6,1,0,1.116,0.005,-0.0002,17.8662
5684,1424360,465.45,135,1019,99.5,6,1,0,1.295,0.005,-0.0002,17.8662
5685,1424528,480.64,220,1024,100.0,6,1,0,0.81,0.005,-0.0002,17.8662
5686,1424688,471.7,211,1023,99.9,6,1,0,1.112,0.005,-0.0002,17.8662
5687,1424984,471.88,132,1019,99.5,6,1,0,1.437,0.005,-0.0002,17.8662
5688,1425416,492.98,132,1019,99.5,6,1,0,1.432,0.005,-0.0078,20.7957
5689,1425560,441.3,235,1023,99.9,6,1,0,1.369,0.005,-0.0078,20.7957
5690,1425624,436.18,236,1023,99.9,6,1,0,1.266,0.005,-0.0078,20.7957
5691,1425736,464.67,236,1020,99.6,6,1,0,1.29,0.005,-0.0078,20.7957
5692,1426040,475.11,132,1019,99.5,6,1,0,1.485,0.005,-0.0078,20.7957
5693,1426096,447.87,243,1022,99.8,6,1,0,1.27,0.005,-0.0078,20.7957
5694,1426360,439.13,229,1021,99.7,6,1,0,1.496,0.005,-0.0078,20.7957
5695,1426584,447.86,237,1023,99.9,6,1,0,1.195,0.005,-0.0078,20.7957
5696,1426728,492.32,138,1019,99.5,6,1,0,1.235,0.005,-0.0078,20.7957
5697,1426800,526.99,133,1024,100.0,6,1,0,0.967,0.005,-0.0078,20.7957
5698,1427144,548.63,138,1024,100.0,6,1,0,0.675,0.005,-0.0078,20.7957
5699,1427152,489.44,217,1023,99.9,6,1,0,1.171,0.005,-0.0078,20.7957
5700,1427600,461.54,255,1021,99.7,6,1,0,1.089,0.005,-0.0078,20.7957
5701,1427984,432.65,236,1021,99.7,6,1,0,1.273,0.005,-0.0078,20.7957
5702,1428144,483.58,124,1024,100.0,6,1,0,1.236,0.005,-0.0078,20.7957
5703,1428168,465.56,198,1024,100.0,6,1,0,0.839,0.005,-0.0078,20.7957
5704,1428192,485.49,229,1024,100.0,6,1,0,1.207,0.005,-0.0078,20.7957
5705,1428528,495.33,216,1024,100.0,6,1,0,1.023,0.005,-0.0078,20.7957
5706,1428864,479.51,215,1024,100.0,6,1,0,0.832,0.005,-0.0078,20.7957
5707,1429232,495.66,204,1024,100.0,6,1,0,0.819,0.005,-0.0078,20.7957
5708,1429344,447.98,147,1023,99.9,6,1,0,1.059,0.005,-0.0078,20.7957
5709,1429488,436.65,345,1021,99.7,6,1,0,1.257,0.005,-0.0078,20.7957
5710,1429816,466.78,229,1024,100.0,6,1,0,1.164,0.005,-0.0078,20.7957
5711,1429960,437.52,137,1022,99.8,6,1,0,0.671,0.005,-0.0078,20.7957
5712,1430064,436.34,234,1022,99.8,6,1,0,1.278,0.005,-0.0078,20.7957
5713,1430080,463.28,242,1023,99.9,6,1,0,1.36,0.005,-0.0078,20.7957
5714,1430280,470.67,219,1023,99.9,6,1,0,1.132,0.005,-0.0078,20.7957
5715,1430464,498.45,140,1016,99.2,6,1,0,1.367,0.005,-0.0078,20.7957
5716,1430512,475.52,128,1019,99.5,6,1,0,1.395,0.005,-0.0078,20.7957
5717,1431192,460.51,245,1022,99.8,6,1,0,1.325,0.005,-0.0078,20.7957
5718,1431664,440.25,231,1022,99.8,6,1,0,1.444,0.005,-0.0078,20.7957
5719,1431760,486.19,212,1023,99.9,6,1,0,0.936,0.005,-0.0078,20.7957
5720,1431800,510.28,215,1024,100.0,6,1,0,1.025,0.005,-0.0078,20.7957
5721,1431928,456.17,246,1023,99.9,6,1,0,1.43,0.005,-0.0078,20.7957
5722,1432168,435.43,236,1021,99.7,6,1,0,1.067,0.005,-0.0078,20.7957
5723,1432288,470.51,222,1024,100.0,6,1,0,1.216,0.005,-0.0078,20.7957
5724,1432312,443.29,231,1017,99.3,6,1,0,1.444,0.005,-0.0078,20.7957
5725,1432760,498.53,137,1022,99.8,6,1,0,1.054,0.005,-0.0078,20.7957
5726,1432880,497.73,211,1024,100.0,6,1,0,0.895,0.005,-0.0078,20.7957
5727,1433640,457.85,235,1022,99.8,6,1,0,1.155,0.005,-0.005,21.5891
5728,1433736,456.97,242,1022,99.8,6,1,0,1.28,0.005,-0.005,21.5891
5729,1433840,483.65,135,1019,99.5,6,1,0,1.331,0.005,-0.005,21.5891
5730,1433896,464.87,246,1021,99.7,6,1,0,1.027,0.005,-0.005,21.5891
5731,1433944,416.94,222,1016,99.2,6,1,0,1.599,0.005,-0.005,21.5891
5732,1433968,521.64,136,1024,100.0,6,1,0,0.761,0.005,-0.005,21.5891
5733,1434024,494.66,214,1023,99.9,6,1,0,1.05,0.005,-0.005,21.5891
5734,1434176,451.13,236,1022,99.8,6,1,0,1.368,0.005,-0.005,21.5891
5735,1434840,495.64,125,1024,100.0,6,1,0,1.107,0.005,-0.005,21.5891
5736,1434952,489.88,132,1019,99.5,6,1,0,1.399,0.005,-0.005,21.5891
5737,1435488,464.1,219,1023,99.9,6,1,0,1.112,0.005,-0.005,21.5891
5738,1435664,467.55,253,1021,99.7,6,1,0,1.476,0.005,-0.005,21.5891
5739,1435720,492.82,212,1023,99.9,6,1,0,1.026,0.005,-0.005,21.5891
5740,1435752,476.07,223,1022,99.8,6,1,0,1.236,0.005,-0.005,21.5891
5741,1435880,450.0,242,1023,99.9,6,1,0,1.32,0.005,-0.005,21.5891
5742,1435976,495.01,225,1024,100.0,6,1,0,0.907,0.005,-0.005,21.5891
5743,1436560,480.66,215,1024,100.0,6,1,0,1.036,0.005,-0.005,21.5891
5744,1436568,302.71,135,949,92.7,5,0,1,0.233,0.005,-0.005,21.5891
5745,1436672,478.36,126,1022,99.8,6,1,0,1.423,0.005,-0.005,21.5891
5746,1436776,525.81,132,1024,100.0,6,1,0,0.851,0.005,-0.005,21.5891
5747,1436808,474.98,132,1020,99.6,6,1,0,1.297,0.005,-0.005,21.5891
5748,1436872,447.5,240,1022,99.8,6,1,0,1.41,0.005,-0.005,21.5891
5749,1437600,485.33,215,1024,100.0,6,1,0,1.208,0.005,-0.005,21.5891
5750,1437616,487.29,131,1019,99.5,6,1,0,1.355,0.005,-0.005,21.5891
5751,1437808,490.41,129,1017,99.3,6,1,0,1.254,0.005,-0.005,21.5891
5752,1437880,438.76,238,1023,99.9,6,1,0,1.395,0.005,-0.005,21.5891
5753,1438256,490.34,212,1023,99.9,6,1,0,1.019,0.005,-0.005,21.5891
5754,1438592,451.35,240,1024,100.0,6,1,0,1.26,0.005,-0.005,21.5891
5755,1438592,476.57,223,1022,99.8,6,1,0,1.277,0.005,-0.005,21.5891
5756,1438672,478.21,132,1018,99.4,6,1,0,1.069,0.005,-0.005,21.5891
5757,1438696,461.0,228,1019,99.5,6,1,0,1.102,0.005,-0.005,21.5891
5758,1439472,451.49,234,1023,99.9,6,1,0,1.465,0.005,-0.005,21.5891
5759,1439592,482.3,214,1024,100.0,6,1,0,0.986,0.005,-0.005,21.5891
5760,1439616,520.33,128,1024,100.0,6,1,0,1.224,0.005,-0.005,21.5891
5761,1439744,466.12,242,1023,99.9,6,1,0,1.252,0.005,-0.005,21.5891
5762,1440296,472.96,255,1019,99.5,6,1,0,1.377,0.005,-0.005,21.5891
5763,1440304,482.52,201,1023,99.9,6,1,0,0.847,0.005,-0.005,21.5891
5764,1440392,483.34,215,1024,100.0,6,1,0,1.264,0.005,-0.005,21.5891
5765,1440544,448.12,244,1021,99.7,6,1,0,1.481,0.005,-0.005,21.5891
5766,1440680,525.36,133,1024,100.0,6,1,0,0.991,0.005,-0.005,21.5891
5767,1440816,519.05,134,1024,100.0,6,1,0,1.062,0.005,-0.005,21.5891
5768,1441248,472.16,207,1024,100.0,6,1,0,1.213,0.005,-0.005,21.5891
5769,1441408,478.73,127,1021,99.7,6,1,0,1.268,0.005,-0.005,21.5891
5770,1441736,468.64,283,1024,100.0,6,1,0,1.314,0.005,-0.005,21.5891
5771,1442040,488.9,217,1024,100.0,6,1,0,1.156,0.005,-0.0013,21.1697
5772,1442200,469.11,238,1023,99.9,6,1,0,1.427,0.005,-0.0013,21.1697
5773,1442424,487.17,235,1024,100.0,6,1,0,1.136,0.005,-0.0013,21.1697
5774,1442496,437.92,227,1019,99.5,6,1,0,1.19,0.005,-0.0013,21.1697
5775,1442504,527.8,137,1024,100.0,6,1,0,0.755,0.005,-0.0013,21.1697
5776,1443112,471.7,134,1020,99.6,6,1,0,1.201,0.005,-0.0013,21.1697
5777,1443144,470.23,237,1022,99.8,6,1,0,1.105,0.005,-0.0013,21.1697
5778,1443576,450.59,345,1021,99.7,6,1,0,1.384,0.005,-0.0013,21.1697
5779,1443624,457.1,140,1024,100.0,6,1,0,0.653,0.005,-0.0013,21.1697
5780,1443704,469.21,246,1023,99.9,6,1,0,1.198,0.005,-0.0013,21.1697
5781,1444064,455.51,233,1017,99.3,6,1,0,1.259,0.005,-0.0013,21.1697
5782,1444144,452.55,215,1023,99.9,6,1,0,0.776,0.005,-0.0013,21.1697
5783,1444192,495.93,135,1020,99.6,6,1,0,1.297,0.005,-0.0013,21.1697
5784,1444248,494.3,219,1023,99.9,6,1,0,1.238,0.005,-0.0013,21.1697
5785,1444656,512.35,135,1024,100.0,6,1,0,0.913,0.005,-0.0013,21.1697
5786,1444672,531.78,131,1024,100.0,6,1,0,1.416,0.005,-0.0013,21.1697
5787,1444888,479.32,218,1024,100.0,6,1,0,1.139,0.005,-0.0013,21.1697
5788,1445336,533.6,136,1024,100.0,6,1,0,0.806,0.005,-0.0013,21.1697
5789,1445432,488.32,216,1023,99.9,6,1,0,0.817,0.005,-0.0013,21.1697
5790,1445680,489.68,202,1024,100.0,6,1,0,1.046,0.005,-0.0013,21.1697
5791,1445880,497.78,217,1024,100.0,6,1,0,1.289,0.005,-0.0013,21.1697
5792,1445920,491.79,216,1024,100.0,6,1,0,1.088,0.005,-0.0013,21.1697
5793,1446024,454.64,142,1024,100.0,6,1,0,0.915,0.005,-0.0013,21.1697
5794,1446368,492.05,214,1024,100.0,6,1,0,1.104,0.005,-0.0013,21.1697
5795,1446440,551.67,138,1024,100.0,6,1,0,0.753,0.005,-0.0013,21.1697
5796,1446472,487.44,225,1022,99.8,6,1,0,1.233,0.005,-0.0013,21.1697
5797,1446968,480.5,131,1020,99.6,6,1,0,1.092,0.005,-0.0013,21.1697
5798,1447240,427.31,226,1018,99.4,6,1,0,1.17,0.005,-0.0013,21.1697
5799,1447496,504.24,141,1019,99.5,6,1,0,1.22,0.005,-0.0013,21.1697
5800,1447528,518.58,132,1024,100.0,6,1,0,1.324,0.005,-0.0013,21.1697
5801,1447552,504.41,139,1019,99.5,6,1,0,1.229,0.005,-0.0013,21.1697
5802,1447800,462.52,265,1024,100.0,6,1,0,0.757,0.005,-0.0013,21.1697
5803,1447800,454.3,240,1022,99.8,6,1,0,1.278,0.005,-0.0013,21.1697
5804,1448008,471.12,248,1021,99.7,6,1,0,1.229,0.005,-0.0013,21.1697
5805,1448048,489.55,135,1018,99.4,6,1,0,1.305,0.005,-0.0013,21.1697
5806,1448576,525.18,135,1024,100.0,6,1,0,0.822,0.005,-0.0013,21.1697
5807,1449472,475.25,243,1022,99.8,6,1,0,1.419,0.005,-0.0013,21.1697
5808,1449512,477.69,245,1021,99.7,6,1,0,1.367,0.005,-0.0013,21.1697
5809,1449592,478.21,127,1018,99.4,6,1,0,1.313,0.005,-0.0013,21.1697
5810,1449720,486.18,214,1022,99.8,6,1,0,1.024,0.005,-0.0013,21.1697
5811,1449752,489.51,314,1021,99.7,6,1,0,1.334,0.005,-0.0013,21.1697
5812,1449760,466.22,245,1022,99.8,6,1,0,1.57,0.005,-0.0013,21.1697
5813,1449824,461.03,253,1022,99.8,6,1,0,1.345,0.005,-0.0013,21.1697
5814,1450064,454.48,252,1022,99.8,6,1,0,1.427,0.005,-0.0054,24.7466
5815,1450544,495.86,134,1019,99.5,6,1,0,1.431,0.005,-0.0054,24.7466
5816,1450768,475.08,131,1023,99.9,6,1,0,1.23,0.005,-0.0054,24.7466
5817,1450864,481.34,130,1021,99.7,6,1,0,1.434,0.005,-0.0054,24.7466
5818,1451440,447.95,241,1023,99.9,6,1,0,1.36,0.005,-0.0054,24.7466
5819,1451592,454.35,250,1021,99.7,6,1,0,1.22,0.005,-0.0054,24.7466
5820,1451648,457.88,236,1022,99.8,6,1,0,1.263,0.005,-0.0054,24.7466
5821,1451728,465.43,247,1022,99.8,6,1,0,1.258,0.005,-0.0054,24.7466
5822,1451880,443.4,227,1016,99.2,6,1,0,1.17,0.005,-0.0054,24.7466
5823,1452368,425.95,228,1017,99.3,6,1,0,1.253,0.005,-0.0054,24.7466
5824,1452616,491.72,219,1023,99.9,6,1,0,0.941,0.005,-0.0054,24.7466
5825,1452632,478.37,123,1024,100.0,6,1,0,1.011,0.005,-0.0054,24.7466
5826,1452648,493.08,132,1020,99.6,6,1,0,1.393,0.005,-0.0054,24.7466
5827,1452752,471.24,248,1021,99.7,6,1,0,1.435,0.005,-0.0054,24.7466
5828,1452856,552.13,141,1024,100.0,6,1,0,0.787,0.005,-0.0054,24.7466
5829,1452976,489.23,137,1017,99.3,6,1,0,1.441,0.005,-0.0054,24.7466
5830,1453696,533.79,135,1024,100.0,6,1,0,0.874,0.005,-0.0054,24.7466
5831,1453888,484.51,129,1021,99.7,6,1,0,1.324,0.005,-0.0054,24.7466
5832,1454152,503.1,223,1024,100.0,6,1,0,1.116,0.005,-0.0054,24.7466
5833,1454408,480.75,371,1023,99.9,6,1,0,1.314,0.005,-0.0054,24.7466
5834,1454536,501.17,223,1023,99.9,6,1,0,1.282,0.005,-0.0054,24.7466
5835,1454544,472.22,237,1024,100.0,6,1,0,1.631,0.005,-0.0054,24.7466
5836,1454616,452.46,248,1021,99.7,6,1,0,1.423,0.005,-0.0054,24.7466
5837,1454672,474.08,212,1024,100.0,6,1,0,1.066,0.005,-0.0054,24.7466
5838,1455376,492.86,210,1024,100.0,6,1,0,1.17,0.005,-0.0054,24.7466
5839,1455464,484.28,132,1020,99.6,6,1,0,1.393,0.005,-0.0054,24.7466
5840,1455648,514.44,129,1024,100.0,6,1,0,1.298,0.005,-0.0054,24.7466
5841,1455648,495.61,139,1017,99.3,6,1,0,1.267,0.005,-0.0054,24.7466
5842,1455672,526.64,141,1024,100.0,6,1,0,0.943,0.005,-0.0054,24.7466
5843,1455696,419.83,226,1016,99.2,6,1,0,1.154,0.005,-0.0054,24.7466
5844,1455960,439.61,226,1017,99.3,6,1,0,1.172,0.005,-0.0054,24.7466
5845,1456512,506.6,230,1024,100.0,6,1,0,1.104,0.005,-0.0054,24.7466
5846,1456680,472.11,129,1019,99.5,6,1,0,1.454,0.005,-0.0054,24.7466
5847,1456704,474.56,129,1019,99.5,6,1,0,1.216,0.005,-0.0054,24.7466
5848,1456784,501.24,136,1024,100.0,6,1,0,0.942,0.005,-0.0054,24.7466
5849,1457336,451.07,245,1023,99.9,6,1,0,1.432,0.005,-0.0054,24.7466
5850,1457392,457.01,241,1024,100.0,6,1,0,1.555,0.005,-0.0054,24.7466
5851,1457456,501.33,226,1024,100.0,6,1,0,1.165,0.005,-0.0054,24.7466
5852,1457784,472.85,125,1022,99.8,6,1,0,1.461,0.005,-0.0054,24.7466
5853,1457808,439.95,231,1018,99.4,6,1,0,1.34,0.005,-0.0054,24.7466
5854,1458264,479.74,219,1023,99.9,6,1,0,1.309,0.005,-0.0045,22.1829
5855,1458504,472.51,228,1023,99.9,6,1,0,1.016,0.005,-0.0045,22.1829
5856,1458552,443.19,231,1019,99.5,6,1,0,1.06,0.005,-0.0045,22.1829
5857,1458840,516.06,132,1024,100.0,6,1,0,1.219,0.005,-0.0045,22.1829
5858,1458872,516.0,133,1024,100.0,6,1,0,0.819,0.005,-0.0045,22.1829
5859,1459048,492.8,214,1023,99.9,6,1,0,1.131,0.005,-0.0045,22.1829
5860,1459168,492.35,214,1023,99.9,6,1,0,0.807,0.005,-0.0045,22.1829
5861,1459232,478.05,230,1024,100.0,6,1,0,1.308,0.005,-0.0045,22.1829
5862,1459912,478.4,130,1021,99.7,6,1,0,1.284,0.005,-0.0045,22.1829
5863,1459912,490.05,134,1018,99.4,6,1,0,1.272,0.005,-0.0045,22.1829
5864,1460040,483.61,222,1022,99.8,6,1,0,1.137,0.005,-0.0045,22.1829
5865,1460176,467.04,126,1019,99.5,6,1,0,1.443,0.005,-0.0045,22.1829
5866,1460264,486.16,220,1023,99.9,6,1,0,1.247,0.005,-0.0045,22.1829
5867,1460424,469.34,234,1024,100.0,6,1,0,1.151,0.005,-0.0045,22.1829
5868,1460944,465.65,214,1023,99.9,6,1,0,1.231,0.005,-0.0045,22.1829
5869,1460960,469.45,239,1022,99.8,6,1,0,1.334,0.005,-0.0045,22.1829
5870,1460976,489.97,133,1018,99.4,6,1,0,1.542,0.005,-0.0045,22.1829
5871,1460984,489.86,134,1019,99.5,6,1,0,1.627,0.005,-0.0045,22.1829
5872,1461128,530.82,136,1024,100.0,6,1,0,0.829,0.005,-0.0045,22.1829
5873,1461200,478.59,128,1021,99.7,6,1,0,1.371,0.005,-0.0045,22.1829
5874,1462008,469.69,131,1020,99.6,6,1,0,1.397,0.005,-0.0045,22.1829
5875,1462016,484.3,130,1021,99.7,6,1,0,1.54,0.005,-0.0045,22.1829
5876,1462064,489.87,135,1019,99.5,6,1,0,1.407,0.005,-0.0045,22.1829
5877,1462064,498.6,140,1016,99.2,6,1,0,1.295,0.005,-0.0045,22.1829
5878,1462088,504.04,228,1024,100.0,6,1,0,1.228,0.005,-0.0045,22.1829
5879,1462224,500.93,225,1020,99.6,6,1,0,1.248,0.005,-0.0045,22.1829
5880,1462840,469.35,214,1024,100.0,6,1,0,1.026,0.005,-0.0045,22.1829
5881,1463056,478.76,124,1023,99.9,6,1,0,1.479,0.005,-0.0045,22.1829
5882,1463096,484.11,129,1024,100.0,6,1,0,1.213,0.005,-0.0045,22.1829
5883,1463120,470.01,240,1023,99.9,6,1,0,1.208,0.005,-0.0045,22.1829
5884,1463856,462.94,204,1023,99.9,6,1,0,0.975,0.005,-0.0045,22.1829
5885,1463944,459.33,241,1023,99.9,6,1,0,1.244,0.005,-0.0045,22.1829
5886,1463968,463.04,245,1023,99.9,6,1,0,1.355,0.005,-0.0045,22.1829
5887,1464064,442.15,247,1021,99.7,6,1,0,1.399,0.005,-0.0045,22.1829
5888,1464088,508.13,129,1024,100.0,6,1,0,1.181,0.005,-0.0045,22.1829
5889,1464096,7.56,30,222,21.7,1,0,1,0.179,0.005,-0.0045,22.1829
5890,1464536,483.31,212,1023,99.9,6,1,0,0.523,0.005,-0.0045,22.1829
5891,1465024,486.95,135,1017,99.3,6,1,0,1.316,0.005,-0.0045,22.1829
5892,1465072,460.45,244,1021,99.7,6,1,0,1.263,0.005,-0.0045,22.1829
5893,1465080,468.02,248,1021,99.7,6,1,0,1.336,0.005,-0.0045,22.1829
5894,1465296,447.62,154,1024,100.0,6,1,0,0.897,0.005,-0.0045,22.1829
5895,1465544,484.04,126,1021,99.7,6,1,0,1.434,0.005,-0.0045,22.1829
5896,1465840,513.63,218,1024,100.0,6,1,0,1.089,0.005,-0.0045,22.1829
5897,1466128,495.45,131,1024,100.0,6,1,0,1.284,0.005,-0.0045,22.1829
5898,1466192,422.98,263,1024,100.0,6,1,0,0.886,0.005,-0.0045,22.1829
5899,1466560,475.43,127,1022,99.8,6,1,0,1.427,0.005,-0.0071,34.5493
5900,1466712,492.84,211,1023,99.9,6,1,0,1.267,0.005,-0.0071,34.5493
5901,1466840,462.2,221,1023,99.9,6,1,0,1.213,0.005,-0.0071,34.5493
5902,1467208,490.51,405,1024,100.0,6,1,0,1.376,0.005,-0.0071,34.5493
5903,1467232,446.79,242,1021,99.7,6,1,0,1.403,0.005,-0.0071,34.5493
5904,1467528,498.45,211,1024,100.0,6,1,0,0.892,0.005,-0.0071,34.5493
5905,1468008,491.58,227,1023,99.9,6,1,0,1.484,0.005,-0.0071,34.5493
5906,1468056,456.88,241,1022,99.8,6,1,0,1.385,0.005,-0.0071,34.5493
5907,1468264,484.2,129,1019,99.5,6,1,0,1.341,0.005,-0.0071,34.5493
5908,1468304,474.29,218,1024,100.0,6,1,0,1.261,0.005,-0.0071,34.5493
5909,1468608,489.04,221,1023,99.9,6,1,0,1.095,0.005,-0.0071,34.5493
5910,1468616,467.21,238,1023,99.9,6,1,0,1.457,0.005,-0.0071,34.5493
5911,1468968,490.83,220,1023,99.9,6,1,0,1.354,0.005,-0.0071,34.5493
5912,1469488,455.63,245,1021,99.7,6,1,0,1.439,0.005,-0.0071,34.5493
5913,1469816,500.89,226,1024,100.0,6,1,0,1.148,0.005,-0.0071,34.5493
5914,1470032,482.65,221,1022,99.8,6,1,0,1.055,0.005,-0.0071,34.5493
5915,1470056,483.38,250,1022,99.8,6,1,0,1.129,0.005,-0.0071,34.5493
5916,1470080,488.14,222,1023,99.9,6,1,0,1.344,0.005,-0.0071,34.5493
5917,1470328,476.95,215,1024,100.0,6,1,0,0.99,0.005,-0.0071,34.5493
5918,1470352,492.17,217,1022,99.8,6,1,0,1.217,0.005,-0.0071,34.5493
5919,1470928,444.21,245,1022,99.8,6,1,0,1.417,0.005,-0.0071,34.5493
5920,1470936,532.88,140,1024,100.0,6,1,0,0.885,0.005,-0.0071,34.5493
5921,1471080,472.22,128,1018,99.4,6,1,0,1.09,0.005,-0.0071,34.5493
5922,1471128,478.09,131,1019,99.5,6,1,0,1.41,0.005,-0.0071,34.5493
5923,1471248,503.45,220,1024,100.0,6,1,0,1.079,0.005,-0.0071,34.5493
5924,1471320,457.77,121,1023,99.9,6,1,0,1.303,0.005,-0.0071,34.5493
5925,1471832,483.55,225,1024,100.0,6,1,0,1.295,0.005,-0.0071,34.5493
5926,1472040,533.75,138,1024,100.0,6,1,0,1.232,0.005,-0.0071,34.5493
5927,1472152,507.32,128,1024,100.0,6,1,0,1.491,0.005,-0.0071,34.5493
5928,1472264,541.3,148,1024,100.0,6,1,0,1.158,0.005,-0.0071,34.5493
5929,1472304,490.27,132,1018,99.4,6,1,0,1.289,0.005,-0.0071,34.5493
5930,1472304,459.79,247,1023,99.9,6,1,0,1.591,0.005,-0.0071,34.5493
5931,1472736,482.67,226,1024,100.0,6,1,0,1.434,0.005,-0.0071,34.5493
5932,1472872,478.54,130,1018,99.4,6,1,0,1.369,0.005,-0.0071,34.5493
5933,1473232,456.24,239,1022,99.8,6,1,0,1.307,0.005,-0.0071,34.5493
5934,1473320,463.2,127,1021,99.7,6,1,0,1.289,0.005,-0.0071,34.5493
5935,1473768,483.6,216,1023,99.9,6,1,0,1.196,0.005,-0.0071,34.5493
5936,1473928,468.88,132,1023,99.9,6,1,0,1.219,0.005,-0.0071,34.5493
5937,1474072,494.81,221,1024,100.0,6,1,0,0.851,0.005,-0.0071,34.5493
5938,1474168,450.53,238,1022,99.8,6,1,0,1.466,0.005,-0.0071,34.5493
5939,1474248,513.83,127,1024,100.0,6,1,0,1.366,0.005,-0.0071,34.5493
5940,1474352,475.3,129,1021,99.7,6,1,0,1.408,0.005,-0.0071,34.5493
5941,1474416,495.38,210,1024,100.0,6,1,0,1.111,0.005,-0.0071,34.5493
5942,1474896,513.36,343,1024,100.0,6,1,0,1.231,0.005,-0.0008,21.4006
5943,1474952,529.41,148,1024,100.0,6,1,0,0.876,0.005,-0.0008,21.4006
5944,1475112,493.29,130,1021,99.7,6,1,0,1.608,0.005,-0.0008,21.4006
5945,1475872,466.44,243,1022,99.8,6,1,0,1.501,0.005,-0.0008,21.4006
5946,1475920,477.82,209,1023,99.9,6,1,0,1.152,0.005,-0.0008,21.4006
5947,1475968,481.73,127,1022,99.8,6,1,0,1.29,0.005,-0.0008,21.4006
5948,1476112,472.15,212,1024,100.0,6,1,0,1.066,0.005,-0.0008,21.4006
5949,1476128,466.15,245,1022,99.8,6,1,0,1.281,0.005,-0.0008,21.4006
5950,1476168,448.92,227,1020,99.6,6,1,0,1.399,0.005,-0.0008,21.4006
5951,1476856,477.88,245,1021,99.7,6,1,0,1.38,0.005,-0.0008,21.4006
5952,1477112,483.29,250,1021,99.7,6,1,0,1.3,0.005,-0.0008,21.4006
5953,1477120,547.44,144,1024,100.0,6,1,0,0.873,0.005,-0.0008,21.4006
5954,1477128,504.59,127,1024,100.0,6,1,0,1.206,0.005,-0.0008,21.4006
5955,1477136,518.48,158,1024,100.0,6,1,0,1.176,0.005,-0.0008,21.4006
5956,1477872,450.93,244,1022,99.8,6,1,0,1.409,0.005,-0.0008,21.4006
5957,1477872,477.8,218,1023,99.9,6,1,0,1.317,0.005,-0.0008,21.4006
5958,1478000,481.87,229,1024,100.0,6,1,0,1.43,0.005,-0.0008,21.4006
5959,1478144,504.02,127,1024,100.0,6,1,0,1.072,0.005,-0.0008,21.4006
5960,1478152,525.42,127,1024,100.0,6,1,0,1.291,0.005,-0.0008,21.4006
5961,1478616,489.18,220,1023,99.9,6,1,0,1.514,0.005,-0.0008,21.4006
5962,1478880,483.34,221,1023,99.9,6,1,0,0.993,0.005,-0.0008,21.4006
5963,1478912,482.14,224,1023,99.9,6,1,0,1.111,0.005,-0.0008,21.4006
5964,1478920,513.14,131,1024,100.0,6,1,0,0.731,0.005,-0.0008,21.4006
5965,1479184,72.91,34,508,49.6,2,0,1,0.167,0.005,-0.0008,21.4006
5966,1479776,498.88,238,1024,100.0,6,1,0,1.11,0.005,-0.0008,21.4006
5967,1479936,453.58,242,1022,99.8,6,1,0,1.28,0.005,-0.0008,21.4006
5968,1480072,469.65,241,1022,99.8,6,1,0,1.177,0.005,-0.0008,21.4006
5969,1480088,453.58,242,1022,99.8,6,1,0,1.381,0.005,-0.0008,21.4006
5970,1480560,460.26,243,1023,99.9,6,1,0,1.265,0.005,-0.0008,21.4006
5971,1480696,467.93,222,1022,99.8,6,1,0,1.079,0.005,-0.0008,21.4006
5972,1480752,456.71,234,1022,99.8,6,1,0,1.385,0.005,-0.0008,21.4006
5973,1480968,491.41,223,1023,99.9,6,1,0,1.295,0.005,-0.0008,21.4006
5974,1481168,533.92,135,1024,100.0,6,1,0,0.928,0.005,-0.0008,21.4006
5975,1481600,475.22,130,1018,99.4,6,1,0,1.261,0.005,-0.0008,21.4006
5976,1481712,462.85,242,1022,99.8,6,1,0,1.26,0.005,-0.0008,21.4006
5977,1481816,426.72,235,1024,100.0,6,1,0,1.159,0.005,-0.0008,21.4006
5978,1481872,416.37,225,1016,99.2,6,1,0,1.278,0.005,-0.0008,21.4006
5979,1482608,491.56,232,1024,100.0,6,1,0,1.402,0.005,-0.0008,21.4006
5980,1482656,474.8,245,1022,99.8,6,1,0,1.518,0.005,-0.0008,21.4006
5981,1482880,510.49,126,1024,100.0,6,1,0,1.105,0.005,-0.0037,39.3764
5982,1482952,504.31,223,1024,100.0,6,1,0,1.239,0.005,-0.0037,39.3764
5983,1483608,476.75,251,1021,99.7,6,1,0,1.385,0.005,-0.0037,39.3764
5984,1483656,447.38,243,1023,99.9,6,1,0,1.505,0.005,-0.0037,39.3764
5985,1483728,498.91,239,1024,100.0,6,1,0,1.303,0.005,-0.0037,39.3764
5986,1484016,489.87,133,1023,99.9,6,1,0,1.075,0.005,-0.0037,39.3764
5987,1484096,457.51,391,1024,100.0,6,1,0,1.212,0.005,-0.0037,39.3764
5988,1484368,480.52,220,1022,99.8,6,1,0,1.239,0.005,-0.0037,39.3764
5989,1484576,466.24,240,1022,99.8,6,1,0,1.414,0.005,-0.0037,39.3764
5990,1484704,479.57,228,1024,100.0,6,1,0,1.54,0.005,-0.0037,39.3764
5991,1485384,466.34,127,1021,99.7,6,1,0,1.283,0.005,-0.0037,39.3764
5992,1485472,487.86,227,1024,100.0,6,1,0,1.337,0.005,-0.0037,39.3764
5993,1485584,462.52,247,1022,99.8,6,1,0,1.622,0.005,-0.0037,39.3764
5994,1485640,478.47,133,1019,99.5,6,1,0,1.383,0.005,-0.0037,39.3764
5995,1485760,466.81,254,1020,99.6,6,1,0,1.29,0.005,-0.0037,39.3764
5996,1485760,480.98,132,1019,99.5,6,1,0,1.323,0.005,-0.0037,39.3764
5997,1485832,499.06,227,1024,100.0,6,1,0,1.324,0.005,-0.0037,39.3764
5998,1485928,500.38,229,1024,100.0,6,1,0,1.256,0.005,-0.0037,39.3764
5999,1486648,466.43,147,1024,100.0,6,1,0,0.913,0.005,-0.0037,39.3764
6000,1486952,513.91,128,1024,100.0,6,1,0,1.191,0.005,-0.0037,39.3764
6001,1487184,437.6,225,1018,99.4,6,1,0,1.47,0.005,-0.0037,39.3764
6002,1487232,470.62,206,1023,99.9,6,1,0,0.775,0.005,-0.0037,39.3764
6003,1487576,440.29,227,1016,99.2,6,1,0,1.41,0.005,-0.0037,39.3764
6004,1487600,462.1,245,1022,99.8,6,1,0,1.179,0.005,-0.0037,39.3764
6005,1487608,471.02,222,1021,99.7,6,1,0,1.327,0.005,-0.0037,39.3764
6006,1487768,448.97,251,1021,99.7,6,1,0,1.408,0.005,-0.0037,39.3764
6007,1487992,481.49,130,1018,99.4,6,1,0,1.42,0.005,-0.0037,39.3764
6008,1488560,454.68,123,1021,99.7,6,1,0,1.386,0.005,-0.0037,39.3764
6009,1488608,466.98,125,1022,99.8,6,1,0,1.425,0.005,-0.0037,39.3764
6010,1488648,465.17,250,1020,99.6,6,1,0,1.172,0.005,-0.0037,39.3764
6011,1488672,495.95,134,1019,99.5,6,1,0,1.477,0.005,-0.0037,39.3764
6012,1488800,471.8,129,1022,99.8,6,1,0,1.505,0.005,-0.0037,39.3764
6013,1489048,497.78,227,1024,100.0,6,1,0,1.255,0.005,-0.0037,39.3764
6014,1489128,457.31,243,1022,99.8,6,1,0,1.358,0.005,-0.0037,39.3764
6015,1489696,534.37,131,1024,100.0,6,1,0,0.912,0.005,-0.0037,39.3764
6016,1489912,460.16,240,1021,99.7,6,1,0,1.343,0.005,-0.0037,39.3764
6017,1490256,474.48,212,1024,100.0,6,1,0,1.167,0.005,-0.0037,39.3764
6018,1490304,498.54,212,1024,100.0,6,1,0,1.064,0.005,-0.0037,39.3764
6019,1490640,453.5,246,1022,99.8,6,1,0,1.518,0.005,-0.0037,39.3764
6020,1490768,483.51,215,1023,99.9,6,1,0,1.275,0.005,-0.0037,39.3764
6021,1491064,451.9,283,1024,100.0,6,1,0,1.498,0.005,-0.0063,18.1089
6022,1491088,444.79,245,1022,99.8,6,1,0,1.325,0.005,-0.0063,18.1089
6023,1491560,487.51,233,1024,100.0,6,1,0,1.415,0.005,-0.0063,18.1089
6024,1491672,500.82,220,1024,100.0,6,1,0,1.188,0.005,-0.0063,18.1089
6025,1491720,527.75,135,1024,100.0,6,1,0,1.171,0.005,-0.0063,18.1089
6026,1491928,553.3,145,1024,100.0,6,1,0,0.834,0.005,-0.0063,18.1089
6027,1492016,488.43,220,1022,99.8,6,1,0,1.245,0.005,-0.0063,18.1089
6028,1492224,457.19,240,1024,100.0,6,1,0,1.48,0.005,-0.0063,18.1089
6029,1492720,481.5,131,1020,99.6,6,1,0,1.365,0.005,-0.0063,18.1089
6030,1492872,486.52,226,1020,99.6,6,1,0,1.306,0.005,-0.0063,18.1089
6031,1493032,479.58,243,1024,100.0,6,1,0,1.231,0.005,-0.0063,18.1089
6032,1493376,488.64,227,1024,100.0,6,1,0,1.328,0.005,-0.0063,18.1089
6033,1493544,481.36,228,1021,99.7,6,1,0,1.211,0.005,-0.0063,18.1089
6034,1493768,480.25,230,1022,99.8,6,1,0,1.393,0.005,-0.0063,18.1089
6035,1493896,451.78,235,1023,99.9,6,1,0,1.341,0.005,-0.0063,18.1089
6036,1494168,488.9,243,1024,100.0,6,1,0,1.341,0.005,-0.0063,18.1089
6037,1494592,538.21,152,1024,100.0,6,1,0,0.849,0.005,-0.0063,18.1089
6038,1494672,455.98,244,1022,99.8,6,1,0,1.323,0.005,-0.0063,18.1089
6039,1494776,480.58,238,1024,100.0,6,1,0,1.202,0.005,-0.0063,18.1089
6040,1494872,474.46,230,1021,99.7,6,1,0,1.484,0.005,-0.0063,18.1089
6041,1495448,445.54,238,1023,99.9,6,1,0,1.463,0.005,-0.0063,18.1089
6042,1495536,473.86,221,1024,100.0,6,1,0,0.919,0.005,-0.0063,18.1089
6043,1495816,545.29,143,1024,100.0,6,1,0,1.137,0.005,-0.0063,18.1089
6044,1495856,501.61,135,1017,99.3,6,1,0,1.215,0.005,-0.0063,18.1089
6045,1495888,501.56,127,1024,100.0,6,1,0,1.311,0.005,-0.0063,18.1089
6046,1495936,462.84,255,1020,99.6,6,1,0,1.472,0.005,-0.0063,18.1089
6047,1495952,479.46,223,1022,99.8,6,1,0,1.288,0.005,-0.0063,18.1089
6048,1496472,450.93,235,1020,99.6,6,1,0,1.387,0.005,-0.0063,18.1089
6049,1496904,472.76,131,1019,99.5,6,1,0,1.505,0.005,-0.0063,18.1089
6050,1496904,492.77,136,1019,99.5,6,1,0,1.449,0.005,-0.0063,18.1089
6051,1496976,490.03,136,1019,99.5,6,1,0,1.342,0.005,-0.0063,18.1089
6052,1497464,451.28,241,1021,99.7,6,1,0,1.535,0.005,-0.0063,18.1089
6053,1497480,502.33,126,1024,100.0,6,1,0,0.917,0.005,-0.0063,18.1089
6054,1497624,483.0,211,1024,100.0,6,1,0,1.497,0.005,-0.0063,18.1089
6055,1497912,472.72,126,1021,99.7,6,1,0,1.418,0.005,-0.0063,18.1089
6056,1497912,462.86,308,1021,99.7,6,1,0,1.466,0.005,-0.0063,18.1089
6057,1497928,468.07,247,1021,99.7,6,1,0,1.438,0.005,-0.0063,18.1089
6058,1498072,12.3,18,240,23.4,1,0,1,0.189,0.005,-0.0063,18.1089
6059,1498088,529.34,139,1024,100.0,6,1,0,1.156,0.005,-0.0063,18.1089
6060,1498608,466.38,123,1022,99.8,6,1,0,1.599,0.005,-0.0063,18.1089
6061,1498688,462.38,151,1024,100.0,6,1,0,1.233,0.005,-0.0063,18.1089
6062,1498832,456.45,241,1022,99.8,6,1,0,1.247,0.005,-0.0063,18.1089
6063,1498960,522.78,131,1024,100.0,6,1,0,0.784,0.005,-0.0063,18.1089
6064,1499112,472.29,130,1020,99.6,6,1,0,1.216,0.005,-0.0063,18.1089
6065,1499120,507.16,129,1024,100.0,6,1,0,0.856,0.005,-0.0063,18.1089
6066,1499224,500.71,220,1024,100.0,6,1,0,1.232,0.005,-0.0036,46.0149
6067,1499632,484.45,128,1021,99.7,6,1,0,1.674,0.005,-0.0036,46.0149
6068,1499848,470.94,242,1021,99.7,6,1,0,1.696,0.005,-0.0036,46.0149
6069,1500040,539.21,135,1024,100.0,6,1,0,1.044,0.005,-0.0036,46.0149
6070,1500136,520.18,128,1024,100.0,6,1,0,1.312,0.005,-0.0036,46.0149
6071,1500288,487.03,133,1020,99.6,6,1,0,1.511,0.005,-0.0036,46.0149
6072,1500592,501.5,238,1024,100.0,6,1,0,1.276,0.005,-0.0036,46.0149
6073,1500712,473.43,235,1021,99.7,6,1,0,1.207,0.005,-0.0036,46.0149
6074,1500928,495.09,226,1024,100.0,6,1,0,1.049,0.005,-0.0036,46.0149
6075,1501576,469.98,243,1023,99.9,6,1,0,1.313,0.005,-0.0036,46.0149
6076,1501600,502.56,219,1023,99.9,6,1,0,1.17,0.005,-0.0036,46.0149
6077,1501824,491.86,223,1022,99.8,6,1,0,1.197,0.005,-0.0036,46.0149
6078,1501968,507.36,130,1024,100.0,6,1,0,1.233,0.005,-0.0036,46.0149
6079,1502224,446.76,261,1024,100.0,6,1,0,1.199,0.005,-0.0036,46.0149
6080,1502280,489.52,211,1024,100.0,6,1,0,0.751,0.005,-0.0036,46.0149
6081,1502376,515.4,261,1024,100.0,6,1,0,0.706,0.005,-0.0036,46.0149
6082,1502568,493.82,232,1024,100.0,6,1,0,1.216,0.005,-0.0036,46.0149
6083,1502632,504.91,129,1024,100.0,6,1,0,1.425,0.005,-0.0036,46.0149
6084,1503536,477.3,245,1022,99.8,6,1,0,1.248,0.005,-0.0036,46.0149
6085,1503640,486.66,134,1018,99.4,6,1,0,1.449,0.005,-0.0036,46.0149
6086,1503680,376.88,131,996,97.3,5,0,1,0.171,0.005,-0.0036,46.0149
6087,1503696,464.47,234,1020,99.6,6,1,0,1.149,0.005,-0.0036,46.0149
6088,1503728,474.0,220,1023,99.9,6,1,0,1.407,0.005,-0.0036,46.0149
6089,1503960,479.22,217,1020,99.6,6,1,0,1.237,0.005,-0.0036,46.0149
6090,1504256,501.65,235,1024,100.0,6,1,0,1.34,0.005,-0.0036,46.0149
6091,1504264,474.78,248,1022,99.8,6,1,0,1.61,0.005,-0.0036,46.0149
6092,1504624,530.54,136,1024,100.0,6,1,0,1.287,0.005,-0.0036,46.0149
6093,1504760,529.14,129,1024,100.0,6,1,0,1.033,0.005,-0.0036,46.0149
6094,1504856,536.21,147,1024,100.0,6,1,0,1.065,0.005,-0.0036,46.0149
6095,1505320,492.77,132,1019,99.5,6,1,0,1.312,0.005,-0.0036,46.0149
6096,1505616,454.13,240,1023,99.9,6,1,0,1.224,0.005,-0.0036,46.0149
6097,1505864,459.56,238,1023,99.9,6,1,0,1.2,0.005,-0.0036,46.0149
6098,1505872,463.96,279,1023,99.9,6,1,0,0.96,0.005,-0.0036,46.0149
6099,1506064,486.2,226,1024,100.0,6,1,0,1.091,0.005,-0.0036,46.0149
6100,1506528,482.88,221,1023,99.9,6,1,0,1.338,0.005,-0.0036,46.0149
6101,1506568,459.7,243,1022,99.8,6,1,0,1.27,0.005,-0.0036,46.0149
6102,1506792,466.33,242,1023,99.9,6,1,0,1.257,0.005,-0.0036,46.0149
6103,1506880,472.64,126,1020,99.6,6,1,0,1.341,0.005,-0.0036,46.0149
6104,1506888,504.19,128,1024,100.0,6,1,0,1.273,0.005,-0.0036,46.0149
6105,1507192,458.3,234,1022,99.8,6,1,0,1.349,0.005,-0.0036,46.0149
