episode,timestep,episode_reward,episode_length,visited_rooms,explored_pct
1,92,-3.455,92,1,38.09
2,124,-15.5788,32,1,39.65
3,158,-9.2704,34,1,35.55
4,188,-14.201,30,1,17.68
5,334,36.6599,146,1,21.97
6,528,101.9482,194,1,50.68
7,590,57.8767,62,1,41.6
8,662,-9.7134,72,1,37.11
9,732,-11.8857,70,1,40.53
10,814,47.0725,82,1,37.99
11,913,75.1823,99,1,46.68
12,1003,-10.0125,90,1,37.99
13,1119,-30.3301,116,1,38.96
14,1262,4.5573,143,1,27.73
15,1606,163.0407,344,3,54.49
16,2107,79.6886,501,2,52.34
17,2325,243.1109,218,1,63.38
18,2408,-35.9929,83,1,27.15
19,2485,-40.7057,77,1,25.2
20,2549,21.8915,64,1,38.09
21,2591,-16.2036,42,1,17.68
22,2644,-32.8504,53,1,26.46
23,2744,4.0993,100,1,20.51
24,2992,202.6268,248,1,61.62
25,3074,34.8063,82,2,45.7
26,3153,9.8543,79,1,44.14
27,3201,-4.1102,48,1,42.09
28,3274,-8.3825,73,1,40.72
29,3316,-20.76,42,1,39.16
30,3550,7.1474,234,1,28.71
31,4035,318.2139,485,2,73.93
32,4156,3.6496,121,1,41.6
33,4245,-19.2299,89,1,40.72
34,4318,-6.3507,73,1,33.69
35,4407,84.5729,89,1,26.76
36,4587,197.7946,180,1,65.04
37,4651,11.1471,64,1,41.02
38,4781,22.6481,130,1,38.28
39,5051,206.8938,270,2,50.59
40,5243,65.726,192,2,51.07
41,5376,-27.3378,133,1,28.22
42,5412,21.7468,36,1,45.21
43,5497,-8.6545,85,1,35.94
44,5678,141.993,181,2,52.15
45,5704,-1.0295,26,1,19.63
46,5774,-13.1957,70,1,38.57
47,5847,-34.7434,73,1,25.59
48,6014,-0.8004,167,1,21.48
49,6113,0.5019,99,1,40.72
50,6317,240.2319,204,2,65.43
51,6438,49.4955,121,1,46.39
52,6514,-13.1265,76,1,18.55
53,6555,-23.3821,41,1,16.11
54,6596,-0.52,41,1,18.16
55,6665,17.5893,69,1,40.33
56,6741,44.0082,76,1,31.93
57,6811,-0.3866,70,1,20.31
58,6888,-7.0254,77,1,35.45
59,7036,58.0409,148,1,50.59
60,7098,-11.0767,62,1,40.92
61,7159,52.4095,61,1,48.14
62,7541,343.7716,382,2,56.84
63,7630,42.2621,89,1,23.05
64,7681,-9.979,51,1,32.81
65,7729,-4.2699,48,1,35.64
66,7907,74.3951,178,1,44.43
67,7973,54.5332,66,1,39.94
68,8062,9.4764,89,1,42.77
69,8219,-23.4751,157,1,26.76
70,8303,126.3868,84,1,53.52
71,8903,436.3326,600,3,75.29
72,9149,290.3473,246,2,54.79
73,9195,26.7002,46,1,42.09
74,9335,-37.1641,140,1,26.66
75,9464,-8.6219,129,1,27.54
76,9516,36.9797,52,1,43.85
77,9556,-2.992,40,1,19.43
78,9718,2.9897,162,1,28.71
79,9813,9.5124,95,1,40.23
80,9891,26.1885,78,1,41.7
81,9917,-4.2512,26,1,19.53
82,10011,100.1038,94,1,49.32
83,10051,-24.1848,40,1,19.43
84,10128,-2.263,77,1,39.75
85,10160,-9.165,32,1,36.23
86,10235,-14.9518,75,1,41.99
87,10269,28.329,34,1,45.51
88,10326,-30.9554,57,1,39.94
89,10385,22.3117,59,1,42.38
90,10514,139.8735,129,2,50.59
91,10577,67.2467,63,1,45.41
92,10646,28.8065,69,1,43.65
93,10681,14.8147,35,1,39.84
94,10782,22.9792,101,1,43.95
95,10848,81.4047,66,1,49.12
96,10903,-1.3615,55,1,39.45
97,10955,-7.3008,52,1,19.92
98,11005,-23.2491,50,1,25.68
99,11112,-15.4947,107,1,18.75
100,11162,-39.1072,50,1,26.37
101,11356,152.966,194,2,50.49
102,11401,-3.2111,45,1,19.24
103,11595,192.2318,194,1,59.77
104,11716,28.4505,121,1,46.19
105,11789,-34.3686,73,1,26.37
106,11892,83.6107,103,1,46.97
107,12093,144.0715,201,2,50.88
108,12226,192.194,133,2,61.04
109,12235,-17.6824,9,1,16.89
110,12531,184.6577,296,1,59.77
111,12765,178.3643,234,1,46.68
112,12845,134.2953,80,1,56.74
113,12883,-3.3273,38,1,19.04
114,12915,7.0032,32,1,20.8
115,12948,-17.8387,33,1,33.98
116,12987,35.6448,39,1,23.05
117,13031,25.8129,44,1,37.21
118,13067,-24.5374,36,1,34.67
119,13240,157.3052,173,1,42.87
120,13295,56.5699,55,2,46.88
121,13416,-6.7789,121,1,27.05
122,13498,-14.6371,82,1,37.7
123,13524,4.9979,26,1,20.9
124,13602,22.393,78,1,21.19
125,13810,154.6542,208,1,53.42
126,13843,33.9766,33,1,49.02
127,13939,-9.3592,96,1,26.66
128,13999,42.6012,60,1,42.09
129,14056,54.7432,57,1,45.8
130,14141,-3.2011,85,1,19.82
131,14237,-0.9738,96,1,35.84
132,14312,-43.6742,75,1,26.56
133,14335,-9.8067,23,1,32.13
134,14597,281.4685,262,2,62.4
135,14651,-7.7695,54,1,39.36
136,15251,329.5414,600,2,76.17
137,15332,4.6224,81,1,38.67
138,15592,228.2789,260,2,63.67
139,16192,419.2184,600,3,83.98
140,16265,-7.3795,73,1,18.85
141,16323,27.2174,58,1,39.94
142,16380,-22.5157,57,1,18.26
143,16451,17.2268,71,1,19.04
144,16511,6.6946,60,1,36.04
145,16565,-4.979,54,1,17.77
146,16657,-17.2885,92,1,37.89
147,16693,-20.5849,36,1,32.91
148,16769,-22.146,76,1,26.37
149,16919,-6.5975,150,1,42.48
150,17311,395.6866,392,3,56.15
151,17482,77.5037,171,1,50.39
152,18082,354.9397,600,2,66.11
153,18184,153.0363,102,1,50.0
154,18271,30.63,87,1,36.52
155,18337,20.806,66,1,21.97
156,18645,373.9153,308,3,76.86
157,19179,461.1837,534,4,86.23
158,19413,228.3363,234,2,56.45
159,19536,-15.9321,123,1,39.45
160,19792,283.4479,256,2,69.43
161,19942,33.7368,150,1,21.09
162,20004,40.5723,62,1,21.68
163,20092,-9.4781,88,1,34.77
164,20112,-2.9436,20,1,16.89
165,20299,87.8135,187,2,46.97
166,20899,459.8692,600,4,90.43
167,21032,188.511,133,1,62.79
168,21117,-5.2131,85,1,19.04
169,21717,429.0748,600,3,82.91
170,22252,285.8598,535,3,71.48
171,22437,99.6671,185,1,47.46
172,22532,153.7976,95,1,51.17
173,22844,246.7332,312,2,50.49
174,22882,39.8239,38,1,49.41
175,23482,593.2596,600,4,82.52
176,23525,-24.5441,43,1,34.57
177,23862,457.4485,337,3,78.91
178,24102,309.4567,240,2,55.76
179,24702,730.5961,600,4,82.52
180,25302,324.475,600,2,53.81
181,25829,508.4314,527,4,83.01
182,25906,-10.7884,77,1,38.48
183,26506,397.0065,600,3,78.32
184,26520,-15.4493,14,1,19.92
185,26914,340.6782,394,2,79.0
186,27514,410.975,600,3,83.01
187,27543,0.7921,29,1,19.43
188,28143,787.2718,600,5,90.43
189,28743,528.267,600,4,85.35
190,29343,411.7917,600,3,78.81
191,29362,-6.3856,19,1,39.55
192,29959,473.3303,597,4,88.67
193,30095,161.2441,136,1,48.63
194,30255,63.8793,160,1,33.59
195,30382,158.5063,127,1,56.93
196,30483,-29.7468,101,1,41.21
197,31083,351.3,600,3,72.46
198,31173,145.0319,90,1,63.77
199,31773,550.1,600,4,89.75
200,31879,29.4554,106,1,20.7
201,31933,54.5977,54,1,25.88
202,32032,52.7453,99,1,23.63
203,32058,-3.7945,26,1,18.36
204,32078,-13.3619,20,1,42.68
205,32678,657.2489,600,5,86.91
206,32736,51.8846,58,1,24.02
207,32799,54.7356,63,1,22.75
208,33264,450.092,465,3,80.08
209,33304,58.0383,40,1,49.32
210,33484,196.292,180,2,55.66
211,34084,415.0,600,4,90.33
212,34380,413.7075,296,3,84.47
213,34455,11.8898,75,1,20.51
214,35045,406.2331,590,4,83.89
215,35645,458.7873,600,4,80.96
216,36245,386.6,600,3,72.95
217,36845,294.379,600,3,74.71
218,36871,-3.917,26,1,17.38
219,37102,189.5951,231,2,33.5
220,37170,55.4863,68,1,23.83
221,37307,116.6168,137,1,35.84
222,37907,545.2122,600,5,88.87
223,38079,296.9644,172,2,56.05
224,38141,108.1644,62,2,52.15
225,38741,303.9544,600,2,74.61
226,39341,599.4902,600,4,86.13
227,39421,139.4994,80,2,49.61
228,39804,412.3355,383,3,78.71
229,39851,17.5991,47,1,40.72
230,40371,305.8792,520,3,79.1
231,40971,368.9088,600,4,81.54
232,41128,142.6839,157,2,48.73
233,41728,339.428,600,3,80.66
234,41759,37.8116,31,1,50.2
235,41836,115.4201,77,1,51.37
236,41856,-3.6826,20,1,42.29
237,41877,-22.1775,21,1,34.86
238,41993,170.4468,116,1,43.95
239,42234,397.7203,241,3,77.73
240,42292,34.9589,58,1,23.54
241,42318,1.8918,26,1,20.51
242,42606,383.2458,288,2,62.4
243,42638,12.8221,32,1,20.7
244,42678,35.0327,40,1,24.61
245,42819,89.251,141,1,37.99
246,42935,85.6428,116,1,47.27
247,43000,78.6501,65,1,48.54
248,43073,69.7742,73,1,23.34
249,43103,28.7486,30,1,46.39
250,43248,106.4956,145,2,46.48
251,43533,319.5106,285,4,82.03
252,43724,134.13,191,1,57.03
253,43762,27.7741,38,1,44.43
254,43891,98.0722,129,2,49.12
255,44036,130.5463,145,2,51.66
256,44112,-23.1531,76,1,19.82
257,44246,133.0453,134,1,45.8
258,44292,5.0533,46,1,34.86
259,44348,9.5477,56,1,38.18
260,44426,54.0231,78,1,25.0
261,44549,170.3509,123,2,55.76
262,44728,153.7582,179,2,53.42
263,44823,18.9707,95,1,37.4
264,44852,-5.4446,29,1,20.02
265,44934,74.2414,82,1,33.11
266,45000,-18.5955,66,1,41.89
267,45129,239.816,129,2,64.84
268,45199,52.8212,70,1,43.26
269,45242,5.9829,43,1,38.77
270,45285,66.0587,43,1,49.02
271,45586,392.0377,301,3,75.78
272,45652,33.5885,66,1,21.29
273,45685,37.8288,33,1,47.75
274,45722,24.5136,37,1,48.14
275,45804,22.0163,82,1,27.54
276,45910,101.496,106,1,50.68
277,45946,43.0496,36,1,48.93
278,46040,-7.4578,94,1,26.95
279,46163,177.5017,123,1,55.18
280,46343,221.697,180,3,62.6
281,46443,16.4882,100,1,43.85
282,46477,19.4407,34,1,43.26
283,46488,-8.564,11,1,42.97
284,46548,-13.0901,60,1,27.64
285,46692,47.6364,144,1,44.63
286,46718,-16.1523,26,1,16.31
287,46783,14.2738,65,1,39.75
288,46857,48.9871,74,1,23.63
289,46897,36.1999,40,1,44.82
290,46957,27.9746,60,1,20.41
291,47115,51.9371,158,1,46.19
292,47166,-15.9278,51,1,37.01
293,47471,304.4703,305,4,80.47
294,47536,45.4395,65,1,42.77
295,47581,18.0755,45,1,45.21
296,47624,15.2567,43,1,29.2
297,47709,20.2209,85,1,27.64
298,47823,41.1667,114,1,43.55
299,47917,-23.142,94,1,19.43
300,47961,53.6558,44,1,23.63
301,48016,-0.8926,55,1,27.15
302,48104,89.1819,88,1,34.38
303,48291,32.2576,187,1,28.81
304,48317,-6.0135,26,1,43.85
305,48402,41.851,85,1,45.9
306,48428,10.9256,26,1,41.02
307,48510,98.2725,82,1,50.1
308,48558,29.5606,48,1,36.72
309,48611,30.6096,53,1,43.55
310,48695,101.2261,84,1,52.15
311,48764,33.5198,69,1,44.24
312,48868,109.6001,104,1,48.63
313,48928,-29.3338,60,1,25.2
314,48992,3.6753,64,1,34.86
315,49031,-14.5312,39,1,36.72
316,49081,70.7055,50,1,48.73
317,49177,84.9032,96,1,53.03
318,49215,29.9977,38,1,40.43
319,49277,49.2495,62,1,45.21
320,49313,29.3584,36,1,22.17
321,49368,46.9083,55,1,30.18
322,49425,85.8166,57,1,51.66
323,49518,45.5974,93,1,29.3
324,49531,-9.2547,13,1,19.34
325,49584,-20.7205,53,1,25.39
326,49616,0.5926,32,1,19.73
327,49647,-3.726,31,1,33.59
328,49688,53.7637,41,1,51.76
329,49787,50.6727,99,1,43.55
330,49847,45.9908,60,1,44.92
331,50078,393.3076,231,4,82.23
332,50116,45.1795,38,1,24.22
333,50193,74.0659,77,1,46.09
334,50297,109.3046,104,1,55.96
335,50364,27.7639,67,1,37.01
336,50652,243.9045,288,4,82.71
337,50959,451.9262,307,4,89.55
338,51028,48.7246,69,1,44.82
339,51168,76.8388,140,1,45.9
340,51228,-24.2917,60,1,18.26
341,51378,87.5879,150,2,48.05
342,51452,-30.1774,74,1,26.86
343,51500,19.4914,48,1,40.14
344,51565,67.0948,65,1,44.63
345,51593,28.9982,28,1,49.12
346,51619,0.938,26,1,19.63
347,51672,41.4683,53,1,39.84
348,51743,128.291,71,1,52.54
349,51815,72.2116,72,1,46.09
350,51897,123.4633,82,1,31.54
351,52009,30.0348,112,1,29.2
352,52092,-16.9929,83,1,26.37
353,52142,11.3769,50,1,28.42
354,52256,116.5977,114,2,55.66
355,52279,-19.4324,23,1,36.82
356,52334,19.6543,55,1,28.03
357,52386,23.2259,52,1,45.21
358,52409,-3.659,23,1,18.55
359,52470,14.1999,61,1,33.2
360,52521,7.7128,51,1,39.65
361,52548,-22.4772,27,1,36.72
362,52571,-9.7061,23,1,19.53
363,52657,73.5858,86,1,48.93
364,52711,1.022,54,1,27.34
365,52747,-8.2229,36,1,18.36
366,52766,-9.7134,19,1,18.36
367,52873,71.1194,107,2,49.41
368,52905,15.0786,32,1,20.8
369,53008,74.8336,103,1,48.44
370,53059,-20.1853,51,1,17.87
371,53182,177.5093,123,2,46.09
372,53223,42.1639,41,1,24.02
373,53268,45.6362,45,1,46.29
374,53293,19.4837,25,1,38.96
375,53332,47.8893,39,1,48.83
376,53453,63.1497,121,1,43.46
377,53509,28.6063,56,1,41.21
378,53573,2.7075,64,1,28.03
379,53616,14.1101,43,1,38.28
380,53711,-38.9271,95,1,25.68
381,53768,4.1594,57,1,35.94
382,53848,47.3069,80,1,44.92
383,53871,7.6366,23,1,41.7
384,53939,90.7751,68,1,50.98
385,53994,34.7075,55,1,43.07
386,54083,46.5627,89,1,29.88
387,54134,74.5975,51,1,48.83
388,54178,45.2027,44,1,51.76
389,54206,-13.964,28,1,37.21
390,54635,221.925,429,3,82.81
391,54709,38.5221,74,1,42.48
392,54738,-1.5484,29,1,43.16
393,54764,-22.7085,26,1,32.62
394,54785,-22.3391,21,1,18.85
395,54820,21.7058,35,1,42.77
396,54862,27.3886,42,1,42.68
397,54875,-6.7529,13,1,42.48
398,54947,78.8815,72,1,54.69
399,55143,322.9334,196,3,75.59
400,55188,48.1558,45,1,53.12
401,55265,1.2275,77,1,19.43
402,55326,49.5094,61,1,48.05
403,55365,30.9545,39,1,20.41
404,55396,-28.6715,31,1,24.8
405,55501,144.4774,105,1,54.2
406,55533,-11.4692,32,1,37.89
407,55604,101.5335,71,1,29.88
408,55628,-13.655,24,1,18.55
409,55671,-20.9467,43,1,25.39
410,55736,-12.5527,65,1,26.76
411,55773,-12.4856,37,1,38.87
412,55815,27.4912,42,1,42.77
413,56041,358.5559,226,3,55.96
414,56086,-11.5804,45,1,18.55
415,56137,25.7289,51,1,28.42
416,56174,41.9577,37,1,42.58
417,56208,24.2961,34,1,40.53
418,56274,102.257,66,1,30.37
419,56312,3.252,38,1,18.65
420,56337,4.8648,25,1,38.77
421,56404,102.5673,67,1,55.57
422,56455,34.5197,51,1,43.07
423,56554,57.9228,99,1,43.75
424,56615,13.2859,61,1,19.24
425,56669,-13.0243,54,1,26.46
426,56934,278.1219,265,2,75.1
427,56995,1.7549,61,1,40.62
428,57026,34.6999,31,1,46.39
429,57087,-16.7439,61,1,38.38
430,57145,-8.4499,58,1,26.66
431,57265,42.0046,120,1,38.18
432,57361,43.6007,96,1,44.92
433,57411,-9.6646,50,1,18.95
434,57486,90.4476,75,1,48.83
435,57609,228.7211,123,2,56.54
436,57636,-17.0241,27,1,35.55
437,57689,-22.0289,53,1,26.95
438,57785,76.5945,96,1,52.34
439,57831,59.119,46,1,42.29
440,57863,0.8616,32,1,20.12
441,57887,7.3024,24,1,21.78
442,57943,10.8431,56,1,28.42
443,57967,5.3139,24,1,21.29
444,58018,-14.9759,51,1,19.34
445,58096,45.4873,78,1,42.87
446,58117,25.1813,21,2,44.34
447,58203,105.1762,86,1,51.86
448,58274,0.2392,71,1,27.54
449,58330,1.1175,56,1,41.11
450,58665,671.8726,335,5,93.26
451,58798,164.2989,133,1,48.24
452,59032,314.6791,234,4,83.01
453,59210,351.1024,178,3,69.82
454,59241,-7.2628,31,1,27.44
455,59284,54.2098,43,1,41.02
456,59328,53.9686,44,1,47.17
457,59372,-34.9984,44,1,25.2
458,59382,-23.9576,10,1,16.6
459,59409,-13.1943,27,1,38.77
460,59456,45.0737,47,1,44.92
461,59486,2.2947,30,1,36.62
462,59589,72.9034,103,1,24.41
463,59630,-5.2472,41,1,26.37
464,59703,102.8615,73,1,56.54
465,59758,-8.321,55,1,18.75
466,60014,398.9411,256,4,87.6
467,60098,83.6939,84,1,34.77
468,60141,28.7386,43,1,44.34
469,60185,26.3195,44,1,38.87
470,60247,49.476,62,1,43.07
471,60289,18.1103,42,1,21.48
472,60360,54.2372,71,1,45.21
473,60439,20.6661,79,1,46.09
474,60478,10.024,39,1,20.9
475,60770,228.5053,292,2,72.95
476,60792,2.8166,22,1,19.63
477,60906,177.4122,114,2,56.54
478,60921,-6.2196,15,1,34.86
479,60951,22.1447,30,1,38.96
480,60982,30.7403,31,1,42.09
481,61007,16.2385,25,1,40.62
482,61022,-6.2837,15,1,41.31
483,61204,254.34,182,3,81.15
484,61278,14.9019,74,1,42.19
485,61334,13.4391,56,1,42.38
486,61362,22.4993,28,1,40.62
487,61421,-7.548,59,1,40.23
488,61454,-1.7746,33,1,18.85
489,61517,84.0184,63,2,48.93
490,61586,52.6252,69,1,44.82
491,61638,80.1219,52,1,50.78
492,61687,11.0279,49,1,38.18
493,61745,38.0671,58,1,28.32
494,61765,11.5116,20,1,41.6
495,61798,-11.3299,33,1,18.26
496,61820,-9.6102,22,1,37.6
497,61909,67.4833,89,1,46.88
498,62000,-12.7029,91,1,26.56
499,62385,341.5578,385,3,83.11
500,62675,370.9283,290,4,88.18
501,63025,594.621,350,5,98.44
502,63079,-11.115,54,1,18.46
503,63308,373.1096,229,3,54.59
504,63488,236.515,180,3,82.42
505,63550,-5.5995,62,1,27.64
506,63583,0.7302,33,1,44.04
507,63620,53.9237,37,1,47.56
508,63654,39.2371,34,1,46.29
509,63887,278.2055,233,3,77.93
510,64149,428.3342,262,3,77.54
511,64200,-38.1472,51,1,25.68
512,64243,-0.8244,43,1,26.07
513,64296,-35.9553,53,1,24.8
514,64316,-10.4195,20,1,19.14
515,64372,49.8518,56,1,43.55
516,64405,25.0691,33,1,48.34
517,64419,-2.7473,14,1,43.16
518,64495,111.3995,76,1,54.49
519,64538,-22.7592,43,1,25.49
520,64636,118.5524,98,2,50.68
521,64799,121.2429,163,2,61.82
522,64926,243.2451,127,2,54.2
523,64984,95.6788,58,1,29.3
524,65056,105.7654,72,1,54.3
525,65133,91.5013,77,1,46.58
526,65307,45.1131,174,1,40.43
527,65369,-34.2435,62,1,26.86
528,65629,110.3521,260,2,64.55
529,65718,144.4772,89,2,62.7
530,65759,21.379,41,1,27.93
531,65872,76.6712,113,1,44.53
532,65911,-30.7784,39,1,25.2
533,66137,94.8022,226,2,59.47
534,66202,58.038,65,1,46.39
535,66215,-11.7645,13,1,41.5
536,66248,-25.0302,33,1,34.86
537,66301,-5.6242,53,1,18.46
538,66381,60.7286,80,2,46.58
539,66419,51.5817,38,1,25.0
540,66485,9.1341,66,1,40.72
541,66506,2.8014,21,1,17.87
542,66793,279.3135,287,3,70.61
543,66840,56.3502,47,1,48.63
544,67104,336.6167,264,3,78.42
545,67135,44.0031,31,1,49.12
546,67151,-6.3652,16,1,38.57
547,67179,35.0531,28,1,52.44
548,67388,156.3285,209,3,50.88
549,67479,9.6004,91,1,19.63
550,67686,323.7465,207,4,82.13
551,67730,44.6183,44,1,42.97
552,67777,-10.0745,47,1,37.6
553,67930,127.7194,153,2,50.49
554,68210,494.5308,280,4,85.64
555,68307,-32.7825,97,1,26.95
556,68362,-21.1577,55,1,18.36
557,68386,-15.9173,24,1,33.2
558,68583,-33.6226,197,1,26.37
559,69010,448.3002,427,4,91.89
560,69130,235.4475,120,2,55.08
561,69320,227.0747,190,2,47.95
562,69331,-15.1485,11,1,35.45
563,69353,-4.6728,22,1,35.64
564,69514,-10.7795,161,1,42.87
565,69592,112.0579,78,1,54.3
566,69644,44.5227,52,1,45.8
567,70068,864.3107,424,6,100.0
568,70231,107.4329,163,3,52.25
569,70280,59.1069,49,1,44.92
570,70357,78.6608,77,2,54.98
571,70795,741.0331,438,6,100.0
572,70916,5.1228,121,1,38.77
573,71060,56.5308,144,1,23.24
574,71162,125.5301,102,2,51.07
575,71210,-3.9435,48,1,26.27
576,71565,308.5944,355,3,70.21
577,71756,209.4664,191,3,55.96
578,71994,146.6621,238,2,58.2
579,72268,159.5451,274,2,60.45
580,72539,218.2194,271,2,64.65
581,72743,378.7781,204,4,90.72
582,72759,-27.5192,16,1,33.01
583,73250,579.1664,491,4,83.4
584,73488,376.8786,238,4,90.82
585,73939,417.5714,451,4,83.79
586,74310,233.7346,371,3,68.65
587,74434,180.3511,124,2,69.14
588,74461,32.4487,27,2,44.82
589,74752,554.2083,291,4,93.36
590,75058,378.8723,306,4,82.03
591,75438,776.9731,380,6,99.71
592,75477,48.7702,39,1,49.41
593,75701,249.5708,224,3,82.91
594,76006,373.4048,305,4,89.06
595,76085,84.1253,79,1,46.39
596,76476,404.8222,391,3,90.43
597,76518,54.1948,42,1,45.8
598,76763,356.5902,245,3,90.43
599,76926,66.1106,163,1,30.37
600,77101,291.8849,175,3,53.71
601,77230,184.47,129,2,68.55
602,77386,207.9327,156,2,69.14
603,77834,278.7963,448,4,87.89
604,78086,271.7813,252,3,84.28
605,78352,425.6419,266,4,87.01
606,78572,368.4358,220,3,86.33
607,78776,282.824,204,3,74.41
608,79026,368.7599,250,4,88.67
609,79266,126.6393,240,2,45.9
610,79866,260.7096,600,3,82.42
611,80228,365.4646,362,4,86.82
612,80243,-12.1009,15,1,41.8
613,80267,-0.6313,24,1,17.97
614,80492,237.7615,225,3,82.81
615,80543,66.9963,51,1,54.98
616,80801,87.68,258,2,45.7
617,80867,96.1439,66,1,47.75
618,81041,67.4997,174,1,44.63
619,81384,385.4781,343,4,84.28
620,81537,207.2322,153,3,79.79
621,81762,385.4794,225,3,56.74
622,81808,47.6305,46,1,46.88
623,81831,-12.3908,23,1,16.41
624,81959,251.0642,128,3,72.85
625,82001,29.5277,42,1,45.9
626,82493,342.1477,492,4,87.99
627,82573,155.1862,80,2,50.78
628,83116,597.1902,543,5,98.14
629,83224,149.1487,108,1,55.37
630,83457,402.4523,233,3,56.15
631,84057,433.9038,600,4,82.13
632,84293,499.4695,236,4,78.81
633,84517,363.9198,224,3,56.45
634,84556,50.9649,39,1,47.75
635,84805,356.4083,249,4,88.48
636,84840,36.971,35,1,44.92
637,85316,142.1739,476,2,51.86
638,85590,312.6056,274,3,80.86
639,85682,190.2005,92,2,52.73
640,86282,427.6364,600,5,95.31
641,86370,128.2227,88,1,62.3
642,86674,341.4797,304,4,87.89
643,86767,158.0795,93,2,64.16
644,87367,553.1852,600,4,84.18
645,87406,60.3377,39,1,47.66
646,87564,194.5286,158,1,63.09
647,88031,539.6164,467,4,78.61
648,88631,108.6023,600,2,58.01
649,89230,517.8606,599,4,85.45
650,89480,475.1339,250,4,91.6
651,89522,50.107,42,1,24.32
652,90122,242.5606,600,3,81.05
653,90363,355.7385,241,3,83.11
654,90818,351.4127,455,4,87.7
655,90930,221.3898,112,2,71.09
656,91530,318.552,600,3,82.81
657,91943,362.2526,413,4,82.03
658,92543,520.485,600,4,77.83
659,93143,208.4479,600,3,81.15
660,93590,442.4258,447,4,86.52
661,93691,198.4312,101,2,69.34
662,94291,476.9643,600,5,93.36
663,94379,117.9915,88,2,50.29
664,94675,294.2652,296,3,83.01
665,95275,441.0518,600,4,83.01
666,95427,189.0696,152,2,66.02
667,95564,296.1037,137,3,77.25
668,95632,132.0485,68,2,52.34
669,95860,356.1018,228,4,86.52
670,96460,312.8474,600,4,84.86
671,96765,473.8697,305,5,98.34
672,97365,387.3363,600,4,92.09
673,97430,57.628,65,1,48.14
674,97807,382.7542,377,4,89.36
675,98083,421.8831,276,4,83.5
676,98178,162.1758,95,2,52.93
677,98250,132.0673,72,2,52.44
678,98294,36.7413,44,1,44.43
679,98894,484.3469,600,4,94.04
680,98909,-6.1026,15,1,41.41
681,98932,13.7629,23,1,21.97
682,99532,466.407,600,4,85.45
683,99683,306.9608,151,3,56.35
684,99721,45.9408,38,1,52.44
685,99790,131.8301,69,2,52.64
686,100227,507.8269,437,4,83.59
687,100272,64.2987,45,1,26.46
688,100816,549.6226,544,5,97.95
689,100865,67.6043,49,2,44.34
690,100932,129.182,67,2,50.88
691,101157,305.0206,225,3,74.71
692,101426,436.1028,269,4,83.4
693,101580,274.5139,154,3,79.59
694,101711,222.3996,131,2,53.52
695,101989,436.9086,278,4,84.18
696,102221,304.5609,232,4,87.99
697,102605,281.4585,384,3,79.98
698,102920,300.7881,315,3,81.35
699,102930,-20.6144,10,1,40.23
700,103386,362.3659,456,3,56.84
701,103452,33.7438,66,1,22.36
702,104052,230.4563,600,2,78.12
703,104089,48.9071,37,1,50.29
704,104287,260.7651,198,3,79.79
705,104887,277.1897,600,3,78.22
706,105069,369.7987,182,3,78.61
707,105373,276.1476,304,3,78.32
708,105456,33.4355,83,1,45.31
709,105523,112.3255,67,1,43.65
710,105547,17.2166,24,1,46.88
711,105607,61.7133,60,1,46.09
712,105697,156.3513,90,2,68.07
713,106019,243.7552,322,2,76.27
714,106323,323.0426,304,3,80.76
715,106386,133.8218,63,2,51.17
716,106423,33.4457,37,1,41.21
717,106484,56.0439,61,1,54.79
718,106538,86.4492,54,1,27.05
719,106574,40.5721,36,1,45.8
720,106598,10.1462,24,1,46.39
721,106642,57.2104,44,1,42.58
722,107193,194.8725,551,2,71.48
723,107213,14.9873,20,1,38.38
724,107262,46.8176,49,1,50.98
725,107347,64.1935,85,1,34.08
726,107403,82.6432,56,1,50.0
727,107427,14.3819,24,1,36.72
728,107470,42.2271,43,1,38.28
729,107740,175.4893,270,2,69.04
730,108038,298.7295,298,3,80.47
731,108091,62.5326,53,1,53.91
732,108133,48.362,42,1,47.66
733,108145,-9.6411,12,1,42.29
734,108191,51.1079,46,1,44.92
735,108274,102.3059,83,1,52.83
736,108314,33.9678,40,1,23.34
737,108394,81.2277,80,1,47.85
738,108938,424.8276,544,4,85.35
739,108964,19.845,26,1,49.51
740,108998,11.4183,34,1,20.21
741,109251,210.6065,253,2,71.0
742,109649,151.6596,398,2,67.97
743,109677,37.8607,28,1,48.14
744,109720,70.7886,43,1,35.06
745,109740,1.4731,20,1,41.99
746,109795,68.9542,55,1,49.41
747,110098,202.2699,303,2,73.14
748,110193,133.3919,95,1,61.23
749,110256,100.4445,63,1,42.09
750,110340,98.5719,84,1,47.46
751,110428,103.9767,88,1,60.25
752,110908,239.6938,480,3,76.17
753,110986,32.6474,78,1,36.04
754,111011,29.3763,25,1,47.85
755,111065,56.0959,54,1,49.41
756,111116,48.8109,51,1,41.89
757,111160,22.7982,44,1,31.64
758,111360,84.999,200,1,25.49
759,111745,209.1967,385,2,67.97
760,111986,306.075,241,2,55.66
761,112049,63.2952,63,1,47.27
762,112482,327.7016,433,3,79.39
763,112501,-2.9845,19,1,16.99
764,112547,41.3486,46,1,36.13
765,112622,95.848,75,2,51.07
766,112653,30.6036,31,1,35.74
767,112921,222.2547,268,3,70.41
768,113161,287.6397,240,2,66.02
769,113293,263.4731,132,2,53.61
770,113422,253.0055,129,3,80.37
771,113604,274.9054,182,3,82.91
772,113644,38.5967,40,1,32.81
773,113979,339.232,335,3,82.32
774,114579,198.9677,600,2,73.44
775,114699,94.4793,120,1,51.66
776,114769,83.084,70,1,49.22
777,115080,199.2936,311,2,70.02
778,115277,331.1867,197,3,78.32
779,115361,79.9902,84,1,49.8
780,115379,0.1824,18,1,19.04
781,115583,361.7266,204,2,61.13
782,115747,218.7326,164,2,74.02
783,115791,66.6608,44,1,24.02
784,115825,13.2384,34,1,40.04
785,115975,309.1698,150,3,83.01
786,116226,322.5884,251,3,77.64
787,116447,333.0949,221,3,81.35
788,116537,184.0176,90,2,63.28
789,116641,86.9902,104,1,45.61
790,116858,329.9781,217,2,59.57
791,116865,-22.8667,7,1,39.65
792,116886,-15.2367,21,1,18.26
793,116902,-17.6716,16,1,16.7
794,116973,68.9519,71,1,50.39
795,117066,109.7628,93,1,57.62
796,117105,59.9953,39,1,50.78
797,117127,19.2741,22,1,23.93
798,117156,13.5202,29,1,34.57
799,117756,281.7607,600,3,68.55
800,117784,-19.532,28,1,16.99
801,118251,187.1238,467,2,64.84
802,118396,270.4393,145,3,71.68
803,118641,160.8061,245,2,48.73
804,119223,241.6424,582,2,62.01
805,119302,71.7363,79,2,51.37
806,119536,200.1947,234,2,70.9
807,119554,2.5585,18,1,22.85
808,119587,43.2507,33,1,32.23
809,119919,114.3588,332,3,53.12
810,120017,97.139,98,1,49.61
811,120248,363.8726,231,2,61.43
812,120331,141.7322,83,1,63.67
813,120370,6.6455,39,1,37.7
814,120414,75.684,44,1,48.14
815,120437,-3.797,23,1,18.36
816,120484,98.5888,47,2,52.25
817,120744,157.3934,260,2,70.12
818,120898,192.8062,154,2,74.51
819,120927,1.8588,29,1,19.04
820,120985,122.526,58,2,50.68
821,121022,21.1421,37,1,29.3
822,121585,313.0941,563,3,82.71
823,121659,63.3012,74,1,48.54
824,121682,20.7785,23,1,21.09
825,121738,81.2927,56,1,52.25
826,121861,183.0611,123,2,59.77
827,121983,199.5609,122,2,70.8
828,122018,21.6243,35,1,42.09
829,122069,90.2492,51,1,50.39
830,122119,113.2198,50,2,53.22
831,122202,97.2842,83,1,55.08
832,122408,222.2861,206,2,67.87
833,122456,77.4273,48,1,49.41
834,122544,132.708,88,2,53.42
835,122879,222.2987,335,2,75.68
836,122940,81.2077,61,2,44.04
837,123050,98.7833,110,1,37.21
838,123208,276.4783,158,3,77.73
839,123368,284.4114,160,2,71.0
840,123433,91.4405,65,1,55.37
841,123530,156.5947,97,2,51.17
842,123866,627.0664,336,4,92.58
843,123922,73.1861,56,1,49.02
844,124174,159.9025,252,2,37.5
845,124230,101.4932,56,1,50.1
846,124588,408.7756,358,4,87.3
847,124736,275.2309,148,3,77.25
848,124928,264.8821,192,2,68.95
849,125131,252.9786,203,2,70.02
850,125185,70.7483,54,1,49.12
851,125785,75.8152,600,2,61.13
852,125910,308.9287,125,3,77.05
853,125971,76.2959,61,1,52.25
854,126093,200.2416,122,2,72.07
855,126129,17.9987,36,1,36.33
856,126174,50.0648,45,1,43.65
857,126205,31.0442,31,1,40.72
858,126244,49.5112,39,1,46.0
859,126844,217.1223,600,2,72.95
860,126878,55.7222,34,1,48.83
861,126899,-15.1976,21,1,17.09
862,126923,11.4885,24,1,21.68
863,126982,95.9934,59,1,51.07
864,127144,275.8165,162,2,70.7
865,127168,20.6731,24,1,21.97
866,127242,141.4971,74,2,50.59
867,127448,274.0515,206,3,79.69
868,127643,193.2011,195,2,69.82
869,127820,264.9427,177,2,67.77
870,128117,281.8221,297,3,71.97
871,128644,326.8768,527,3,81.84
872,128749,167.2272,105,1,63.28
873,129127,179.4933,378,2,78.42
874,129727,240.4272,600,3,73.63
875,130002,258.6029,275,2,62.11
876,130472,255.2381,470,3,78.32
877,130858,292.8338,386,3,77.54
878,131078,269.5499,220,3,73.63
879,131106,-22.6402,28,1,16.41
880,131336,486.0175,230,5,87.5
881,131402,0.359,66,1,18.55
882,131506,173.1957,104,2,66.6
883,131791,135.553,285,2,65.23
884,131891,47.8517,100,1,22.36
885,132039,228.7556,148,3,76.46
886,132493,264.0885,454,3,75.1
887,133093,227.2184,600,3,75.49
888,133292,290.1066,199,3,83.5
889,133434,276.8151,142,3,82.81
890,133458,21.4898,24,1,21.39
891,133518,136.0064,60,2,61.91
892,134013,189.5586,495,3,81.25
893,134162,299.1759,149,4,79.49
894,134762,171.6567,600,3,78.42
895,135102,306.5288,340,3,80.86
896,135388,286.7416,286,3,79.69
897,135415,-13.0058,27,1,18.65
898,135545,319.0505,130,3,84.38
899,135776,260.9028,231,3,82.52
900,135916,324.3972,140,3,77.25
901,136516,159.0131,600,3,73.63
902,137116,143.7308,600,2,69.04
903,137275,111.0135,159,2,69.82
904,137410,330.5284,135,3,88.57
905,137631,454.4396,221,5,87.21
906,137716,129.2573,85,1,65.33
907,138011,295.0649,295,3,75.29
908,138105,219.785,94,3,77.25
909,138341,412.9535,236,4,81.35
910,138625,240.395,284,3,81.74
911,138698,172.6185,73,2,63.28
912,138727,7.7122,29,1,20.12
913,138798,156.7768,71,2,53.52
914,138823,8.165,25,1,21.48
915,139094,155.9968,271,2,56.93
916,139694,358.283,600,4,84.86
917,139835,326.6006,141,3,77.05
918,140026,280.2752,191,3,77.64
919,140146,283.875,120,3,81.93
920,140433,306.8117,287,3,79.39
921,140606,274.7074,173,2,76.17
922,140665,139.4901,59,2,67.68
923,140857,507.4103,192,5,86.62
924,141175,242.6323,318,3,79.69
925,141289,246.1174,114,2,77.25
926,141557,397.3685,268,3,87.79
927,141576,-6.2266,19,1,17.58
928,141709,254.2237,133,3,78.22
929,141848,307.1978,139,3,85.94
930,142448,239.5743,600,3,75.49
931,142584,325.4912,136,3,87.11
932,143184,81.1166,600,2,63.09
933,143784,293.2704,600,3,77.83
934,144384,216.5011,600,3,78.12
935,144395,-11.5305,11,1,41.31
936,144524,322.9794,129,3,89.06
937,144659,326.6204,135,3,78.12
938,145149,248.028,490,3,77.15
939,145287,305.3657,138,3,77.83
940,145352,3.3727,65,1,20.7
941,145952,360.4699,600,4,84.57
942,146552,368.0674,600,4,77.15
943,147152,109.129,600,2,63.09
944,147368,300.8,216,3,81.54
945,147525,257.7622,157,3,76.86
946,148125,197.2043,600,3,79.79
947,148369,184.5677,244,2,72.17
948,148969,240.7,600,3,79.98
949,149426,329.4044,457,3,86.91
950,149451,20.7003,25,1,20.61
951,149917,259.5698,466,3,78.52
952,150158,657.4445,241,6,100.0
953,150758,389.8015,600,4,87.79
954,151289,276.2388,531,3,80.37
955,151397,286.4894,108,3,75.49
956,151571,444.0158,174,5,85.55
957,151787,306.3872,216,3,79.1
958,151898,243.5551,111,3,77.15
959,152308,203.8584,410,3,76.95
960,152530,231.4672,222,3,78.12
961,152733,652.4811,203,6,100.0
962,153333,415.2463,600,5,97.17
963,153683,209.2076,350,4,82.32
964,153904,357.0665,221,3,81.05
965,154504,204.9282,600,3,75.2
966,155104,426.5246,600,5,96.0
967,155220,262.9568,116,3,84.67
968,155480,339.0656,260,3,83.79
969,155730,313.7037,250,3,84.96
970,155876,274.6447,146,4,82.91
971,155931,65.7403,55,1,24.61
972,156531,218.1335,600,3,82.52
973,156802,285.0208,271,4,84.96
974,157402,257.9917,600,3,81.15
975,158002,398.8089,600,4,84.67
976,158602,241.521,600,4,85.16
977,158892,360.3357,290,3,93.85
978,159072,193.3595,180,2,53.71
979,159252,248.1157,180,3,76.17
980,159852,220.0158,600,3,80.08
981,160083,450.1851,231,5,84.47
982,160683,370.6256,600,4,86.23
983,160696,-5.5867,13,1,42.97
984,160783,145.1839,87,2,65.53
985,160807,8.1499,24,1,21.39
986,161022,534.587,215,5,92.68
987,161041,2.7754,19,1,18.26
988,161288,706.3112,247,6,100.0
989,161731,239.088,443,4,82.91
990,161799,150.6305,68,2,52.73
991,161981,297.6979,182,3,86.72
992,162581,391.5,600,5,95.31
993,162932,380.7004,351,4,83.89
994,163074,317.1155,142,3,77.25
995,163191,254.017,117,2,56.45
996,163238,68.6546,47,1,48.63
997,163838,431.5762,600,4,84.57
998,164078,504.2931,240,5,87.21
999,164678,412.7474,600,4,85.55
1000,165027,410.8263,349,5,88.18
1001,165196,156.3229,169,2,64.65
1002,165525,222.0343,329,3,77.83
1003,165761,499.708,236,5,87.7
1004,165824,142.7562,63,2,53.42
1005,166065,259.6025,241,3,79.88
1006,166665,212.6559,600,3,81.05
1007,166997,477.3805,332,5,88.77
1008,167597,574.059,600,5,93.16
1009,167853,325.9235,256,3,84.57
1010,167876,2.5798,23,1,20.21
1011,168476,306.6009,600,3,74.9
1012,169076,317.6118,600,3,83.5
1013,169152,82.7895,76,2,59.57
1014,169328,258.7872,176,3,87.01
1015,169344,-6.9703,16,1,41.89
1016,169659,314.9216,315,3,79.3
1017,169967,255.314,308,3,77.54
1018,170567,426.515,600,4,88.96
1019,171167,200.9803,600,3,75.39
1020,171767,301.2741,600,3,80.57
1021,171836,174.8478,69,2,54.1
1022,172436,251.0816,600,3,75.49
1023,173036,318.7349,600,4,84.67
1024,173120,144.1353,84,2,50.59
1025,173230,193.2109,110,2,57.42
1026,173830,329.1904,600,3,78.61
1027,173853,-12.8535,23,1,16.31
1028,173955,194.5285,102,2,72.07
1029,174027,37.2452,72,1,47.07
1030,174095,-2.6051,68,1,18.26
1031,174695,373.6091,600,3,84.77
1032,174766,165.5074,71,2,53.71
1033,174934,284.0437,168,3,90.82
1034,174963,-13.736,29,1,16.31
1035,175030,135.2012,67,2,53.12
1036,175630,404.1821,600,5,96.09
1037,175832,192.807,202,2,75.1
1038,175977,223.5857,145,3,78.52
1039,176577,310.4847,600,3,79.2
1040,177057,251.0757,480,3,80.76
1041,177657,632.9286,600,5,94.92
1042,177764,224.9567,107,2,52.83
1043,178364,349.3878,600,3,80.76
1044,178964,234.843,600,3,73.93
1045,179078,242.7066,114,3,86.62
1046,179450,195.4867,372,2,70.51
1047,180050,27.6041,600,2,47.56
1048,180426,196.7822,376,2,75.49
1049,180532,188.4108,106,2,69.63
1050,181132,289.3757,600,3,85.06
1051,181156,17.1468,24,1,39.06
1052,181756,545.2476,600,4,88.18
1053,181928,407.3476,172,4,86.33
1054,182528,389.6977,600,4,82.81
1055,182548,11.0838,20,1,41.8
1056,183148,292.5,600,4,84.57
1057,183592,302.3497,444,4,88.09
1058,184192,214.1764,600,3,77.83
1059,184792,81.0449,600,2,62.3
1060,184996,319.0019,204,4,85.74
1061,185019,5.168,23,1,17.29
1062,185619,283.6232,600,4,86.23
1063,186084,281.3799,465,5,91.21
1064,186684,335.2822,600,4,86.13
1065,187175,268.3505,491,3,76.27
1066,187200,-22.3201,25,1,15.92
1067,187373,259.0545,173,3,77.15
1068,187390,-17.6707,17,1,16.89
1069,187434,105.0923,44,2,50.88
1070,187862,189.8889,428,3,78.42
1071,188072,454.701,210,4,84.96
1072,188672,198.0178,600,3,76.76
1073,188895,448.4517,223,4,98.44
1074,189495,392.1466,600,4,82.71
1075,189540,105.0279,45,2,50.59
1076,190140,390.4398,600,4,86.82
1077,190348,465.2385,208,4,85.94
1078,190948,392.8874,600,4,83.01
1079,190969,6.09,21,1,21.39
1080,191569,234.338,600,4,83.89
1081,192017,9.7604,448,1,26.17
1082,192295,454.9187,278,4,92.48
1083,192895,150.7123,600,2,75.98
1084,192925,22.672,30,1,45.51
1085,193525,400.1179,600,4,82.13
1086,193689,400.2527,164,4,86.13
1087,194289,-78.2816,600,1,21.48
1088,194889,120.935,600,2,73.44
1089,195489,-29.4536,600,2,50.78
1090,195641,363.1213,152,4,86.23
1091,196241,239.0071,600,3,74.22
1092,196357,174.9519,116,2,32.62
1093,196957,337.1262,600,4,82.23
1094,197067,242.7757,110,3,80.37
1095,197131,163.7632,64,2,55.27
1096,197731,276.1202,600,3,82.62
1097,198331,402.9184,600,4,89.36
1098,198931,216.8715,600,3,79.79
1099,199531,150.0953,600,2,72.85
1100,199792,329.5079,261,5,90.04
1101,200392,-29.3469,600,2,45.41
1102,200696,21.3938,304,1,62.5
1103,200934,-36.9826,238,1,21.19
1104,201415,474.5727,481,4,85.25
1105,201426,-20.5871,11,1,42.29
1106,201603,398.7993,177,4,86.72
1107,201709,83.1854,106,1,49.61
1108,201954,37.5881,245,2,60.94
1109,202340,-49.0502,386,1,21.48
1110,202735,482.735,395,4,91.6
1111,203335,-17.4347,600,2,49.8
1112,203547,39.4455,212,2,47.85
1113,204147,192.2363,600,3,82.71
1114,204747,89.1552,600,2,64.36
1115,204868,280.1989,121,3,77.25
1116,205251,374.1087,383,4,89.84
1117,205383,271.0761,132,3,71.58
1118,205441,115.1159,58,2,54.1
1119,205737,32.4151,296,2,48.83
1120,206337,214.6691,600,2,72.17
1121,206937,480.364,600,5,98.14
1122,207058,227.9191,121,3,77.25
1123,207070,-11.4593,12,1,37.7
1124,207420,265.6236,350,3,79.2
1125,207489,73.2754,69,1,47.95
1126,207827,108.057,338,3,55.86
1127,208191,664.4364,364,6,99.9
1128,208206,-19.0321,15,1,38.77
1129,208326,109.9835,120,1,49.32
1130,208926,150.3876,600,2,75.2
1131,209338,434.1832,412,4,85.06
1132,209472,285.3836,134,3,71.78
1133,209632,65.0427,160,2,63.48
1134,209749,210.3193,117,2,73.83
1135,209864,274.4324,115,3,77.44
1136,210079,233.0021,215,2,68.75
1137,210099,12.0934,20,1,22.75
1138,210306,440.1445,207,4,86.52
1139,210739,778.9925,433,6,100.0
1140,210752,-5.5197,13,1,39.55
1141,211136,293.2232,384,3,78.91
1142,211314,396.2077,178,4,86.04
1143,211550,401.4245,236,4,79.59
1144,212150,189.3723,600,2,71.68
1145,212469,151.5899,319,3,72.36
1146,212569,0.0746,100,1,20.7
1147,212937,333.6987,368,3,70.8
1148,213302,71.0685,365,3,52.83
1149,213474,157.4312,172,2,75.0
1150,214074,418.6918,600,4,89.65
1151,214501,257.1727,427,3,72.75
1152,214601,90.6481,100,1,51.07
1153,214630,30.7545,29,1,21.78
1154,214654,11.3399,24,1,20.7
1155,215254,329.1702,600,4,83.79
1156,215564,52.8171,310,1,49.61
1157,216164,51.2368,600,2,48.34
1158,216282,286.5862,118,3,75.88
1159,216391,239.183,109,3,77.64
1160,216469,147.6377,78,2,62.01
1161,216825,423.9852,356,4,91.7
1162,217425,332.8229,600,3,71.09
1163,217681,53.859,256,2,28.91
1164,217702,-18.5376,21,1,16.6
1165,217767,14.0442,65,1,21.39
1166,218021,300.6073,254,3,82.23
1167,218048,-0.9358,27,1,17.19
1168,218487,319.5249,439,3,82.81
1169,218514,-7.25,27,1,18.55
1170,218537,-0.6075,23,1,19.53
1171,218678,239.9601,141,2,75.88
1172,218929,625.0921,251,6,100.0
1173,219529,407.8779,600,4,91.02
1174,220045,511.1565,516,5,100.0
1175,220204,293.3681,159,3,78.42
1176,220561,407.7685,357,4,87.7
1177,220858,535.9214,297,5,95.51
1178,221144,433.9841,286,4,92.48
1179,221683,431.9935,539,5,98.05
1180,221804,108.1494,121,2,57.91
1181,221961,267.5084,157,3,79.1
1182,222047,126.6033,86,2,67.29
1183,222226,422.4484,179,5,83.5
1184,222826,350.755,600,4,86.13
1185,223426,395.2439,600,4,88.38
1186,223849,429.6072,423,4,88.96
1187,224160,540.1018,311,4,91.5
1188,224651,246.2488,491,3,71.39
1189,224918,338.1805,267,3,84.08
1190,224981,139.161,63,2,61.62
1191,225500,182.4061,519,3,80.57
1192,225562,19.4942,62,1,21.09
1193,225741,214.8232,179,3,76.46
1194,226265,445.8803,524,4,94.14
1195,226458,482.0413,193,5,96.09
1196,226650,455.0034,192,5,85.64
1197,226964,693.9774,314,6,100.0
1198,227564,419.9732,600,4,88.87
1199,227874,394.4296,310,5,95.61
1200,228048,337.2037,174,4,84.08
1201,228361,332.9614,313,4,83.4
1202,228601,207.7311,240,3,73.54
1203,228709,247.8406,108,3,79.39
1204,229135,305.6114,426,3,86.23
1205,229494,269.9411,359,4,82.32
1206,230094,411.1602,600,4,87.7
1207,230633,318.0662,539,3,83.11
1208,231233,317.3634,600,3,87.4
1209,231679,242.869,446,3,80.86
1210,232279,439.0205,600,4,91.11
1211,232319,45.3532,40,1,46.09
1212,232393,62.6703,74,1,49.71
1213,232654,490.098,261,4,82.42
1214,233159,462.149,505,5,85.35
1215,233185,7.9986,26,1,19.92
1216,233574,394.4794,389,5,94.92
1217,234037,258.1888,463,3,81.15
1218,234637,361.9435,600,4,86.04
1219,234789,119.6046,152,1,59.77
1220,235097,266.2459,308,2,81.05
1221,235459,412.1424,362,4,91.7
1222,236059,290.041,600,3,79.0
1223,236290,257.3959,231,3,75.29
1224,236321,-8.9842,31,1,19.82
1225,236766,464.951,445,5,95.21
1226,237358,335.4656,592,4,90.33
1227,237381,-0.6192,23,1,21.09
1228,237981,404.98,600,4,90.04
1229,238581,306.7022,600,3,83.11
1230,238743,310.4442,162,4,81.54
1231,238969,296.9461,226,3,82.42
1232,239147,37.8632,178,1,25.88
1233,239650,234.5957,503,3,78.42
1234,240039,689.1882,389,6,100.0
1235,240406,305.6652,367,3,84.57
1236,240919,448.9413,513,5,98.24
1237,240983,-4.1716,64,1,19.82
1238,241250,378.3428,267,4,86.04
1239,241295,80.9633,45,1,50.59
1240,241895,313.5274,600,3,82.71
1241,242186,667.5166,291,6,100.0
1242,242546,304.1793,360,4,90.04
1243,243146,349.917,600,4,86.04
1244,243190,45.4572,44,1,24.9
1245,243500,325.0011,310,5,95.02
1246,243912,486.4739,412,4,83.3
1247,244512,300.3624,600,3,85.64
1248,244697,115.8004,185,2,57.62
1249,245168,299.019,471,4,84.77
1250,245613,308.4699,445,3,89.75
1251,245916,319.2003,303,3,83.11
1252,246176,470.5554,260,5,88.87
1253,246548,242.3608,372,3,82.52
1254,246590,60.4932,42,1,49.41
1255,247126,360.6974,536,4,89.36
1256,247562,292.7829,436,4,89.36
1257,247604,48.7429,42,1,50.49
1258,248060,381.1194,456,4,88.38
1259,248457,156.5476,397,3,76.95
1260,248965,300.4472,508,4,87.79
1261,249407,283.2982,442,4,90.92
1262,249434,7.5896,27,1,20.9
1263,249755,355.0999,321,5,96.09
1264,250176,378.9605,421,5,98.44
1265,250634,321.414,458,4,85.55
1266,250661,16.5375,27,1,21.58
1267,251066,340.5692,405,4,87.6
1268,251105,51.6619,39,1,47.17
1269,251328,335.7334,223,4,83.3
1270,251556,405.2044,228,4,87.7
1271,251585,33.9827,29,1,51.17
1272,251864,351.5972,279,5,95.41
1273,252157,424.1598,293,4,95.41
1274,252428,356.9151,271,5,94.63
1275,252875,362.8401,447,4,89.65
1276,253353,275.9997,478,3,83.01
1277,253858,316.6588,505,4,86.43
1278,254391,235.9869,533,3,74.41
1279,254895,241.7871,504,4,83.01
1280,254914,3.199,19,1,22.36
1281,254946,6.2905,32,1,21.29
1282,255286,431.3105,340,4,95.51
1283,255857,274.8322,571,4,87.11
1284,256450,402.2431,593,4,91.21
1285,256937,302.7543,487,4,85.16
1286,257152,251.7816,215,3,78.52
1287,257217,160.2511,65,2,55.57
1288,257367,358.9518,150,4,87.6
1289,257706,349.4729,339,4,85.55
1290,258194,229.4865,488,3,80.66
1291,258737,252.862,543,3,81.05
1292,258878,272.1211,141,3,76.37
1293,259137,295.6797,259,3,77.64
1294,259478,291.2228,341,4,84.57
1295,259622,346.9749,144,4,86.52
1296,259739,-16.7857,117,1,36.23
1297,259909,397.477,170,4,86.52
1298,260329,126.7641,420,2,70.02
1299,260564,445.5043,235,5,94.92
1300,260839,340.3454,275,4,89.75
1301,261173,319.9527,334,3,88.38
1302,261440,212.0222,267,3,78.42
1303,261816,195.2616,376,3,80.08
1304,262085,305.7195,269,4,86.82
1305,262197,233.1829,112,3,76.07
1306,262542,190.1935,345,3,77.15
1307,262759,385.3378,217,5,99.71
1308,262939,377.6429,180,4,79.79
1309,263210,165.0957,271,2,70.9
1310,263546,504.5153,336,5,94.92
1311,263698,334.5936,152,4,93.07
1312,264084,144.7017,386,2,72.07
1313,264456,708.1261,372,6,100.0
1314,264656,302.3502,200,4,88.38
1315,264785,105.805,129,1,55.96
1316,265376,267.2361,591,3,78.32
1317,265737,164.5273,361,2,73.44
1318,265970,632.2792,233,6,100.0
1319,266154,257.3164,184,3,79.98
1320,266420,379.4392,266,4,77.44
1321,266689,251.0059,269,3,79.39
1322,266912,224.4438,223,3,76.86
1323,267475,356.5489,563,4,90.53
1324,267726,359.4269,251,4,87.6
1325,268256,525.6849,530,5,95.02
1326,268557,633.3183,301,6,99.9
1327,268847,339.6592,290,4,76.17
1328,269305,401.6803,458,3,83.69
1329,269756,284.7781,451,3,76.07
1330,270136,290.2832,380,3,77.54
1331,270437,184.2139,301,2,72.56
1332,270710,324.0198,273,3,88.77
1333,270846,170.5198,136,2,73.63
1334,271446,341.0129,600,3,80.86
1335,271773,470.9954,327,4,92.58
1336,271929,187.0495,156,3,67.68
1337,272179,666.5668,250,6,100.0
1338,272374,611.5161,195,6,100.0
1339,272629,466.8252,255,4,87.01
1340,272872,256.9514,243,3,77.05
1341,273035,353.1534,163,4,86.04
1342,273176,355.8251,141,4,85.94
1343,273463,363.7804,287,5,93.46
1344,273703,373.7524,240,4,87.11
1345,273924,223.672,221,3,76.37
1346,274095,411.3071,171,4,94.04
1347,274313,409.4031,218,4,86.62
1348,274457,346.9262,144,4,84.47
1349,274902,149.6079,445,2,67.29
1350,275029,359.2364,127,4,94.92
1351,275201,378.1599,172,4,86.33
1352,275624,253.9233,423,3,78.61
1353,276034,258.3389,410,3,77.83
1354,276235,501.5125,201,5,97.75
1355,276418,302.522,183,3,87.89
1356,276561,362.1673,143,4,85.45
1357,276805,430.527,244,5,97.17
1358,277126,313.3981,321,3,75.39
1359,277382,297.2921,256,3,81.05
1360,277827,360.8061,445,3,74.02
1361,278105,190.8445,278,2,70.8
1362,278345,447.9456,240,5,99.71
1363,278376,39.8334,31,1,47.56
1364,278458,8.8363,82,1,39.84
1365,278612,375.5815,154,4,86.23
1366,278861,478.508,249,5,95.21
1367,279173,395.608,312,4,77.25
1368,279431,372.9907,258,4,79.39
1369,279727,118.0297,296,2,64.06
1370,279914,241.7122,187,3,73.63
1371,280055,349.9414,141,4,84.77
1372,280223,344.7115,168,4,88.96
1373,280373,242.1665,150,3,77.44
1374,280642,295.7799,269,4,84.77
1375,280796,291.789,154,3,76.66
1376,280980,613.4678,184,6,100.0
1377,281376,282.9023,396,3,53.22
1378,281713,451.0421,337,4,84.47
1379,281735,-4.299,22,1,21.09
1380,281918,275.9322,183,3,74.12
1381,282269,303.3659,351,3,85.55
1382,282492,353.6009,223,4,82.52
1383,282736,280.869,244,3,59.18
1384,282847,194.6813,111,2,67.68
1385,283257,336.7744,410,3,78.32
1386,283289,28.3242,32,1,46.58
1387,283443,314.2338,154,3,78.71
1388,283594,116.5025,151,2,59.18
1389,283859,381.7996,265,4,85.84
1390,284039,377.8051,180,4,95.12
1391,284230,359.129,191,4,92.19
1392,284256,25.9092,26,1,48.05
1393,284463,366.1319,207,4,83.5
1394,284552,97.4469,89,2,57.62
1395,284571,2.9776,19,1,21.68
1396,284907,319.9843,336,4,86.23
1397,285190,415.7775,283,4,86.13
1398,285442,664.0782,252,6,100.0
1399,285620,293.1102,178,3,78.52
1400,285726,247.3466,106,3,77.93
1401,285985,426.3575,259,5,94.73
1402,286149,153.0126,164,2,59.57
1403,286326,183.3474,177,2,73.34
1404,286460,362.9748,134,4,92.29
1405,286728,207.0137,268,2,74.71
1406,286753,-0.8093,25,1,21.09
1407,286780,-1.2798,27,1,20.41
1408,287116,410.9162,336,4,99.32
1409,287301,378.183,185,4,86.23
1410,287502,269.5128,201,3,74.8
1411,287822,469.1918,320,4,92.58
1412,288119,309.1126,297,3,83.79
1413,288147,40.7098,28,1,48.34
1414,288289,104.5309,142,1,50.29
1415,288433,338.8046,144,4,82.71
1416,288835,224.6939,402,2,76.27
1417,289085,327.7484,250,3,76.46
1418,289378,291.279,293,3,77.54
1419,289415,27.9104,37,1,47.46
1420,289628,367.3124,213,4,87.5
1421,289773,265.915,145,3,73.05
1422,289953,419.5612,180,5,86.91
1423,290199,355.3552,246,4,94.53
1424,290416,393.1971,217,4,85.55
1425,290436,-6.1004,20,1,19.14
1426,290525,89.2216,89,1,56.45
1427,290795,220.3961,270,3,78.71
1428,290820,13.9654,25,1,22.27
1429,291008,405.7921,188,4,85.55
1430,291196,471.9313,188,5,87.79
1431,291282,57.7094,86,1,46.29
1432,291432,279.2045,150,3,79.39
1433,291678,458.3277,246,5,99.41
1434,291868,413.3166,190,4,85.84
1435,292018,1.204,150,1,20.41
1436,292253,233.8549,235,3,78.91
1437,292429,383.2439,176,4,86.33
1438,292661,390.3116,232,4,90.23
1439,292802,284.2537,141,3,82.71
1440,293088,382.1466,286,4,88.09
1441,293120,1.2474,32,1,20.8
1442,293139,5.7571,19,1,20.12
1443,293339,348.4566,200,4,86.23
1444,293575,272.5266,236,2,78.91
1445,293704,312.1124,129,4,84.57
1446,293888,176.2762,184,2,48.83
1447,294061,237.4925,173,2,54.39
1448,294220,279.8303,159,3,76.86
1449,294416,588.7775,196,6,100.0
1450,294485,152.82,69,2,68.85
1451,294610,203.6106,125,2,68.55
1452,294750,370.0127,140,4,82.42
1453,294902,242.4274,152,3,74.22
1454,295070,288.7924,168,2,76.37
1455,295283,219.12,213,2,70.21
1456,295463,339.2604,180,3,85.55
1457,295651,178.7345,188,2,70.02
1458,295676,-1.1074,25,1,19.24
1459,295803,300.1458,127,3,78.52
1460,295975,472.7717,172,5,94.34
1461,296139,275.9467,164,3,77.05
1462,296391,308.7539,252,3,85.25
1463,296631,148.2659,240,2,57.62
1464,296822,454.9492,191,5,99.51
1465,296994,399.8225,172,4,83.2
1466,297185,422.9088,191,5,97.95
1467,297339,249.1806,154,3,74.22
1468,297550,147.8316,211,2,57.62
1469,297712,190.2891,162,2,56.74
1470,297894,120.4775,182,2,60.16
1471,297930,59.8359,36,2,43.75
1472,297974,44.997,44,1,47.07
1473,298205,650.9736,231,6,100.0
1474,298460,250.4328,255,3,75.29
1475,298481,-12.3883,21,1,26.56
1476,298506,17.3897,25,1,30.18
1477,298697,343.825,191,4,83.11
1478,299187,223.3024,490,2,74.41
1479,299425,239.5168,238,3,78.22
1480,299517,184.0209,92,2,68.36
1481,299612,135.5638,95,2,65.92
1482,299791,153.7476,179,2,59.18
1483,299950,399.1464,159,5,97.36
1484,300090,323.6444,140,3,81.74
1485,300261,347.6742,171,3,78.12
1486,300411,396.4067,150,4,83.11
1487,300595,395.6735,184,4,96.88
1488,300760,430.9114,165,4,86.33
1489,300946,501.097,186,5,96.58
1490,301133,255.6991,187,2,72.56
1491,301260,306.4536,127,4,81.45
1492,301385,158.9275,125,2,74.51
1493,301520,334.8115,135,4,84.67
1494,301651,360.2726,131,4,91.7
1495,301769,185.2127,118,3,73.24
1496,301974,328.0179,205,3,85.35
1497,302118,345.4955,144,4,82.91
1498,302245,209.9778,127,3,69.82
1499,302453,222.1638,208,3,73.54
1500,302521,147.2228,68,2,70.61
1501,302676,390.6384,155,4,87.3
1502,302869,367.4482,193,4,88.77
1503,303025,209.6169,156,3,77.64
1504,303169,243.3745,144,3,77.73
1505,303189,-15.3537,20,1,18.16
1506,303237,51.149,48,1,46.58
1507,303254,3.4546,17,1,21.29
1508,303351,234.6899,97,3,78.71
1509,303470,280.6121,119,3,85.45
1510,303645,400.4549,175,5,98.14
1511,303796,274.641,151,3,88.48
1512,303985,385.1631,189,4,86.72
1513,304177,264.0597,192,3,71.39
1514,304359,378.1298,182,4,83.4
1515,304468,175.324,109,3,73.05
1516,304611,202.082,143,3,73.24
1517,304805,235.8814,194,3,75.59
1518,304929,273.8248,124,3,77.25
1519,305091,306.4909,162,3,79.69
1520,305276,423.0266,185,4,83.3
1521,305396,205.2619,120,3,72.85
1522,305421,26.3505,25,1,41.21
1523,305443,-6.1678,22,1,17.97
1524,305595,370.1203,152,4,82.42
1525,305650,49.3962,55,1,23.44
1526,305685,30.8628,35,1,21.39
1527,306031,197.511,346,2,67.58
1528,306204,438.4454,173,5,97.27
1529,306426,421.0902,222,4,83.69
1530,306591,366.9787,165,4,86.04
1531,306760,406.937,169,5,96.0
1532,306961,440.7315,201,4,86.04
1533,307113,356.7523,152,4,83.79
1534,307136,8.6684,23,1,23.05
1535,307261,198.3782,125,3,73.54
1536,307417,374.7977,156,5,98.54
1537,307584,389.0138,167,4,82.91
1538,307824,256.6913,240,3,71.39
1539,308239,214.3648,415,3,75.29
1540,308515,473.8135,276,4,90.04
1541,308646,355.9676,131,4,96.19
1542,308683,12.8288,37,1,20.31
1543,308893,322.2048,210,4,82.52
1544,308991,261.4902,98,3,77.34
1545,309300,361.6438,309,3,87.5
1546,309510,322.5616,210,3,86.82
1547,309584,156.0661,74,2,68.36
1548,309790,326.0124,206,4,89.65
1549,309944,395.1566,154,5,98.83
1550,310102,419.2439,158,4,75.98
1551,310308,313.1633,206,4,90.23
1552,310440,258.7787,132,3,77.83
1553,310556,278.3717,116,4,83.59
1554,310795,293.3756,239,3,79.2
1555,310951,374.4585,156,5,96.58
1556,311059,191.454,108,3,75.49
1557,311234,204.5674,175,3,78.91
1558,311432,172.5151,198,2,75.39
1559,311675,324.7163,243,4,90.33
1560,311808,178.8862,133,3,71.78
1561,311928,212.7931,120,3,71.48
1562,312123,184.4581,195,3,70.21
1563,312215,89.7403,92,1,50.68
1564,312373,398.5653,158,5,98.63
1565,312523,373.6086,150,4,80.37
1566,312673,360.6208,150,4,97.75
1567,312829,365.2673,156,4,83.59
1568,313016,425.791,187,4,83.2
1569,313202,431.9809,186,4,83.79
1570,313339,385.9933,137,4,80.86
1571,313453,268.9198,114,3,79.39
1572,313537,182.4732,84,2,70.9
1573,313641,258.2756,104,3,77.44
1574,313800,362.0555,159,4,84.28
1575,313999,320.1334,199,3,85.45
1576,314195,542.1908,196,5,97.07
1577,314290,240.4404,95,3,73.93
1578,314447,404.1721,157,5,96.39
1579,314630,328.3373,183,3,78.42
1580,314756,294.9123,126,4,82.52
1581,314982,436.0032,226,4,76.86
1582,315146,321.0086,164,4,83.89
1583,315290,183.2244,144,3,71.39
1584,315444,389.3447,154,5,94.73
1585,315584,343.324,140,4,83.79
1586,315792,396.0026,208,4,80.27
1587,315809,-2.9917,17,1,41.99
1588,315869,20.645,60,1,20.51
1589,316029,394.1015,160,4,78.81
1590,316178,282.9225,149,3,80.86
1591,316202,20.5014,24,1,41.11
1592,316376,229.8157,174,3,75.39
1593,316525,262.8099,149,3,76.17
1594,316635,164.6946,110,2,69.63
1595,316691,130.939,56,2,67.68
1596,316832,307.6375,141,4,90.53
1597,316952,228.2916,120,3,78.32
1598,317137,191.3923,185,2,74.02
1599,317210,168.0067,73,2,55.27
1600,317354,348.3995,144,4,83.5
1601,317528,397.8966,174,4,84.77
1602,317814,297.4202,286,3,85.64
1603,318096,426.1346,282,4,83.89
1604,318290,269.5065,194,3,78.52
1605,318523,464.7418,233,4,83.79
1606,318561,-2.5771,38,1,38.96
1607,318632,144.1909,71,2,67.97
1608,318796,398.0142,164,4,78.71
1609,318993,311.9424,197,3,80.66
1610,319164,384.6594,171,4,84.28
1611,319314,318.3061,150,4,89.06
1612,319456,349.6777,142,4,81.45
1613,319480,-9.7246,24,1,19.73
1614,319542,144.572,62,2,68.26
1615,319649,11.9764,107,1,19.82
1616,319860,305.064,211,4,79.49
1617,319920,129.9622,60,2,67.09
1618,320067,364.7002,147,4,77.34
1619,320199,263.2995,132,4,79.39
1620,320401,290.9688,202,3,86.62
1621,320576,610.8469,175,6,100.0
1622,320724,301.4428,148,4,89.36
1623,320747,5.3635,23,1,21.48
1624,320902,328.8999,155,3,80.66
1625,321079,206.3548,177,2,75.59
1626,321348,241.6281,269,3,75.2
1627,321491,344.5283,143,3,80.76
1628,321620,179.9822,129,3,72.46
1629,321749,177.7704,129,2,68.85
1630,321898,299.2309,149,4,89.55
1631,321930,22.5094,32,1,40.04
1632,321944,-15.1724,14,1,39.26
1633,322122,321.2337,178,4,78.03
1634,322299,348.5444,177,4,89.45
1635,322458,236.3194,159,3,78.22
1636,322491,14.3994,33,1,42.09
1637,322517,32.4073,26,1,49.41
1638,322624,188.1855,107,3,73.63
1639,322740,271.2911,116,3,77.25
1640,322900,403.0827,160,4,78.91
1641,323045,237.7657,145,3,84.67
1642,323174,232.6285,129,3,74.71
1643,323296,226.8972,122,3,78.42
1644,323351,60.5304,55,1,26.17
1645,323524,415.0056,173,4,76.37
1646,323582,74.7852,58,1,53.12
1647,323723,311.0598,141,4,89.36
1648,323888,370.2751,165,4,83.89
1649,324105,360.4583,217,4,84.67
1650,324214,280.5895,109,4,80.27
1651,324354,337.1745,140,4,82.62
1652,324489,352.7604,135,4,82.42
1653,324617,278.8828,128,3,77.44
1654,324637,2.8262,20,1,17.87
1655,324769,302.288,132,4,88.96
1656,324876,253.548,107,3,77.44
1657,324965,231.6529,89,3,69.34
1658,325186,381.9349,221,4,78.81
1659,325306,284.9263,120,3,85.06
1660,325439,261.2171,133,3,80.96
1661,325616,355.9418,177,4,78.91
1662,325749,316.5868,133,4,82.03
1663,325893,304.5313,144,4,89.65
1664,326009,245.4422,116,3,76.95
1665,326152,291.7925,143,4,89.16
1666,326174,-3.2378,22,1,19.92
1667,326307,251.5913,133,3,80.96
1668,326419,309.5058,112,4,82.23
1669,326446,-3.9502,27,1,20.02
1670,326621,187.6314,175,2,69.43
1671,326775,287.9237,154,3,78.52
1672,326911,317.9519,136,4,89.84
1673,327056,362.3618,145,5,94.92
1674,327130,167.252,74,2,70.21
1675,327400,373.3991,270,4,86.91
1676,327545,361.5523,145,4,81.64
1677,327571,5.2147,26,1,20.7
1678,327705,248.8201,134,3,77.25
1679,327844,323.8885,139,4,80.86
1680,327862,9.1171,18,1,43.36
1681,328017,233.712,155,3,75.88
1682,328029,-5.6579,12,1,19.73
1683,328181,330.3171,152,4,81.74
1684,328312,241.0444,131,3,75.0
1685,328446,280.2593,134,4,81.05
1686,328602,355.8654,156,4,83.69
1687,328737,301.5493,135,4,90.23
1688,328928,295.1223,191,4,84.08
1689,329089,278.014,161,4,89.26
1690,329263,372.3579,174,4,75.39
1691,329287,-0.969,24,1,17.58
1692,329401,170.9786,114,3,69.82
1693,329606,399.4447,205,4,87.5
1694,329720,175.7445,114,3,73.93
1695,329878,312.5575,158,3,85.64
1696,329950,174.5663,72,2,56.25
1697,330129,394.6527,179,4,82.42
1698,330200,158.6872,71,2,40.53
1699,330358,321.3234,158,3,81.15
1700,330389,49.2546,31,1,29.49
1701,330514,258.3382,125,3,77.25
1702,330657,215.0987,143,2,69.92
1703,330941,313.4373,284,4,88.48
1704,331070,250.8665,129,3,80.76
1705,331275,602.7718,205,6,100.0
1706,331305,19.6974,30,1,40.33
1707,331341,40.3928,36,1,39.84
1708,331514,389.2381,173,4,82.23
1709,331679,358.8611,165,4,84.08
1710,331703,-9.7476,24,1,19.04
1711,331727,-15.7416,24,1,17.29
1712,331906,448.7144,179,4,86.62
1713,331977,162.5079,71,2,70.8
1714,332102,193.2808,125,3,71.97
1715,332238,260.64,136,3,81.54
1716,332374,261.0721,136,3,76.86
1717,332507,230.5026,133,3,80.18
1718,332630,202.5873,123,3,73.05
1719,332721,230.5375,91,3,77.93
1720,332865,356.9873,144,5,94.82
1721,333016,346.6902,151,5,94.63
1722,333181,373.9091,165,5,94.24
1723,333205,2.2782,24,1,17.68
1724,333379,388.4257,174,4,83.89
1725,333394,3.0429,15,1,22.27
1726,333465,156.2383,71,2,74.51
1727,333638,398.7574,173,4,83.59
1728,333777,207.1012,139,3,70.61
1729,333897,201.614,120,3,73.93
1730,334099,239.4102,202,3,78.81
1731,334281,366.3227,182,4,84.47
1732,334437,339.3304,156,4,91.11
1733,334916,31.3258,479,2,58.69
1734,334953,24.4787,37,1,21.88
1735,335139,279.2765,186,3,83.11
1736,335404,644.6921,265,6,100.0
1737,335539,293.7822,135,4,89.26
1738,335765,387.6144,226,4,88.67
1739,335972,610.6488,207,6,100.0
1740,336124,359.535,152,5,95.12
1741,336274,260.673,150,3,78.32
1742,336472,415.6411,198,5,95.12
1743,336659,324.3326,187,4,88.77
1744,336682,14.51,23,1,42.29
1745,336859,431.0576,177,4,85.94
1746,337016,365.9899,157,5,98.05
1747,337199,419.0653,183,4,86.33
1748,337400,618.389,201,6,100.0
1749,337557,382.467,157,5,95.02
1750,337796,319.3274,239,4,85.45
1751,338051,362.73,255,4,96.48
1752,338321,247.9427,270,3,86.33
1753,338489,382.2578,168,5,94.92
1754,338667,408.4473,178,4,86.82
1755,338900,298.3012,233,4,86.33
1756,339103,416.0681,203,5,96.0
1757,339257,362.7502,154,5,95.02
1758,339464,314.2468,207,4,86.23
1759,339600,254.2489,136,3,80.86
1760,339751,387.2332,151,5,95.02
1761,339958,430.5728,207,4,86.72
1762,340152,438.041,194,4,86.72
1763,340295,323.8326,143,4,90.43
1764,340610,248.0031,315,3,72.46
1765,340771,385.9635,161,5,94.82
1766,340899,188.0336,128,3,70.7
1767,340922,-3.9763,23,1,20.7
1768,340935,-11.9631,13,1,43.65
1769,341102,388.6926,167,5,96.39
1770,341305,430.6746,203,5,95.8
1771,341456,276.3979,151,3,87.11
1772,341623,335.5291,167,4,91.5
1773,341865,362.3763,242,4,87.6
1774,342095,302.7986,230,4,89.75
1775,342215,284.6482,120,3,85.84
1776,342409,473.4154,194,4,87.21
1777,342565,297.5879,156,4,90.53
1778,342746,265.4876,181,3,84.57
1779,342918,393.539,172,4,86.82
1780,343106,643.0157,188,6,100.0
1781,343404,376.6534,298,4,86.43
1782,343498,178.0585,94,2,55.57
1783,343645,302.0955,147,4,89.94
1784,343890,278.5509,245,3,83.98
1785,344075,474.5037,185,5,95.9
1786,344281,621.0709,206,6,100.0
1787,344343,-3.1958,62,1,21.39
1788,344524,292.4834,181,4,84.96
1789,344674,233.377,150,2,62.3
1790,344891,465.8166,217,4,86.91
1791,344911,-6.3594,20,1,19.82
1792,345193,364.8407,282,4,89.16
1793,345355,367.843,162,5,96.58
1794,345664,502.2532,309,5,96.68
1795,345801,180.9353,137,3,74.71
1796,346198,345.6109,397,3,89.36
1797,346470,245.8802,272,2,81.35
1798,346579,12.4612,109,1,23.73
1799,346618,33.4517,39,1,22.17
1800,346638,12.1189,20,1,22.75
1801,346833,402.1703,195,4,86.62
1802,346907,176.7252,74,2,70.12
1803,347075,314.5918,168,4,90.33
1804,347235,256.0752,160,3,83.89
1805,347401,331.5807,166,4,89.84
1806,347427,31.9489,26,1,48.83
1807,347685,355.4288,258,4,89.06
1808,347971,441.7268,286,5,97.17
1809,348146,340.8238,175,4,90.82
1810,348275,366.5772,129,4,94.53
1811,348434,388.8027,159,5,94.73
1812,348671,487.2153,237,4,95.41
1813,348941,261.4292,270,3,74.32
1814,349090,277.7726,149,3,84.67
1815,349444,311.2724,354,5,95.02
1816,349696,339.756,252,4,89.06
1817,349884,325.4431,188,3,87.89
1818,350099,305.0714,215,3,84.57
1819,350310,415.836,211,4,87.4
1820,350878,165.4192,568,2,66.89
1821,351195,310.2417,317,4,90.82
1822,351489,277.7634,294,3,81.74
1823,351786,264.4284,297,3,81.25
1824,352053,402.9186,267,4,91.41
1825,352564,449.1856,511,5,96.97
1826,352753,198.0545,189,3,73.63
1827,353075,443.4234,322,4,93.65
1828,353343,530.5933,268,4,93.65
1829,353350,-20.0429,7,1,39.36
1830,353672,211.9495,322,2,65.92
1831,353860,333.772,188,4,92.48
1832,354064,629.9313,204,6,100.0
1833,354268,660.6471,204,6,100.0
1834,354502,336.9151,234,4,91.31
1835,354754,283.2206,252,3,75.29
1836,355003,204.4107,249,2,63.09
1837,355149,215.9566,146,3,73.93
1838,355326,400.8079,177,5,96.29
1839,355575,355.9318,249,5,94.43
1840,355594,8.7586,19,1,42.48
1841,355738,201.4833,144,3,73.34
1842,355762,-0.506,24,1,20.7
1843,355914,284.0506,152,3,82.81
1844,356140,363.4331,226,5,94.53
1845,356459,430.4356,319,4,87.3
1846,356690,320.791,231,3,83.59
1847,356808,214.4726,118,2,60.06
1848,356830,8.5938,22,1,22.75
1849,357056,321.1589,226,4,88.28
1850,357345,362.9727,289,5,94.92
1851,357528,497.8069,183,5,95.8
1852,357853,211.4519,325,2,66.02
1853,358273,252.0327,420,4,89.94
1854,358292,11.65,19,1,24.32
1855,358437,355.9272,145,5,94.82
1856,358655,341.3923,218,5,95.02
1857,358681,-1.1629,26,1,20.41
1858,358698,-11.973,17,1,14.94
1859,358895,282.6421,197,4,88.96
1860,359069,377.6676,174,5,94.53
1861,359248,469.453,179,5,95.61
1862,359457,323.2489,209,4,90.53
1863,359687,289.6518,230,3,85.94
1864,359901,222.0058,214,2,64.06
1865,360016,217.3337,115,2,61.72
1866,360210,240.314,194,3,84.08
1867,360777,255.879,567,4,90.72
1868,361019,437.24,242,5,90.14
1869,361087,151.2574,68,2,53.71
1870,361299,356.1277,212,4,90.82
1871,361352,102.3702,53,1,64.36
1872,361531,368.0275,179,5,94.73
1873,361674,280.6645,143,3,71.97
1874,361954,279.5831,280,3,72.56
1875,362118,320.33,164,4,90.14
1876,362485,327.2882,367,4,91.41
1877,362736,244.9057,251,3,84.47
1878,363033,157.5138,297,3,75.2
1879,363322,327.5195,289,4,93.26
1880,363523,284.0671,201,4,90.43
1881,363549,-6.8142,26,1,17.97
1882,363864,359.6471,315,5,95.9
1883,364033,388.442,169,5,96.88
1884,364382,462.261,349,4,88.87
1885,364737,281.4201,355,3,91.02
1886,364999,150.0552,262,3,72.56
1887,365177,221.6025,178,3,78.12
1888,365496,246.4076,319,3,84.08
1889,365638,230.9221,142,2,61.23
1890,365957,264.9409,319,4,91.5
1891,366174,389.9469,217,4,90.62
1892,366380,327.3542,206,4,90.23
1893,366682,210.6181,302,3,81.15
1894,366861,342.7552,179,4,90.62
1895,367058,336.0254,197,4,90.14
1896,367257,216.5772,199,2,63.28
1897,367274,-2.8496,17,1,17.29
1898,367538,99.2213,264,2,65.82
1899,367754,278.8134,216,3,82.42
1900,368069,240.9304,315,3,81.05
1901,368284,437.1264,215,4,86.52
1902,368574,369.6439,290,5,96.29
1903,368825,261.028,251,3,77.93
1904,369047,372.5494,222,5,94.92
1905,369236,301.8974,189,3,72.07
1906,369696,307.0911,460,4,91.11
1907,369846,352.5344,150,5,94.63
1908,370018,394.8319,172,5,96.58
1909,370042,11.0696,24,1,21.48
1910,370207,386.6125,165,5,95.9
1911,370409,276.2139,202,3,71.58
1912,370576,240.7982,167,3,79.1
1913,370804,341.4108,228,4,90.33
1914,371129,349.6581,325,4,90.23
1915,371267,202.4189,138,2,73.83
1916,371452,613.4735,185,6,100.0
1917,371640,397.4965,188,5,97.66
1918,371824,609.9817,184,6,100.0
1919,372009,360.8571,185,5,94.73
1920,372210,371.1227,201,5,94.73
1921,372478,179.7241,268,2,71.68
1922,372747,277.0971,269,3,90.53
1923,372900,375.7866,153,5,95.12
1924,373109,646.8128,209,6,100.0
1925,373399,456.3325,290,4,89.55
1926,373587,231.2355,188,3,80.57
1927,373607,2.8808,20,1,21.48
1928,373624,2.8889,17,1,42.68
1929,373857,240.094,233,3,74.71
1930,374036,330.7871,179,3,88.28
1931,374359,336.0829,323,4,91.11
1932,374577,263.4712,218,3,81.05
1933,374861,191.3876,284,2,73.14
1934,375029,316.1791,168,4,90.72
1935,375235,187.2674,206,2,63.87
1936,375511,282.6415,276,3,72.66
1937,375765,265.3652,254,3,73.44
1938,376132,286.2943,367,3,72.27
1939,376284,374.8937,152,5,94.73
1940,376469,622.55,185,6,100.0
1941,376641,402.7981,172,5,97.85
1942,376843,217.541,202,3,75.59
1943,377002,310.9241,159,4,90.62
1944,377236,332.0593,234,3,86.04
1945,377384,145.9452,148,2,64.84
1946,377558,622.4729,174,6,100.0
1947,377734,605.9884,176,6,100.0
1948,377903,241.7791,169,3,73.83
1949,378131,146.9374,228,2,65.33
1950,378248,277.5192,117,3,86.04
1951,378395,224.3776,147,2,61.13
1952,378636,263.7765,241,3,80.57
1953,378888,665.3141,252,6,100.0
1954,379083,393.8656,195,5,94.53
1955,379099,-5.4954,16,1,18.16
1956,379291,244.188,192,3,80.47
1957,379477,302.3525,186,4,89.45
1958,379684,183.0068,207,2,62.01
1959,379807,267.6045,123,3,89.45
1960,379997,286.6143,190,4,91.21
1961,380233,390.1604,236,5,97.27
1962,380608,198.6855,375,2,73.14
1963,380863,704.0662,255,6,100.0
1964,381237,321.7605,374,3,78.81
1965,381265,-10.8286,28,1,21.19
1966,381465,283.3091,200,3,90.82
1967,381620,347.3601,155,5,94.63
1968,381792,611.1699,172,6,100.0
1969,381988,214.0911,196,3,80.66
1970,381998,-14.2326,10,1,42.09
1971,382167,314.0567,169,3,86.13
1972,382498,235.3204,331,3,81.05
1973,382782,200.3215,284,3,74.8
1974,383199,595.4797,417,6,100.0
1975,383299,72.0159,100,1,54.1
1976,383474,589.7057,175,6,100.0
1977,383538,9.8298,64,1,21.39
1978,383950,421.9882,412,4,86.04
1979,384111,352.7267,161,5,94.82
1980,384356,296.9217,245,4,91.31
1981,384597,103.081,241,2,31.35
1982,384873,10.3484,276,1,21.58
1983,385041,376.9519,168,5,97.36
1984,385418,226.8085,377,3,79.59
1985,385603,281.3359,185,3,74.02
1986,385788,274.3658,185,3,73.83
1987,386249,201.4954,461,2,64.84
1988,386515,95.2583,266,2,61.72
1989,386922,219.1445,407,3,73.54
1990,387101,323.9267,179,4,90.23
1991,387326,177.9766,225,2,71.58
1992,387652,241.5152,326,3,73.93
1993,387871,339.9461,219,5,95.8
1994,388081,390.9658,210,5,96.29
1995,388272,239.639,191,3,80.57
1996,388562,309.462,290,4,85.45
1997,388679,195.8451,117,2,60.25
1998,388838,203.4851,159,3,75.59
1999,389103,188.7944,265,3,73.24
2000,389386,197.4215,283,3,76.95
2001,389601,411.6444,215,5,97.17
2002,389786,179.0439,185,2,51.66
2003,389805,1.7503,19,1,44.14
2004,389827,5.7521,22,1,21.78
2005,390109,381.5393,282,5,94.92
2006,390335,337.6648,226,4,93.65
2007,390622,216.1273,287,2,63.57
2008,391222,315.3741,600,3,75.1
2009,391466,326.9199,244,4,91.31
2010,391640,351.6563,174,4,94.04
2011,391666,11.1003,26,1,21.68
2012,391853,628.1537,187,6,100.0
2013,392112,253.6744,259,3,89.65
2014,392458,339.4563,346,4,89.45
2015,392805,203.1139,347,3,74.8
2016,393175,268.2153,370,3,73.24
2017,393390,352.965,215,4,90.53
2018,393504,325.444,114,4,89.55
2019,393691,379.6984,187,5,94.92
2020,393958,310.0373,267,4,89.94
2021,394145,260.9737,187,3,73.54
2022,394601,117.3905,456,2,70.8
2023,394900,189.9715,299,3,76.76
2024,395196,199.9111,296,3,81.45
2025,395498,258.3671,302,3,73.73
2026,395685,380.0587,187,5,96.78
2027,395946,136.5336,261,2,69.43
2028,396265,339.6157,319,4,85.35
2029,396431,368.3523,166,4,95.31
2030,396787,339.8479,356,4,95.61
2031,396954,241.8218,167,3,73.14
2032,397213,356.3659,259,5,95.21
2033,397549,262.3809,336,3,83.69
2034,397833,261.3759,284,3,74.9
2035,398015,283.6078,182,3,76.46
2036,398285,283.9882,270,4,87.21
2037,398517,334.0366,232,3,90.62
2038,398751,223.0421,234,2,56.64
2039,399027,200.6478,276,3,81.15
2040,399047,-12.2058,20,1,18.36
2041,399298,177.3042,251,2,75.0
2042,399489,334.4779,191,4,91.21
2043,399514,-12.9046,25,1,16.41
2044,399723,415.6935,209,5,94.43
2045,399956,335.4487,233,5,95.12
2046,400320,178.282,364,2,71.97
2047,400579,253.2073,259,2,74.32
2048,400725,284.0986,146,3,87.99
2049,400915,369.2613,190,5,95.12
2050,401105,181.2567,190,2,71.29
2051,401324,250.6786,219,2,69.63
2052,401613,267.3333,289,4,91.11
2053,401882,562.7783,269,6,100.0
2054,402058,359.0926,176,5,95.02
2055,402071,-5.6497,13,1,40.53
2056,402236,237.0674,165,3,82.13
2057,402462,239.4584,226,2,74.71
2058,402645,313.6191,183,4,90.92
2059,402899,226.4153,254,3,76.66
2060,403357,160.2147,458,3,75.98
2061,403556,215.8192,199,3,79.49
2062,403972,382.1916,416,5,99.22
2063,403991,-1.3586,19,1,44.53
2064,404225,362.4908,234,5,96.0
2065,404414,386.3675,189,5,96.48
2066,404709,132.0418,295,2,70.21
2067,404948,315.1283,239,4,90.72
2068,405374,122.9464,426,2,74.22
2069,405662,297.7824,288,3,76.37
2070,406118,149.3093,456,3,79.0
2071,406343,307.3079,225,4,90.23
2072,406657,277.3274,314,4,92.38
2073,407065,194.762,408,3,73.44
2074,407248,275.4964,183,3,73.34
2075,407659,166.4625,411,2,71.88
2076,408062,282.8505,403,4,89.45
2077,408080,-12.0937,18,1,16.7
2078,408519,245.6848,439,4,91.21
2079,408780,240.3379,261,3,82.03
2080,409042,201.1727,262,2,75.29
2081,409279,380.7558,237,5,97.07
2082,409678,373.3056,399,5,96.29
2083,409698,-6.1291,20,1,18.65
2084,409950,311.1385,252,4,90.72
2085,410289,237.0023,339,3,75.0
2086,410501,374.3887,212,5,94.92
2087,410850,212.7911,349,3,81.45
2088,411173,294.7217,323,4,90.33
2089,411463,322.7273,290,4,86.13
2090,411754,194.9885,291,2,57.13
2091,412048,327.6056,294,4,90.53
2092,412240,652.0245,192,6,100.0
2093,412766,170.0365,526,3,82.81
2094,412948,236.8296,182,2,65.72
2095,412977,6.828,29,1,20.8
2096,412996,-0.0355,19,1,19.92
2097,413591,283.3835,595,4,85.06
2098,413949,340.7685,358,5,95.12
2099,414128,619.4702,179,6,100.0
2100,414314,619.3079,186,6,100.0
2101,414545,252.5054,231,3,83.69
2102,414559,-5.949,14,1,43.46
2103,415159,250.3641,600,2,68.75
2104,415672,276.0824,513,3,88.96
2105,416018,358.4237,346,5,95.21
2106,416431,206.7972,413,3,80.37
2107,416645,245.3017,214,3,83.01
2108,417062,214.0115,417,3,78.81
2109,417353,350.6934,291,5,95.12
2110,417381,-8.7735,28,1,20.7
2111,417405,1.5157,24,1,19.34
2112,417583,625.0244,178,6,100.0
2113,417900,256.5069,317,2,71.19
2114,418177,262.9735,277,4,90.33
2115,418530,299.7657,353,5,95.02
2116,418987,238.6502,457,4,93.26
2117,419010,-6.9105,23,1,17.97
2118,419608,230.7517,598,3,82.32
2119,419630,11.5199,22,1,21.78
2120,419778,227.3205,148,2,61.52
2121,419968,326.3056,190,3,76.66
2122,420071,186.6751,103,2,52.64
2123,420103,25.83,32,1,21.0
2124,420442,123.3751,339,2,70.02
2125,420740,276.6091,298,4,90.62
2126,421015,345.5227,275,5,94.82
2127,421340,361.8744,325,5,94.92
2128,421499,308.4101,159,4,91.11
2129,421591,216.4404,92,3,82.91
2130,421766,316.1898,175,4,90.62
2131,421937,598.956,171,6,100.0
2132,422224,294.8833,287,4,89.84
2133,422483,334.2392,259,5,94.53
2134,423043,479.7989,560,5,100.0
2135,423451,223.7742,408,3,84.38
2136,423904,200.6482,453,3,76.17
2137,424040,316.4144,136,4,90.53
2138,424133,229.1825,93,3,76.95
2139,424259,283.3734,126,4,91.41
2140,424515,240.6064,256,3,78.22
2141,424638,300.0434,123,4,88.48
2142,424757,288.3776,119,4,89.75
2143,425028,331.7311,271,5,95.7
2144,425367,207.0286,339,4,83.3
2145,425485,300.3024,118,4,89.36
2146,426085,179.2676,600,2,74.51
2147,426256,610.6095,171,6,100.0
2148,426828,204.5659,572,2,67.58
2149,427005,617.0682,177,6,100.0
2150,427393,225.4173,388,3,76.17
2151,427573,622.5913,180,6,100.0
2152,427862,367.0324,289,5,95.9
2153,428266,324.555,404,5,95.9
2154,428713,138.6345,447,2,38.48
2155,428737,4.8312,24,1,21.39
2156,429337,269.5844,600,2,69.53
2157,429765,292.9406,428,5,94.24
2158,430038,269.0001,273,4,89.55
2159,430220,637.4145,182,6,100.0
2160,430574,243.4438,354,4,90.62
2161,430931,207.7346,357,3,73.24
2162,431337,187.9946,406,3,81.25
2163,431445,247.947,108,3,73.73
2164,431617,240.5833,172,2,64.84
2165,431959,293.666,342,4,94.82
2166,432315,214.21,356,4,83.11
2167,432584,338.5784,269,5,94.82
2168,432751,294.6993,167,4,90.92
2169,433151,249.4005,400,4,90.72
2170,433559,194.5943,408,3,80.47
2171,433914,183.4115,355,3,78.32
2172,434178,369.8271,264,5,95.8
2173,434495,205.4858,317,3,77.93
2174,434898,338.2256,403,5,95.21
2175,435095,669.4351,197,6,100.0
2176,435314,343.5164,219,5,95.21
2177,435603,179.5199,289,3,79.69
2178,435933,186.4922,330,3,75.39
2179,436334,296.8436,401,4,93.16
2180,436448,225.9511,114,3,75.68
2181,436714,206.5402,266,3,79.88
2182,436982,201.7953,268,3,80.86
2183,437279,304.1935,297,5,94.92
2184,437571,254.0889,292,2,67.68
2185,437868,384.2339,297,5,98.63
2186,438262,297.2235,394,5,94.43
2187,438608,230.9729,346,3,80.18
2188,438889,58.9117,281,2,64.84
2189,439067,632.1546,178,6,100.0
2190,439489,184.9849,422,3,73.54
2191,439638,212.4404,149,2,60.06
2192,439830,651.0681,192,6,100.0
2193,440272,186.2406,442,2,65.62
2194,440285,-2.5142,13,1,42.68
2195,440634,203.6211,349,3,78.42
2196,440948,319.198,314,5,94.63
2197,441299,221.4712,351,3,73.54
2198,441412,253.2571,113,3,82.52
2199,441790,257.1328,378,4,88.87
2200,441921,329.7433,131,4,88.57
2201,442297,210.554,376,3,78.81
2202,442718,200.1674,421,3,73.14
2203,442733,-2.9206,15,1,42.48
2204,442920,169.1298,187,2,72.46
2205,443117,663.5603,197,6,100.0
2206,443490,197.8969,373,3,81.35
2207,443621,302.3938,131,4,87.99
2208,443891,248.8035,270,2,65.92
2209,444260,354.8733,369,5,96.68
2210,444568,316.3967,308,4,91.21
2211,444647,180.1445,79,2,71.97
2212,444960,273.3308,313,4,93.85
2213,445462,230.636,502,2,64.75
2214,445635,617.3654,173,6,100.0
2215,445662,35.0117,27,1,46.0
2216,445861,360.5336,199,5,95.21
2217,446173,266.377,312,4,91.21
2218,446437,266.7912,264,4,89.36
2219,446449,-5.3425,12,1,43.36
2220,446848,303.6303,399,5,95.02
2221,446971,300.6293,123,4,88.96
2222,447156,625.2574,185,6,100.0
2223,447582,239.6395,426,4,88.87
2224,447627,100.2425,45,2,33.3
2225,447933,309.2863,306,5,94.82
2226,448345,315.1628,412,5,95.21
2227,448548,267.7146,203,3,72.75
2228,449148,295.7255,600,4,88.77
2229,449440,263.035,292,4,91.7
2230,449742,287.8365,302,5,90.33
2231,450122,147.9551,380,3,74.61
2232,450650,200.2679,528,2,68.46
2233,450983,286.5311,333,4,92.87
2234,451158,626.7209,175,6,100.0
2235,451385,380.6442,227,5,95.9
2236,451906,186.769,521,3,73.05
2237,452200,359.2972,294,5,95.41
2238,452617,201.7509,417,4,89.45
2239,452961,321.7306,344,5,97.95
2240,453047,173.2872,86,2,70.02
2241,453464,311.946,417,5,94.73
2242,453839,251.6725,375,4,89.65
2243,453861,2.6105,22,1,19.24
2244,454220,236.0166,359,3,81.84
2245,454638,254.9031,418,4,89.65
2246,455083,232.8652,445,2,71.78
2247,455683,199.5013,600,2,64.45
2248,455958,252.292,275,2,68.26
2249,456068,299.1767,110,4,88.38
2250,456668,246.4214,600,2,63.28
2251,456791,287.4524,123,4,89.75
2252,457289,282.9538,498,5,99.51
2253,457795,231.258,506,4,84.08
2254,457804,-14.3841,9,1,41.21
2255,457923,300.5149,119,4,88.67
2256,458040,304.379,117,4,90.23
2257,458521,227.1842,481,3,79.98
2258,458800,225.7259,279,2,69.82
2259,459040,284.9564,240,4,89.84
2260,459158,306.9242,118,4,89.55
2261,459491,214.2682,333,4,89.55
2262,459849,236.5472,358,4,90.04
2263,460158,202.3528,309,3,80.57
2264,460339,638.1581,181,6,100.0
2265,460890,172.972,551,3,77.93
2266,461297,185.3717,407,2,62.11
2267,461646,295.8458,349,4,94.24
2268,461992,316.8965,346,5,96.09
2269,462274,184.734,282,3,74.8
2270,462636,261.7834,362,4,89.16
2271,462650,-2.8723,14,1,43.46
2272,463025,321.8787,375,5,94.63
2273,463221,671.7706,196,6,100.0
2274,463398,263.4697,177,2,67.87
2275,463814,243.643,416,3,83.11
2276,464230,309.9376,416,5,99.51
2277,464508,304.4489,278,5,95.41
2278,464788,335.2434,280,5,94.43
2279,465053,346.1058,265,5,94.73
2280,465339,283.3863,286,4,94.92
2281,465468,330.5262,129,4,91.02
2282,465819,300.3532,351,5,96.97
2283,466033,179.2703,214,3,81.35
2284,466120,210.8447,87,3,80.66
2285,466434,206.9035,314,3,82.13
2286,466556,324.8004,122,4,89.36
2287,466840,339.0165,284,5,96.0
2288,467211,178.1245,371,3,80.27
2289,467253,32.3864,42,1,24.32
2290,467540,246.6443,287,4,90.82
2291,467713,607.725,173,6,100.0
2292,467979,307.3164,266,5,94.82
2293,468305,265.0604,326,4,87.4
2294,468484,628.882,179,6,100.0
2295,468790,316.3767,306,5,94.92
2296,469162,230.6094,372,4,88.96
2297,469511,181.9368,349,3,75.68
2298,469842,237.0974,331,4,83.98
2299,470081,373.9801,239,5,95.9
2300,470354,259.896,273,4,89.75
2301,470954,181.7828,600,2,72.27
2302,471429,229.2104,475,3,73.93
2303,471701,278.7575,272,4,90.23
2304,472301,229.5115,600,2,64.65
2305,472555,324.4592,254,5,94.73
2306,472687,322.681,132,4,92.58
2307,472970,287.0258,283,4,89.45
2308,473570,268.3806,600,2,65.14
2309,473848,370.7001,278,5,96.0
2310,474116,330.5702,268,5,95.31
2311,474309,668.3112,193,6,100.0
2312,474703,311.7711,394,5,94.92
2313,474884,612.1111,181,6,100.0
2314,475161,335.4678,277,5,94.43
2315,475320,437.6705,159,4,77.73
2316,475606,354.7943,286,5,96.0
2317,476206,267.3215,600,2,66.11
2318,476323,268.7352,117,3,82.03
2319,476397,183.2057,74,2,74.8
2320,476665,311.1855,268,5,95.02
2321,477088,173.4732,423,2,62.01
2322,477401,203.5042,313,3,80.86
2323,477725,260.0966,324,4,82.81
2324,478325,239.8945,600,2,65.43
2325,478353,23.2615,28,1,21.68
2326,478444,214.0519,91,3,80.66
2327,478701,280.0185,257,4,93.36
2328,478972,219.1268,271,3,73.83
2329,479572,284.6006,600,2,65.53
2330,480101,93.7932,529,2,50.68
2331,480289,629.8952,188,6,100.0
2332,480612,174.3144,323,3,76.56
2333,480966,202.1323,354,4,82.42
2334,481392,243.5264,426,4,84.08
2335,481410,-18.0177,18,1,15.53
2336,481750,200.7242,340,3,80.96
2337,482116,146.187,366,3,75.68
2338,482415,274.565,299,4,89.84
2339,482700,308.4889,285,5,94.73
2340,482963,346.7522,263,5,96.78
2341,483563,312.9593,600,2,70.12
2342,483798,339.7081,235,5,94.34
2343,484192,254.7564,394,3,75.2
2344,484610,272.3713,418,4,92.58
2345,484777,614.978,167,6,100.0
2346,485075,280.4194,298,4,89.16
2347,485446,133.2194,371,2,72.46
2348,485825,232.6688,379,3,74.02
2349,485972,217.1212,147,3,82.13
2350,486059,158.0281,87,2,70.8
2351,486079,15.1685,20,1,22.27
2352,486416,275.1192,337,4,90.62
2353,486738,229.8934,322,3,80.66
2354,487113,262.1859,375,4,91.21
2355,487229,235.4232,116,3,79.39
2356,487369,327.0848,140,3,86.62
2357,487440,168.6867,71,2,51.07
2358,487704,332.5823,264,5,95.21
2359,488120,258.2076,416,3,84.28
2360,488377,184.4813,257,2,71.19
2361,488977,211.3981,600,3,74.9
2362,489393,261.0242,416,4,90.82
2363,489737,231.7912,344,3,89.94
2364,489995,306.7223,258,4,94.34
2365,490013,12.2114,18,1,21.48
2366,490301,356.0048,288,5,95.51
2367,490440,314.1948,139,4,89.06
2368,490742,321.2835,302,5,95.12
2369,491342,308.2332,600,2,69.34
2370,491616,523.0252,274,5,99.51
2371,491679,101.2263,63,1,56.15
2372,491703,-9.4511,24,1,19.04
2373,492076,360.963,373,5,98.93
2374,492102,-0.8386,26,1,21.0
2375,492175,73.2102,73,1,28.71
2376,492539,249.7201,364,4,88.77
2377,492797,190.9495,258,3,74.51
2378,493304,173.306,507,3,82.23
2379,493664,341.0357,360,5,99.41
2380,494071,192.0844,407,3,74.22
2381,494081,-14.5408,10,1,40.04
2382,494130,84.3133,49,1,57.42
2383,494325,625.0798,195,6,100.0
2384,494657,250.1724,332,3,83.5
2385,494946,318.6464,289,5,94.82
2386,495155,265.068,209,3,81.45
2387,495299,346.7142,144,4,87.3
2388,495796,186.0459,497,3,81.74
2389,496071,338.2517,275,5,95.7
2390,496237,601.8897,166,6,99.9
2391,496507,310.9496,270,5,95.02
2392,496642,306.8213,135,3,85.25
2393,496836,271.3281,194,3,81.05
2394,496982,304.2081,146,3,73.24
2395,497283,330.4131,301,5,94.43
2396,497448,596.5886,165,6,100.0
2397,497612,588.2556,164,6,100.0
2398,497792,631.5737,180,6,99.9
2399,498202,317.4345,410,5,95.41
2400,498528,199.5656,326,4,82.62
2401,498937,402.4145,409,5,99.8
2402,499201,315.6647,264,4,91.21
2403,499314,244.5105,113,3,81.05
2404,499655,295.8884,341,4,93.55
2405,500079,245.2433,424,3,74.8
2406,500169,160.5356,90,2,68.26
2407,500743,102.6119,574,3,80.37
2408,500921,629.6374,178,6,100.0
2409,501521,99.1678,600,2,68.55
2410,501618,216.5796,97,3,80.86
2411,501749,316.695,131,4,91.31
2412,501871,299.9983,122,4,89.36
2413,502190,302.1123,319,5,95.12
2414,502362,604.3392,172,6,100.0
2415,502633,233.1972,271,3,82.81
2416,502745,301.2137,112,4,89.75
2417,502837,206.8654,92,3,80.86
2418,503121,273.3154,284,3,74.22
2419,503439,326.9388,318,5,95.31
2420,503845,246.0615,406,3,75.49
2421,504213,236.655,368,3,73.83
2422,504368,413.5452,155,4,80.18
2423,504542,633.5418,174,6,100.0
2424,504658,283.2543,116,4,91.41
2425,504948,288.7566,290,5,89.65
2426,505275,331.4366,327,5,94.34
2427,505586,325.606,311,5,95.61
2428,505991,236.979,405,3,75.2
2429,506397,256.8519,406,4,93.16
2430,506719,303.6367,322,5,94.92
2431,507212,316.3763,493,5,98.24
2432,507524,265.7782,312,4,92.38
2433,507892,209.4852,368,4,90.53
2434,508234,184.4887,342,4,83.11
2435,508591,273.0182,357,4,89.16
2436,508602,-8.4211,11,1,44.34
2437,508781,624.625,179,6,100.0
2438,509159,202.0821,378,3,85.35
2439,509558,143.9852,399,3,80.37
2440,509822,699.9054,264,6,100.0
2441,510232,213.3525,410,3,76.46
2442,510832,318.3944,600,5,94.92
2443,511006,627.9279,174,6,100.0
2444,511022,2.5262,16,1,43.85
2445,511372,252.9767,350,3,80.37
2446,511566,290.3322,194,4,90.04
2447,511733,373.2561,167,5,95.12
2448,511822,223.2602,89,3,77.54
2449,511981,226.8159,159,2,63.77
2450,512374,175.6741,393,3,85.55
2451,512467,233.2396,93,3,80.18
2452,513002,234.2789,535,4,89.75
2453,513405,214.5382,403,3,73.34
2454,513808,213.701,403,3,73.05
2455,513995,642.5635,187,6,100.0
2456,514170,630.5316,175,6,100.0
2457,514606,286.4112,436,4,90.04
2458,514912,337.5033,306,5,94.53
2459,515372,343.7728,460,5,94.82
2460,515390,-9.022,18,1,15.33
2461,515757,296.6976,367,4,93.16
2462,516073,274.6291,316,3,83.01
2463,516202,330.2058,129,4,88.48
2464,516802,310.5317,600,3,81.35
2465,516819,-12.1122,17,1,14.26
2466,517254,210.408,435,3,73.44
2467,517551,241.5463,297,4,92.38
2468,517881,349.0809,330,5,95.8
2469,518050,617.1401,169,6,100.0
2470,518470,260.9756,420,4,89.75
2471,518752,205.6788,282,3,80.96
2472,519352,342.2875,600,4,87.3
2473,519462,222.5365,110,3,79.1
2474,519680,229.8363,218,3,82.13
2475,519862,632.5324,182,6,100.0
2476,520038,339.6761,176,5,94.73
2477,520499,107.0209,461,2,71.29
2478,520522,17.938,23,1,20.51
2479,520703,636.1548,181,6,100.0
2480,520966,348.2523,263,5,95.61
2481,521566,265.5246,600,3,75.39
2482,522077,236.1105,511,4,90.23
2483,522367,245.238,290,2,66.8
2484,522690,331.1857,323,5,94.53
2485,522729,22.7193,39,1,38.28
2486,523226,185.341,497,3,81.45
2487,523826,274.8471,600,2,68.85
2488,524426,215.684,600,2,65.33
2489,524553,258.6845,127,4,79.88
2490,524712,168.6537,159,2,51.66
2491,524840,321.3141,128,4,90.23
2492,525015,592.1972,175,6,100.0
2493,525073,94.4941,58,1,32.13
2494,525447,311.4702,374,5,94.24
2495,525577,305.3369,130,4,90.23
2496,526016,289.9006,439,5,95.21
2497,526616,216.3138,600,3,80.66
2498,526976,354.0919,360,5,94.34
2499,527406,218.8112,430,3,89.06
2500,528006,290.9483,600,3,75.59
2501,528606,216.5843,600,3,77.15
2502,529206,205.3065,600,4,90.33
2503,529351,201.8287,145,3,81.05
2504,529573,660.5632,222,6,100.0
2505,529757,637.5529,184,6,100.0
2506,530049,326.7424,292,5,95.21
2507,530059,-11.4691,10,1,42.97
2508,530234,637.0215,175,6,100.0
2509,530245,-8.1844,11,1,44.14
2510,530267,14.6046,22,1,38.57
2511,530597,305.6162,330,5,94.53
2512,530619,17.9517,22,1,21.78
2513,531194,175.275,575,4,89.06
2514,531329,247.5529,135,2,73.05
2515,531344,-3.9176,15,1,21.19
2516,531532,635.3908,188,6,100.0
2517,531707,646.2048,175,6,100.0
2518,532124,204.1123,417,4,90.43
2519,532236,152.5371,112,1,50.39
2520,532836,249.2692,600,3,81.64
2521,533289,295.0583,453,5,95.21
2522,533735,280.4852,446,5,94.92
2523,533755,12.099,20,1,22.07
2524,534268,271.8128,513,5,94.34
2525,534397,176.3633,129,2,50.88
2526,534774,238.0723,377,4,90.72
2527,535374,326.4407,600,4,89.45
2528,535477,267.0138,103,3,54.59
2529,536077,321.4235,600,4,88.09
2530,536677,279.026,600,4,89.84
2531,537185,296.981,508,5,94.73
2532,537785,217.2787,600,3,70.31
2533,537920,178.231,135,2,50.78
2534,538024,131.5021,104,1,50.1
2535,538174,331.4055,150,4,89.45
2536,538774,225.741,600,4,89.94
2537,539094,248.0549,320,4,90.62
2538,539120,14.3036,26,1,38.96
2539,539410,295.1914,290,3,83.79
2540,540010,293.5155,600,5,95.12
2541,540483,251.1555,473,4,92.48
2542,541083,216.6747,600,3,80.57
2543,541209,306.6496,126,4,86.82
2544,541520,275.1945,311,4,90.14
2545,541962,278.5416,442,5,94.24
2546,542562,262.8951,600,3,70.02
2547,543068,252.5108,506,5,94.92
2548,543668,250.0069,600,3,71.19
2549,543809,322.1924,141,4,91.41
2550,543961,402.5923,152,4,78.03
2551,544054,251.9246,93,3,75.49
2552,544535,241.377,481,5,97.95
2553,545135,194.6698,600,3,73.63
2554,545307,623.2765,172,6,100.0
2555,545352,73.011,45,1,29.1
2556,545553,650.0775,201,6,100.0
2557,546153,227.1909,600,3,73.73
2558,546753,218.053,600,4,90.14
2559,547353,205.6501,600,4,88.96
2560,547396,69.5706,43,1,61.62
2561,547727,298.7364,331,5,94.73
2562,547969,325.6672,242,4,90.14
2563,548569,284.6897,600,5,95.21
2564,548861,325.6107,292,5,95.12
2565,548906,36.7549,45,1,24.61
2566,549194,218.4114,288,3,81.35
2567,549794,260.8551,600,4,91.11
2568,549894,251.8699,100,3,54.3
2569,550021,275.0816,127,4,89.16
2570,550156,192.3647,135,2,52.64
2571,550667,194.9982,511,4,90.72
2572,551024,305.8419,357,5,94.73
2573,551624,246.1686,600,4,90.33
2574,551640,2.9102,16,1,45.8
2575,551827,633.888,187,6,100.0
2576,552138,193.8303,311,3,81.45
2577,552738,211.8726,600,4,83.79
2578,553338,242.7367,600,4,89.16
2579,553492,417.0229,154,4,81.74
2580,553912,266.5846,420,3,81.35
2581,554012,239.2365,100,3,73.93
2582,554612,247.5447,600,4,94.43
2583,555105,214.4577,493,3,74.51
2584,555123,4.712,18,1,41.89
2585,555636,237.4326,513,3,81.54
2586,556091,209.6504,455,3,75.1
2587,556449,301.9602,358,5,96.09
2588,556763,244.3403,314,3,82.52
2589,557227,226.7077,464,3,80.96
2590,557776,181.8733,549,4,90.14
2591,557997,682.1599,221,6,100.0
2592,558194,661.143,197,6,100.0
2593,558626,199.2313,432,3,81.84
2594,559226,234.4284,600,4,89.84
2595,559390,309.1634,164,3,69.82
2596,559598,229.3358,208,3,80.76
2597,560170,142.9521,572,3,82.81
2598,560526,201.1067,356,3,75.98
2599,560546,14.3979,20,1,41.5
2600,560758,260.7761,212,4,88.48
2601,560938,649.2238,180,6,100.0
2602,561505,193.5792,567,3,76.56
2603,561999,213.0746,494,3,82.13
2604,562180,650.461,181,6,100.0
2605,562780,211.1608,600,3,80.37
2606,563207,285.3861,427,5,95.51
2607,563807,306.1989,600,5,95.31
2608,563856,69.118,49,1,47.75
2609,563926,156.0692,70,2,52.05
2610,564526,213.0564,600,3,80.96
2611,564909,317.5916,383,5,95.51
2612,565007,231.4648,98,3,77.64
2613,565096,167.2926,89,2,69.63
2614,565282,646.1724,186,6,100.0
2615,565835,228.9363,553,5,94.34
2616,566336,177.8088,501,4,90.33
2617,566936,255.2732,600,5,95.02
2618,567195,262.0971,259,3,74.12
2619,567795,249.6993,600,3,82.13
2620,567896,120.429,101,1,56.15
2621,568105,689.9477,209,6,100.0
2622,568288,656.6502,183,6,100.0
2623,568771,270.9913,483,3,76.66
2624,569077,273.7949,306,3,84.28
2625,569535,221.117,458,4,89.84
2626,570135,318.2197,600,5,98.44
2627,570735,272.6087,600,4,91.5
2628,571335,292.6309,600,5,95.9
2629,571610,247.0306,275,3,77.15
2630,572210,341.4898,600,5,97.17
2631,572810,227.5475,600,4,88.67
2632,572941,85.8869,131,1,64.55
2633,573145,643.7982,204,6,100.0
2634,573334,231.7472,189,3,84.38
2635,573680,207.3024,346,3,82.03
2636,574085,218.6571,405,4,83.4
2637,574184,175.2687,99,2,70.31
2638,574378,663.2044,194,6,100.0
2639,574580,664.9691,202,6,100.0
2640,575072,267.2403,492,5,94.82
2641,575672,190.3154,600,4,89.45
2642,575929,304.1472,257,4,88.96
2643,576461,281.5477,532,5,95.12
2644,576574,292.5841,113,4,90.23
2645,577072,221.9621,498,4,92.97
2646,577672,294.1151,600,5,94.43
2647,578219,273.2852,547,5,95.21
2648,578416,285.0036,197,4,90.04
2649,578439,20.794,23,1,22.17
2650,579039,231.7152,600,4,92.58
2651,579236,275.1916,197,3,76.56
2652,579334,228.7871,98,3,78.12
2653,579934,224.5991,600,3,82.32
2654,580128,261.35,194,3,74.8
2655,580728,229.1558,600,3,77.64
2656,581029,289.3676,301,4,88.48
2657,581074,33.2679,45,1,22.27
2658,581097,3.0132,23,1,20.21
2659,581286,250.7298,189,3,75.68
2660,581886,225.9066,600,4,89.45
2661,582090,655.2837,204,6,100.0
2662,582271,206.0876,181,2,73.54
2663,582840,267.2729,569,5,94.34
2664,583326,225.8475,486,4,90.43
2665,583926,285.2134,600,4,94.43
2666,583941,-17.4211,15,1,15.82
2667,583974,71.9744,33,2,49.8
2668,584068,228.9214,94,3,77.34
2669,584173,254.9819,105,3,82.13
2670,584773,260.3877,600,5,94.34
2671,585347,281.9383,574,5,94.53
2672,585511,365.5241,164,5,95.02
2673,586111,200.3075,600,4,89.16
2674,586185,129.509,74,2,69.14
2675,586373,648.3693,188,6,100.0
2676,586559,307.8694,186,3,77.93
2677,586658,173.808,99,2,70.12
2678,587258,287.1423,600,5,94.53
2679,587453,268.2643,195,4,90.92
2680,587557,221.2414,104,3,76.46
2681,588000,209.3287,443,3,79.98
2682,588600,161.8428,600,3,81.05
2683,589169,242.6764,569,5,94.34
2684,589569,270.3312,400,3,77.44
2685,590121,271.0378,552,5,95.12
2686,590304,642.9253,183,6,100.0
2687,590616,247.5872,312,3,75.59
2688,590716,216.3519,100,3,75.88
2689,591316,247.7322,600,3,79.2
2690,591515,673.2579,199,6,100.0
2691,591668,292.0808,153,3,83.3
2692,591756,167.5724,88,2,69.92
2693,592072,235.7242,316,4,90.53
2694,592178,205.3094,106,2,69.14
2695,592778,306.5538,600,5,95.12
2696,592803,17.604,25,1,48.34
2697,592863,119.3967,60,1,62.89
2698,592965,165.0461,102,2,70.41
2699,592988,20.6202,23,1,22.36
2700,593571,167.7821,583,3,76.86
2701,593776,250.7502,205,3,87.79
2702,593970,672.2612,194,6,100.0
2703,594570,218.4526,600,3,85.94
2704,594738,191.0326,168,3,83.69
2705,594846,225.3302,108,2,70.21
2706,595082,337.0223,236,3,79.39
2707,595570,212.7756,488,3,92.97
2708,595748,620.2085,178,6,99.9
2709,596016,186.0855,268,3,80.47
2710,596223,318.5188,207,3,77.93
2711,596231,-20.1475,8,1,41.21
2712,596491,277.7209,260,3,74.61
2713,596505,-0.3124,14,1,42.19
2714,596667,218.3361,162,3,83.59
2715,597267,296.0666,600,5,95.31
2716,597447,192.9549,180,2,74.41
2717,597768,353.9256,321,3,79.59
2718,598038,309.9856,270,4,90.43
2719,598638,333.7243,600,5,98.05
2720,599238,287.725,600,4,87.89
2721,599339,219.2086,101,3,79.39
2722,599939,258.677,600,5,94.24
2723,600026,152.4015,87,2,69.82
2724,600626,280.8104,600,5,95.31
2725,601226,289.7304,600,5,94.53
2726,601826,287.0168,600,5,97.95
2727,602426,254.6565,600,3,94.73
2728,602522,223.0086,96,3,76.56
2729,602629,199.637,107,3,79.1
2730,602647,4.6183,18,1,43.16
2731,602750,234.1025,103,3,77.25
2732,602844,229.2371,94,3,77.44
2733,603444,263.9966,600,4,90.62
2734,604044,351.6907,600,5,98.63
2735,604055,-23.9293,11,1,16.89
2736,604303,229.065,248,2,76.56
2737,604903,291.4149,600,3,79.49
2738,604958,23.0273,55,1,23.63
2739,605298,422.9544,340,5,100.0
2740,605898,241.5954,600,3,83.98
2741,606498,300.074,600,5,96.88
2742,607098,234.207,600,4,87.79
2743,607698,216.4728,600,5,90.04
2744,608021,307.5057,323,4,95.7
2745,608284,222.4798,263,3,81.74
2746,608315,-5.2062,31,1,20.41
2747,608518,286.2813,203,3,78.52
2748,608735,298.9228,217,5,90.72
2749,609285,219.9879,550,4,90.62
2750,609885,246.3627,600,5,91.02
2751,610075,664.495,190,6,100.0
2752,610292,257.5093,217,3,73.73
2753,610851,152.9213,559,3,85.64
2754,611451,282.0243,600,4,96.0
2755,611837,512.7545,386,5,99.51
2756,612075,320.9943,238,3,79.59
2757,612084,-23.2182,9,1,19.14
2758,612684,352.145,600,5,98.73
2759,612900,257.8551,216,3,74.12
2760,613500,312.9629,600,3,81.05
2761,614085,437.5437,585,5,99.71
2762,614638,298.4026,553,4,93.26
2763,615238,252.2891,600,4,91.8
2764,615253,-15.1655,15,1,16.99
2765,615434,424.8218,181,4,86.04
2766,615883,614.3415,449,6,100.0
2767,616066,645.6353,183,6,100.0
2768,616666,409.8548,600,5,99.9
2769,617266,271.8568,600,4,87.6
2770,617417,245.8933,151,3,84.18
2771,618017,270.2942,600,4,89.84
2772,618536,284.0499,519,5,96.19
2773,619136,214.5425,600,4,90.23
2774,619389,660.1686,253,6,99.8
2775,619989,474.8457,600,5,100.0
2776,620421,309.1977,432,4,88.96
2777,620444,-0.2677,23,1,20.9
2778,620935,236.7482,491,5,90.62
2779,621074,226.6578,139,3,81.25
2780,621089,2.8393,15,1,43.85
2781,621106,-8.464,17,1,20.51
2782,621123,-20.945,17,1,16.99
2783,621710,273.2956,587,5,94.43
2784,622310,217.7161,600,4,88.77
2785,622318,-20.0983,8,1,37.4
2786,622496,642.0144,178,6,100.0
2787,622892,271.7136,396,3,90.04
2788,623035,344.4761,143,4,88.38
2789,623212,631.2041,177,6,100.0
2790,623434,266.1451,222,4,84.77
2791,623600,347.9158,166,3,79.2
2792,623702,203.6933,102,3,80.86
2793,624302,317.4391,600,4,90.53
2794,624468,235.1476,166,3,82.32
2795,624643,353.3249,175,5,95.02
2796,625243,273.268,600,5,90.82
2797,625636,227.92,393,3,84.77
2798,625802,226.8276,166,3,82.91
2799,625972,244.0101,170,3,84.96
2800,625993,12.0354,21,1,21.39
2801,626593,333.1398,600,4,90.04
2802,627193,335.2386,600,4,93.55
2803,627384,224.1913,191,3,82.62
2804,627493,250.9895,109,3,76.46
2805,627730,260.9148,237,4,89.45
2806,627739,-14.6053,9,1,43.65
2807,627995,226.5931,256,3,82.23
2808,628252,287.5865,257,4,85.06
2809,628852,472.799,600,4,94.34
2810,629153,174.2148,301,3,80.76
2811,629290,235.6631,137,3,84.86
2812,629462,634.6188,172,6,100.0
2813,630054,266.5563,592,5,95.21
2814,630345,184.0056,291,2,72.36
2815,630945,240.1941,600,5,89.75
2816,631075,214.2758,130,3,81.74
2817,631657,227.3436,582,4,89.55
2818,632112,460.6213,455,5,100.0
2819,632442,254.3091,330,3,85.16
2820,633042,416.1102,600,5,97.66
2821,633526,251.4064,484,4,94.43
2822,633618,241.1437,92,3,76.76
2823,634063,271.6231,445,4,94.04
2824,634443,364.7324,380,5,94.73
2825,634459,-17.7615,16,1,15.82
2826,635059,319.0173,600,5,94.73
2827,635244,348.2453,185,3,79.0
2828,635439,665.7168,195,6,99.9
2829,635741,238.8566,302,3,85.94
2830,636341,224.1924,600,4,89.45
2831,636575,517.4943,234,4,88.18
2832,636616,28.2243,41,1,37.5
2833,636643,28.7854,27,1,39.16
2834,636813,402.3794,170,3,79.3
2835,637173,404.7055,360,4,85.74
2836,637773,311.9413,600,5,98.05
2837,638267,300.7751,494,5,96.39
2838,638285,8.867,18,1,23.05
2839,638885,220.0835,600,4,92.19
2840,639225,261.7241,340,4,87.5
2841,639236,-17.3142,11,1,17.19
2842,639475,278.707,239,4,90.62
2843,640075,350.5361,600,4,93.65
2844,640675,332.7773,600,5,94.53
2845,640883,714.8274,208,6,100.0
2846,641463,213.6921,580,5,89.55
2847,642063,316.8086,600,5,95.61
2848,642079,-3.4088,16,1,42.19
2849,642679,259.3389,600,5,89.65
2850,643164,534.0211,485,5,99.61
2851,643322,174.3431,158,2,72.46
2852,643519,193.3131,197,2,72.17
2853,643807,272.7906,288,4,88.18
2854,643826,-15.1737,19,1,17.38
2855,644232,333.3847,406,4,83.3
2856,644411,646.3843,179,6,100.0
2857,644724,214.0081,313,3,83.3
2858,644898,604.5068,174,6,100.0
2859,645175,221.6044,277,3,82.23
2860,645327,319.352,152,3,84.86
2861,645632,359.403,305,5,95.31
2862,646113,148.4815,481,3,81.45
2863,646713,295.2328,600,4,91.8
2864,646749,21.0404,36,1,22.17
2865,646977,431.1222,228,5,95.02
2866,647331,291.3873,354,3,80.86
2867,647433,183.1717,102,2,78.12
2868,648033,283.4333,600,5,95.02
2869,648633,282.0732,600,5,96.29
2870,648705,111.522,72,2,49.71
2871,648912,604.3634,207,6,99.8
2872,649512,212.6738,600,3,84.08
2873,650112,256.0107,600,4,89.75
2874,650520,590.6263,408,6,100.0
2875,650593,109.6308,73,2,51.95
2876,650766,259.833,173,4,90.53
2877,651366,465.1241,600,5,100.0
2878,651966,206.5138,600,3,82.23
2879,652382,106.5627,416,2,71.97
2880,652586,437.149,204,4,96.68
2881,653186,239.7652,600,4,87.99
2882,653481,261.1864,295,4,89.75
2883,653667,631.7242,186,6,99.8
2884,653958,282.5235,291,4,90.23
2885,654028,124.924,70,2,52.64
2886,654039,-14.5747,11,1,18.75
2887,654336,134.4539,297,3,81.25
2888,654349,-3.044,13,1,43.46
2889,654859,94.9232,510,3,79.3
2890,655146,201.1516,287,3,77.44
2891,655288,233.8335,142,3,83.3
2892,655888,207.3788,600,3,80.86
2893,656488,116.9622,600,3,80.18
2894,656809,320.8046,321,4,89.94
2895,656828,-6.1517,19,1,18.26
2896,656843,-11.5587,15,1,15.43
2897,657443,309.5244,600,5,95.41
2898,657947,241.7098,504,4,90.14
2899,658174,349.0536,227,5,94.34
2900,658429,329.5595,255,5,94.24
2901,659029,113.8661,600,3,80.86
2902,659048,11.7709,19,1,41.02
2903,659648,242.2831,600,4,91.6
2904,660167,251.6548,519,3,82.03
2905,660665,243.4228,498,4,86.82
2906,661027,265.2666,362,3,79.3
2907,661627,285.4251,600,5,94.43
2908,661823,348.1203,196,5,94.14
2909,662059,691.9885,236,6,100.0
2910,662659,271.5157,600,4,94.24
2911,663259,256.1988,600,5,89.45
2912,663646,249.0664,387,4,89.94
2913,663862,634.7158,216,6,100.0
2914,664097,645.673,235,6,100.0
2915,664580,368.1231,483,4,83.3
2916,665180,466.9876,600,5,100.0
2917,665780,312.9593,600,5,94.73
2918,665789,-14.333,9,1,19.14
2919,665971,353.3086,182,3,79.59
2920,666149,621.6762,178,6,100.0
2921,666749,289.7555,600,5,94.43
2922,667349,262.1943,600,5,90.53
2923,667523,462.1488,174,4,80.27
2924,667984,443.4146,461,6,100.0
2925,668218,652.0169,234,6,100.0
2926,668298,126.9161,80,2,49.51
2927,668310,-14.6118,12,1,18.65
2928,668486,285.0361,176,4,90.04
2929,668759,338.7749,273,3,79.98
2930,669235,577.8123,476,6,100.0
2931,669457,669.0888,222,6,100.0
2932,669668,675.1906,211,6,100.0
2933,670268,321.7443,600,5,95.12
2934,670868,285.8421,600,5,93.07
2935,671233,282.5304,365,4,92.19
2936,671327,137.8249,94,1,65.23
2937,671927,259.6007,600,5,90.23
2938,672527,535.9801,600,5,100.0
2939,672547,14.9141,20,1,23.34
2940,672737,651.3776,190,6,100.0
2941,673199,268.6184,462,3,80.76
2942,673799,260.2018,600,4,89.26
2943,673983,309.0642,184,4,90.43
2944,674583,304.2846,600,5,94.43
2945,674603,14.9402,20,1,40.92
2946,675203,208.2059,600,4,90.04
2947,675803,281.0083,600,4,88.77
2948,675993,378.7684,190,5,94.34
2949,676593,247.9405,600,3,82.23
2950,677193,257.9527,600,4,89.75
2951,677645,249.263,452,4,93.36
2952,678245,334.9033,600,3,80.27
2953,678845,228.9706,600,3,82.23
2954,679208,265.6042,363,3,82.03
2955,679418,675.2216,210,6,100.0
2956,679610,305.4135,192,4,90.72
2957,680210,266.5,600,4,91.21
2958,680232,17.8694,22,1,21.78
2959,680832,157.0315,600,3,81.15
2960,680982,184.9363,150,2,72.46
2961,681009,-9.8616,27,1,17.87
2962,681185,285.2438,176,4,91.6
2963,681650,230.4055,465,4,91.02
2964,682250,219.2682,600,3,77.54
2965,682361,298.5407,111,4,90.33
2966,682572,251.291,211,3,82.03
2967,683043,357.6588,471,3,80.47
2968,683228,308.65,185,4,87.99
2969,683442,558.7598,214,5,92.97
2970,683825,151.1824,383,2,71.0
2971,684425,428.4831,600,5,99.9
2972,684609,467.4623,184,5,93.75
2973,685209,379.7922,600,5,95.61
2974,685809,329.1407,600,3,82.42
2975,685977,447.2025,168,4,75.2
2976,686577,321.1502,600,5,94.53
2977,686754,265.2845,177,4,89.26
2978,687354,308.008,600,5,90.92
2979,687502,205.9072,148,3,81.05
2980,687517,-0.2513,15,1,41.8
2981,688117,269.4166,600,4,90.33
2982,688134,-2.7117,17,1,20.8
2983,688327,329.5256,193,3,80.08
2984,688804,364.3037,477,4,86.82
2985,688933,280.7486,129,3,77.25
2986,689081,301.8869,148,3,85.84
2987,689251,461.6824,170,4,81.54
2988,689851,252.9454,600,4,89.36
2989,690005,296.7268,154,3,87.5
2990,690485,392.6493,480,4,86.52
2991,691085,419.0421,600,4,88.67
2992,691284,570.4634,199,6,100.0
2993,691884,306.49,600,3,82.32
2994,692245,217.1434,361,3,82.91
2995,692845,424.5193,600,5,100.0
2996,693445,443.2443,600,4,83.89
2997,693815,274.3858,370,4,83.89
2998,694353,234.9464,538,3,81.45
2999,694455,276.0528,102,3,77.64
3000,695055,473.7415,600,5,100.0
3001,695655,178.9514,600,2,72.75
3002,696255,359.2855,600,4,85.16
3003,696855,446.6384,600,5,100.0
3004,697455,291.6394,600,5,94.82
3005,697791,463.0016,336,4,86.52
3006,698019,309.3775,228,4,89.06
3007,698309,312.3375,290,4,90.53
3008,698909,367.2658,600,4,83.2
3009,699509,311.6413,600,5,94.53
3010,699623,307.9771,114,4,91.11
3011,700145,207.3656,522,4,88.87
3012,700344,225.3673,199,3,79.3
3013,700491,405.2952,147,4,80.18
3014,700638,410.7768,147,4,79.88
3015,700740,261.4732,102,3,77.05
3016,701340,437.054,600,5,100.0
3017,701511,311.7381,171,4,93.75
3018,701531,0.1008,20,1,18.75
3019,701985,341.203,454,4,83.5
3020,702213,389.9876,228,5,94.34
3021,702302,235.3178,89,3,75.78
3022,702310,-17.4753,8,1,34.08
3023,702910,189.2416,600,3,82.81
3024,703510,182.8753,600,3,75.88
3025,703691,221.9629,181,3,77.34
3026,704291,306.069,600,4,91.99
3027,704891,270.7743,600,4,90.14
3028,705070,223.2523,179,2,74.22
3029,705176,213.302,106,2,68.95
3030,705776,336.2699,600,5,91.6
3031,705803,-21.8186,27,1,17.19
3032,705813,-14.7475,10,1,41.99
3033,706337,326.6141,524,4,82.91
3034,706937,270.4724,600,4,90.92
3035,707537,287.8363,600,5,90.04
3036,708053,219.8649,516,4,89.84
3037,708653,285.7914,600,5,89.94
3038,708721,158.4687,68,2,72.36
3039,708766,78.9207,45,1,57.91
3040,709366,280.3181,600,4,89.45
3041,709386,16.336,20,1,22.75
3042,709968,177.5017,582,3,87.6
3043,710118,415.3165,150,4,83.4
3044,710337,630.2512,219,6,100.0
3045,710937,351.7788,600,4,84.96
3046,711287,237.5027,350,3,81.45
3047,711472,296.7076,185,4,94.63
3048,711526,109.3136,54,2,62.01
3049,711687,430.6486,161,4,81.64
3050,711775,241.695,88,3,75.68
3051,712121,148.5384,346,2,70.41
3052,712461,308.8165,340,5,94.24
3053,712881,310.3271,420,5,90.53
3054,713481,242.8688,600,4,90.82
3055,713580,258.4654,99,3,77.15
3056,713712,222.1028,132,3,77.34
3057,714312,217.5488,600,3,81.93
3058,714746,416.8652,434,5,99.9
3059,715346,321.7426,600,5,93.75
3060,715946,165.1568,600,3,80.08
3061,716546,181.2794,600,3,81.74
3062,717146,278.9143,600,4,90.23
3063,717746,334.4129,600,5,95.7
3064,718346,413.6401,600,5,100.0
3065,718914,132.2214,568,3,82.71
3066,719040,167.1135,126,2,72.56
3067,719640,295.1631,600,5,90.53
3068,719966,242.9224,326,4,91.11
3069,720292,135.976,326,3,80.08
3070,720653,129.6756,361,3,80.57
3071,721253,288.252,600,4,90.82
3072,721299,61.1413,46,1,25.88
3073,721899,273.5342,600,4,90.04
3074,722499,133.204,600,3,80.57
3075,723066,183.4557,567,4,84.38
3076,723362,193.3727,296,2,78.03
3077,723543,639.1254,181,6,100.0
3078,724143,294.888,600,4,90.72
3079,724743,282.6606,600,5,94.82
3080,724848,207.7622,105,2,69.82
3081,725037,349.4995,189,4,93.95
3082,725637,225.3433,600,4,91.31
3083,726142,304.9448,505,4,82.71
3084,726354,380.872,212,5,92.09
3085,726379,-0.7805,25,1,19.92
3086,726979,128.9299,600,2,69.63
3087,727183,196.3738,204,2,51.66
3088,727206,-9.3808,23,1,16.99
3089,727806,237.6131,600,4,89.45
3090,728406,214.7871,600,3,81.05
3091,729006,319.5353,600,5,96.68
3092,729501,156.3178,495,3,82.91
3093,729909,258.1136,408,4,88.38
3094,730509,327.8703,600,5,95.31
3095,731109,240.9234,600,3,80.96
3096,731709,311.3283,600,5,96.97
3097,731950,249.9334,241,4,90.23
3098,732080,283.6447,130,4,90.14
3099,732680,156.6404,600,3,80.57
3100,733186,444.8621,506,5,100.0
3101,733786,275.6725,600,4,91.5
3102,734386,300.7249,600,4,91.02
3103,734986,328.1106,600,5,94.53
3104,735178,631.4274,192,6,100.0
3105,735778,305.6175,600,4,91.7
3106,736085,393.3913,307,4,82.91
3107,736685,234.7308,600,4,93.07
3108,737285,253.5622,600,4,90.23
3109,737885,281.6029,600,4,93.65
3110,737896,-8.5937,11,1,44.43
3111,738496,429.6786,600,5,100.0
3112,739096,282.5097,600,4,91.99
3113,739512,311.9961,416,5,95.02
3114,740112,436.9976,600,5,99.9
3115,740196,227.2807,84,3,77.34
3116,740489,296.4458,293,4,90.92
3117,740612,156.5471,123,2,68.95
3118,741212,480.4938,600,5,100.0
3119,741362,397.7368,150,4,83.11
3120,741962,282.8696,600,5,95.12
3121,742385,177.0636,423,3,80.37
3122,742985,119.8989,600,2,71.68
3123,743585,246.7193,600,3,82.32
3124,743758,597.6197,173,6,100.0
3125,743915,207.4138,157,2,71.0
3126,743996,167.8154,81,2,51.37
3127,744005,-23.5876,9,1,39.65
3128,744310,164.2924,305,2,56.93
3129,744415,209.9824,105,2,69.14
3130,744491,177.2638,76,2,51.66
3131,744783,638.3205,292,6,100.0
3132,745383,259.078,600,3,80.96
3133,745983,318.1592,600,4,88.09
3134,746387,140.801,404,2,69.24
3135,746987,301.2284,600,4,90.82
3136,747587,528.5476,600,5,100.0
3137,747884,278.3329,297,4,91.21
3138,748106,176.9967,222,2,71.19
3139,748706,336.3989,600,5,96.48
3140,748814,214.7929,108,3,75.98
3141,749337,257.3847,523,4,90.62
3142,749937,354.3,600,4,83.79
3143,750537,494.0745,600,5,99.9
3144,751137,304.8002,600,5,96.48
3145,751737,472.6371,600,5,100.0
3146,751748,-14.3757,11,1,40.72
3147,752348,450.7898,600,5,100.0
3148,752948,267.3163,600,4,89.06
3149,753548,331.8219,600,5,98.34
3150,754148,284.0428,600,4,92.48
3151,754748,278.4701,600,5,95.02
3152,754929,615.7583,181,6,100.0
3153,755529,199.9784,600,3,82.91
3154,755722,213.6029,193,3,80.96
3155,756093,576.6055,371,6,100.0
3156,756119,32.5154,26,1,49.41
3157,756719,453.8024,600,5,99.9
3158,757319,157.5913,600,2,70.02
3159,757475,192.9529,156,2,71.68
3160,758075,224.4516,600,3,83.89
3161,758675,367.2075,600,4,90.92
3162,758972,490.5828,297,5,100.0
3163,759572,269.9309,600,4,91.02
3164,759747,622.5445,175,6,100.0
3165,760307,202.4415,560,4,90.53
3166,760907,269.3294,600,4,91.11
3167,761507,280.8833,600,4,89.26
3168,762107,356.4864,600,5,95.9
3169,762707,439.6355,600,5,99.9
3170,763193,539.0568,486,6,100.0
3171,763793,321.6799,600,4,91.6
3172,764393,-13.1,600,1,37.79
3173,764993,237.318,600,4,89.45
3174,765593,298.0329,600,5,95.12
3175,765772,614.6928,179,6,100.0
3176,766372,298.3919,600,4,91.7
3177,766844,339.4312,472,5,97.85
3178,766858,-15.1996,14,1,42.29
3179,767022,596.7755,164,6,100.0
3180,767185,605.6754,163,6,100.0
3181,767785,466.3196,600,5,99.71
3182,767957,626.0796,172,6,100.0
3183,768557,484.36,600,5,100.0
3184,769157,290.5765,600,5,94.43
3185,769757,245.1727,600,4,89.36
3186,769925,598.6077,168,6,99.9
3187,770017,200.4512,92,3,78.12
3188,770617,434.9746,600,5,100.0
3189,771217,268.0908,600,3,83.01
3190,771817,458.8164,600,5,99.9
3191,772146,351.3613,329,4,88.18
3192,772746,262.9,600,4,90.62
3193,773346,496.5506,600,5,99.9
3194,773521,611.4227,175,6,100.0
3195,774121,224.2117,600,3,79.59
3196,774721,331.2015,600,4,88.09
3197,774946,634.315,225,6,100.0
3198,775379,327.0635,433,4,91.31
3199,775979,220.9999,600,3,83.3
3200,775996,8.8374,17,1,46.58
3201,776596,288.5634,600,4,93.16
3202,776970,291.0483,374,4,91.6
3203,777527,257.3962,557,5,94.34
3204,778053,224.3923,526,4,93.07
3205,778653,229.4394,600,4,89.75
3206,779253,219.1767,600,4,90.53
3207,779853,285.5743,600,4,90.92
3208,780453,360.0547,600,5,99.61
3209,781053,309.0752,600,5,94.24
3210,781653,474.2481,600,5,99.8
3211,781675,5.7431,22,1,22.95
3212,781905,341.9871,230,5,95.8
3213,782505,279.6137,600,5,96.0
3214,782887,345.54,382,5,89.06
3215,783487,281.1075,600,5,95.9
3216,783659,614.5148,172,6,100.0
3217,783676,6.1859,17,1,39.36
3218,783864,565.0684,188,6,99.71
3219,784464,244.7585,600,4,89.75
3220,784625,600.2554,161,6,100.0
3221,785225,253.1,600,4,89.55
3222,785825,336.3812,600,4,90.23
3223,785998,616.111,173,6,100.0
3224,786246,221.4504,248,3,83.5
3225,786276,-8.3043,30,1,22.56
3226,786516,671.2953,240,6,100.0
3227,787116,174.4447,600,2,71.48
3228,787716,222.2731,600,3,82.03
3229,788316,299.838,600,5,96.29
3230,788916,207.4332,600,3,75.78
3231,789516,204.2866,600,3,82.91
3232,789682,589.9045,166,6,100.0
3233,790282,248.8207,600,4,90.53
3234,790882,300.2854,600,5,94.53
3235,790909,26.0444,27,1,40.23
3236,790919,-14.5367,10,1,41.02
3237,791519,337.2228,600,5,97.85
3238,791841,317.8849,322,5,89.75
3239,791850,-17.2579,9,1,40.72
3240,792450,260.1119,600,4,89.75
3241,793050,277.7033,600,4,92.87
3242,793061,-11.8156,11,1,42.77
3243,793096,43.2475,35,1,54.69
3244,793309,336.3711,213,5,90.23
3245,793909,267.1825,600,4,90.23
3246,794072,344.49,163,4,90.72
3247,794660,266.332,588,5,94.73
3248,795260,334.2393,600,5,90.43
3249,795512,294.151,252,4,82.71
3250,795714,608.1857,202,6,99.8
3251,796314,318.3456,600,4,90.92
3252,796914,301.9144,600,4,88.77
3253,797514,275.8867,600,5,94.53
3254,798114,271.6697,600,4,89.26
3255,798686,216.9462,572,4,88.67
3256,799059,442.4702,373,5,99.8
3257,799328,537.4582,269,6,100.0
3258,799542,614.06,214,6,100.0
3259,799722,626.4393,180,6,100.0
3260,799925,591.1,203,6,100.0
3261,800428,305.2918,503,5,96.88
3262,801028,474.4453,600,5,99.9
3263,801505,165.5381,477,3,78.81
3264,802105,211.7775,600,3,81.15
3265,802705,317.3106,600,4,87.6
3266,803305,276.0779,600,4,93.95
3267,803820,289.4527,515,5,94.43
3268,804051,635.1921,231,6,100.0
3269,804229,619.5809,178,6,100.0
3270,804432,571.4755,203,6,99.61
3271,804692,425.9182,260,5,89.84
3272,804909,604.2507,217,6,100.0
3273,805509,306.7372,600,4,91.21
3274,805713,593.4893,204,6,100.0
3275,805896,303.0435,183,5,90.33
3276,806453,471.3262,557,5,99.51
3277,806617,470.4821,164,5,99.02
3278,807217,268.7478,600,4,91.31
3279,807817,296.5419,600,5,94.92
3280,808417,269.9015,600,4,90.14
3281,809017,236.7549,600,4,88.87
3282,809617,203.2406,600,4,89.65
3283,809820,619.8682,203,6,100.0
3284,810024,216.3395,204,3,81.25
3285,810624,142.2691,600,3,81.54
3286,810960,296.6835,336,5,91.89
3287,811560,240.6877,600,4,89.55
3288,812147,140.8777,587,3,80.27
3289,812385,300.8444,238,4,91.02
3290,812985,324.7811,600,4,90.53
3291,813585,236.2097,600,3,83.01
3292,813603,0.2513,18,1,19.24
3293,813712,303.7712,109,4,94.24
3294,813962,637.6769,250,6,100.0
3295,814124,52.685,162,1,28.52
3296,814353,575.5903,229,6,99.9
3297,814789,306.5838,436,5,91.6
3298,815335,169.984,546,3,79.79
3299,815456,326.5025,121,4,93.75
3300,815631,627.5366,175,6,100.0
3301,816231,334.5404,600,5,95.9
3302,816627,283.206,396,5,94.63
3303,817104,173.184,477,3,79.2
3304,817704,223.6912,600,3,82.23
3305,818304,275.2059,600,5,96.0
3306,818599,321.0041,295,3,78.22
3307,818621,2.8453,22,1,20.7
3308,818630,-14.3758,9,1,40.43
3309,819163,541.2715,533,6,100.0
3310,819311,292.3945,148,4,90.43
3311,819335,-6.3243,24,1,20.7
3312,819694,489.1142,359,5,100.0
3313,820016,444.573,322,5,99.8
3314,820475,289.2663,459,5,94.63
3315,820901,485.1503,426,5,99.8
3316,821406,331.1404,505,5,95.12
3317,821638,287.5238,232,4,88.57
3318,821771,374.5295,133,5,95.61
3319,822220,285.2371,449,5,94.82
3320,822468,242.0378,248,4,82.81
3321,823025,299.1226,557,5,95.8
3322,823625,308.9341,600,5,94.82
3323,823652,7.8084,27,1,21.58
3324,824014,466.6745,362,5,99.71
3325,824614,255.3779,600,4,91.21
3326,824637,14.3772,23,1,22.46
3327,824670,31.4426,33,1,47.27
3328,824732,82.4087,62,1,57.62
3329,825185,253.5817,453,4,95.8
3330,825479,338.7157,294,5,94.63
3331,825525,75.679,46,1,50.2
3332,825738,617.1418,213,6,100.0
3333,826338,272.2043,600,4,83.4
3334,826938,252.8832,600,4,95.41
3335,827538,160.1711,600,2,72.07
3336,828138,224.5889,600,4,90.33
3337,828582,447.0723,444,5,99.8
3338,828705,319.4867,123,4,92.19
3339,829162,318.5306,457,5,96.39
3340,829287,321.5247,125,4,90.62
3341,829498,608.2692,211,6,100.0
3342,830022,278.1089,524,5,97.95
3343,830122,250.487,100,3,87.89
3344,830162,45.1783,40,1,23.93
3345,830260,273.7875,98,3,78.91
3346,830860,291.5659,600,5,96.29
3347,831305,213.9757,445,4,90.04
3348,831905,265.0584,600,4,91.02
3349,832505,457.4785,600,5,99.71
3350,833105,247.0233,600,5,90.33
3351,833705,153.0209,600,3,80.27
3352,834305,133.7771,600,2,72.07
3353,834905,255.0518,600,4,89.55
3354,835158,711.2753,253,6,100.0
3355,835184,23.5321,26,1,23.24
3356,835784,471.3939,600,5,99.61
3357,836355,252.7737,571,5,96.48
3358,836542,625.6071,187,6,100.0
3359,836662,292.6013,120,4,89.94
3360,836697,39.8957,35,1,24.71
3361,837170,202.3538,473,4,89.94
3362,837770,413.4202,600,5,99.51
3363,837946,258.8415,176,4,88.96
3364,838451,197.5738,505,4,90.92
3365,839051,299.4572,600,4,93.75
3366,839229,595.6839,178,6,100.0
3367,839596,267.1072,367,3,79.49
3368,840074,230.0051,478,4,93.95
3369,840567,188.0533,493,3,79.98
3370,841167,491.6237,600,5,100.0
3371,841767,273.9748,600,5,90.82
3372,842367,422.2418,600,5,99.8
3373,842956,186.2493,589,4,89.06
3374,843039,227.2349,83,3,77.44
3375,843639,298.1216,600,5,97.27
3376,843841,642.5389,202,6,100.0
3377,844039,656.0088,198,6,100.0
3378,844639,607.4992,600,5,100.0
3379,844816,617.5238,177,6,100.0
3380,844832,-14.5614,16,1,17.29
3381,845267,320.0737,435,5,94.43
3382,845477,693.0915,210,6,100.0
3383,846077,303.1217,600,4,89.26
3384,846293,677.2728,216,6,100.0
3385,846491,616.9509,198,6,100.0
3386,847091,325.6735,600,5,96.48
3387,847601,268.9152,510,5,96.58
3388,848170,220.0845,569,4,90.62
3389,848770,136.0069,600,3,77.73
3390,848956,223.3108,186,2,56.35
3391,849556,229.3351,600,3,84.18
3392,849572,5.7502,16,1,46.0
3393,849604,-4.0361,32,1,18.46
3394,850204,243.4844,600,3,83.11
3395,850297,284.8189,93,4,81.25
3396,850329,31.4547,32,1,23.93
3397,850739,304.5081,410,5,97.85
3398,851339,258.0558,600,4,90.92
3399,851939,309.9473,600,5,96.68
3400,852126,358.579,187,5,94.63
3401,852331,267.8421,205,4,83.01
3402,852553,586.1987,222,6,100.0
3403,852777,321.7429,224,5,91.8
3404,852954,610.5627,177,6,99.9
3405,853554,249.5143,600,3,80.57
3406,854154,191.4772,600,3,83.2
3407,854754,311.2183,600,5,96.88
3408,854992,308.8026,238,4,90.33
3409,855243,303.8364,251,4,91.5
3410,855843,287.8061,600,5,96.58
3411,856443,243.32,600,3,81.25
3412,857043,195.2791,600,3,79.59
3413,857643,236.3722,600,4,90.04
3414,857699,59.3491,56,1,23.14
3415,857872,612.2737,173,6,100.0
3416,858472,196.5487,600,3,81.74
3417,858669,577.434,197,6,99.9
3418,858872,614.0076,203,6,99.9
3419,859060,599.7701,188,6,99.8
3420,859227,591.4586,167,6,100.0
3421,859355,276.7992,128,3,90.04
3422,859543,256.7403,188,4,83.3
3423,859838,322.1681,295,5,95.51
3424,859852,0.3893,14,1,43.16
3425,859993,203.9036,141,2,74.12
3426,860206,601.7222,213,6,100.0
3427,860806,315.3716,600,5,94.34
3428,861096,355.5947,290,5,97.85
3429,861696,280.4016,600,4,90.92
3430,861983,346.2295,287,5,94.82
3431,862139,393.0193,156,5,96.68
3432,862478,479.6727,339,5,100.0
3433,862766,278.3535,288,4,90.72
3434,863038,458.0618,272,5,100.0
3435,863476,197.9601,438,3,81.74
3436,863638,610.6074,162,6,100.0
3437,863990,515.5799,352,5,99.8
3438,864590,248.7646,600,3,81.25
3439,864800,317.773,210,4,83.3
3440,865309,222.6744,509,4,89.65
3441,865581,338.4712,272,5,91.41
3442,866018,247.4792,437,3,77.73
3443,866618,303.7318,600,3,78.42
3444,866940,312.4901,322,5,94.92
3445,866964,20.6142,24,1,21.29
3446,867406,268.5664,442,3,78.71
3447,868006,226.5095,600,4,92.48
3448,868031,5.5807,25,1,19.53
3449,868192,596.1192,161,6,100.0
3450,868396,331.1937,204,5,95.02
3451,868564,617.1683,168,6,100.0
3452,868691,290.5142,127,4,89.55
3453,869083,579.6628,392,6,100.0
3454,869260,619.6524,177,6,100.0
3455,869430,613.4116,170,6,100.0
3456,869439,-17.168,9,1,38.28
3457,869749,262.5098,310,4,91.11
3458,869999,594.5339,250,6,100.0
3459,870313,325.787,314,5,98.05
3460,870328,-14.5287,15,1,16.02
3461,870495,620.3107,167,6,100.0
3462,870709,329.9262,214,5,95.02
3463,870939,364.0679,230,5,91.11
3464,871539,453.3131,600,5,100.0
3465,871834,497.1682,295,5,100.0
3466,872189,308.9097,355,5,96.97
3467,872388,310.0994,199,4,91.31
3468,872600,276.2757,212,4,89.55
3469,872780,607.7201,180,6,100.0
3470,873380,346.1597,600,5,95.8
3471,873891,289.1198,511,5,96.19
3472,874491,449.8069,600,5,99.9
3473,874765,281.3751,274,4,90.72
3474,874935,615.445,170,6,100.0
3475,875479,251.9854,544,5,96.29
3476,875758,237.4368,279,3,82.32
3477,876358,306.5049,600,5,96.09
3478,876958,441.6262,600,5,100.0
3479,877338,204.0858,380,3,81.35
3480,877938,163.1411,600,3,83.3
3481,877953,3.1514,15,1,43.95
3482,878166,330.2932,213,5,90.53
3483,878766,245.535,600,3,81.64
3484,879366,513.4532,600,5,100.0
3485,879708,350.7775,342,5,89.16
3486,879998,308.2861,290,5,91.7
3487,880598,223.7612,600,3,80.37
3488,881198,259.2729,600,4,91.5
3489,881515,255.9549,317,3,79.59
3490,882115,415.15,600,5,99.8
3491,882284,613.4073,169,6,100.0
3492,882876,265.4748,592,5,95.61
3493,883146,316.2012,270,5,96.48
3494,883321,619.828,175,6,100.0
3495,883532,605.7282,211,6,99.9
3496,884132,271.684,600,4,94.82
3497,884732,217.128,600,3,79.3
3498,885148,274.4927,416,4,91.7
3499,885165,6.3218,17,1,20.8
3500,885382,603.3737,217,6,99.9
3501,885594,326.922,212,5,91.6
3502,885806,238.4714,212,3,80.08
3503,886406,297.2416,600,5,95.12
3504,886580,635.0836,174,6,100.0
3505,886762,332.8934,182,5,90.23
3506,887274,651.7559,512,6,100.0
3507,887874,438.4177,600,5,100.0
3508,888061,254.8425,187,3,79.1
3509,888258,578.1567,197,6,99.9
3510,888280,14.566,22,1,21.58
3511,888843,359.6904,563,5,99.8
3512,889149,380.8013,306,5,96.48
3513,889749,400.9237,600,5,99.8
3514,889986,371.9979,237,5,90.92
3515,890239,333.5324,253,5,95.02
3516,890411,616.5247,172,6,99.9
3517,890629,289.9935,218,4,94.92
3518,890828,593.2147,199,6,99.8
3519,891118,329.8546,290,5,97.36
3520,891283,604.0522,165,6,100.0
3521,891883,348.8932,600,5,96.88
3522,892483,410.2237,600,5,100.0
3523,892657,612.2663,174,6,99.8
3524,892834,619.9953,177,6,100.0
3525,893298,227.7356,464,4,82.62
3526,893509,368.0465,211,5,92.48
3527,893695,319.8513,186,5,89.84
3528,894295,283.8157,600,4,90.14
3529,894586,334.3435,291,5,96.58
3530,895186,433.9024,600,5,99.9
3531,895786,309.3254,600,5,97.75
3532,896042,292.2501,256,4,89.36
3533,896206,607.466,164,6,100.0
3534,896806,263.8366,600,4,92.38
3535,897406,277.8365,600,4,90.82
3536,898006,226.8373,600,4,93.26
3537,898606,255.7674,600,3,77.44
3538,899206,477.29,600,5,100.0
3539,899806,305.5122,600,4,81.35
3540,900406,359.2157,600,5,88.87
3541,900622,652.1923,216,6,100.0
3542,900872,341.8792,250,5,92.19
3543,901472,200.1225,600,4,90.72
3544,901707,271.0557,235,4,83.2
3545,901896,273.8161,189,4,89.65
3546,902496,284.5075,600,4,83.5
3547,902580,176.4033,84,2,71.58
3548,902940,237.0685,360,3,78.32
3549,902957,5.5821,17,1,43.55
3550,903335,410.247,378,5,93.55
3551,903518,307.3742,183,4,89.75
3552,904118,271.2453,600,5,97.17
3553,904416,264.3945,298,4,88.77
3554,904668,377.2365,252,5,90.23
3555,904686,-2.6749,18,1,17.48
3556,905286,274.3737,600,4,91.11
3557,905886,171.7939,600,3,78.91
3558,906066,623.4731,180,6,100.0
3559,906230,601.1611,164,6,100.0
3560,906351,357.001,121,5,94.53
3561,906526,274.8399,175,3,92.77
3562,906815,307.2168,289,5,94.73
3563,907003,491.1629,188,5,99.12
3564,907339,275.5999,336,4,83.01
3565,907939,244.1678,600,4,89.06
3566,908539,274.6856,600,4,90.04
3567,908729,637.737,190,6,100.0
3568,909329,335.7074,600,5,92.38
3569,909502,296.197,173,4,83.01
3570,909647,339.8907,145,5,94.73
3571,910247,485.1902,600,5,100.0
3572,910337,199.8088,90,2,72.07
3573,910937,287.7174,600,5,94.73
3574,911537,236.6094,600,4,88.87
3575,912137,480.6349,600,5,100.0
3576,912368,655.2553,231,6,99.8
3577,912968,322.9624,600,5,96.39
3578,913285,330.1703,317,5,92.38
3579,913608,253.0475,323,4,89.65
3580,913795,648.3513,187,6,100.0
3581,913809,-5.9208,14,1,45.02
3582,914409,286.8412,600,4,83.01
3583,914572,238.8522,163,3,77.25
3584,915122,248.2431,550,4,90.82
3585,915296,340.3996,174,5,90.23
3586,915472,616.03,176,6,100.0
3587,915637,299.876,165,4,90.92
3588,916237,453.2035,600,5,100.0
3589,916373,368.9933,136,5,96.39
3590,916590,327.4352,217,4,83.3
3591,916618,-13.1509,28,1,19.73
3592,916822,291.0646,204,4,95.31
3593,917422,229.9792,600,3,79.39
3594,917639,598.4173,217,6,99.9
3595,917830,651.503,191,6,99.9
3596,918267,220.8348,437,4,89.16
3597,918867,289.5402,600,4,90.43
3598,919187,346.6089,320,5,97.27
3599,919373,330.6791,186,5,94.43
3600,919718,174.9573,345,3,78.52
3601,919896,215.6043,178,3,78.91
3602,920496,307.824,600,4,90.04
3603,921096,531.6609,600,5,99.9
3604,921453,199.0831,357,3,77.64
3605,921645,274.2414,192,4,89.75
3606,921841,622.4349,196,6,99.8
3607,922043,581.778,202,6,100.0
3608,922643,256.2554,600,4,92.09
3609,923243,263.5587,600,4,90.14
3610,923843,311.955,600,5,94.92
3611,924052,281.1551,209,4,82.42
3612,924652,434.6035,600,5,100.0
3613,924708,16.506,56,1,21.88
3614,925285,415.0438,577,5,100.0
3615,925885,330.0238,600,5,96.48
3616,926384,425.2309,499,5,100.0
3617,926848,266.8111,464,5,90.33
3618,927081,284.1031,233,4,82.52
3619,927494,285.0612,413,5,94.82
3620,927716,375.338,222,5,96.39
3621,928316,318.2613,600,5,96.48
3622,928793,296.8414,477,5,94.53
3623,928807,-0.1535,14,1,42.58
3624,929407,447.0994,600,5,99.71
3625,929606,578.7748,199,6,99.9
3626,929623,-5.8652,17,1,17.87
3627,930223,437.1129,600,5,99.9
3628,930388,589.0465,165,6,100.0
3629,930611,319.4751,223,4,90.14
3630,931211,290.01,600,4,83.11
3631,931811,469.5874,600,5,99.9
3632,932411,361.1278,600,5,95.8
3633,933011,190.3643,600,3,78.81
3634,933546,273.3629,535,5,96.78
3635,933774,319.3841,228,4,89.65
3636,933796,17.79,22,1,20.31
3637,934015,610.3894,219,6,100.0
3638,934615,466.2621,600,5,100.0
3639,934786,605.0746,171,6,99.9
3640,935386,407.3174,600,5,99.9
3641,935986,307.8956,600,5,96.58
3642,936160,316.0719,174,5,91.02
3643,936667,273.3476,507,5,96.58
3644,936889,618.8846,222,6,100.0
3645,937145,618.9932,256,6,100.0
3646,937402,204.6605,257,3,79.2
3647,938002,255.6889,600,4,89.36
3648,938602,406.7476,600,5,99.9
3649,939202,437.3935,600,5,100.0
3650,939271,149.9883,69,2,64.36
3651,939871,247.4234,600,4,89.26
3652,940127,593.6852,256,6,99.9
3653,940161,6.572,34,1,20.8
3654,940356,650.9774,195,6,100.0
3655,940531,462.8811,175,5,99.9
3656,941131,277.9443,600,4,89.94
3657,941731,292.6726,600,5,95.21
3658,942030,315.4798,299,5,96.78
3659,942384,329.228,354,5,95.12
3660,942984,323.1395,600,4,84.08
3661,943584,295.213,600,4,91.7
3662,944023,299.1396,439,5,96.97
3663,944184,456.4024,161,5,98.14
3664,944784,328.5867,600,5,95.61
3665,944956,601.1337,172,6,100.0
3666,945513,431.5824,557,5,99.9
3667,946113,426.6002,600,5,99.9
3668,946243,351.4064,130,4,90.23
3669,946815,280.9027,572,5,95.12
3670,947415,321.8255,600,5,96.48
3671,947625,245.2571,210,4,82.71
3672,947811,264.0682,186,3,77.34
3673,947977,482.5016,166,5,98.73
3674,948577,449.3828,600,5,100.0
3675,948593,-7.3757,16,1,39.84
3676,948780,635.4921,187,6,100.0
3677,948807,27.3559,27,1,24.61
3678,949210,284.2182,403,5,94.92
3679,949515,326.503,305,5,92.38
3680,949725,690.7876,210,6,100.0
3681,950325,291.6023,600,5,95.31
3682,950442,330.2208,117,5,94.73
3683,950858,259.9182,416,4,89.94
3684,951458,288.7804,600,4,89.65
3685,951570,309.304,112,4,96.29
3686,951590,-5.9856,20,1,21.09
3687,951763,621.9564,173,6,100.0
3688,951944,631.3039,181,6,100.0
3689,952350,286.1604,406,4,90.33
3690,952577,332.9557,227,4,82.62
3691,952913,288.8274,336,4,89.75
3692,953513,230.456,600,4,93.26
3693,953805,263.4274,292,4,82.13
3694,954405,204.3092,600,4,90.33
3695,955005,460.3288,600,5,99.9
3696,955355,271.4593,350,4,83.4
3697,955955,303.571,600,5,90.53
3698,956555,353.8483,600,5,97.27
3699,957155,412.7131,600,5,99.8
3700,957382,206.2244,227,3,77.34
3701,957982,263.5752,600,4,89.55
3702,958336,340.4624,354,5,96.78
3703,958936,319.1904,600,4,90.04
3704,959536,289.0101,600,4,89.94
3705,960136,286.2253,600,5,95.02
3706,960347,302.1408,211,4,95.02
3707,960535,644.7806,188,6,100.0
3708,960681,256.3071,146,3,77.44
3709,960928,390.4811,247,5,97.17
3710,961528,279.5935,600,4,90.23
3711,962128,425.7037,600,5,99.9
3712,962728,216.7494,600,4,83.5
3713,962747,12.1304,19,1,21.48
3714,962931,613.0412,184,6,100.0
3715,963151,310.624,220,4,90.33
3716,963413,283.0137,262,4,91.89
3717,964013,454.9456,600,5,99.9
3718,964613,318.8302,600,4,91.21
3719,965213,308.5268,600,5,95.8
3720,965417,647.1307,204,6,100.0
3721,966017,432.2819,600,5,99.71
3722,966273,300.5093,256,4,90.23
3723,966873,275.5365,600,4,90.72
3724,967473,291.8412,600,4,90.62
3725,968073,314.6501,600,5,97.07
3726,968250,615.0186,177,6,100.0
3727,968850,260.3637,600,4,83.2
3728,969450,244.0588,600,4,93.07
3729,970050,440.6376,600,5,99.9
3730,970275,266.2496,225,3,83.01
3731,970875,348.6772,600,5,97.17
3732,971038,586.8717,163,6,100.0
3733,971638,207.3232,600,3,76.27
3734,972238,433.5676,600,5,99.9
3735,972551,285.1307,313,4,89.94
3736,973151,427.7384,600,5,100.0
3737,973751,236.7611,600,4,90.04
3738,974351,309.1845,600,5,95.12
3739,974376,-9.778,25,1,19.24
3740,974922,498.2258,546,5,100.0
3741,975522,283.3171,600,4,91.99
3742,975753,294.9735,231,3,83.01
3743,976353,253.2347,600,4,89.06
3744,976953,297.189,600,5,94.63
3745,977132,635.1856,179,6,100.0
3746,977441,522.421,309,5,100.0
3747,978041,286.8468,600,4,90.82
3748,978641,281.8386,600,4,90.62
3749,979113,295.6276,472,4,89.36
3750,979380,409.9113,267,5,96.39
3751,979609,682.5302,229,6,100.0
3752,979868,300.1604,259,4,90.14
3753,980132,728.988,264,6,99.9
3754,980732,288.8322,600,4,91.5
3755,980745,-5.2901,13,1,41.89
3756,981345,226.0823,600,3,79.2
3757,981945,455.3169,600,5,100.0
3758,982123,613.2677,178,6,100.0
3759,982723,270.0096,600,4,95.51
3760,982951,320.0177,228,5,94.82
3761,983122,616.3084,171,6,100.0
3762,983722,274.8151,600,4,89.06
3763,983738,-5.7303,16,1,19.53
3764,983881,203.7375,143,3,78.22
3765,984380,233.2088,499,4,95.12
3766,984980,446.1864,600,5,100.0
3767,985580,326.8747,600,4,90.53
3768,985752,622.3916,172,6,100.0
3769,985985,305.3368,233,4,91.7
3770,986236,287.9238,251,3,82.91
3771,986504,188.4285,268,3,76.17
3772,987104,379.1728,600,4,93.07
3773,987704,453.8481,600,5,99.9
3774,988304,279.246,600,3,83.4
3775,988579,266.7246,275,4,90.82
3776,989179,361.3445,600,5,95.8
3777,989779,257.2418,600,3,83.59
3778,989959,469.039,180,5,99.9
3779,990559,411.3637,600,5,100.0
3780,991159,384.4857,600,5,96.09
3781,991627,311.1272,468,5,96.68
3782,991809,623.8268,182,6,100.0
3783,991909,283.0028,100,4,93.55
3784,992509,227.7511,600,4,91.31
3785,993109,244.4543,600,3,83.11
3786,993304,491.3049,195,5,99.61
3787,993420,332.9124,116,4,95.21
3788,993443,23.5788,23,1,46.88
3789,993918,229.3895,475,4,90.43
3790,994518,264.7728,600,4,88.87
3791,994528,-11.1093,10,1,42.29
3792,994712,632.2006,184,6,99.9
3793,994888,636.5014,176,6,99.9
3794,995488,278.7566,600,4,89.65
3795,995500,-5.5392,12,1,44.24
3796,996100,221.2038,600,4,88.87
3797,996700,406.729,600,5,99.9
3798,997132,287.6004,432,4,90.04
3799,997317,628.7066,185,6,100.0
3800,997882,314.8201,565,4,92.58
3801,998130,329.3202,248,5,97.36
3802,998692,268.2733,562,4,92.68
3803,999292,245.7921,600,4,88.38
3804,999892,368.6138,600,5,99.8
