episode,timestep,episode_reward,episode_length,visited_rooms,explored_pct
1,36,39.7999,36,1,52.44
2,152,-4.2728,116,1,42.48
3,326,116.4922,174,1,56.54
4,481,33.6114,155,1,29.79
5,583,32.0767,102,1,37.89
6,1059,417.9898,476,2,64.84
7,1227,79.8753,168,1,50.78
8,1281,20.493,54,1,40.23
9,1330,55.6811,49,1,41.31
10,1378,-7.3919,48,1,19.73
11,1465,85.5963,87,1,42.29
12,1663,136.0989,198,1,57.42
13,1688,-1.1109,25,1,40.72
14,1773,87.4697,85,2,44.73
15,1865,-17.6161,92,1,28.03
16,1971,-13.5261,106,1,40.62
17,2058,1.2232,87,1,40.23
18,2142,-7.4833,84,1,27.05
19,2169,-4.1895,27,1,18.26
20,2407,191.8614,238,2,53.03
21,2559,28.7909,152,1,28.91
22,2638,-31.2134,79,1,26.37
23,2718,15.8906,80,1,20.02
24,3023,171.9502,305,1,41.6
25,3135,-36.1946,112,1,26.95
26,3206,-33.983,71,1,26.17
27,3343,-8.0401,137,1,42.19
28,3387,-4.4698,44,1,35.64
29,3447,-15.2001,60,1,37.01
30,3507,-14.3497,60,1,27.15
31,3565,-20.7488,58,1,25.39
32,3596,30.0268,31,2,45.9
33,3681,93.1481,85,1,54.0
34,3755,23.1836,74,1,40.53
35,3989,174.2886,234,2,51.37
36,4005,-15.0888,16,1,37.79
37,4091,-29.1995,86,1,25.29
38,4298,202.7301,207,1,55.47
39,4315,-24.3536,17,1,32.32
40,4432,36.8969,117,1,38.18
41,4458,-7.0883,26,1,16.7
42,4527,-11.9505,69,1,19.73
43,4575,-34.0457,48,1,25.88
44,4648,47.8175,73,1,38.96
45,4694,44.6851,46,1,43.46
46,4749,-19.5444,55,1,26.27
47,4862,22.2886,113,1,29.69
48,4924,-11.0654,62,1,19.43
49,4976,-9.435,52,1,38.87
50,5017,-21.3282,41,1,16.41
51,5180,158.4034,163,2,56.64
52,5509,232.5813,329,2,68.95
53,5530,5.1653,21,1,39.36
54,5740,313.2284,210,3,74.12
55,6038,190.4688,298,1,58.5
56,6277,255.3147,239,1,62.4
57,6358,68.2409,81,1,47.56
58,6413,-31.8323,55,1,25.78
59,6446,-13.7955,33,1,36.23
60,6635,35.8737,189,1,42.09
61,6752,128.7014,117,2,54.88
62,6797,-18.1246,45,1,33.4
63,6840,18.3043,43,1,41.7
64,6882,-31.5702,42,1,25.49
65,6907,-13.2193,25,1,34.77
66,6931,-12.9939,24,1,42.48
67,7046,43.5491,115,1,43.16
68,7386,334.7459,340,2,70.61
69,7432,-18.1644,46,1,37.7
70,7460,26.0887,28,1,45.7
71,7558,-0.5238,98,1,39.94
72,7707,39.9705,149,1,21.19
73,7820,31.4011,113,1,45.7
74,7897,-16.5902,77,1,19.53
75,8088,65.05,191,1,45.8
76,8184,-9.1238,96,1,37.21
77,8297,40.1275,113,1,43.07
78,8513,200.15,216,1,48.93
79,8560,-6.8918,47,1,39.16
80,9000,126.4267,440,2,53.42
81,9041,-18.2953,41,1,16.5
82,9085,2.5637,44,1,39.75
83,9120,31.3079,35,1,46.0
84,9162,3.1737,42,1,20.21
85,9218,-23.5462,56,1,37.79
86,9316,-8.6793,98,1,35.74
87,9369,-15.793,53,1,19.43
88,9492,122.6371,123,1,55.18
89,9682,59.5929,190,1,30.86
90,9784,35.5317,102,1,41.31
91,10064,300.0059,280,1,62.7
92,10180,-16.0575,116,1,37.89
93,10198,8.1815,18,1,42.58
94,10254,-20.1361,56,1,40.53
95,10376,69.786,122,1,49.71
96,10437,34.389,61,1,23.05
97,10477,-25.5821,40,1,34.08
98,10635,230.2722,158,2,66.11
99,10799,167.7666,164,1,54.98
100,10931,37.4967,132,1,38.87
101,11123,250.5308,192,2,71.68
102,11166,-27.3736,43,1,25.98
103,11317,78.4949,151,1,32.62
104,11386,42.5153,69,1,40.04
105,11554,182.1211,168,2,50.0
106,11727,283.605,173,2,71.78
107,11862,83.9987,135,1,55.37
108,11987,51.7336,125,1,48.05
109,12058,9.2914,71,1,42.38
110,12137,49.132,79,1,42.68
111,12246,-13.9512,109,1,43.65
112,12375,106.0482,129,1,45.8
113,12660,226.6611,285,2,48.93
114,12822,182.4713,162,2,50.98
115,12905,19.5273,83,1,42.77
116,13037,61.7302,132,1,25.39
117,13127,10.218,90,1,19.92
118,13176,-18.3117,49,1,40.53
119,13206,37.6286,30,1,52.73
120,13263,31.8188,57,1,29.59
121,13476,217.7924,213,1,63.09
122,13770,279.1226,294,2,73.24
123,13845,-13.9402,75,1,39.84
124,14069,242.14,224,2,75.78
125,14201,229.2879,132,2,58.2
126,14269,3.1632,68,1,42.09
127,14512,310.5973,243,2,75.0
128,14534,-10.3149,22,1,17.97
129,14640,102.0521,106,1,36.91
130,15108,298.4555,468,2,67.09
131,15397,196.4059,289,1,60.74
132,15707,104.1689,310,2,51.56
133,15915,117.0328,208,3,53.71
134,16004,-23.1948,89,1,26.76
135,16209,104.4529,205,2,47.56
136,16265,-17.2412,56,1,26.27
137,16313,-17.0225,48,1,33.98
138,16349,6.6308,36,1,39.55
139,16443,-23.6415,94,1,26.07
140,16533,48.7623,90,1,31.45
141,16612,-2.2975,79,1,35.45
142,16748,166.059,136,1,53.52
143,16820,60.1901,72,1,48.63
144,17240,584.4359,420,4,89.65
145,17440,260.7594,200,1,49.71
146,17540,17.7433,100,1,42.77
147,17600,-10.4442,60,1,41.8
148,18200,497.1605,600,3,84.96
149,18694,298.8242,494,3,71.09
150,18817,157.3585,123,1,41.31
151,18849,-5.6203,32,1,19.73
152,18904,26.6192,55,1,36.62
153,19060,206.7543,156,2,65.43
154,19360,129.2178,300,1,57.91
155,19960,658.1639,600,4,83.5
156,20435,189.2008,475,3,51.66
157,20475,-6.061,40,1,38.77
158,20574,178.2821,99,2,51.76
159,20720,101.7502,146,1,47.46
160,20792,38.0991,72,1,46.09
161,20857,17.9443,65,1,20.02
162,20875,-9.6512,18,1,17.87
163,21127,252.5447,252,2,70.31
164,21150,-15.4017,23,1,16.99
165,21750,462.8181,600,3,84.18
166,21804,51.2978,54,1,24.9
167,21861,-31.4743,57,1,26.37
168,22461,584.2902,600,4,87.79
169,22482,-18.3577,21,1,16.89
170,23082,424.9732,600,3,88.18
171,23682,434.0485,600,3,82.23
172,23745,46.362,63,1,40.23
173,24345,566.3961,600,4,88.18
174,24468,229.3063,123,2,55.18
175,25068,365.3,600,2,69.43
176,25310,245.1081,242,2,58.11
177,25910,514.2675,600,3,81.84
178,26002,109.5595,92,1,50.78
179,26602,291.5628,600,3,76.86
180,27202,442.9729,600,4,83.69
181,27802,469.3692,600,4,91.11
182,27892,27.9004,90,1,44.24
183,28492,546.9438,600,4,92.19
184,29092,529.3719,600,3,79.69
185,29391,297.7985,299,2,56.05
186,29991,578.6368,600,4,87.89
187,30038,4.7913,47,1,20.12
188,30262,301.26,224,3,68.65
189,30406,243.5392,144,2,52.54
190,31006,533.9,600,4,88.09
191,31606,512.1058,600,4,83.79
192,32206,423.4937,600,4,81.05
193,32528,522.7044,322,4,82.71
194,32713,282.6337,185,2,54.98
195,33313,538.6165,600,4,83.69
196,33651,475.9484,338,4,83.3
197,34251,450.9513,600,4,93.65
198,34318,-13.0758,67,1,34.86
199,34918,516.3,600,4,83.89
200,35377,421.6478,459,4,84.86
201,35521,-0.2165,144,1,27.64
202,35569,20.6004,48,1,20.51
203,35962,517.2373,393,4,88.28
204,36024,57.2067,62,1,23.05
205,36286,409.3394,262,3,84.38
206,36886,310.6179,600,3,75.29
207,37206,363.6864,320,3,77.15
208,37806,482.9859,600,3,80.96
209,38406,430.1001,600,4,89.84
210,39006,486.7759,600,5,89.65
211,39606,513.1984,600,4,86.13
212,39926,336.5386,320,2,79.0
213,40010,144.9342,84,2,55.27
214,40610,752.3246,600,5,91.41
215,40703,185.8821,93,2,65.04
216,41234,496.7574,531,4,90.33
217,41676,721.3281,442,5,99.22
218,41854,286.6677,178,2,56.45
219,42212,354.0518,358,4,83.01
220,42242,37.6298,30,1,51.07
221,42631,304.5484,389,3,55.27
222,42860,260.5059,229,3,80.27
223,43460,471.4915,600,4,76.86
224,43719,314.4274,259,2,55.57
225,44319,542.7466,600,5,89.26
226,44528,150.1503,209,3,51.07
227,44586,79.5135,58,1,51.37
228,45186,480.0991,600,4,85.25
229,45247,36.8871,61,1,21.19
230,45267,2.32,20,1,40.53
231,45783,430.7318,516,4,85.74
232,45895,121.2905,112,2,48.63
233,46064,104.8852,169,2,46.29
234,46200,113.8178,136,2,45.21
235,46411,329.2628,211,3,75.29
236,47011,278.2629,600,3,68.65
237,47041,-16.6919,30,1,36.23
238,47084,29.6973,43,1,36.62
239,47140,-6.6778,56,1,41.02
240,47369,153.7587,229,2,56.54
241,47816,207.0831,447,3,58.59
242,47941,135.0374,125,1,54.39
243,48271,378.7066,330,3,83.11
244,48871,516.9343,600,4,82.62
245,49031,232.417,160,2,70.8
246,49085,72.3851,54,1,23.44
247,49311,213.2085,226,2,64.26
248,49381,57.4465,70,1,42.77
249,49450,70.0829,69,1,46.88
250,49553,-40.0348,103,1,26.95
251,49595,36.4296,42,1,36.62
252,49615,-3.2919,20,1,19.14
253,49641,22.5933,26,1,36.82
254,49906,407.4356,265,2,63.38
255,49943,-18.5634,37,1,18.36
256,49985,30.4661,42,1,43.65
257,50020,35.5441,35,1,24.32
258,50069,64.7207,49,1,26.07
259,50171,66.6685,102,1,29.1
260,50202,16.5298,31,1,39.06
261,50249,20.5766,47,1,40.04
262,50292,18.0544,43,1,36.23
263,50384,97.0566,92,1,49.32
264,50414,22.5466,30,1,48.14
265,50571,104.0265,157,2,46.48
266,50798,105.4485,227,3,55.47
267,51023,221.4955,225,3,79.69
268,51113,114.8811,90,1,58.2
269,51370,135.2032,257,3,50.39
270,51430,72.695,60,1,25.1
271,51503,-18.0346,73,1,18.65
272,51543,48.5309,40,1,32.32
273,51633,121.3673,90,1,50.29
274,51738,131.5848,105,2,46.0
275,51779,42.4155,41,1,45.02
276,51833,58.3279,54,1,42.29
277,51856,5.8362,23,1,38.96
278,51944,-10.3871,88,1,40.82
279,52378,144.9248,434,3,55.76
280,52562,233.8767,184,2,67.87
281,52612,38.6618,50,1,22.75
282,52661,24.8212,49,1,42.77
283,52819,134.4012,158,2,45.51
284,52895,42.8097,76,1,23.44
285,52917,17.5304,22,1,22.46
286,53084,101.4203,167,2,46.0
287,53101,-0.501,17,1,41.11
288,53204,159.2483,103,2,55.18
289,53273,89.4026,69,1,53.52
290,53306,15.8744,33,1,38.28
291,53353,41.8758,47,1,45.61
292,53400,-15.7794,47,1,18.75
293,53445,28.1086,45,1,22.66
294,53470,-1.0602,25,1,21.48
295,53493,-1.0772,23,1,35.35
296,53558,45.4356,65,1,33.01
297,53639,62.4612,81,1,44.24
298,53710,-29.9175,71,1,25.88
299,53737,20.0981,27,1,47.46
300,53790,28.1587,53,1,43.55
301,54109,59.6682,319,2,56.15
302,54181,38.3023,72,1,29.39
303,54257,-41.3925,76,1,26.86
304,54334,96.1917,77,1,50.98
305,54527,320.483,193,3,85.16
306,54570,44.6237,43,1,45.8
307,54814,227.5419,244,3,81.84
308,54871,37.0534,57,1,43.95
309,54923,-4.7967,52,1,37.6
310,54992,18.6325,69,1,39.84
311,55064,80.8592,72,1,51.66
312,55163,4.1486,99,1,28.32
313,55367,171.7077,204,2,65.82
314,55464,63.2108,97,1,45.8
315,55524,-2.6005,60,1,19.24
316,55623,34.0838,99,1,30.86
317,55665,3.4449,42,1,37.6
318,55697,28.4986,32,1,46.48
319,55754,80.6556,57,1,43.65
320,55800,13.7808,46,1,44.24
321,55877,119.3999,77,1,51.76
322,55929,33.1229,52,1,42.38
323,55991,61.7606,62,1,44.63
324,56077,121.8565,86,1,62.21
325,56428,84.8915,351,2,62.99
326,56492,67.3144,64,1,57.03
327,57012,491.1584,520,4,94.24
328,57103,109.7588,91,1,52.73
329,57141,6.9427,38,1,37.7
330,57182,50.6338,41,1,25.78
331,57208,-4.1605,26,1,19.73
332,57248,30.0202,40,1,30.27
333,57273,-7.21,25,1,19.24
334,57308,-11.677,35,1,17.97
335,57401,75.8533,93,1,44.43
336,57422,-6.606,21,1,39.75
337,57490,48.9259,68,1,45.51
338,57522,42.9691,32,1,47.75
339,57577,55.4581,55,1,44.14
340,57696,-26.8617,119,1,18.75
341,57804,123.1464,108,1,49.02
342,57923,14.6883,119,1,28.71
343,58012,115.7146,89,1,50.39
344,58056,29.6171,44,1,29.1
345,58109,19.1785,53,1,28.03
346,58161,-3.3371,52,1,17.97
347,58225,25.225,64,1,39.84
348,58280,46.9504,55,1,32.71
349,58356,2.2456,76,1,42.29
350,58439,51.4851,83,1,39.16
351,58479,12.7276,40,1,27.05
352,58677,138.6531,198,3,50.2
353,58702,8.0479,25,1,34.96
354,58772,7.2216,70,1,39.65
355,58817,21.0473,45,1,36.13
356,58858,51.5537,41,1,47.66
357,58890,18.0211,32,1,38.38
358,58915,-7.4262,25,1,17.68
359,58939,-2.261,24,1,37.7
360,59117,115.1893,178,3,52.64
361,59150,-11.2281,33,1,18.46
362,59233,82.4168,83,1,45.51
363,59270,33.192,37,1,41.89
364,59290,-1.7054,20,1,19.82
365,59461,130.1648,171,2,56.54
366,59518,20.6849,57,1,39.45
367,59562,25.0847,44,1,20.9
368,59663,5.8986,101,1,40.33
369,59943,310.1792,280,3,80.37
370,59983,-2.3453,40,1,18.85
371,60040,37.3806,57,1,30.27
372,60091,-24.7646,51,1,26.37
373,60183,53.7871,92,1,46.78
374,60205,-12.3792,22,1,16.6
375,60229,4.7478,24,1,20.8
376,60267,45.9227,38,1,50.0
377,60372,115.0403,105,1,44.63
378,60454,8.9342,82,1,41.21
379,60498,50.0024,44,1,43.16
380,60591,45.9931,93,1,29.59
381,60635,35.9932,44,1,43.36
382,60710,68.9342,75,1,47.36
383,60769,96.7792,59,1,29.98
384,60805,36.6541,36,1,24.8
385,60849,-11.8171,44,1,18.55
386,60930,62.4844,81,1,32.52
387,61091,130.9317,161,2,46.29
388,61332,272.4071,241,3,72.66
389,61394,70.1453,62,1,43.75
390,61437,-14.7052,43,1,25.88
391,61469,37.6076,32,1,46.88
392,61590,132.1701,121,3,51.86
393,61698,43.4062,108,1,45.51
394,61812,151.3811,114,2,56.54
395,61930,52.8345,118,1,48.34
396,62028,15.6611,98,1,41.89
397,62072,47.7078,44,1,52.15
398,62125,1.4239,53,1,28.81
399,62234,139.7147,109,2,57.52
400,62290,48.472,56,1,44.14
401,62567,253.433,277,3,69.53
402,62697,153.963,130,3,50.88
403,62742,-18.0521,45,1,27.34
404,62768,22.8315,26,1,47.17
405,62836,-1.4807,68,1,36.43
406,62868,40.7211,32,1,47.17
407,63159,417.825,291,2,57.13
408,63198,24.6408,39,1,36.72
409,63332,133.5654,134,2,46.0
410,63381,56.7347,49,1,45.41
411,63433,83.8486,52,1,57.62
412,63507,78.3642,74,1,33.2
413,63634,159.9604,127,3,52.15
414,63714,116.4745,80,1,54.69
415,63737,-3.8724,23,1,20.7
416,63785,-3.448,48,1,27.05
417,63841,17.2389,56,1,42.87
418,64127,351.2367,286,2,76.37
419,64150,-6.4893,23,1,17.19
420,64275,209.016,125,2,40.92
421,64369,-7.0395,94,1,36.04
422,64469,-13.7468,100,1,20.31
423,64617,110.3819,148,2,57.91
424,64688,102.7516,71,1,52.83
425,64987,107.2907,299,2,58.2
426,65082,169.8121,95,2,34.77
427,65279,77.3483,197,2,46.88
428,65309,13.3148,30,1,35.55
429,65358,34.956,49,1,41.89
430,65446,27.55,88,1,35.55
431,65481,33.5274,35,1,23.44
432,65604,143.2731,123,3,52.73
433,65802,98.119,198,1,34.67
434,65840,24.7767,38,1,47.27
435,65927,106.691,87,1,49.41
436,65997,104.3274,70,1,39.16
437,66199,79.328,202,2,45.41
438,66356,71.6863,157,1,32.23
439,66496,58.3019,140,1,35.35
440,66598,49.4545,102,1,22.07
441,66733,142.2432,135,3,50.0
442,66776,48.0021,43,1,43.75
443,66858,131.9018,82,1,43.46
444,66992,120.0352,134,2,46.39
445,67058,90.8014,66,1,28.03
446,67348,125.3644,290,2,58.69
447,67647,240.1271,299,3,68.95
448,67778,84.4798,131,1,50.78
449,67970,94.8703,192,2,47.07
450,67990,-6.1574,20,1,16.8
451,68305,352.1031,315,4,84.67
452,68842,181.3546,537,3,81.74
453,69124,272.9283,282,4,81.15
454,69215,68.1765,91,1,49.32
455,69815,514.5233,600,5,90.23
456,69837,-3.6234,22,1,20.31
457,69962,99.7456,125,1,51.17
458,70350,229.1795,388,3,69.24
459,70610,156.7638,260,2,58.11
460,70751,167.4383,141,2,64.55
461,70899,277.9771,148,3,74.9
462,71319,368.9765,420,3,79.3
463,71416,164.6296,97,2,52.64
464,71857,525.4326,441,4,85.55
465,71877,-12.0278,20,1,16.8
466,72010,129.6934,133,1,53.32
467,72313,467.8025,303,5,89.94
468,72393,113.6426,80,1,53.91
469,72546,133.8697,153,3,53.71
470,72608,-5.5553,62,1,18.75
471,73093,684.5808,485,6,99.71
472,73369,485.2909,276,4,86.52
473,73414,85.0365,45,2,54.98
474,73557,149.32,143,1,54.59
475,73586,25.506,29,1,48.05
476,74186,605.0813,600,4,83.5
477,74437,394.8474,251,4,86.33
478,74796,124.8472,359,3,51.27
479,74844,20.4148,48,1,42.09
480,75095,396.0202,251,4,85.84
481,75469,348.9267,374,4,89.16
482,75613,87.9237,144,2,47.85
483,75812,94.5666,199,3,53.22
484,75880,115.4854,68,1,59.47
485,76040,325.9486,160,3,77.34
486,76158,204.8209,118,2,65.82
487,76170,-11.9456,12,1,42.58
488,76342,311.6151,172,3,68.26
489,76436,61.0028,94,1,24.12
490,76738,341.2524,302,3,80.37
491,77276,331.6269,538,4,83.89
492,77550,521.2479,274,4,81.84
493,77640,28.154,90,1,38.09
494,78138,358.2143,498,4,85.35
495,78281,128.0113,143,2,62.11
496,78318,27.5844,37,1,42.29
497,78363,51.279,45,1,48.93
498,78406,66.6965,43,1,48.44
499,78805,610.3289,399,5,97.66
500,79288,370.289,483,3,83.89
501,79313,26.4143,25,1,47.75
502,79502,332.8007,189,3,75.88
503,79764,370.6363,262,4,88.77
504,79831,55.368,67,1,44.24
505,80049,193.0275,218,2,65.23
506,80413,326.3991,364,4,82.62
507,81013,476.785,600,5,96.39
508,81141,231.8105,128,2,53.81
509,81212,9.0939,71,1,21.68
510,81388,278.5328,176,3,75.78
511,81464,28.9101,76,1,20.7
512,81708,408.2684,244,4,89.06
513,82103,474.4722,395,5,92.77
514,82157,56.9391,54,1,22.95
515,82577,694.3276,420,5,96.48
516,82715,250.9356,138,3,79.69
517,82815,62.9752,100,1,48.93
518,82884,94.1123,69,1,60.06
519,83140,263.2995,256,2,75.78
520,83451,357.0555,311,4,87.89
521,83533,80.9873,82,1,53.71
522,83577,14.6328,44,1,36.33
523,83636,71.2166,59,1,49.32
524,83832,267.7891,196,2,75.29
525,83873,54.5846,41,1,44.43
526,84020,259.8956,147,2,70.02
527,84442,303.4909,422,2,50.2
528,84588,266.0975,146,3,77.05
529,84619,37.6027,31,1,42.19
530,85007,608.6596,388,5,84.18
531,85028,8.9809,21,1,21.97
532,85098,103.6442,70,1,58.2
533,85380,432.6463,282,4,82.13
534,85471,124.5945,91,1,60.64
535,85608,212.7334,137,2,74.41
536,85945,329.7248,337,4,83.89
537,86036,81.5552,91,1,28.42
538,86285,355.3251,249,3,74.41
539,86447,266.6765,162,2,56.74
540,86590,286.9482,143,3,77.25
541,86921,327.3581,331,4,82.52
542,87149,315.4982,228,2,51.95
543,87446,291.6686,297,2,69.63
544,87510,94.3232,64,1,62.79
545,87659,123.65,149,3,53.42
546,88259,380.8847,600,3,80.37
547,88619,493.5825,360,5,90.23
548,88645,11.2921,26,1,21.09
549,88938,334.5871,293,3,79.3
550,89525,367.9445,587,4,83.59
551,89604,97.9333,79,1,26.76
552,89929,274.6693,325,4,82.42
553,90222,76.6068,293,2,46.78
554,90414,317.4319,192,3,76.95
555,90795,244.0401,381,2,74.22
556,91395,313.632,600,3,83.98
557,91566,153.1119,171,3,51.37
558,92149,637.8541,583,5,99.9
559,92749,301.4439,600,3,52.73
560,92947,345.8801,198,3,82.42
561,93116,261.4479,169,2,71.58
562,93599,372.4324,483,4,87.6
563,93859,465.9346,260,4,80.86
564,94453,403.0144,594,4,90.43
565,94876,317.8825,423,4,91.31
566,95133,250.6549,257,2,75.98
567,95678,398.3454,545,5,91.5
568,95992,489.0001,314,4,88.48
569,96245,310.3646,253,3,74.41
570,96471,394.0663,226,4,86.62
571,96913,300.4595,442,4,83.01
572,97513,289.5993,600,3,81.15
573,97962,353.1606,449,4,90.62
574,98562,55.5507,600,3,53.91
575,99144,657.953,582,6,99.9
576,99431,333.1612,287,4,87.01
577,100031,627.14,600,5,96.09
578,100492,286.7526,461,3,80.47
579,100575,63.8155,83,1,25.0
580,101175,325.745,600,3,83.89
581,101775,474.3042,600,4,86.33
582,102035,304.9978,260,3,79.1
583,102332,480.675,297,4,80.86
584,102585,502.1455,253,4,81.45
585,102614,16.922,29,1,20.7
586,103199,356.9701,585,4,86.43
587,103468,207.367,269,2,76.37
588,104068,50.3734,600,2,50.68
589,104314,334.4111,246,3,76.56
590,104914,294.8582,600,2,72.17
591,105150,288.7284,236,3,81.74
592,105348,476.3539,198,4,81.84
593,105791,243.1546,443,3,78.91
594,106391,193.9275,600,2,69.34
595,106511,282.6934,120,3,74.22
596,106658,261.6193,147,3,73.34
597,106710,90.1718,52,1,50.2
598,107310,50.4331,600,1,51.17
599,107528,481.1348,218,4,86.04
600,108058,446.2851,530,4,86.23
601,108464,175.5343,406,2,69.14
602,108672,399.7207,208,4,86.23
603,108958,172.1332,286,2,67.38
604,109558,352.5747,600,3,81.93
605,110089,140.8962,531,2,68.95
606,110430,558.8509,341,4,85.64
607,110516,116.7458,86,1,66.11
608,110866,270.1512,350,3,70.8
609,111466,319.1593,600,3,56.35
610,112066,375.4611,600,3,85.25
611,112666,305.713,600,2,78.12
612,113266,309.9172,600,3,74.02
613,113392,243.8837,126,2,54.49
614,113842,563.519,450,5,87.99
615,114442,219.6883,600,2,81.05
616,115042,439.1462,600,3,81.64
617,115190,207.8347,148,2,49.71
618,115683,240.5211,493,3,76.37
619,115701,8.8864,18,1,41.41
620,116301,351.4251,600,3,64.16
621,116750,493.1869,449,4,84.18
622,117350,218.9,600,2,74.61
623,117950,265.8,600,1,68.55
624,117969,-10.0755,19,1,18.36
625,118188,252.6631,219,3,73.44
626,118788,170.5134,600,2,73.24
627,119388,245.6014,600,3,73.44
628,119511,210.825,123,2,54.2
629,119817,370.2138,306,3,81.15
630,120121,311.0295,304,3,76.17
631,120721,401.7106,600,3,81.64
632,120799,161.58,78,2,59.57
633,121320,291.3275,521,2,69.43
634,121835,328.5024,515,4,83.2
635,122330,166.4694,495,2,75.88
636,122930,372.4044,600,4,88.96
637,123240,415.8054,310,4,89.06
638,123264,-9.8815,24,1,17.58
639,123421,210.4634,157,2,74.32
640,123461,55.5935,40,1,28.12
641,123477,2.9548,16,1,41.8
642,123518,78.8889,41,1,49.8
643,123677,195.4065,159,2,54.49
644,123700,22.4704,23,1,23.14
645,124065,243.5187,365,2,69.43
646,124348,417.948,283,3,80.76
647,124948,173.8798,600,2,69.34
648,125548,309.5034,600,2,78.12
649,126139,299.9277,591,3,77.83
650,126445,366.74,306,4,90.62
651,126731,196.9744,286,2,59.57
652,126938,202.9923,207,2,69.63
653,127538,348.1433,600,4,87.89
654,127830,334.2721,292,3,80.27
655,128110,255.148,280,2,70.12
656,128128,-0.4817,18,1,42.48
657,128248,253.323,120,2,55.96
658,128503,461.3802,255,4,77.64
659,128615,250.4936,112,2,46.19
660,129078,247.2276,463,2,77.15
661,129414,413.6247,336,4,91.41
662,129422,-17.0163,8,1,40.04
663,129618,264.5301,196,3,79.39
664,129684,154.448,66,2,53.32
665,129695,-8.1447,11,1,43.95
666,129937,225.8645,242,3,70.51
667,130062,246.9516,125,3,82.81
668,130089,18.1319,27,1,23.83
669,130343,387.0082,254,3,82.42
670,130896,236.4318,553,3,83.89
671,131293,249.2621,397,2,67.29
672,131391,163.0597,98,2,67.48
673,131540,225.8325,149,2,73.24
674,131761,174.4582,221,2,66.89
675,131923,171.83,162,2,67.87
676,132113,125.8917,190,2,69.63
677,132346,462.8105,233,3,78.52
678,132946,129.9,600,1,67.29
679,133020,138.1513,74,2,53.61
680,133437,245.6578,417,3,73.24
681,133459,20.8315,22,1,51.07
682,133962,248.37,503,2,76.27
683,134301,179.511,339,2,69.14
684,134447,284.2257,146,3,76.86
685,134862,170.0216,415,2,70.51
686,135124,272.5804,262,3,79.79
687,135600,241.4531,476,2,77.34
688,136065,384.0813,465,3,82.91
689,136197,213.8185,132,2,54.1
690,136481,134.9192,284,3,52.44
691,136511,37.8048,30,1,50.78
692,136576,129.9176,65,2,50.59
693,136812,304.3395,236,3,78.81
694,136860,87.1878,48,1,50.0
695,136877,-2.8461,17,1,19.24
696,137353,43.2607,476,1,44.04
697,137600,438.2648,247,4,91.8
698,137796,163.3257,196,2,67.48
699,137826,1.2954,30,1,20.31
700,137862,69.145,36,2,57.23
701,138019,198.7166,157,2,67.87
702,138131,73.9366,112,2,57.62
703,138187,102.6311,56,2,51.17
704,138206,2.6268,19,1,40.62
705,138301,167.9046,95,2,65.53
706,138496,180.4848,195,3,73.63
707,138686,260.4862,190,2,71.29
708,138712,35.3421,26,1,52.54
709,138855,269.6643,143,2,48.93
710,139030,324.6541,175,3,53.32
711,139051,-1.8142,21,1,21.39
712,139082,34.5071,31,1,45.02
713,139217,161.6194,135,3,53.12
714,139303,200.229,86,2,51.95
715,139534,304.4665,231,4,82.62
716,139658,161.7715,124,2,65.82
717,139723,39.5455,65,1,49.12
718,139872,145.1448,149,2,63.09
719,140254,217.874,382,2,74.41
720,140353,63.9519,99,1,50.98
721,140647,327.4597,294,3,61.33
722,140832,152.3712,185,1,63.87
723,141043,132.7369,211,2,66.5
724,141192,247.9912,149,3,73.73
725,141257,136.3283,65,2,54.2
726,141367,174.7469,110,2,74.51
727,141444,98.5095,77,1,49.02
728,141501,96.1332,57,2,52.93
729,141779,352.9052,278,3,77.73
730,141916,198.2019,137,2,54.69
731,141962,49.0179,46,1,40.82
732,141987,14.2104,25,1,37.89
733,142139,178.3494,152,2,69.43
734,142232,202.2378,93,2,63.18
735,142412,315.6309,180,3,77.73
736,142602,127.6636,190,2,67.48
737,142739,276.5736,137,3,71.19
738,142898,237.5329,159,2,54.59
739,142926,29.005,28,1,33.5
740,142961,46.2214,35,1,50.88
741,143010,52.7307,49,1,23.93
742,143261,315.1606,251,2,48.14
743,143276,-5.9325,15,1,41.89
744,143310,37.2223,34,1,51.46
745,143455,176.837,145,2,66.89
746,143508,71.5665,53,1,57.23
747,143630,229.1173,122,2,55.47
748,143641,-20.6614,11,1,41.02
749,143742,166.0188,101,1,59.86
750,143853,224.2835,111,2,58.59
751,143909,109.7617,56,2,50.68
752,143921,-5.6697,12,1,39.45
753,143931,-11.2915,10,1,41.11
754,143957,26.5899,26,1,48.44
755,144120,128.9317,163,2,67.38
756,144281,151.6816,161,1,65.33
757,144484,299.0981,203,2,73.83
758,144584,165.9599,100,2,63.57
759,144925,241.5611,341,2,70.8
760,144934,-14.2545,9,1,41.7
761,145049,143.1981,115,2,68.75
762,145134,185.5493,85,2,72.56
763,145450,279.0979,316,2,50.88
764,145484,63.4482,34,2,53.22
765,145576,159.1594,92,2,71.19
766,145705,292.1712,129,3,55.18
767,145839,153.8019,134,2,68.85
768,145930,153.9317,91,2,67.19
769,145974,102.0584,44,2,50.2
770,146337,479.1194,363,4,81.93
771,146381,55.8404,44,1,52.05
772,146496,170.4713,115,2,70.61
773,146513,-15.0459,17,1,15.23
774,147113,200.1315,600,2,49.32
775,147151,64.4387,38,1,48.24
776,147225,141.664,74,2,52.93
777,147288,97.3173,63,1,47.85
778,147373,194.3591,85,2,70.31
779,147407,19.1086,34,1,22.85
780,147446,40.9339,39,1,46.88
781,147476,61.2318,30,2,48.73
782,147661,253.1364,185,2,70.7
783,147697,46.0946,36,1,49.51
784,147716,9.2644,19,1,22.46
785,147875,261.6897,159,3,79.1
786,147945,111.6517,70,2,56.05
787,148011,141.8792,66,2,54.49
788,148104,196.9362,93,2,57.32
789,148217,277.4853,113,3,54.1
790,148368,148.4335,151,2,68.07
791,148452,62.1657,84,1,38.96
792,148510,77.0956,58,1,54.79
793,148622,121.0595,112,2,53.12
794,148738,211.7736,116,2,75.78
795,148927,162.6712,189,2,67.97
796,149070,220.1446,143,2,59.96
797,149158,86.9562,88,1,54.88
798,149229,65.26,71,1,46.48
799,149315,135.7597,86,1,56.84
800,149396,36.9945,81,1,45.31
801,149428,38.0172,32,1,56.64
802,149452,23.1163,24,1,23.44
803,149490,64.2142,38,1,48.83
804,149562,82.1428,72,1,58.5
805,149832,277.7866,270,4,83.98
806,149976,208.9826,144,2,72.17
807,150124,201.9922,148,2,38.67
808,150396,135.1745,272,2,65.53
809,150517,227.2908,121,2,54.69
810,150645,157.0275,128,2,53.61
811,150692,63.8639,47,1,28.32
812,150723,31.1613,31,1,47.07
813,150840,157.796,117,2,66.6
814,150940,156.8446,100,2,66.89
815,151170,139.6519,230,2,67.97
816,151267,138.9783,97,2,65.92
817,151297,34.9315,30,1,44.92
818,151360,126.7245,63,2,49.51
819,151383,20.5695,23,1,44.43
820,151609,170.8741,226,2,75.78
821,151715,144.3214,106,2,67.77
822,151748,36.6404,33,1,46.88
823,151965,96.9695,217,1,65.33
824,151992,-10.2008,27,1,17.48
825,152134,137.8555,142,2,47.75
826,152253,190.7515,119,2,70.41
827,152334,82.9082,81,1,38.57
828,152760,269.9251,426,4,81.84
829,152820,127.4637,60,2,63.48
830,152979,316.7597,159,3,53.52
831,152999,-3.0252,20,1,20.61
832,153038,45.4048,39,1,23.73
833,153112,144.4965,74,2,54.3
834,153162,100.768,50,2,55.86
835,153226,126.127,64,2,50.59
836,153261,32.3255,35,1,24.8
837,153309,107.1613,48,2,59.96
838,153364,109.9819,55,2,52.44
839,153436,135.3016,72,2,34.08
840,153503,103.6799,67,1,63.18
841,153539,43.1925,36,1,24.61
842,153657,255.7724,118,3,67.48
843,153756,192.5952,99,2,71.58
844,153878,155.1342,122,2,68.36
845,153969,223.2267,91,3,66.8
846,154085,173.7324,116,2,69.24
847,154205,271.5519,120,3,67.77
848,154221,6.0859,16,1,46.09
849,154236,-6.1596,15,1,20.31
850,154258,2.4421,22,1,21.0
851,154379,224.3124,121,3,77.15
852,154531,168.1364,152,2,71.0
853,154600,163.0582,69,2,53.61
854,154612,-6.2212,12,1,43.26
855,154650,51.9677,38,1,48.83
856,154752,162.967,102,2,69.14
857,155127,235.8718,375,3,73.93
858,155213,178.0077,86,2,71.19
859,155386,300.0245,173,3,73.54
860,155454,159.8341,68,2,53.61
861,155813,269.2498,359,4,82.03
862,155913,180.9527,100,2,69.63
863,155941,8.0462,28,1,20.31
864,155973,22.196,32,1,49.61
865,155983,-11.5478,10,1,40.04
866,156115,235.8191,132,2,63.28
867,156133,2.5928,18,1,41.89
868,156226,175.9586,93,2,69.04
869,156342,249.7575,116,3,69.24
870,156401,35.6725,59,1,20.9
871,156476,159.3447,75,2,53.61
872,156567,143.5044,91,2,69.63
873,156699,244.5292,132,3,72.85
874,156982,217.6088,283,3,81.35
875,157137,260.3276,155,2,60.55
876,157240,232.0701,103,3,64.26
877,157329,138.0893,89,2,66.41
878,157365,14.4586,36,1,21.19
879,157694,261.6045,329,3,81.84
880,157852,364.6982,158,3,80.66
881,158040,218.8538,188,2,73.63
882,158216,188.4343,176,3,73.44
883,158273,89.6408,57,1,57.62
884,158336,148.5771,63,2,53.81
885,158357,25.5619,21,2,46.58
886,158423,157.5214,66,2,53.03
887,158473,116.6746,50,2,62.11
888,158559,209.0615,86,3,67.87
889,158647,157.306,88,2,70.21
890,158694,78.7346,47,1,51.76
891,159010,186.9858,316,3,76.66
892,159028,5.8359,18,1,41.02
893,159077,65.8928,49,1,55.57
894,159184,228.166,107,2,65.04
895,159366,202.7434,182,2,69.43
896,159406,35.773,40,1,23.63
897,159415,-14.3058,9,1,38.77
898,159534,242.4755,119,2,62.21
899,159576,66.3188,42,1,41.8
900,159630,80.1215,54,1,53.32
901,159810,285.5577,180,2,63.38
902,159959,298.0865,149,3,80.66
903,160003,70.0426,44,1,51.76
904,160068,163.2134,65,2,53.81
905,160194,194.2905,126,2,54.2
906,160325,121.2279,131,2,65.43
907,160404,167.5511,79,2,53.22
908,160438,55.5294,34,1,48.83
909,160537,169.0858,99,2,67.77
910,160572,48.3991,35,1,54.1
911,160699,254.9873,127,3,67.19
912,160729,63.5718,30,2,59.67
913,160760,18.0106,31,1,22.07
914,160798,60.5303,38,1,46.88
915,160874,117.4233,76,2,56.45
916,160916,89.6275,42,2,58.4
917,160991,156.2218,75,2,62.01
918,161200,304.7987,209,3,68.26
919,161707,390.4565,507,3,71.88
920,161731,29.5969,24,1,47.46
921,161761,34.5512,30,1,46.58
922,161830,97.3654,69,1,53.81
923,161879,76.0944,49,1,27.05
924,161980,140.3116,101,2,52.93
925,162097,206.3045,117,2,55.57
926,162210,259.5721,113,3,68.07
927,162306,120.9893,96,1,57.23
928,162475,217.4223,169,3,73.63
929,162506,16.463,31,1,38.38
930,162551,15.5745,45,1,40.43
931,162846,217.3543,295,2,55.47
932,163133,512.7662,287,4,68.95
933,163700,170.1474,567,3,77.05
934,163776,65.964,76,1,40.92
935,163844,65.4429,68,1,24.12
936,163950,145.9052,106,2,67.68
937,163989,42.3599,39,1,46.88
938,164057,153.8348,68,2,54.69
939,164657,164.766,600,2,74.02
940,164666,-23.1093,9,1,42.19
941,164686,14.7344,20,1,47.27
942,164865,116.3455,179,1,62.6
943,165024,280.1299,159,3,83.3
944,165093,157.3553,69,2,53.12
945,165178,196.4172,85,3,66.8
946,165241,18.2752,63,1,21.29
947,165434,123.163,193,1,64.75
948,165875,306.5799,441,4,87.01
949,165913,31.2139,38,1,46.97
950,165956,60.2721,43,1,27.25
951,166173,435.1642,217,4,68.75
952,166237,157.514,64,2,54.59
953,166361,304.5677,124,3,87.79
954,166440,151.9567,79,2,50.88
955,166670,358.0052,230,3,74.71
956,166813,260.7796,143,4,80.66
957,166916,172.0538,103,2,71.78
958,167100,362.2544,184,4,86.82
959,167294,3.7926,194,1,20.12
960,167527,480.0551,233,4,79.2
961,168012,173.1602,485,3,76.07
962,168612,245.8531,600,3,79.39
963,168700,37.2739,88,1,42.19
964,169243,386.0802,543,3,73.54
965,169311,5.0451,68,1,18.65
966,169409,184.3381,98,2,64.75
967,169577,271.3549,168,2,65.23
968,169606,-22.8525,29,1,16.41
969,169843,296.388,237,2,66.02
970,170072,129.5694,229,2,80.57
971,170141,179.7761,69,3,71.29
972,170741,124.4356,600,3,73.14
973,170812,39.3805,71,1,43.46
974,170865,75.1,53,1,58.59
975,171250,338.6662,385,3,78.32
976,171316,126.7175,66,2,52.15
977,171446,252.6306,130,3,63.48
978,171490,69.5982,44,1,51.56
979,171499,-20.2597,9,1,38.67
980,172099,408.5305,600,4,71.39
981,172699,443.4372,600,4,69.24
982,172776,71.9375,77,1,49.12
983,172905,192.1644,129,3,71.39
984,173179,371.0561,274,4,83.3
985,173321,276.987,142,2,66.8
986,173472,284.296,151,3,57.13
987,173707,264.0782,235,3,80.27
988,173861,273.9191,154,3,52.34
989,174007,263.6233,146,3,80.27
990,174077,153.8631,70,2,53.91
991,174147,156.9389,70,2,53.81
992,174332,371.6229,185,4,87.3
993,174932,643.1487,600,5,92.19
994,175004,194.0046,72,3,73.05
995,175076,113.4427,72,2,47.95
996,175293,258.1759,217,3,75.78
997,175483,208.2349,190,3,74.9
998,175715,477.8372,232,3,88.38
999,176175,541.8235,460,5,96.48
1000,176245,165.6735,70,2,53.61
1001,176712,294.6094,467,4,93.65
1002,177041,430.8429,329,4,82.42
1003,177110,-4.1201,69,1,18.36
1004,177580,161.3232,470,3,71.09
1005,177873,378.6638,293,4,89.26
1006,177902,28.4939,29,1,42.19
1007,177978,130.9651,76,2,48.44
1008,178098,309.5418,120,4,83.79
1009,178698,85.4829,600,2,75.0
1010,179078,278.0684,380,3,83.01
1011,179452,407.6289,374,4,83.98
1012,179474,8.8353,22,1,21.68
1013,180074,166.7312,600,3,79.88
1014,180674,351.2541,600,4,92.19
1015,180858,269.164,184,3,78.52
1016,181458,203.8077,600,3,76.95
1017,181520,149.1263,62,2,54.3
1018,181980,211.981,460,2,77.83
1019,182332,457.5961,352,4,84.57
1020,182802,536.8063,470,5,97.46
1021,183402,299.2594,600,4,93.07
1022,183579,379.6839,177,4,94.34
1023,183645,4.7625,66,1,19.24
1024,183717,119.8335,72,2,48.24
1025,183740,-6.7957,23,1,17.68
1026,183807,154.2686,67,2,53.91
1027,184121,791.4213,314,6,100.0
1028,184414,725.7623,293,6,100.0
1029,184715,436.4725,301,4,84.67
1030,185315,326.9046,600,4,87.6
1031,185915,254.7422,600,4,88.38
1032,186241,300.2127,326,4,84.18
1033,186841,320.2198,600,4,85.06
1034,187441,211.9241,600,3,76.56
1035,187670,293.8117,229,3,89.36
1036,188270,416.5469,600,5,95.8
1037,188281,-14.937,11,1,39.94
1038,188348,88.8732,67,1,62.6
1039,188948,291.4589,600,4,84.86
1040,189484,297.212,536,4,88.38
1041,190084,298.6249,600,4,85.16
1042,190684,321.2073,600,4,92.48
1043,191255,289.6589,571,3,87.21
1044,191855,575.8919,600,5,99.8
1045,192455,250.2326,600,3,78.22
1046,192581,306.1758,126,4,84.77
1047,192613,22.7004,32,1,43.55
1048,192842,185.7169,229,3,76.95
1049,193221,195.7328,379,3,80.37
1050,193821,438.5354,600,4,85.25
1051,194023,222.9772,202,3,75.2
1052,194266,365.2223,243,4,88.18
1053,194281,-2.9802,15,1,41.31
1054,194633,307.0758,352,4,84.96
1055,195233,398.2678,600,4,85.16
1056,195833,161.1986,600,3,77.25
1057,195872,39.3541,39,1,47.46
1058,196060,345.741,188,4,95.02
1059,196556,267.0792,496,3,79.98
1060,196752,333.4066,196,4,82.62
1061,196954,320.647,202,3,82.71
1062,197034,159.03,80,2,70.61
1063,197634,405.0639,600,4,84.96
1064,198119,220.734,485,3,82.62
1065,198719,223.5722,600,3,79.79
1066,199080,576.1526,361,5,99.51
1067,199666,221.2342,586,3,86.23
1068,199878,693.7095,212,6,100.0
1069,199942,157.6788,64,2,53.32
1070,200542,334.2608,600,5,97.36
1071,200767,282.6662,225,3,82.71
1072,201367,606.4791,600,5,99.9
1073,201567,404.248,200,4,90.62
1074,201590,8.4813,23,1,21.68
1075,202190,479.199,600,5,86.23
1076,202264,103.4913,74,2,53.32
1077,202680,362.7081,416,4,87.5
1078,203280,302.7397,600,3,81.45
1079,203880,326.9589,600,4,87.6
1080,204480,262.2233,600,3,87.01
1081,204929,308.6035,449,4,88.09
1082,205529,416.796,600,4,84.77
1083,205723,455.1622,194,4,83.5
1084,205879,245.1357,156,3,80.96
1085,206479,395.4005,600,4,85.16
1086,206639,373.8402,160,4,87.4
1087,206708,159.5534,69,2,53.42
1088,207026,682.6544,318,6,100.0
1089,207626,238.7626,600,3,79.49
1090,207937,244.0415,311,3,88.57
1091,208239,271.0374,302,3,77.83
1092,208490,301.4587,251,3,85.45
1093,209090,340.0787,600,4,85.45
1094,209690,447.3225,600,4,86.62
1095,209976,440.0775,286,4,85.74
1096,209999,-9.714,23,1,17.68
1097,210375,245.2543,376,3,84.96
1098,210634,721.8163,259,6,100.0
1099,211204,340.291,570,5,95.51
1100,211804,321.2938,600,3,89.36
1101,212230,562.6977,426,5,91.02
1102,212830,456.6378,600,4,84.38
1103,213430,470.4885,600,4,89.94
1104,214019,288.0457,589,3,85.25
1105,214253,309.6334,234,4,84.08
1106,214517,509.1151,264,5,93.85
1107,214848,224.5475,331,3,80.76
1108,215429,407.334,581,4,91.02
1109,215452,8.3361,23,1,22.17
1110,215756,258.5512,304,3,82.23
1111,215981,458.4612,225,4,87.5
1112,216044,145.4024,63,2,53.52
1113,216286,264.3054,242,3,80.96
1114,216568,360.2652,282,4,86.13
1115,217168,381.4244,600,5,94.63
1116,217626,210.5997,458,3,78.03
1117,217646,11.8578,20,1,21.68
1118,218008,316.6684,362,4,91.31
1119,218223,424.3209,215,5,96.48
1120,218560,279.7316,337,4,85.06
1121,218815,748.3368,255,6,100.0
1122,219010,439.8454,195,4,90.72
1123,219494,232.0011,484,3,80.37
1124,220078,402.1961,584,4,86.23
1125,220146,159.8241,68,2,53.81
1126,220734,145.6089,588,3,79.2
1127,220873,186.2762,139,2,72.85
1128,221321,491.6826,448,5,98.44
1129,221354,34.4776,33,1,51.86
1130,221753,412.5649,399,5,96.09
1131,222353,440.2963,600,4,88.28
1132,222779,370.131,426,4,86.72
1133,223017,451.7137,238,5,89.36
1134,223263,442.1081,246,4,87.6
1135,223622,163.5176,359,3,79.39
1136,223936,262.0648,314,3,79.1
1137,224246,254.5339,310,3,86.13
1138,224846,178.745,600,3,76.95
1139,224868,17.9326,22,1,22.17
1140,225468,341.3137,600,4,87.6
1141,225772,305.753,304,3,79.98
1142,226372,497.6975,600,4,94.43
1143,226773,649.7501,401,6,100.0
1144,227373,288.6569,600,3,85.25
1145,227858,433.9536,485,4,87.01
1146,228451,205.8114,593,4,88.57
1147,229051,252.3358,600,3,82.52
1148,229323,440.3367,272,4,93.16
1149,229890,260.8,567,3,94.24
1150,230326,315.524,436,3,80.57
1151,230922,334.2313,596,4,86.72
1152,231422,193.039,500,3,77.73
1153,232022,242.6634,600,3,82.42
1154,232622,420.6269,600,4,84.67
1155,232931,462.5005,309,4,85.25
1156,233531,363.5069,600,4,88.09
1157,234045,212.1525,514,3,78.42
1158,234623,332.8943,578,4,84.08
1159,235012,301.9102,389,3,85.25
1160,235556,355.6062,544,4,83.69
1161,236156,409.0211,600,4,91.89
1162,236756,195.1,600,3,81.54
1163,237137,539.6218,381,4,94.82
1164,237737,517.6847,600,5,90.62
1165,238249,327.1468,512,3,92.97
1166,238622,559.7904,373,5,98.44
1167,239222,358.9784,600,3,80.08
1168,239796,364.4218,574,4,91.5
1169,240396,371.9033,600,4,96.0
1170,240996,311.9319,600,4,96.78
1171,241481,206.4953,485,3,80.57
1172,241898,475.2426,417,5,91.6
1173,242498,384.9169,600,4,96.39
1174,242541,50.6895,43,1,49.22
1175,242900,208.4596,359,3,77.93
1176,243500,182.4454,600,3,75.49
1177,244015,237.4122,515,3,78.81
1178,244615,378.0904,600,4,85.25
1179,244635,-3.3131,20,1,20.21
1180,244936,421.8676,301,4,83.5
1181,245467,395.5573,531,4,92.29
1182,246067,262.3249,600,3,80.57
1183,246520,143.5031,453,2,75.88
1184,247118,573.9222,598,6,100.0
1185,247501,286.4736,383,4,90.43
1186,248101,548.8476,600,5,93.36
1187,248617,171.2302,516,3,77.15
1188,248963,264.4425,346,4,81.64
1189,248991,37.3918,28,1,45.51
1190,249591,175.1216,600,3,73.83
1191,249937,246.9742,346,3,78.71
1192,250236,272.4068,299,3,79.79
1193,250812,366.8349,576,4,91.7
1194,251044,267.1558,232,3,79.69
1195,251644,225.0921,600,3,81.45
1196,252239,294.1374,595,4,86.33
1197,252337,223.6317,98,2,72.85
1198,252653,343.0336,316,4,96.88
1199,253222,266.2863,569,3,91.31
1200,253822,221.7455,600,3,83.89
1201,254422,283.4441,600,3,83.89
1202,255022,383.4602,600,4,94.73
1203,255414,296.6043,392,3,92.87
1204,256000,412.349,586,4,93.75
1205,256385,344.5256,385,4,84.86
1206,256689,391.1127,304,5,98.93
1207,257150,306.193,461,4,87.6
1208,257666,278.5544,516,4,82.03
1209,258091,377.362,425,4,84.86
1210,258497,187.5061,406,3,77.44
1211,258886,173.2098,389,3,76.66
1212,258908,14.275,22,1,21.19
1213,258926,-8.7327,18,1,17.77
1214,259526,276.091,600,3,82.42
1215,260126,455.1707,600,4,85.74
1216,260610,209.5239,484,3,79.69
1217,260772,336.6894,162,3,79.88
1218,261113,150.1468,341,2,76.17
1219,261410,266.8396,297,4,88.96
1220,262010,401.926,600,4,88.67
1221,262610,259.5178,600,3,84.18
1222,263074,287.123,464,4,85.64
1223,263227,352.6579,153,3,58.79
1224,263584,425.6068,357,5,87.6
1225,263935,385.1458,351,5,95.31
1226,264475,197.3231,540,3,75.0
1227,264903,152.3612,428,2,80.66
1228,265137,194.7801,234,3,82.13
1229,265490,216.038,353,3,79.39
1230,266090,216.6052,600,3,77.25
1231,266589,292.5273,499,4,85.16
1232,267160,214.797,571,4,81.15
1233,267406,274.5052,246,4,83.69
1234,268006,153.8769,600,2,74.12
1235,268399,300.5227,393,4,81.93
1236,268799,242.9332,400,3,79.49
1237,269038,541.8601,239,4,87.89
1238,269638,150.9303,600,2,76.95
1239,269947,440.1358,309,5,94.73
1240,270355,239.2267,408,3,79.3
1241,270381,29.6391,26,1,49.02
1242,270401,5.8323,20,1,23.34
1243,270880,363.4922,479,4,86.43
1244,271163,281.145,283,3,80.37
1245,271527,213.383,364,3,85.25
1246,271545,-8.8478,18,1,16.5
1247,271911,358.9084,366,4,84.18
1248,272150,539.1311,239,6,100.0
1249,272374,276.1794,224,3,76.95
1250,272945,243.5664,571,3,80.37
1251,273333,305.455,388,4,79.3
1252,273739,274.0141,406,4,89.84
1253,274066,468.832,327,5,84.18
1254,274419,715.0725,353,6,100.0
1255,274936,298.9379,517,4,85.35
1256,275334,308.7014,398,4,87.11
1257,275647,239.2813,313,4,88.38
1258,275843,311.6737,196,4,90.92
1259,276142,410.9745,299,5,95.21
1260,276718,370.8846,576,4,91.02
1261,277147,171.2174,429,2,77.73
1262,277455,302.4529,308,4,89.55
1263,277472,-17.4828,17,1,16.21
1264,277774,185.4102,302,3,79.1
1265,278179,629.0621,405,6,100.0
1266,278580,241.8975,401,4,88.38
1267,278948,99.4444,368,2,54.2
1268,279288,277.524,340,4,90.33
1269,279823,353.9454,535,5,98.93
1270,280132,656.6596,309,6,100.0
1271,280623,394.3446,491,4,86.91
1272,280649,5.6042,26,1,20.7
1273,281024,414.9008,375,4,88.09
1274,281405,278.6171,381,4,90.04
1275,281765,189.4838,360,3,74.41
1276,282339,360.2315,574,4,86.33
1277,282705,243.9795,366,3,76.76
1278,283181,240.1214,476,3,84.08
1279,283646,453.0627,465,5,85.25
1280,283664,-5.7525,18,1,18.07
1281,284264,312.1427,600,3,86.72
1282,284279,-14.6878,15,1,15.72
1283,284586,259.0682,307,4,90.14
1284,284830,362.3424,244,5,96.19
1285,285430,285.9326,600,4,84.18
1286,285793,328.4758,363,4,96.09
1287,286033,706.7566,240,6,100.0
1288,286466,277.876,433,4,90.43
1289,286483,-5.9062,17,1,17.38
1290,286835,372.6242,352,5,95.41
1291,287426,241.5936,591,3,77.83
1292,287508,152.5679,82,2,54.49
1293,288108,183.5985,600,2,77.44
1294,288478,317.0264,370,4,94.73
1295,288782,285.8546,304,4,86.04
1296,289205,205.6767,423,3,75.78
1297,289805,365.4,600,4,84.18
1298,290229,357.8991,424,4,86.04
1299,290559,206.4251,330,3,83.59
1300,290890,549.2889,331,5,97.27
1301,291281,165.0519,391,2,75.68
1302,291777,189.3374,496,3,85.84
1303,292162,241.7071,385,3,79.59
1304,292451,664.3932,289,6,100.0
1305,293051,305.0069,600,4,89.36
1306,293305,294.7242,254,4,82.71
1307,293682,439.7087,377,4,85.06
1308,294047,389.5286,365,5,95.12
1309,294459,201.9207,412,3,80.76
1310,294760,665.7993,301,6,100.0
1311,295360,235.9872,600,3,78.91
1312,295960,266.1063,600,3,79.69
1313,296310,228.7085,350,3,75.68
1314,296663,155.1803,353,2,54.0
1315,296685,11.5585,22,1,22.36
1316,297100,141.2471,415,2,74.12
1317,297560,446.3976,460,4,83.5
1318,297992,302.6321,432,3,81.64
1319,298460,625.4548,468,6,100.0
1320,298859,302.9851,399,3,78.81
1321,299457,349.4861,598,4,83.3
1322,299850,350.5792,393,5,97.85
1323,300450,214.1797,600,2,78.22
1324,300832,323.9041,382,4,83.69
1325,301137,683.3179,305,6,100.0
1326,301737,319.0506,600,3,79.1
1327,302153,432.8635,416,4,86.13
1328,302342,247.0887,189,3,77.44
1329,302792,212.0213,450,2,78.61
1330,303104,683.1334,312,6,100.0
1331,303704,247.7386,600,2,79.69
1332,304287,305.3768,583,3,86.52
1333,304543,698.627,256,6,100.0
1334,304608,-0.3099,65,1,21.19
1335,304974,457.1467,366,4,88.18
1336,305260,360.0147,286,4,83.01
1337,305860,141.9923,600,2,69.14
1338,306455,302.335,595,4,85.74
1339,306937,230.671,482,3,84.77
1340,307257,241.6436,320,3,76.07
1341,307606,455.8692,349,4,85.16
1342,307832,272.0445,226,3,84.67
1343,308314,444.7935,482,4,85.74
1344,308696,460.9179,382,4,85.55
1345,309136,207.4854,440,3,72.85
1346,309437,307.7538,301,4,85.35
1347,309807,222.5884,370,3,76.66
1348,310117,272.9866,310,4,85.06
1349,310135,0.3982,18,1,22.75
1350,310689,304.9429,554,4,79.79
1351,310861,-15.2319,172,1,21.09
1352,311184,239.9383,323,4,84.18
1353,311611,473.3767,427,4,86.91
1354,312211,276.5443,600,3,79.88
1355,312400,407.0653,189,4,86.33
1356,312750,422.5573,350,4,87.21
1357,313044,236.3304,294,4,83.69
1358,313111,126.4977,67,2,52.44
1359,313387,312.2659,276,4,89.94
1360,313987,195.3519,600,2,74.41
1361,314182,401.077,195,4,86.04
1362,314607,246.9947,425,3,78.81
1363,314713,226.1327,106,3,76.27
1364,314987,281.4142,274,4,89.65
1365,315249,295.0222,262,4,89.55
1366,315469,489.3366,220,4,88.18
1367,315790,588.3707,321,5,99.51
1368,315866,89.5272,76,1,52.93
1369,315942,157.7951,76,2,53.42
1370,316273,283.8419,331,4,85.25
1371,316471,523.914,198,5,95.61
1372,316489,-5.8396,18,1,19.34
1373,316752,372.5646,263,5,95.61
1374,317178,347.4314,426,4,94.73
1375,317728,188.2844,550,3,77.64
1376,318328,283.3958,600,4,84.18
1377,318570,675.9083,242,6,100.0
1378,318854,231.1884,284,3,75.1
1379,319128,212.7963,274,3,73.83
1380,319190,10.2906,62,1,23.44
1381,319400,289.291,210,3,91.11
1382,319639,659.1894,239,6,100.0
1383,320156,256.7959,517,3,78.52
1384,320176,-3.0169,20,1,18.55
1385,320345,373.9988,169,4,94.43
1386,320719,277.4767,374,3,84.18
1387,321115,257.8966,396,3,76.86
1388,321445,422.7801,330,4,93.26
1389,321662,536.6586,217,5,96.39
1390,321919,268.4395,257,3,75.49
1391,322519,311.6304,600,4,84.18
1392,322915,378.0904,396,4,93.95
1393,323346,400.5832,431,4,94.24
1394,323601,393.3083,255,4,91.31
1395,323852,547.2612,251,5,99.22
1396,324065,509.614,213,5,96.09
1397,324338,210.8812,273,3,74.12
1398,324513,378.1518,175,4,86.33
1399,324778,329.0868,265,4,89.45
1400,325238,279.3461,460,4,86.13
1401,325670,242.3192,432,3,83.5
1402,325858,639.5498,188,6,100.0
1403,326080,324.4869,222,3,76.07
1404,326278,426.9953,198,4,86.72
1405,326471,406.3131,193,4,86.72
1406,326947,306.1946,476,4,91.7
1407,327547,319.5262,600,3,79.98
1408,327756,425.7672,209,4,87.01
1409,327915,423.8512,159,4,90.14
1410,328087,437.2309,172,4,86.13
1411,328184,246.6792,97,3,77.64
1412,328429,255.547,245,3,80.66
1413,328800,350.8415,371,4,87.7
1414,329021,303.234,221,3,82.03
1415,329053,7.4584,32,1,20.7
1416,329215,273.5579,162,3,75.29
1417,329451,250.3573,236,2,81.54
1418,329777,315.202,326,3,78.03
1419,330053,412.8259,276,5,95.9
1420,330128,-29.1431,75,1,26.27
1421,330250,183.94,122,2,69.43
1422,330424,405.3746,174,4,85.94
1423,330789,214.0204,365,3,79.98
1424,330993,299.6108,204,3,76.27
1425,331307,216.6243,314,3,69.92
1426,331500,659.5666,193,6,100.0
1427,331774,262.9858,274,3,83.11
1428,331830,-11.2897,56,1,19.53
1429,332245,270.0333,415,3,82.52
1430,332445,438.5965,200,5,98.44
1431,332676,436.2442,231,4,94.14
1432,332812,337.9607,136,4,94.53
1433,333012,418.931,200,4,95.31
1434,333206,434.5869,194,4,86.13
1435,333400,456.0128,194,4,86.13
1436,333453,16.8989,53,1,47.17
1437,333651,346.4794,198,3,91.99
1438,333784,335.4945,133,4,94.43
1439,333815,-8.688,31,1,34.67
1440,333845,-26.0932,30,1,26.37
1441,334445,292.3606,600,3,84.28
1442,334539,100.1697,94,2,62.7
1443,334861,265.6802,322,3,82.23
1444,334951,172.3389,90,2,54.49
1445,335148,532.5342,197,5,95.02
1446,335436,374.5026,288,4,84.08
1447,335679,702.4429,243,6,100.0
1448,335950,249.2174,271,3,83.59
1449,336293,428.6008,343,4,91.31
1450,336488,350.8707,195,4,83.2
1451,336677,401.3525,189,4,86.62
1452,337030,522.4408,353,5,94.53
1453,337222,667.6277,192,6,100.0
1454,337482,305.8774,260,3,77.83
1455,337913,197.8538,431,2,76.56
1456,338159,276.4621,246,3,75.88
1457,338508,249.894,349,4,89.16
1458,338673,275.1356,165,3,82.13
1459,338999,456.0834,326,4,90.23
1460,339288,385.8234,289,4,84.67
1461,339521,516.7614,233,5,95.9
1462,339591,19.541,70,1,24.71
1463,339819,416.6596,228,3,80.47
1464,340000,472.7861,181,4,86.13
1465,340143,257.0772,143,4,83.4
1466,340331,286.944,188,3,77.34
1467,340539,142.6842,208,2,70.02
1468,340797,358.2287,258,3,79.88
1469,341154,391.3834,357,3,81.25
1470,341374,182.8527,220,2,71.0
1471,341595,674.1476,221,6,100.0
1472,341731,200.4104,136,2,54.59
1473,342007,451.1087,276,4,88.48
1474,342032,-0.2361,25,1,19.73
1475,342632,222.1628,600,2,70.8
1476,342824,367.6925,192,3,80.86
1477,342847,2.473,23,1,21.29
1478,343148,227.5549,301,2,75.2
1479,343400,386.9492,252,3,81.64
1480,343427,7.9692,27,1,23.05
1481,343566,313.5542,139,3,91.31
1482,343751,459.8601,185,4,85.94
1483,344183,313.2608,432,3,79.88
1484,344555,411.2603,372,5,95.41
1485,344622,131.2952,67,2,53.91
1486,344946,315.6506,324,3,91.41
1487,344965,-15.6609,19,1,19.43
1488,345148,289.061,183,3,83.4
1489,345394,232.0624,246,2,62.01
1490,345553,261.1283,159,3,84.86
1491,345807,241.6912,254,3,84.86
1492,346051,439.7913,244,4,82.81
1493,346414,366.2193,363,4,85.25
1494,346678,373.9512,264,3,79.79
1495,346937,367.4154,259,4,89.55
1496,347084,256.7375,147,3,81.05
1497,347307,333.9049,223,3,77.25
1498,347583,435.4868,276,3,81.93
1499,348139,381.2557,556,4,81.15
1500,348365,316.244,226,3,87.99
1501,348716,285.8318,351,4,84.18
1502,348920,676.4807,204,6,100.0
1503,349043,131.1312,123,1,55.66
1504,349079,8.4618,36,1,44.34
1505,349218,27.6313,139,1,31.54
1506,349551,257.6228,333,3,79.3
1507,349916,308.307,365,3,77.73
1508,349976,-34.4445,60,1,26.86
1509,350450,390.5205,474,3,77.64
1510,350682,470.1174,232,5,94.82
1511,350739,31.2663,57,1,48.34
1512,351021,322.1968,282,3,74.71
1513,351071,-20.7087,50,1,26.07
1514,351097,17.0646,26,1,46.29
1515,351424,332.9645,327,4,84.18
1516,351660,555.291,236,5,98.63
1517,351871,263.7633,211,3,79.79
1518,352173,462.4655,302,4,86.43
1519,352363,315.8929,190,4,93.16
1520,352785,576.1531,422,4,90.82
1521,352893,132.0377,108,2,49.9
1522,353068,215.226,175,3,75.0
1523,353300,342.1357,232,4,82.81
1524,353465,250.6751,165,2,71.78
1525,353690,424.6971,225,5,94.82
1526,353879,530.3077,189,5,95.9
1527,353997,160.1432,118,2,65.62
1528,354174,289.9017,177,3,84.57
1529,354414,711.0229,240,6,100.0
1530,354437,-21.4875,23,1,26.95
1531,354605,422.0316,168,4,85.84
1532,354806,670.7987,201,6,100.0
1533,355063,449.0485,257,4,91.02
1534,355266,407.6578,203,4,86.52
1535,355371,126.926,105,2,49.9
1536,355600,235.6208,229,3,81.54
1537,355803,670.7318,203,6,100.0
1538,356031,245.7791,228,3,72.27
1539,356357,471.4844,326,5,94.63
1540,356611,308.8978,254,3,77.54
1541,356841,343.8687,230,4,82.62
1542,357050,358.9481,209,4,86.13
1543,357480,530.858,430,4,87.4
1544,357707,270.9586,227,3,87.79
1545,357933,447.3921,226,4,92.97
1546,358092,206.1508,159,2,74.9
1547,358229,287.3026,137,4,89.65
1548,358552,296.8869,323,3,75.88
1549,358578,32.5092,26,1,53.91
1550,358738,279.1897,160,4,83.11
1551,358939,277.3213,201,4,85.55
1552,359134,298.1147,195,3,76.56
1553,359298,298.0543,164,3,83.59
1554,359779,530.0589,481,4,91.02
1555,359801,-1.05,22,1,19.63
1556,360037,307.8682,236,3,78.42
1557,360259,681.6926,222,6,100.0
1558,360450,184.5426,191,2,53.81
1559,360702,288.5188,252,2,75.68
1560,360874,425.1959,172,4,85.35
1561,361043,303.7095,169,3,75.59
1562,361218,293.5626,175,4,84.96
1563,361501,385.1978,283,4,88.48
1564,361767,418.5105,266,4,90.72
1565,361955,655.0902,188,6,100.0
1566,362195,459.9529,240,4,94.73
1567,362426,481.4247,231,4,84.86
1568,362667,213.7825,241,2,54.98
1569,362865,363.8299,198,3,94.34
1570,363160,485.5346,295,5,94.73
1571,363320,270.0057,160,3,72.36
1572,363556,424.241,236,5,94.73
1573,363739,304.3062,183,4,84.18
1574,363888,182.5122,149,2,73.34
1575,364090,433.2941,202,4,87.4
1576,364349,275.4776,259,4,82.91
1577,364517,267.853,168,3,80.66
1578,364677,280.9157,160,3,79.39
1579,364865,509.7138,188,5,96.09
1580,364956,190.2316,91,3,77.54
1581,365069,155.762,113,2,70.9
1582,365211,270.0499,142,3,77.83
1583,365294,185.5791,83,2,73.63
1584,365485,317.6101,191,3,74.8
1585,365719,200.816,234,2,79.79
1586,365873,279.6784,154,3,79.98
1587,366112,162.9273,239,2,70.02
1588,366242,225.5411,130,2,57.32
1589,366316,14.5919,74,1,24.41
1590,366526,153.3913,210,2,72.56
1591,366776,455.2647,250,4,72.75
1592,367067,427.7023,291,3,81.54
1593,367226,272.571,159,3,76.56
1594,367407,451.5164,181,4,85.94
1595,367786,274.9265,379,3,81.54
1596,367848,11.0719,62,1,47.56
1597,368138,465.3948,290,3,80.37
1598,368336,480.164,198,4,77.05
1599,368645,342.9026,309,3,75.2
1600,368762,262.5398,117,3,87.11
1601,368974,482.2038,212,4,85.16
1602,369126,294.9944,152,4,90.82
1603,369301,323.5794,175,4,85.16
1604,369612,482.2109,311,4,83.98
1605,369873,268.2973,261,3,76.27
1606,370005,240.9876,132,3,82.23
1607,370250,406.4185,245,4,70.02
1608,370453,429.7755,203,5,94.63
1609,370614,401.9124,161,4,84.86
1610,370810,302.3535,196,4,87.7
1611,370984,368.2568,174,5,94.43
1612,371084,243.1738,100,3,86.52
1613,371254,285.875,170,3,77.15
1614,371423,370.3158,169,5,95.12
1615,371644,435.5182,221,4,85.55
1616,371714,56.3197,70,1,26.56
1617,371791,153.4305,77,2,54.49
1618,371981,353.3448,190,4,80.96
1619,372123,266.9584,142,4,88.38
1620,372285,393.6422,162,4,69.24
1621,372309,-21.5795,24,1,17.58
1622,372490,238.9345,181,2,73.14
1623,372650,425.8431,160,4,73.44
1624,372924,321.5892,274,3,78.71
1625,373089,342.5585,165,5,97.27
1626,373260,363.2705,171,5,94.82
1627,373401,257.7597,141,3,80.47
1628,373552,408.3228,151,4,83.4
1629,373703,406.3527,151,4,74.51
1630,373883,459.916,180,4,85.74
1631,374092,221.4382,209,3,86.04
1632,374228,293.5741,136,4,89.65
1633,374408,371.9883,180,4,84.18
1634,374541,223.6924,133,3,79.79
1635,374636,178.7098,95,2,53.42
1636,374785,261.2614,149,3,74.22
1637,374872,194.1831,87,2,53.71
1638,375047,359.7777,175,4,94.73
1639,375258,321.9531,211,4,79.49
1640,375444,298.1882,186,3,77.34
1641,375527,31.0195,83,1,25.2
1642,375749,459.4745,222,4,82.81
1643,375858,292.9753,109,4,83.89
1644,375963,174.2056,105,2,68.55
1645,376061,112.9742,98,2,64.55
1646,376212,276.2047,151,3,72.85
1647,376304,184.6182,92,2,68.36
1648,376452,285.9323,148,3,77.83
1649,376668,469.6709,216,4,84.96
1650,376791,282.6065,123,4,89.36
1651,376946,405.4084,155,4,83.79
1652,377059,250.5994,113,3,77.73
1653,377253,391.0933,194,5,94.63
1654,377391,237.0232,138,2,64.06
1655,377482,182.1566,91,2,68.07
1656,377659,259.9207,177,3,79.3
1657,377739,112.3386,80,3,53.81
1658,377910,302.0416,171,3,79.59
1659,378127,349.3944,217,3,79.98
1660,378291,305.1462,164,3,53.22
1661,378430,269.4205,139,3,75.2
1662,378619,414.3838,189,4,70.9
1663,378795,370.0057,176,5,94.82
1664,379080,562.9502,285,4,85.64
1665,379278,349.2265,198,3,79.79
1666,379479,268.945,201,2,71.68
1667,379608,278.5583,129,3,66.7
1668,379797,321.1963,189,5,94.92
1669,379972,286.5528,175,3,77.25
1670,380104,269.7002,132,3,75.2
1671,380222,192.7519,118,2,68.65
1672,380336,260.4649,114,3,86.43
1673,380463,260.81,127,3,74.51
1674,380596,311.7997,133,4,89.45
1675,380791,453.6037,195,4,83.98
1676,380975,330.0852,184,5,96.58
1677,381135,347.6403,160,5,97.85
1678,381255,293.7437,120,3,75.29
1679,381393,235.6368,138,2,78.61
1680,381552,416.5362,159,4,74.32
1681,381654,165.4344,102,2,68.46
1682,381873,463.8997,219,5,84.77
1683,381996,294.8617,123,4,89.06
1684,382173,236.2439,177,3,82.42
1685,382191,3.0104,18,1,24.02
1686,382451,495.0286,260,5,95.02
1687,382586,101.8549,135,2,60.06
1688,382761,261.4542,175,2,56.54
1689,382897,311.4492,136,3,64.06
1690,383057,393.1696,160,4,82.62
1691,383193,191.0251,136,2,74.12
1692,383298,52.4418,105,1,26.27
1693,383444,282.1041,146,3,78.22
1694,383561,227.4654,117,3,72.66
1695,383630,132.5365,69,2,50.29
1696,383818,456.8935,188,4,71.97
1697,384035,326.0082,217,3,89.16
1698,384104,8.0016,69,1,21.39
1699,384232,228.5871,128,2,61.43
1700,384439,460.8647,207,4,71.0
1701,384493,-3.9733,54,1,21.78
1702,384671,420.8482,178,4,71.58
1703,384801,276.7682,130,3,75.78
1704,384957,300.1809,156,3,74.61
1705,385133,359.5505,176,4,94.53
1706,385209,148.6619,76,2,52.25
1707,385439,340.9653,230,3,81.64
1708,385574,214.4054,135,2,78.81
1709,385754,404.7105,180,4,94.73
1710,385919,323.8812,165,3,78.42
1711,386100,645.7123,181,6,100.0
1712,386222,164.6649,122,2,69.92
1713,386416,423.9694,194,5,94.63
1714,386619,463.3252,203,4,85.74
1715,386691,120.077,72,3,54.0
1716,386851,282.6839,160,4,88.87
1717,387060,329.1853,209,3,62.11
1718,387248,406.1778,188,4,83.11
1719,387266,-5.9283,18,1,16.7
1720,387404,313.1445,138,4,92.58
1721,387582,224.3912,178,2,79.88
1722,387759,398.154,177,4,84.67
1723,387967,282.1819,208,4,84.47
1724,387985,3.0191,18,1,21.78
1725,388138,356.9348,153,5,95.9
1726,388302,349.7625,164,5,95.12
1727,388331,13.9253,29,1,35.74
1728,388469,280.0154,138,4,91.31
1729,388643,345.113,174,4,94.92
1730,388826,421.2502,183,4,83.3
1731,389017,398.4766,191,5,94.92
1732,389035,12.0909,18,1,24.02
1733,389079,57.4591,44,1,47.36
1734,389260,400.9252,181,5,95.41
1735,389470,645.4864,210,6,100.0
1736,389665,370.3296,195,4,94.63
1737,389680,3.209,15,1,20.12
1738,389816,123.7548,136,2,66.02
1739,389964,250.0725,148,3,72.85
1740,390112,397.2651,148,4,77.54
1741,390167,80.1454,55,1,51.56
1742,390289,246.1233,122,3,73.34
1743,390455,410.6459,166,4,73.14
1744,390615,420.4293,160,4,73.54
1745,390637,-0.0727,22,1,18.07
1746,390846,190.8452,209,2,79.88
1747,391030,262.9209,184,2,80.08
1748,391189,363.7499,159,5,96.0
1749,391344,211.1658,155,2,62.21
1750,391540,434.1819,196,4,83.4
1751,391721,439.0807,181,4,83.79
1752,391898,176.3015,177,2,68.46
1753,392035,308.2454,137,4,89.16
1754,392170,283.4358,135,3,90.53
1755,392345,342.1221,175,4,94.73
1756,392512,420.2857,167,4,76.56
1757,392734,523.0376,222,5,100.0
1758,392900,359.9241,166,4,95.31
1759,393003,158.7723,103,2,68.55
1760,393171,388.1008,168,5,95.02
1761,393302,238.4839,131,4,81.84
1762,393481,319.8524,179,3,94.24
1763,393640,354.5021,159,4,95.7
1764,393748,183.3962,108,2,70.31
1765,393905,359.5984,157,4,94.24
1766,394089,366.765,184,4,95.51
1767,394238,182.5657,149,2,75.0
1768,394515,289.0442,277,2,78.22
1769,394691,306.4854,176,3,76.46
1770,394903,273.7358,212,2,78.91
1771,395018,243.762,115,3,71.68
1772,395156,226.8523,138,4,82.91
1773,395315,381.6874,159,4,76.56
1774,395544,411.3167,229,4,84.77
1775,395698,384.4666,154,5,95.12
1776,395832,168.9168,134,2,68.95
1777,396016,426.5025,184,5,95.21
1778,396211,181.2119,195,2,69.24
1779,396363,360.7063,152,4,83.2
1780,396540,448.5216,177,5,95.31
1781,396696,346.5991,156,4,95.61
1782,396881,266.6712,185,2,74.32
1783,397065,236.4549,184,3,72.75
1784,397205,340.3325,140,4,90.53
1785,397405,405.9069,200,4,83.89
1786,397569,244.2426,164,3,75.0
1787,397747,311.1086,178,4,86.04
1788,397877,210.0678,130,2,62.01
1789,398084,138.6257,207,2,68.95
1790,398154,153.9959,70,2,53.03
1791,398327,421.6078,173,4,75.49
1792,398484,370.7289,157,4,82.62
1793,398653,259.8678,169,2,77.73
1794,398859,424.1545,206,4,93.26
1795,399004,196.8402,145,2,79.2
1796,399131,285.717,127,4,89.06
1797,399287,276.3044,156,3,75.1
1798,399421,314.7723,134,4,90.82
1799,399567,370.1132,146,5,95.61
1800,399681,175.7033,114,2,69.34
1801,399908,483.2096,227,5,99.9
1802,400076,406.6976,168,4,83.4
1803,400232,287.132,156,3,80.76
1804,400413,196.3846,181,2,79.3
1805,400591,513.7393,178,5,95.51
1806,400807,401.5924,216,4,83.59
1807,401010,681.8459,203,6,100.0
1808,401187,387.519,177,4,76.27
1809,401378,191.938,191,2,69.04
1810,401605,431.4402,227,4,74.51
1811,401782,458.6227,177,4,82.13
1812,401987,478.7145,205,4,83.59
1813,402014,35.3447,27,1,54.39
1814,402163,375.6384,149,5,95.61
1815,402363,342.2411,200,4,86.43
1816,402524,416.098,161,4,83.4
1817,402713,246.4524,189,3,75.59
1818,402903,311.8302,190,3,78.03
1819,403030,279.1726,127,4,89.55
1820,403148,111.4077,118,2,59.47
1821,403293,367.0236,145,5,95.7
1822,403608,166.1923,315,2,69.53
1823,403749,313.8147,141,4,90.43
1824,403894,360.6776,145,5,96.39
1825,404035,334.9899,141,4,90.33
1826,404238,279.946,203,3,75.88
1827,404405,400.7777,167,4,74.9
1828,404711,225.2291,306,2,56.15
1829,404880,262.3684,169,3,73.93
1830,404906,8.4033,26,1,21.29
1831,405039,284.5504,133,4,88.87
1832,405216,282.7452,177,3,78.71
1833,405495,461.1881,279,4,91.89
1834,405592,190.9507,97,2,75.29
1835,405797,314.2927,205,3,77.73
1836,405961,605.9292,164,6,100.0
1837,406089,224.7795,128,3,77.83
1838,406228,376.2047,139,5,95.61
1839,406370,370.6563,142,5,96.29
1840,406635,220.8656,265,3,72.56
1841,406776,376.5285,141,5,96.0
1842,406905,262.1661,129,3,78.61
1843,407070,613.9813,165,6,100.0
1844,407225,248.6488,155,4,82.62
1845,407372,382.3683,147,5,95.8
1846,407547,384.8653,175,4,83.4
1847,407728,613.881,181,6,100.0
1848,407867,322.5859,139,4,91.8
1849,408001,200.4734,134,2,78.52
1850,408163,396.0311,162,5,96.09
1851,408317,213.7639,154,2,64.16
1852,408377,6.7616,60,1,21.88
1853,408766,186.367,389,2,69.82
1854,408914,369.8809,148,5,96.0
1855,409105,428.9601,191,4,84.86
1856,409323,387.9504,218,4,82.42
1857,409517,192.6705,194,2,69.24
1858,409674,365.9579,157,5,95.9
1859,409823,295.4516,149,4,82.71
1860,409991,610.1515,168,6,100.0
1861,410175,374.9682,184,4,83.11
1862,410312,355.4197,137,5,95.12
1863,410480,417.4161,168,5,95.8
1864,410638,395.7625,158,5,96.39
1865,410709,171.5726,71,2,75.68
1866,410839,297.5031,130,4,90.14
1867,410973,290.6342,134,4,90.14
1868,410981,-26.0986,8,1,40.23
1869,411091,220.5624,110,3,79.3
1870,411224,231.5278,133,3,79.79
1871,411382,181.5678,158,2,69.63
1872,411502,299.4998,120,3,89.06
1873,411707,664.7964,205,6,100.0
1874,411890,435.0514,183,4,86.13
1875,411971,3.1989,81,1,22.56
1876,412179,406.2862,208,4,82.71
1877,412445,403.0752,266,4,82.71
1878,412615,278.0573,170,4,85.25
1879,412810,660.4298,195,6,100.0
1880,413310,344.8129,500,4,82.81
1881,413444,311.347,134,4,89.75
1882,413635,637.636,191,6,100.0
1883,413824,328.38,189,4,86.13
1884,413963,261.951,139,4,82.62
1885,414116,371.6432,153,5,96.09
1886,414182,151.6598,66,2,53.12
1887,414377,320.5438,195,3,82.91
1888,414545,346.2652,168,4,95.12
1889,414710,330.0964,165,4,88.48
1890,414825,263.5655,115,3,87.21
1891,415091,464.8943,266,3,79.69
1892,415233,369.3962,142,5,95.02
1893,415461,392.0204,228,3,82.03
1894,415641,253.1539,180,3,80.47
1895,415967,199.3929,326,2,79.2
1896,416089,163.6441,122,2,74.32
1897,416231,354.2389,142,5,95.41
1898,416368,266.647,137,4,82.42
1899,416519,362.8254,151,5,94.92
1900,416539,14.8518,20,1,23.24
1901,416772,416.466,233,4,82.62
1902,416916,342.7134,144,5,95.9
1903,417074,390.0515,158,5,95.12
1904,417210,265.8411,136,3,71.97
1905,417339,281.4283,129,3,71.58
1906,417524,637.8972,185,6,100.0
1907,417673,342.4878,149,4,91.41
1908,417825,390.0354,152,4,82.52
1909,417963,293.9402,138,3,77.05
1910,418127,386.2195,164,4,82.91
1911,418276,369.8415,149,5,95.12
1912,418445,415.5155,169,4,83.59
1913,418622,431.7655,177,5,95.41
1914,418801,451.3521,179,4,85.94
1915,418923,267.5427,122,4,89.36
1916,418941,5.7827,18,1,45.31
1917,419045,257.7791,104,3,85.45
1918,419248,331.7218,203,3,80.86
1919,419408,389.9984,160,5,96.09
1920,419556,295.4776,148,4,82.71
1921,419724,423.9066,168,5,95.9
1922,420082,392.3245,358,4,84.18
1923,420238,342.9338,156,4,90.33
1924,420434,343.5505,196,4,82.62
1925,420608,254.7098,174,2,77.44
1926,420736,219.5217,128,3,75.59
1927,420832,229.6,96,3,85.16
1928,420912,153.1026,80,2,70.61
1929,421162,491.082,250,4,86.13
1930,421310,361.4357,148,5,94.34
1931,421344,33.8791,34,1,25.39
1932,421405,15.7169,61,1,21.97
1933,421587,340.9548,182,3,79.39
1934,421793,658.5202,206,6,100.0
1935,421807,-5.6621,14,1,42.68
1936,421965,276.5393,158,4,82.42
1937,422116,271.2039,151,3,78.03
1938,422259,313.9208,143,4,88.67
1939,422466,391.9996,207,3,79.98
1940,422648,320.004,182,3,82.03
1941,422845,413.7909,197,4,85.25
1942,422996,381.7392,151,5,96.0
1943,423200,663.8792,204,6,100.0
1944,423215,-2.8347,15,1,18.36
1945,423416,321.657,201,4,82.42
1946,423824,241.3883,408,3,81.64
1947,424009,385.5877,185,3,82.42
1948,424582,211.3652,573,3,81.84
1949,424762,305.4162,180,4,86.04
1950,424890,294.2238,128,4,89.26
1951,424919,18.685,29,1,20.7
1952,425044,279.8611,125,4,88.87
1953,425265,374.1392,221,3,81.15
1954,425411,366.7223,146,5,95.51
1955,425540,285.5101,129,4,89.26
1956,425571,38.8683,31,1,24.71
1957,425701,238.0357,130,3,79.69
1958,425861,324.9107,160,3,89.75
1959,425929,147.4633,68,2,53.22
1960,426100,332.6076,171,3,90.04
1961,426361,251.9273,261,2,75.39
1962,426544,449.4125,183,5,95.9
1963,426676,315.627,132,4,90.04
1964,426914,691.4994,238,6,100.0
1965,427126,420.9641,212,4,85.64
1966,427317,378.3062,191,3,82.23
1967,427495,309.1969,178,4,89.84
1968,427608,237.2115,113,2,80.27
1969,427767,401.8814,159,5,96.39
1970,427954,436.8123,187,4,85.84
1971,428126,613.9029,172,6,100.0
1972,428239,206.6123,113,2,77.44
1973,428371,234.7335,132,3,81.93
1974,428484,265.8126,113,3,87.7
1975,428776,449.9832,292,4,82.62
1976,428965,93.947,189,2,60.64
1977,429147,415.5788,182,5,94.82
1978,429333,647.5402,186,6,100.0
1979,429529,273.7849,196,2,75.29
1980,429730,307.3899,201,3,71.58
1981,429943,254.7988,213,2,80.96
1982,429963,3.1291,20,1,22.85
1983,430229,695.3615,266,6,99.41
1984,430411,300.9467,182,4,82.62
1985,430580,203.9961,169,2,71.0
1986,430831,397.5409,251,3,80.96
1987,430981,375.306,150,5,95.61
1988,431581,377.5212,600,3,81.45
1989,431825,88.6416,244,2,60.84
1990,432064,427.7425,239,3,79.2
1991,432228,405.5694,164,5,95.02
1992,432239,-11.3739,11,1,41.99
1993,432424,640.9987,185,6,100.0
1994,432462,57.0843,38,1,26.95
1995,432500,51.9897,38,1,49.71
1996,432663,410.0034,163,5,96.09
1997,432871,385.4869,208,5,96.39
1998,433088,264.7283,217,3,77.83
1999,433577,200.7732,489,3,79.2
2000,433753,223.3423,176,2,73.44
2001,433882,363.0817,129,4,92.77
2002,434206,239.6911,324,3,79.79
2003,434423,374.7572,217,3,81.64
2004,434788,188.4604,365,2,77.54
2005,434996,435.4668,208,4,83.79
2006,435160,412.1703,164,5,96.09
2007,435371,417.3653,211,4,83.98
2008,435560,327.9186,189,3,89.65
2009,435703,18.6195,143,1,24.12
2010,435742,48.3597,39,1,24.02
2011,435881,348.5994,139,5,95.61
2012,436228,286.7953,347,3,79.88
2013,436521,242.2565,293,3,82.13
2014,436646,201.7405,125,2,81.64
2015,436819,405.1487,173,5,95.51
2016,436995,402.8821,176,5,94.92
2017,437414,461.1526,419,4,83.3
2018,437487,5.8705,73,1,20.41
2019,437585,101.8865,98,2,62.7
2020,437807,553.2773,222,5,94.73
2021,437983,426.4086,176,4,94.63
2022,438583,78.4356,600,2,61.33
2023,438828,411.5021,245,3,79.59
2024,438967,164.6271,139,2,74.12
2025,439191,419.9929,224,3,82.52
2026,439481,243.0243,290,3,80.37
2027,439732,415.9329,251,3,79.98
2028,439897,287.9905,165,4,83.5
2029,440103,282.8445,206,3,81.45
2030,440171,144.7798,68,2,52.93
2031,440413,406.2304,242,4,82.42
2032,440632,355.98,219,4,89.84
2033,440775,236.0728,143,3,80.08
2034,440999,226.1473,224,2,76.56
2035,441290,651.7998,291,6,100.0
2036,441557,495.7315,267,4,85.55
2037,441710,230.396,153,2,75.0
2038,441857,240.3471,147,2,77.64
2039,442074,233.2319,217,2,74.41
2040,442246,438.3299,172,5,96.39
2041,442259,-19.0776,13,1,39.65
2042,442409,218.4804,150,2,74.8
2043,442645,592.5351,236,5,98.54
2044,442774,223.104,129,2,81.15
2045,442990,322.6405,216,2,79.0
2046,443213,419.177,223,4,85.16
2047,443479,574.6417,266,5,98.24
2048,443702,394.3776,223,3,81.84
2049,444022,397.9755,320,5,95.61
2050,444195,427.4136,173,4,88.28
2051,444410,452.7113,215,5,95.61
2052,444552,166.0018,142,2,72.17
2053,444689,240.5758,137,2,80.66
2054,444904,358.8863,215,4,89.55
2055,445044,208.848,140,2,71.97
2056,445071,21.7722,27,1,22.75
2057,445288,365.1142,217,4,87.7
2058,445487,361.8672,199,3,79.2
2059,445737,612.4901,250,5,99.71
2060,445749,-17.4898,12,1,42.38
2061,445808,36.9869,59,1,23.14
2062,445881,34.4231,73,1,24.32
2063,446151,206.5525,270,3,77.44
2064,446751,314.5348,600,5,95.41
2065,446904,293.1063,153,3,84.28
2066,446930,16.4818,26,1,20.51
2067,447122,387.7172,192,3,80.08
2068,447722,327.1251,600,3,77.73
2069,447869,229.0449,147,3,80.76
2070,448067,223.3924,198,3,77.83
2071,448398,419.4215,331,3,78.52
2072,448544,340.5775,146,4,87.99
2073,448804,379.9223,260,3,78.91
2074,449089,389.8274,285,3,78.22
2075,449335,210.7029,246,2,79.1
2076,449513,309.0162,178,4,85.16
2077,449794,402.998,281,3,80.76
2078,450002,672.2594,208,6,100.0
2079,450243,284.2941,241,2,80.57
2080,450259,2.7171,16,1,20.61
2081,450515,279.762,256,3,87.11
2082,450642,166.4694,127,2,73.54
2083,450881,580.562,239,5,99.32
2084,450978,210.7032,97,2,54.49
2085,451578,180.6564,600,3,78.71
2086,451744,283.7172,166,3,88.87
2087,452065,260.4737,321,3,78.12
2088,452328,432.9839,263,3,80.27
2089,452647,435.4323,319,4,83.11
2090,452770,234.7934,123,3,81.25
2091,452813,14.848,43,1,20.31
2092,453184,251.5528,371,3,75.39
2093,453548,427.1407,364,5,96.09
2094,453760,681.214,212,6,100.0
2095,453923,218.94,163,3,73.54
2096,454117,417.9509,194,4,96.09
2097,454332,352.3962,215,5,95.41
2098,454622,207.4801,290,2,75.0
2099,454711,208.4271,89,2,57.23
2100,454895,210.8683,184,2,72.36
2101,455216,229.7998,321,2,73.54
2102,455816,183.7968,600,3,73.14
2103,455847,42.4925,31,1,26.56
2104,455869,13.7737,22,1,23.44
2105,455887,7.9964,18,1,24.41
2106,456292,346.7781,405,4,95.8
2107,456311,-11.935,19,1,20.12
2108,456468,357.1947,157,4,89.16
2109,457068,290.8857,600,3,87.11
2110,457541,379.6645,473,3,78.71
2111,457585,23.7085,44,1,22.46
2112,457831,728.2787,246,6,100.0
2113,458175,178.2743,344,2,75.2
2114,458620,242.086,445,2,80.76
2115,459118,308.5375,498,4,90.14
2116,459718,200.1805,600,4,82.62
2117,459990,333.006,272,3,91.02
2118,460404,258.0566,414,2,77.83
2119,460431,26.7229,27,1,23.73
2120,460718,196.2312,287,3,78.22
2121,461318,345.9784,600,3,83.5
2122,461918,274.2492,600,3,75.49
2123,462518,212.8888,600,3,73.05
2124,462533,-15.6684,15,1,19.34
2125,462871,335.0192,338,3,82.32
2126,463171,269.4321,300,2,78.03
2127,463401,221.0974,230,3,72.17
2128,463664,311.2663,263,3,89.26
2129,464264,408.2913,600,5,96.0
2130,464297,-10.8527,33,1,19.92
2131,464343,50.329,46,1,24.71
2132,464500,309.0676,157,3,79.49
2133,464626,214.3071,126,2,54.88
2134,464856,298.8682,230,3,82.91
2135,465070,424.0081,214,4,94.43
2136,465639,199.5232,569,3,76.07
2137,465694,58.1014,55,1,25.59
2138,465980,367.7857,286,5,95.9
2139,466154,324.9389,174,3,88.48
2140,466317,247.0583,163,3,78.91
2141,466578,750.8047,261,6,100.0
2142,466871,221.9276,293,3,83.59
2143,467111,265.4326,240,3,76.66
2144,467342,402.4926,231,3,81.35
2145,467675,343.3965,333,4,85.35
2146,468257,454.5348,582,4,86.04
2147,468276,-3.0277,19,1,18.65
2148,468426,342.2838,150,4,89.84
2149,468451,8.4411,25,1,20.51
2150,468714,322.0191,263,3,83.89
2151,469314,461.9082,600,3,82.32
2152,469664,280.5649,350,4,85.74
2153,470264,468.1476,600,4,84.96
2154,470340,157.1399,76,2,53.32
2155,470520,290.5457,180,3,78.12
2156,470683,370.4011,163,4,91.02
2157,470944,284.2309,261,3,79.69
2158,471544,234.67,600,3,75.98
2159,471974,466.4837,430,4,84.08
2160,471996,-0.2088,22,1,21.48
2161,472112,243.2196,116,2,55.66
2162,472515,468.8307,403,4,83.59
2163,472547,46.6905,32,1,49.41
2164,472903,470.9749,356,4,84.28
2165,473468,482.0878,565,4,85.64
2166,474068,164.0907,600,2,71.68
2167,474668,492.4858,600,4,89.26
2168,475189,373.2222,521,4,90.82
2169,475681,437.2872,492,5,95.51
2170,475753,33.8117,72,1,23.83
2171,475975,555.0539,222,5,96.09
2172,476195,559.8666,220,5,95.21
2173,476795,239.4399,600,3,73.93
2174,477008,684.1142,213,6,100.0
2175,477136,264.9537,128,3,88.38
2176,477322,338.9695,186,4,94.04
2177,477553,487.7715,231,4,82.91
2178,477643,213.8929,90,2,55.57
2179,478243,247.4273,600,3,75.29
2180,478843,157.8644,600,3,75.29
2181,479071,284.9261,228,3,80.27
2182,479143,116.9717,72,2,51.07
2183,479380,284.013,237,3,82.71
2184,479673,410.0253,293,3,81.15
2185,480273,424.5705,600,4,82.52
2186,480427,225.6495,154,3,70.41
2187,480792,237.899,365,3,76.66
2188,481113,307.9948,321,4,82.71
2189,481586,430.1533,473,4,83.11
2190,482112,487.6042,526,4,86.52
2191,482290,223.7129,178,3,80.86
2192,482469,294.7021,179,3,83.98
2193,482735,375.6121,266,5,94.53
2194,483059,341.6176,324,5,94.53
2195,483430,239.3008,371,3,74.71
2196,483648,273.3051,218,3,84.96
2197,483788,229.4679,140,3,76.56
2198,484052,320.887,264,3,81.54
2199,484225,361.0401,173,4,92.19
2200,484430,677.2249,205,6,100.0
2201,484547,256.3258,117,3,86.33
2202,484857,302.2979,310,3,85.55
2203,485457,164.7289,600,2,70.21
2204,485773,294.7796,316,4,94.04
2205,486052,369.4107,279,5,94.34
2206,486652,190.286,600,2,71.39
2207,486714,44.7642,62,1,25.0
2208,487314,439.9152,600,4,83.69
2209,487336,14.1028,22,1,53.71
2210,487557,702.4566,221,6,100.0
2211,487621,132.1704,64,2,53.42
2212,488221,270.0,600,3,87.5
2213,488417,307.8289,196,3,88.18
2214,488634,688.9752,217,6,100.0
2215,488881,340.1204,247,5,95.61
2216,489092,693.9557,211,6,100.0
2217,489405,329.4607,313,5,94.92
2218,489475,165.1769,70,2,54.2
2219,490075,233.1493,600,3,75.88
2220,490380,337.5495,305,5,95.9
2221,490712,268.4241,332,4,89.36
2222,491259,204.6985,547,4,89.94
2223,491271,-14.6599,12,1,42.29
2224,491635,345.339,364,5,96.78
2225,491886,725.8787,251,6,100.0
2226,492486,207.9118,600,3,74.71
2227,493086,460.2306,600,5,97.17
2228,493434,162.0113,348,2,72.66
2229,493600,408.3893,166,4,85.74
2230,494200,212.821,600,3,81.93
2231,494470,366.9098,270,5,96.19
2232,494747,321.6546,277,3,80.66
2233,495261,233.3418,514,4,90.23
2234,495353,199.3805,92,2,56.25
2235,495376,2.6658,23,1,20.31
2236,495976,312.5884,600,4,91.7
2237,496035,95.144,59,1,51.17
2238,496391,305.5222,356,4,85.45
2239,496991,177.407,600,3,76.76
2240,497189,237.7779,198,3,79.98
2241,497436,269.6437,247,2,79.79
2242,497874,275.1824,438,4,84.18
2243,498474,357.515,600,4,84.18
2244,499074,428.0543,600,4,82.71
2245,499674,256.4888,600,3,77.15
2246,500274,362.2485,600,5,97.95
2247,500844,347.1507,570,4,85.06
2248,501305,198.9499,461,4,82.81
2249,501905,252.9945,600,4,83.3
2250,502398,398.4737,493,4,82.52
2251,502617,714.2803,219,6,100.0
2252,502645,11.1465,28,1,19.24
2253,503245,227.5152,600,4,88.67
2254,503265,-0.209,20,1,22.75
2255,503556,266.942,291,4,89.65
2256,504156,439.2812,600,5,95.7
2257,504701,377.4494,545,5,95.9
2258,505301,274.351,600,3,81.35
2259,505901,456.3835,600,4,84.18
2260,505926,23.2564,25,1,35.55
2261,506486,353.7052,560,5,96.09
2262,506999,332.2699,513,5,94.73
2263,507198,648.6098,199,6,100.0
2264,507226,40.0543,28,1,24.9
2265,507826,256.8959,600,4,90.82
2266,507851,28.547,25,1,51.37
2267,507869,-2.8207,18,1,17.87
2268,507883,0.021,14,1,20.12
2269,507945,141.7859,62,2,50.88
2270,508433,172.5861,488,3,78.61
2271,508637,689.6765,204,6,100.0
2272,509081,244.6092,444,3,82.52
2273,509499,232.9563,418,3,70.31
2274,510099,214.5877,600,4,83.4
2275,510398,253.4154,299,3,84.08
2276,510998,374.9936,600,5,98.54
2277,511598,419.755,600,4,85.25
2278,512198,425.3979,600,4,85.06
2279,512723,400.6485,525,5,95.61
2280,512751,20.0272,28,1,20.02
2281,512949,668.1,198,6,100.0
2282,513549,420.8108,600,4,83.5
2283,514149,291.8096,600,4,85.45
2284,514207,95.2405,58,1,52.54
2285,514807,472.7484,600,4,83.5
2286,515407,264.8371,600,4,84.08
2287,515527,237.0211,120,2,55.08
2288,516127,279.2262,600,4,83.4
2289,516360,707.8798,233,6,100.0
2290,516960,196.6981,600,3,82.71
2291,517560,486.1218,600,4,84.96
2292,517762,678.0818,202,6,100.0
2293,518362,437.3439,600,4,85.74
2294,518962,383.392,600,4,84.08
2295,519562,248.9685,600,4,83.79
2296,519755,644.0104,193,6,100.0
2297,520274,301.9435,519,5,97.75
2298,520511,710.5077,237,6,100.0
2299,520541,45.2039,30,1,29.49
2300,521141,397.9995,600,4,85.45
2301,521741,425.0187,600,5,95.7
2302,522330,296.7834,589,5,94.92
2303,522930,362.0967,600,5,94.34
2304,522950,14.4561,20,1,23.14
2305,523550,378.6701,600,5,94.53
2306,524100,261.8382,550,4,90.33
2307,524700,318.421,600,5,94.92
2308,525173,204.8681,473,3,75.98
2309,525773,320.7874,600,5,95.02
2310,526373,460.7583,600,4,82.62
2311,526587,677.3278,214,6,100.0
2312,526715,254.3823,128,2,77.64
2313,527315,247.6557,600,3,81.15
2314,527860,216.9642,545,4,89.36
2315,528183,256.4475,323,3,81.15
2316,528782,170.6778,599,2,75.59
2317,528791,-20.4116,9,1,40.04
2318,529115,183.1754,324,2,75.88
2319,529715,360.9965,600,5,94.63
2320,530315,312.8741,600,4,86.82
2321,530394,152.3085,79,2,66.8
2322,530994,298.2038,600,4,85.94
2323,531189,171.2737,195,2,77.73
2324,531767,277.8369,578,4,86.13
2325,531788,17.6174,21,1,50.39
2326,532388,387.2036,600,4,83.4
2327,532988,273.224,600,4,90.33
2328,533201,706.5309,213,6,100.0
2329,533801,262.4346,600,4,90.53
2330,534401,361.296,600,5,97.07
2331,534434,47.3938,33,1,27.34
2332,534816,248.121,382,3,78.81
2333,535416,341.8654,600,4,85.64
2334,535962,127.6491,546,3,80.57
2335,535977,-0.545,15,1,23.34
2336,536002,32.1112,25,1,54.79
2337,536602,362.1299,600,5,95.61
2338,536804,648.7823,202,6,100.0
2339,536941,318.1554,137,3,86.72
2340,537541,214.5775,600,4,83.01
2341,538141,387.0192,600,4,85.35
2342,538379,704.2439,238,6,100.0
2343,538493,110.3518,114,2,53.71
2344,539093,403.3278,600,4,84.18
2345,539468,273.364,375,4,89.75
2346,539535,172.2608,67,2,52.73
2347,539569,37.5339,34,1,51.07
2348,539950,179.9996,381,3,76.56
2349,540550,399.01,600,4,95.9
2350,540621,158.1561,71,2,52.34
2351,540727,242.6797,106,2,56.25
2352,540739,-6.0436,12,1,20.21
2353,540861,132.757,122,2,67.68
2354,541461,248.2022,600,4,85.74
2355,541468,-20.2858,7,1,17.87
2356,541687,265.9216,219,3,75.98
2357,542287,372.3268,600,4,84.18
2358,542887,384.6747,600,5,95.9
2359,543487,277.0702,600,4,84.86
2360,543631,331.6386,144,3,57.91
2361,543792,320.9646,161,3,79.39
2362,544392,283.6563,600,4,93.85
2363,544523,310.6037,131,2,61.91
2364,544863,707.5114,340,6,100.0
2365,545463,350.8321,600,5,97.36
2366,546063,272.0933,600,3,76.76
2367,546663,217.4308,600,3,75.49
2368,546732,158.8788,69,2,53.91
2369,547332,474.6747,600,4,85.55
2370,547932,406.1713,600,4,82.81
2371,547962,22.5952,30,1,54.2
2372,547976,-7.2807,14,1,41.6
2373,548006,43.7966,30,1,54.2
2374,548606,446.8225,600,4,89.55
2375,548960,607.9823,354,5,94.34
2376,549102,169.8653,142,2,74.02
2377,549359,214.6825,257,3,79.59
2378,549892,337.7298,533,4,90.23
2379,550215,219.906,323,3,80.27
2380,550521,186.6635,306,3,78.91
2381,550555,36.7153,34,1,53.42
2382,551155,301.0335,600,4,80.08
2383,551283,301.8557,128,2,64.06
2384,551447,364.0079,164,3,55.96
2385,551584,280.0584,137,2,64.06
2386,551948,384.177,364,4,94.04
2387,551961,-14.8381,13,1,41.02
2388,551988,28.7671,27,1,54.49
2389,552588,399.2956,600,4,82.81
2390,552737,334.5613,149,3,59.28
2391,552869,292.4077,132,2,62.11
2392,552895,29.505,26,1,49.22
2393,553363,213.7349,468,3,76.17
2394,553518,347.8517,155,3,57.32
2395,553979,319.395,461,4,87.89
2396,554180,342.2382,201,4,89.16
2397,554497,219.2245,317,3,79.2
2398,554586,176.1658,89,2,72.66
2399,554836,305.8099,250,3,80.86
2400,555436,290.4688,600,4,86.04
2401,555741,263.1697,305,3,81.84
2402,555766,32.3433,25,1,53.32
2403,555915,329.8679,149,3,56.64
2404,556515,326.7044,600,4,92.48
2405,556583,144.3865,68,2,67.77
2406,556675,178.1259,92,2,70.41
2407,557275,492.4774,600,4,84.96
2408,557291,-8.6437,16,1,18.26
2409,557324,49.3179,33,1,55.57
2410,557451,296.8773,127,2,61.43
2411,557591,300.6717,140,2,62.01
2412,558094,473.8359,503,4,85.64
2413,558114,-8.9482,20,1,20.8
2414,558615,275.6045,501,3,80.08
2415,558708,180.0708,93,2,69.73
2416,558792,166.4573,84,2,68.55
2417,559021,236.541,229,3,79.79
2418,559153,301.1588,132,2,64.36
2419,559293,288.4575,140,2,61.04
2420,559441,272.5188,148,3,77.25
2421,560041,290.4611,600,4,84.28
2422,560641,368.3358,600,4,94.34
2423,561083,226.8805,442,3,79.98
2424,561432,192.9729,349,3,73.63
2425,561562,275.9908,130,2,61.33
2426,561597,52.3017,35,1,53.22
2427,561748,341.8062,151,3,55.27
2428,561781,49.4037,33,1,53.22
2429,561875,209.1752,94,3,62.89
2430,561992,237.8742,117,2,52.93
2431,562147,339.0705,155,3,54.2
2432,562224,172.3166,77,2,67.19
2433,562352,242.7298,128,2,53.42
2434,562488,313.2362,136,2,63.67
2435,563088,359.5651,600,5,94.34
2436,563688,290.3114,600,4,85.55
2437,563816,281.0404,128,2,63.96
2438,564416,259.0598,600,4,85.94
2439,565016,267.6928,600,4,86.13
2440,565495,189.5099,479,3,80.08
2441,565558,148.0127,63,2,62.4
2442,565707,320.467,149,3,54.98
2443,565733,32.4699,26,1,50.1
2444,565836,250.1848,103,3,69.14
2445,565956,228.4977,120,2,52.25
2446,565988,43.572,32,1,46.39
2447,566588,211.9063,600,3,79.1
2448,567188,300.2512,600,4,87.3
2449,567350,360.9777,162,3,55.57
2450,567448,110.3545,98,2,55.18
2451,567523,161.2269,75,2,50.78
2452,567551,32.8767,28,1,26.17
2453,568151,309.3124,600,3,77.05
2454,568751,324.948,600,4,84.77
2455,568828,163.6569,77,2,52.05
2456,569428,307.5244,600,4,93.07
2457,569952,551.4622,524,5,96.09
2458,569978,32.1631,26,1,50.68
2459,570578,238.8712,600,3,79.39
2460,570651,168.5155,73,2,77.25
2461,570830,264.2853,179,3,78.52
2462,571337,279.2427,507,4,94.73
2463,571448,269.726,111,3,68.26
2464,571472,26.193,24,1,53.52
2465,572072,522.9601,600,4,84.86
2466,572149,169.4722,77,2,64.45
2467,572459,255.6114,310,3,73.93
2468,572649,137.7395,190,2,67.19
2469,572779,301.3562,130,2,64.65
2470,573379,472.2785,600,5,99.12
2471,573449,150.4177,70,2,66.21
2472,573592,204.4166,143,2,65.14
2473,573748,341.7516,156,3,55.27
2474,574093,288.3893,345,4,85.64
2475,574253,308.0959,160,3,52.44
2476,574329,102.9929,76,1,27.25
2477,574373,73.0847,44,1,28.42
2478,574425,109.8634,52,2,61.23
2479,574444,2.3552,19,1,42.29
2480,574577,297.8555,133,2,62.3
2481,574723,293.6071,146,3,73.24
2482,574861,299.9063,138,2,61.43
2483,575020,331.754,159,3,52.44
2484,575046,2.3855,26,1,19.82
2485,575110,138.3506,64,2,52.34
2486,575710,455.257,600,4,84.86
2487,575789,169.6109,79,2,51.46
2488,576338,3.8702,549,3,57.32
2489,576353,-9.2653,15,1,41.41
2490,576953,259.4332,600,4,82.52
2491,577553,323.3248,600,3,77.93
2492,577951,286.5754,398,5,87.21
2493,577966,-3.3423,15,1,43.16
2494,578252,272.4341,286,3,79.79
2495,578288,25.1081,36,1,20.41
2496,578410,219.9862,122,2,51.56
2497,579010,216.5666,600,3,71.97
2498,579036,31.9131,26,1,47.85
2499,579096,128.6674,60,2,51.07
2500,579151,121.7997,55,2,61.52
2501,579292,285.7582,141,2,60.74
2502,579457,172.1546,165,2,68.07
2503,579528,144.2161,71,2,61.33
2504,579759,190.9522,231,2,70.02
2505,579959,371.6543,200,3,77.54
2506,580091,280.6071,132,2,63.67
2507,580159,149.0308,68,2,52.44
2508,580488,267.6104,329,3,83.59
2509,580518,42.044,30,1,26.46
2510,580635,240.8175,117,2,52.83
2511,580701,145.4653,66,2,54.0
2512,580715,-2.8157,14,1,21.19
2513,580782,145.828,67,2,32.62
2514,581382,286.0897,600,4,85.74
2515,581982,303.3744,600,4,84.96
2516,582246,546.7334,264,4,83.5
2517,582274,37.8165,28,1,50.29
2518,582874,190.064,600,3,76.56
2519,582979,224.3991,105,2,56.45
2520,583111,305.6574,132,2,62.3
2521,583711,199.6415,600,3,76.37
2522,583992,265.4974,281,3,80.27
2523,584231,510.9192,239,4,78.42
2524,584788,148.8528,557,3,77.54
2525,584813,26.1875,25,1,51.86
2526,584834,2.6292,21,1,22.46
2527,584973,305.4634,139,2,61.23
2528,585033,89.357,60,1,53.71
2529,585060,31.7669,27,1,54.2
2530,585083,22.3711,23,1,24.8
2531,585143,142.2207,60,2,52.64
2532,585178,52.1011,35,1,49.71
2533,585258,158.066,80,2,68.95
2534,585397,290.8845,139,2,61.72
2535,585997,291.409,600,4,83.59
2536,586242,259.4715,245,3,82.52
2537,586842,256.5857,600,4,81.64
2538,586916,167.5573,74,2,51.76
2539,587184,205.9866,268,3,73.34
2540,587784,280.6846,600,4,87.5
2541,587815,8.0272,31,1,19.53
2542,587884,143.034,69,2,55.18
2543,587984,210.2181,100,2,56.93
2544,588020,57.4612,36,1,53.03
2545,588044,49.3199,24,2,56.35
2546,588062,11.2148,18,1,23.73
2547,588208,328.3,146,2,62.01
2548,588316,224.0076,108,2,56.15
2549,588456,309.6434,140,2,64.16
2550,588476,5.8214,20,1,22.27
2551,588607,264.4216,131,3,80.27
2552,588896,307.3711,289,3,85.16
2553,589496,458.648,600,3,82.03
2554,589904,260.9625,408,3,77.44
2555,589970,145.0177,66,2,51.86
2556,589978,-17.2251,8,1,38.38
2557,590009,46.4455,31,1,52.34
2558,590042,49.5585,33,1,55.57
2559,590530,203.5237,488,3,81.05
2560,590681,265.0098,151,3,80.96
2561,590810,273.0087,129,2,77.34
2562,591177,272.9584,367,3,88.77
2563,591596,194.3775,419,3,73.93
2564,591854,724.4031,258,6,100.0
2565,592175,278.5583,321,3,73.63
2566,592775,190.9,600,3,81.35
2567,592850,170.0852,75,2,52.05
2568,593148,144.4783,298,2,67.29
2569,593221,158.8021,73,2,51.27
2570,593297,150.1996,76,2,67.29
2571,593311,-3.39,14,1,41.31
2572,593552,309.7286,241,3,90.43
2573,593613,124.2901,61,2,52.34
2574,593647,45.9882,34,1,51.27
2575,593711,153.7338,64,2,51.95
2576,594311,357.3463,600,3,81.64
2577,594911,480.2211,600,4,84.18
2578,595438,418.3254,527,4,87.3
2579,596038,266.2995,600,4,83.98
2580,596638,300.3089,600,4,84.08
2581,596802,249.0445,164,3,78.52
2582,596823,5.9824,21,1,19.73
2583,597044,187.0987,221,2,70.12
2584,597062,-8.6998,18,1,18.07
2585,597579,311.5182,517,3,84.96
2586,597809,396.9315,230,3,78.71
2587,598011,254.8931,202,3,74.51
2588,598071,132.1887,60,2,54.88
2589,598671,606.9953,600,5,99.8
2590,599122,400.9351,451,4,97.66
2591,599722,263.027,600,4,85.25
2592,599927,291.4937,205,3,84.86
2593,599994,154.2895,67,2,74.02
2594,600016,11.8932,22,1,21.97
2595,600616,462.2798,600,4,83.89
2596,600723,189.8357,107,2,68.75
2597,601135,233.6314,412,3,82.81
2598,601426,647.2332,291,5,99.41
2599,601908,385.1955,482,4,82.81
2600,602180,451.6702,272,4,84.18
2601,602191,-8.9989,11,1,38.57
2602,602791,209.7148,600,3,81.84
2603,603071,213.8056,280,3,74.61
2604,603099,35.051,28,1,52.44
2605,603121,23.8679,22,1,52.54
2606,603141,-11.6999,20,1,20.12
2607,603213,153.5475,72,2,51.27
2608,603669,344.1083,456,3,82.71
2609,603791,239.6348,122,2,53.32
2610,603849,133.5058,58,2,52.64
2611,603958,220.0223,109,2,53.12
2612,603988,62.9333,30,2,56.64
2613,604014,-9.4772,26,1,19.53
2614,604029,-6.6054,15,1,40.43
2615,604055,28.8359,26,1,50.98
2616,604179,190.0247,124,2,75.68
2617,604779,174.0556,600,3,80.18
2618,604925,330.1921,146,3,55.96
2619,605066,276.3294,141,3,80.76
2620,605666,247.7898,600,3,78.91
2621,605814,347.4511,148,3,58.11
2622,606414,235.981,600,4,85.55
2623,606925,311.7055,511,4,86.43
2624,607525,268.1,600,3,81.74
2625,607631,176.3512,106,2,64.65
2626,607879,575.3782,248,5,95.31
2627,608164,435.4103,285,4,95.9
2628,608764,230.5612,600,3,80.96
2629,609032,206.3444,268,3,75.59
2630,609182,198.7454,150,3,80.08
2631,609211,29.0288,29,1,48.73
2632,609467,264.7875,256,3,78.81
2633,610067,238.6424,600,3,81.74
2634,610091,29.4756,24,1,53.42
2635,610102,-20.6878,11,1,16.8
2636,610118,6.1151,16,1,43.75
2637,610703,230.3292,585,3,86.33
2638,611074,370.5583,371,3,80.86
2639,611161,186.7251,87,2,55.27
2640,611171,-11.2011,10,1,40.43
2641,611194,22.7631,23,1,52.44
2642,611324,285.0118,130,2,62.21
2643,611350,31.9275,26,1,51.95
2644,611446,201.9459,96,2,52.83
2645,611479,49.0515,33,1,53.71
2646,611879,382.7358,400,4,89.26
2647,612154,274.8533,275,3,83.01
2648,612250,207.3713,96,2,52.64
2649,612259,-20.2547,9,1,40.53
2650,612672,623.4184,413,5,99.32
2651,613167,188.7326,495,2,72.95
2652,613288,213.6008,121,2,53.42
2653,613308,-3.1186,20,1,19.53
2654,613314,-26.0432,6,1,17.97
2655,613502,405.0244,188,3,75.2
2656,613648,352.7121,146,3,56.74
2657,613716,143.3474,68,2,53.42
2658,614316,280.4798,600,4,83.5
2659,614916,215.4,600,3,81.25
2660,614968,113.0482,52,2,51.86
2661,614996,34.5073,28,1,50.49
2662,615066,156.4107,70,2,51.95
2663,615666,302.1537,600,4,93.36
2664,615999,295.6816,333,3,76.56
2665,616107,209.234,108,2,53.22
2666,616174,18.7885,67,1,21.58
2667,616271,228.4892,97,2,53.71
2668,616561,297.4777,290,4,83.2
2669,616943,392.6708,382,4,94.82
2670,617176,427.4036,233,4,92.29
2671,617329,332.2407,153,3,54.59
2672,617359,40.8386,30,1,53.03
2673,617959,317.5005,600,3,85.94
2674,618029,149.6887,70,2,51.27
2675,618054,23.3264,25,1,49.61
2676,618654,361.1619,600,4,91.6
2677,618784,287.1673,130,2,62.11
2678,618816,42.963,32,1,50.2
2679,618921,221.0925,105,2,53.91
2680,619427,425.2551,506,4,94.82
2681,619578,339.0128,151,3,55.08
2682,619646,138.8057,68,2,51.95
2683,620246,241.3859,600,3,81.93
2684,620793,774.144,547,6,100.0
2685,620807,-6.336,14,1,40.62
2686,620910,170.0859,103,2,63.48
2687,621303,372.1756,393,4,95.7
2688,621754,284.0312,451,3,82.23
2689,621848,187.438,94,2,71.97
2690,622064,325.3139,216,3,90.23
2691,622208,328.5381,144,3,57.03
2692,622808,272.8196,600,3,79.98
2693,622913,215.7045,105,2,57.42
2694,623513,261.0664,600,3,83.59
2695,624113,223.4761,600,4,83.11
2696,624150,12.4126,37,1,20.8
2697,624284,296.7235,134,2,62.11
2698,624833,100.9155,549,2,80.27
2699,624871,13.9644,38,1,22.46
2700,625471,363.9384,600,3,87.4
2701,625504,49.5343,33,1,53.61
2702,626104,386.9946,600,5,96.97
2703,626704,277.4653,600,4,86.13
2704,626828,223.897,124,2,66.11
2705,626854,8.5951,26,1,20.21
2706,627004,317.2121,150,3,54.59
2707,627139,286.1256,135,2,62.4
2708,627739,290.5193,600,3,80.76
2709,627957,300.0604,218,3,80.96
2710,628084,270.8778,127,2,63.67
2711,628684,232.5016,600,3,80.76
2712,629217,426.2102,533,4,83.3
2713,629367,362.763,150,3,55.37
2714,629492,271.4133,125,2,64.36
2715,629826,154.4044,334,2,63.09
2716,629886,129.9939,60,2,51.07
2717,630032,307.0019,146,3,56.05
2718,630137,233.1426,105,2,53.22
2719,630260,276.2934,123,2,62.01
2720,630345,181.4176,85,2,69.14
2721,630443,223.526,98,2,52.44
2722,630511,132.3288,68,2,50.29
2723,630577,135.4116,66,2,54.59
2724,630659,191.4315,82,2,64.26
2725,630881,339.3276,222,3,93.36
2726,630962,173.4391,81,2,67.87
2727,631068,225.3103,106,2,54.2
2728,631138,126.1265,70,2,68.07
2729,631326,370.2604,188,3,56.15
2730,631472,290.3052,146,2,62.4
2731,631620,310.8935,148,3,54.88
2732,631827,369.2497,207,3,56.64
2733,631919,190.0729,92,2,64.55
2734,631989,123.1871,70,2,62.4
2735,632099,226.7645,110,2,52.64
2736,632544,269.0142,445,3,81.54
2737,632565,-3.0644,21,1,18.36
2738,632585,5.0083,20,1,40.92
2739,632645,141.5129,60,2,51.27
2740,633245,289.5949,600,4,85.64
2741,633470,495.2884,225,4,76.76
2742,633634,300.7847,164,3,86.23
2743,633779,271.9473,145,3,87.11
2744,633921,325.4433,142,3,57.23
2745,633952,13.3527,31,1,21.29
2746,634085,303.7294,133,2,65.43
2747,634541,293.1282,456,3,76.95
2748,634654,229.7688,113,2,56.54
2749,634951,297.486,297,4,82.52
2750,635426,258.5571,475,3,89.55
2751,636026,213.5518,600,3,83.98
2752,636040,-9.5811,14,1,40.53
2753,636640,315.75,600,4,91.89
2754,637240,241.1838,600,3,79.59
2755,637343,230.7007,103,2,56.93
2756,637416,137.84,73,2,50.78
2757,637578,215.701,162,3,78.12
2758,637612,40.6507,34,1,50.88
2759,637645,19.2685,33,1,19.24
2760,637697,80.4107,52,1,51.17
2761,637719,23.382,22,1,53.71
2762,637828,225.2245,109,2,55.57
2763,637930,222.2087,102,2,52.15
2764,638034,243.8413,104,2,54.49
2765,638569,265.479,535,4,93.46
2766,638715,288.4491,146,3,87.4
2767,639085,323.4916,370,3,88.67
2768,639218,271.295,133,3,80.18
2769,639258,55.1503,40,1,51.27
2770,639857,259.0886,599,4,85.84
2771,639921,141.2472,64,2,53.42
2772,639984,136.2631,63,2,51.66
2773,640047,146.9617,63,2,54.3
2774,640109,139.165,62,2,51.76
2775,640130,10.6882,21,1,21.88
2776,640157,29.1198,27,1,50.39
2777,640239,162.097,82,2,63.77
2778,640262,-3.3724,23,1,18.95
2779,640862,216.8,600,3,81.54
2780,640897,51.7861,35,1,50.39
2781,641291,279.5208,394,3,85.64
2782,641315,13.3047,24,1,46.0
2783,641358,62.972,43,1,53.42
2784,641508,-14.7746,150,1,20.02
2785,642108,197.385,600,3,77.15
2786,642181,67.0581,73,1,51.46
2787,642300,266.4818,119,2,62.4
2788,642900,362.4029,600,4,92.48
2789,643045,269.4172,145,3,86.04
2790,643179,258.7398,134,2,62.5
2791,643187,-20.3143,8,1,40.53
2792,643272,182.5121,85,2,70.31
2793,643296,14.6694,24,1,20.21
2794,643439,345.6008,143,3,57.42
2795,643836,416.7279,397,4,93.55
2796,644436,274.1253,600,3,83.59
2797,644446,-20.7188,10,1,17.77
2798,644495,68.0379,49,1,28.91
2799,644536,27.5026,41,1,21.58
2800,644563,25.2036,27,1,48.73
2801,644638,128.7217,75,2,62.99
2802,644707,63.6777,69,1,52.93
2803,644798,187.8666,91,2,70.8
2804,645040,548.5924,242,4,70.9
2805,645106,142.0679,66,2,51.76
2806,645168,132.4911,62,2,53.12
2807,645326,309.1884,158,2,64.84
2808,645439,216.2099,113,2,71.68
2809,645471,45.9103,32,1,50.98
2810,645613,252.9592,142,3,76.17
2811,645657,74.9118,44,1,53.81
2812,645727,126.5889,70,2,51.17
2813,646282,181.6202,555,3,88.77
2814,646348,144.9784,66,2,53.91
2815,646948,215.7276,600,3,75.0
2816,647010,80.0794,62,1,54.1
2817,647275,300.2521,265,3,85.16
2818,647425,339.1444,150,3,55.27
2819,647529,223.8153,104,2,53.91
2820,647697,173.8261,168,2,69.04
2821,647850,306.2577,153,3,89.45
2822,647987,285.5198,137,2,62.6
2823,648138,339.3684,151,3,55.57
2824,648445,336.1767,307,4,95.31
2825,648578,286.7413,133,2,63.77
2826,648921,330.2139,343,2,71.29
2827,648991,138.6819,70,2,52.83
2828,649062,138.2862,71,2,52.93
2829,649084,17.8414,22,1,48.44
2830,649120,55.1553,36,1,52.83
2831,649194,41.3983,74,1,23.44
2832,649260,141.9509,66,2,51.76
2833,649362,229.4531,102,2,56.84
2834,649504,313.1256,142,3,57.42
2835,649639,298.4236,135,2,62.79
2836,649693,124.9033,54,2,52.54
2837,649750,130.5622,57,2,52.54
2838,649834,175.8426,84,2,68.95
2839,650434,319.4208,600,4,93.46
2840,650546,252.1058,112,2,54.39
2841,651146,381.7702,600,5,96.09
2842,651288,275.0278,142,3,85.16
2843,651392,163.5963,104,2,62.3
2844,651458,148.031,66,2,52.25
2845,651616,336.9557,158,2,63.87
2846,651758,320.2234,142,2,62.4
2847,651790,31.7408,32,1,45.61
2848,651828,42.7633,38,1,52.54
2849,651841,-8.2766,13,1,43.36
2850,651981,309.6566,140,2,62.79
2851,652581,313.9283,600,4,93.46
2852,652726,261.6812,145,3,84.96
2853,652751,23.04,25,1,45.41
2854,652902,357.0174,151,3,58.89
2855,653502,403.3119,600,3,77.83
2856,653651,186.532,149,2,62.3
2857,653711,135.7065,60,2,54.59
2858,653899,245.1567,188,3,82.03
2859,653939,57.8876,40,1,51.76
2860,654081,308.6166,142,2,62.6
2861,654106,25.8435,25,1,51.37
2862,654173,124.1643,67,2,51.07
2863,654189,-3.6035,16,1,20.21
2864,654419,199.2962,230,2,71.0
2865,655002,181.6785,583,3,79.49
2866,655602,234.7539,600,2,75.68
2867,655668,130.2522,66,2,52.73
2868,655762,145.1414,94,1,59.18
2869,655790,31.8608,28,1,52.05
2870,655883,76.1844,93,1,49.71
2871,656483,639.1383,600,5,99.71
2872,657083,312.117,600,4,89.65
2873,657481,429.6907,398,5,94.63
2874,658081,393.2363,600,5,96.68
2875,658522,308.8414,441,3,91.11
2876,658665,341.3786,143,3,56.74
2877,658813,343.789,148,3,56.35
2878,659413,345.5455,600,3,74.12
2879,659463,68.299,50,1,52.15
2880,659787,382.4281,324,3,74.12
2881,660387,282.6336,600,4,89.26
2882,660546,299.6896,159,3,53.91
2883,660635,193.3956,89,2,68.95
2884,660742,225.9484,107,2,53.61
2885,660808,145.125,66,2,52.73
2886,660837,34.7649,29,1,53.42
2887,660965,275.8424,128,2,61.62
2888,661116,322.6548,151,2,63.18
2889,661175,130.3288,59,2,52.44
2890,661198,20.0204,23,1,46.58
2891,661411,380.6012,213,4,92.38
2892,661493,173.5276,82,2,52.15
2893,662093,396.578,600,4,95.21
2894,662380,354.778,287,4,91.11
2895,662980,267.7307,600,4,89.16
2896,663580,293.7584,600,3,81.45
2897,663810,203.5625,230,2,70.41
2898,664410,180.7123,600,2,73.83
2899,665010,326.5877,600,3,84.57
2900,665610,290.4605,600,4,89.06
2901,666210,414.6487,600,5,95.9
2902,666237,31.1636,27,1,25.98
2903,666387,314.8898,150,3,55.66
2904,666729,388.2299,342,3,72.95
2905,666891,179.5099,162,2,70.7
2906,666950,133.781,59,2,52.64
2907,666977,32.1894,27,1,48.73
2908,667044,138.3006,67,2,54.1
2909,667098,93.6715,54,1,31.35
2910,667153,86.3743,55,1,49.71
2911,667169,0.2366,16,1,18.46
2912,667769,541.0598,600,4,92.58
2913,668076,758.2242,307,6,100.0
2914,668676,311.7756,600,4,85.74
2915,669276,311.5248,600,3,90.43
2916,669876,255.3664,600,3,75.68
2917,669945,147.6843,69,2,52.83
2918,670545,469.1463,600,4,87.4
2919,670565,6.0631,20,1,21.58
2920,671165,244.4155,600,4,85.35
2921,671189,8.7724,24,1,19.82
2922,671397,365.1496,208,4,89.84
2923,671640,157.1941,243,2,68.16
2924,672017,536.8076,377,4,87.7
2925,672617,367.9796,600,4,92.48
2926,673217,325.3909,600,4,87.99
2927,673377,225.5598,160,3,79.69
2928,673492,231.4046,115,2,54.2
2929,673758,158.7148,266,2,69.73
2930,673769,-14.9231,11,1,18.95
2931,673912,313.1542,143,2,62.4
2932,674512,336.0867,600,4,90.04
2933,675112,229.6236,600,3,76.86
2934,675656,310.8031,544,3,81.54
2935,675685,5.1975,29,1,19.04
2936,676285,316.5306,600,3,80.86
2937,676639,717.4609,354,6,100.0
2938,676826,317.7686,187,2,64.84
2939,677015,289.2541,189,2,65.72
2940,677259,724.2551,244,6,100.0
2941,677859,404.9049,600,5,95.02
2942,677944,179.1819,85,2,67.29
2943,678113,381.6002,169,4,92.87
2944,678443,330.6417,330,2,68.26
2945,678592,348.6237,149,3,59.28
2946,679119,208.2102,527,3,81.05
2947,679322,326.1371,203,3,70.31
2948,679922,222.0945,600,3,74.71
2949,680130,276.9077,208,3,79.2
2950,680167,57.8668,37,1,29.3
2951,680767,422.2497,600,4,84.08
2952,681350,297.8613,583,4,90.53
2953,681365,-2.8986,15,1,43.95
2954,681965,434.3422,600,5,95.8
2955,682200,425.6621,235,4,95.51
2956,682298,192.8475,98,2,52.44
2957,682534,271.2489,236,3,80.37
2958,682603,156.1931,69,2,55.27
2959,683116,223.7694,513,3,82.52
2960,683716,500.0183,600,4,85.16
2961,684316,361.7304,600,4,90.92
2962,684358,58.9411,42,1,27.15
2963,684568,290.4279,210,3,78.71
2964,685168,244.8677,600,3,78.61
2965,685199,28.3552,31,1,52.54
2966,685351,299.0601,152,3,85.16
2967,685471,212.8756,120,2,74.51
2968,685567,226.4901,96,2,57.23
2969,685751,318.7492,184,2,68.55
2970,685808,5.1915,57,1,20.8
2971,686408,449.3039,600,3,81.84
2972,686610,339.3893,202,3,91.31
2973,686635,-3.5165,25,1,18.26
2974,687235,425.6999,600,4,95.51
2975,687775,289.8111,540,4,89.75
2976,687791,2.7494,16,1,21.58
2977,687815,16.7791,24,1,23.44
2978,688415,393.3928,600,5,95.12
2979,688633,388.988,218,4,90.04
2980,688781,289.027,148,3,87.89
2981,688875,121.5705,94,1,29.98
2982,689475,273.3213,600,3,79.98
2983,689806,423.3612,331,3,77.54
2984,690406,505.7687,600,4,85.94
2985,691006,274.9435,600,3,86.91
2986,691038,43.6713,32,1,57.71
2987,691638,232.4329,600,3,79.3
2988,692238,330.6064,600,3,75.68
2989,692838,328.6334,600,4,92.97
2990,693421,383.1521,583,5,96.88
2991,693529,218.2734,108,2,53.91
2992,693549,-0.8366,20,1,20.8
2993,693632,161.0216,83,2,72.17
2994,693918,307.5601,286,3,88.57
2995,694361,519.0817,443,4,85.74
2996,694389,-6.741,28,1,19.34
2997,694989,425.2794,600,5,96.68
2998,695415,357.4022,426,4,92.97
2999,696015,378.587,600,4,92.48
3000,696049,49.1613,34,1,55.57
3001,696089,60.6056,40,1,28.52
3002,696100,-20.5864,11,1,16.7
3003,696130,-3.7944,30,1,19.24
3004,696730,335.0237,600,4,88.96
3005,696776,78.1484,46,1,28.32
3006,697376,400.5054,600,5,96.58
3007,697976,377.6287,600,3,84.67
3008,698576,621.5614,600,5,94.53
3009,698599,-9.3181,23,1,19.92
3010,699199,419.7207,600,5,95.7
3011,699367,324.6997,168,3,54.1
3012,699767,365.1681,400,4,90.14
3013,700367,249.0194,600,3,79.79
3014,700496,257.0651,129,2,75.2
3015,700518,19.8698,22,1,23.93
3016,700544,29.32,26,1,50.98
3017,701144,326.1844,600,3,81.45
3018,701203,88.3671,59,1,30.27
3019,701356,213.0307,153,3,76.86
3020,701956,270.9103,600,3,85.84
3021,702036,185.9862,80,2,73.44
3022,702553,212.5282,517,3,84.38
3023,702997,366.6335,444,4,93.75
3024,703069,155.7144,72,2,53.71
3025,703082,-2.5678,13,1,43.95
3026,703429,213.2038,347,2,71.78
3027,703850,287.8706,421,3,80.47
3028,704450,566.7411,600,5,95.31
3029,704478,40.722,28,1,54.0
3030,704867,237.0901,389,3,87.6
3031,704899,48.7176,32,1,28.12
3032,705088,307.8876,189,3,78.71
3033,705217,244.1516,129,2,73.24
3034,705817,425.3619,600,3,78.42
3035,705840,2.5844,23,1,19.82
3036,705976,283.2265,136,2,74.12
3037,706084,235.9334,108,2,56.74
3038,706105,2.983,21,1,20.12
3039,706705,248.5918,600,3,87.11
3040,706723,11.3097,18,1,24.02
3041,706878,288.4779,155,2,68.46
3042,707478,307.5091,600,3,86.04
3043,707660,303.2429,182,3,77.54
3044,707668,-17.3321,8,1,40.43
3045,708268,313.3582,600,4,88.48
3046,708415,284.0682,147,2,67.19
3047,708557,250.9551,142,2,63.77
3048,709157,333.2102,600,4,90.53
3049,709664,324.6747,507,3,85.84
3050,710264,461.3223,600,5,96.29
3051,710297,18.2414,33,1,21.88
3052,710311,-0.677,14,1,21.48
3053,710911,398.2181,600,4,96.68
3054,711511,277.3373,600,3,76.46
3055,711780,317.3866,269,4,88.48
3056,711887,239.1122,107,2,56.93
3057,712037,203.7827,150,2,75.39
3058,712092,83.2943,55,1,53.32
3059,712127,49.1289,35,1,54.69
3060,712277,236.1469,150,3,83.11
3061,712295,2.6584,18,1,20.7
3062,712676,419.9737,381,3,77.64
3063,712720,72.7729,44,1,50.39
3064,712753,47.7779,33,1,28.52
3065,713353,236.0936,600,3,79.88
3066,713953,340.9273,600,4,86.43
3067,714553,355.7079,600,4,88.87
3068,714626,155.8224,73,2,54.39
3069,715226,352.1149,600,4,89.26
3070,715796,356.3514,570,4,91.8
3071,715920,267.4678,124,2,73.14
3072,716354,498.5531,434,4,92.29
3073,716954,235.6577,600,3,81.25
3074,717085,271.0164,131,2,73.93
3075,717486,255.3639,401,3,77.64
3076,717970,253.1197,484,3,79.0
3077,718035,133.8459,65,2,53.81
3078,718635,290.7526,600,3,86.52
3079,718747,250.5996,112,2,56.93
3080,719090,432.749,343,4,83.01
3081,719266,282.7641,176,3,78.61
3082,719294,38.0356,28,1,50.29
3083,719894,346.6364,600,4,93.26
3084,719955,70.302,61,1,54.0
3085,720431,256.858,476,3,86.52
3086,720775,424.2712,344,3,79.79
3087,721363,367.6281,588,3,79.69
3088,721799,402.6739,436,3,80.47
3089,721830,46.9235,31,1,53.32
3090,721857,29.0036,27,1,24.51
3091,721979,244.8344,122,2,72.46
3092,722579,441.6726,600,4,83.3
3093,722730,295.0435,151,2,67.87
3094,723039,272.7596,309,3,77.93
3095,723075,47.069,36,1,24.51
3096,723456,309.8047,381,3,78.22
3097,723481,-6.4394,25,1,19.82
3098,724081,271.6626,600,3,85.74
3099,724681,399.8668,600,4,90.14
3100,725211,312.9629,530,3,79.79
3101,725572,421.2381,361,4,83.4
3102,725592,3.1695,20,1,21.19
3103,725663,41.4264,71,1,22.36
3104,726263,252.0908,600,2,74.32
3105,726640,304.7035,377,3,73.54
3106,727190,368.5959,550,3,81.25
3107,727790,346.5992,600,3,76.66
3108,727951,274.0059,161,2,71.97
3109,728225,214.7961,274,2,66.5
3110,728825,216.5549,600,2,72.36
3111,728979,232.9373,154,2,72.17
3112,729579,196.1331,600,2,65.43
3113,730179,292.62,600,3,83.59
3114,730605,284.8238,426,3,88.28
3115,731056,241.9041,451,3,90.14
3116,731472,424.0581,416,5,96.0
3117,731536,141.8477,64,2,53.91
3118,731667,206.0665,131,2,70.61
3119,731687,16.6271,20,1,24.12
3120,732160,413.8485,473,3,81.64
3121,732584,435.7219,424,5,95.21
3122,732604,10.8005,20,1,22.75
3123,732626,8.4909,22,1,20.61
3124,732771,263.2981,145,3,87.01
3125,733371,391.5079,600,4,94.92
3126,733971,482.1315,600,4,96.29
3127,734117,221.9491,146,2,71.88
3128,734156,39.7137,39,1,46.58
3129,734353,374.2434,197,3,62.99
3130,734953,380.1024,600,3,80.18
3131,734973,7.3131,20,1,21.29
3132,735045,147.4219,72,2,55.57
3133,735269,438.539,224,3,81.74
3134,735869,219.109,600,3,84.28
3135,736469,337.5868,600,4,92.68
3136,736494,-0.4853,25,1,19.53
3137,737094,335.6786,600,3,82.23
3138,737124,13.6846,30,1,21.0
3139,737257,288.0281,133,3,88.09
3140,737295,46.5094,38,1,52.93
3141,737407,64.4171,112,1,24.9
3142,737430,-3.4412,23,1,18.26
3143,738027,280.576,597,3,84.38
3144,738092,146.8722,65,2,53.71
3145,738692,375.8903,600,4,90.82
3146,738771,178.5267,79,2,69.04
3147,738833,120.2653,62,2,52.05
3148,738857,17.2991,24,1,46.29
3149,739457,289.6294,600,3,82.52
3150,739522,144.701,65,2,55.76
3151,739937,192.2084,415,2,73.73
3152,740537,283.8513,600,4,85.16
3153,740948,228.0528,411,2,80.76
3154,741063,154.8676,115,2,65.23
3155,741204,292.0667,141,2,62.21
3156,741804,370.7614,600,3,81.25
3157,742404,294.7462,600,3,83.3
3158,742507,201.8391,103,2,55.08
3159,742549,70.4747,42,1,30.66
3160,742729,263.5506,180,3,80.37
3161,742813,175.5817,84,2,63.77
3162,742955,335.2783,142,4,88.57
3163,742974,11.6011,19,1,21.97
3164,743005,34.6002,31,1,44.53
3165,743037,40.3173,32,1,50.98
3166,743161,262.1635,124,3,85.94
3167,743761,161.4925,600,2,70.7
3168,743901,335.4574,140,4,90.92
3169,744272,273.6099,371,3,79.69
3170,744292,11.8089,20,1,50.49
3171,744311,8.5944,19,1,21.19
3172,744422,235.3365,111,2,54.79
3173,744674,657.3536,252,6,100.0
3174,745148,262.0321,474,3,80.76
3175,745748,290.8112,600,3,79.49
3176,746149,239.9836,401,3,87.6
3177,746220,153.0607,71,2,55.18
3178,746410,242.9907,190,3,82.23
3179,746432,17.696,22,1,50.2
3180,746495,83.4914,63,1,28.12
3181,746644,341.3856,149,4,88.77
3182,746786,356.7033,142,4,90.23
3183,746881,236.4822,95,2,56.93
3184,746908,17.51,27,1,20.41
3185,746976,86.6838,68,1,27.73
3186,747108,193.9801,132,1,66.11
3187,747244,338.8423,136,4,91.41
3188,747293,69.9547,49,1,52.64
3189,747391,189.6167,98,2,57.71
3190,747552,246.8207,161,2,72.27
3191,747940,331.4494,388,3,89.26
3192,748042,146.0469,102,1,65.92
3193,748184,227.6277,142,3,84.38
3194,748218,55.1315,34,1,54.2
3195,748227,-14.0047,9,1,41.89
3196,748827,412.6287,600,3,78.61
3197,749427,450.5632,600,3,77.54
3198,749496,138.1457,69,2,53.03
3199,749897,250.5881,401,2,72.75
3200,749966,138.7812,69,2,53.91
3201,750566,405.9038,600,3,78.32
3202,750929,215.5624,363,3,81.54
3203,750954,26.3772,25,1,47.95
3204,751280,379.9368,326,4,95.02
3205,751495,257.2074,215,3,87.3
3206,751804,702.0179,309,6,100.0
3207,751827,9.04,23,1,20.21
3208,751974,372.1031,147,4,88.28
3209,752073,244.311,99,2,56.93
3210,752144,138.4668,71,2,54.98
3211,752156,-17.7276,12,1,17.77
3212,752302,332.6869,146,4,88.67
3213,752635,580.8162,333,5,99.51
3214,752661,30.8882,26,1,24.32
3215,752774,239.3243,113,2,56.84
3216,753374,350.8623,600,3,85.25
3217,753523,169.7475,149,2,73.83
3218,753581,98.7216,58,1,58.11
3219,753885,239.2035,304,3,82.52
3220,753960,162.3885,75,2,67.38
3221,754028,169.1157,68,2,54.3
3222,754045,-11.7807,17,1,17.87
3223,754132,189.67,87,2,68.26
3224,754376,188.1887,244,2,73.14
3225,754442,140.1074,66,2,65.14
3226,754726,288.7188,284,4,89.55
3227,754802,170.7138,76,2,54.69
3228,754976,336.8512,174,4,88.38
3229,755089,221.3493,113,2,56.93
3230,755584,288.8396,495,3,80.86
3231,755653,143.1586,69,2,35.64
3232,755710,86.5602,57,1,59.96
3233,755730,6.0246,20,1,22.85
3234,755828,226.4678,98,2,56.93
3235,755930,233.3856,102,2,56.74
3236,756282,394.0307,352,3,78.12
3237,756350,90.6166,68,1,59.77
3238,756506,279.2501,156,3,78.22
3239,757029,391.9398,523,5,96.09
3240,757593,328.9187,564,3,83.69
3241,758193,200.6839,600,3,81.25
3242,758212,10.9063,19,1,46.09
3243,758272,145.4869,60,2,54.59
3244,758391,242.755,119,3,85.84
3245,758408,-6.2533,17,1,40.33
3246,758690,345.4358,282,3,77.15
3247,759290,422.3439,600,4,83.01
3248,759517,445.4828,227,5,96.29
3249,759537,0.039,20,1,19.34
3250,759644,207.5987,107,2,72.66
3251,759662,5.8067,18,1,22.17
3252,759689,28.9261,27,1,24.8
3253,759803,190.1945,114,2,68.16
3254,759826,13.4651,23,1,44.63
3255,759924,234.2978,98,2,57.03
3256,760060,332.7049,136,4,89.75
3257,760073,-5.9421,13,1,20.9
3258,760108,53.1174,35,1,52.05
3259,760250,341.7661,142,4,89.55
3260,760339,205.3127,89,2,56.93
3261,760844,425.1384,505,4,83.89
3262,761137,285.2127,293,4,90.04
3263,761145,-19.963,8,1,17.68
3264,761168,-0.24,23,1,18.26
3265,761768,227.201,600,3,80.86
3266,762358,291.0287,590,3,81.93
3267,762958,311.9922,600,3,82.71
3268,762983,17.3025,25,1,21.58
3269,763583,436.098,600,4,84.96
3270,763605,14.485,22,1,21.88
3271,764034,468.4103,429,4,84.18
3272,764634,172.1458,600,3,79.79
3273,765215,179.777,581,3,79.69
3274,765416,247.7817,201,3,79.69
3275,766016,294.453,600,4,91.11
3276,766616,519.5099,600,4,83.3
3277,767145,229.721,529,3,80.37
3278,767745,324.1847,600,3,78.22
3279,768287,423.0224,542,4,86.04
3280,768887,209.4869,600,2,68.55
3281,768930,65.4802,43,1,31.25
3282,768997,147.9748,67,2,55.08
3283,769597,277.7087,600,3,79.1
3284,769607,-20.224,10,1,39.45
3285,769750,244.9425,143,2,67.38
3286,769766,2.4626,16,1,43.75
3287,770366,200.1013,600,3,81.25
3288,770722,262.1748,356,3,77.05
3289,770739,7.8458,17,1,23.73
3290,771277,348.486,538,3,83.11
3291,771877,251.4722,600,3,91.11
3292,771950,156.1453,73,2,54.0
3293,771968,5.6275,18,1,43.46
3294,771997,28.5084,29,1,20.7
3295,772016,-3.1907,19,1,23.44
3296,772143,244.7322,127,2,60.16
3297,772412,249.8517,269,3,84.86
3298,773012,457.675,600,4,83.11
3299,773030,-5.779,18,1,18.07
3300,773630,302.2273,600,3,84.57
3301,773803,410.0077,173,4,93.85
3302,774261,221.255,458,3,73.83
3303,774425,263.0939,164,3,89.45
3304,774459,3.8693,34,1,21.68
3305,774573,229.9366,114,2,56.05
3306,774674,189.8412,101,2,68.55
3307,774698,-0.6704,24,1,20.7
3308,774706,-17.1054,8,1,40.33
3309,775192,329.7413,486,3,82.62
3310,775203,-11.6055,11,1,20.31
3311,775219,3.1464,16,1,43.95
3312,775254,54.2152,35,1,29.59
3313,775274,-3.0689,20,1,23.14
3314,775755,237.5238,481,4,90.62
3315,776217,200.8021,462,3,85.64
3316,776687,90.8072,470,2,49.12
3317,776860,254.0541,173,3,89.84
3318,777276,269.0392,416,3,78.71
3319,777876,402.6207,600,5,95.31
3320,778312,346.2707,436,5,95.21
3321,778421,183.1987,109,2,69.24
3322,778486,32.3008,65,1,25.0
3323,778507,-0.3599,21,1,22.56
3324,779107,254.1114,600,4,88.87
3325,779707,336.4359,600,3,58.01
3326,780145,369.4569,438,5,95.31
3327,780273,356.8539,128,4,91.99
3328,780639,266.8236,366,3,81.64
3329,780776,347.9561,137,4,91.6
3330,780786,-26.573,10,1,31.25
3331,781386,207.724,600,3,80.08
3332,781523,277.2705,137,3,88.87
3333,782123,471.5291,600,5,96.48
3334,782723,397.1628,600,4,83.11
3335,783265,236.9498,542,4,91.41
3336,783573,297.7415,308,3,82.91
3337,784049,271.9768,476,3,84.47
3338,784170,230.1005,121,2,59.38
3339,784596,149.9197,426,2,73.05
3340,784752,327.9178,156,3,79.3
3341,785244,356.9186,492,5,96.0
3342,785317,105.0432,73,1,30.57
3343,785797,252.2941,480,3,71.39
3344,786397,235.9131,600,4,90.33
3345,786855,195.9134,458,2,66.5
3346,787055,458.007,200,4,96.68
3347,787078,5.5311,23,1,20.21
3348,787678,164.0536,600,3,71.39
3349,788278,367.7717,600,4,82.62
3350,788301,17.5657,23,1,22.66
3351,788520,310.5975,219,3,81.64
3352,788829,170.8231,309,2,73.24
3353,789051,455.5897,222,5,94.63
3354,789130,113.3135,79,2,64.94
3355,789158,-9.8942,28,1,19.14
3356,789643,290.115,485,4,85.35
3357,789781,348.3168,138,4,90.53
3358,790343,401.0104,562,4,83.59
3359,790824,362.8641,481,3,79.39
3360,790844,-6.2646,20,1,17.87
3361,791137,165.1582,293,2,77.44
3362,791365,295.8474,228,3,83.4
3363,791372,-23.2948,7,1,36.62
3364,791515,363.0823,143,4,88.67
3365,791620,210.4301,105,2,57.52
3366,792071,343.106,451,5,95.61
3367,792087,5.4766,16,1,43.16
3368,792546,375.3676,459,5,96.0
3369,792960,447.029,414,4,83.11
3370,792976,-11.8427,16,1,17.58
3371,793004,35.1693,28,1,48.73
3372,793437,281.8895,433,4,91.21
3373,793447,-14.7787,10,1,41.7
3374,793644,96.9474,197,1,47.75
3375,794244,387.9783,600,3,79.39
3376,794339,169.8696,95,2,70.41
3377,794901,291.8234,562,4,93.75
3378,794916,-5.7693,15,1,18.75
3379,795340,108.5451,424,2,69.73
3380,795940,275.8458,600,3,84.96
3381,796010,165.7093,70,2,54.0
3382,796592,155.8061,582,2,82.32
3383,797192,522.6625,600,5,95.41
3384,797290,186.9876,98,2,70.02
3385,797587,401.0657,297,3,77.54
3386,797614,11.1959,27,1,20.51
3387,797667,54.119,53,1,51.27
3388,797753,155.3645,86,2,69.14
3389,797887,287.8791,134,3,87.11
3390,797970,182.1823,83,2,54.69
3391,798115,173.3589,145,2,71.68
3392,798447,413.1847,332,5,96.0
3393,799047,580.6587,600,5,96.29
3394,799549,263.1834,502,3,89.75
3395,799571,16.6161,22,1,45.61
3396,800171,275.1919,600,3,81.25
3397,800608,534.7235,437,4,88.38
3398,801208,175.8104,600,2,72.07
3399,801808,295.8346,600,4,91.89
3400,801869,136.1916,61,2,54.79
3401,802014,347.5648,145,4,90.72
3402,802048,36.8518,34,1,48.05
3403,802152,195.1741,104,2,69.92
3404,802752,391.3787,600,5,96.39
3405,802884,227.5119,132,2,54.59
3406,803191,265.6356,307,3,82.03
3407,803229,48.503,38,1,49.71
3408,803602,495.7681,373,4,92.48
3409,803820,295.1581,218,3,82.52
3410,804215,270.7425,395,3,82.62
3411,804636,140.8705,421,2,70.12
3412,805012,229.4038,376,3,88.48
3413,805612,378.592,600,5,94.73
3414,805743,312.4586,131,3,89.65
3415,805917,454.5646,174,4,80.47
3416,805939,11.6573,22,1,19.43
3417,806077,370.9238,138,4,92.48
3418,806677,385.2813,600,5,95.61
3419,806726,80.675,49,1,29.59
3420,806765,50.1086,39,1,27.44
3421,807235,258.5541,470,4,90.23
3422,807835,241.7879,600,4,89.94
3423,808435,579.7565,600,5,95.7
3424,808443,-17.2737,8,1,19.04
3425,809043,487.487,600,4,92.58
3426,809614,195.7526,571,3,78.61
3427,809826,177.4195,212,1,42.97
3428,810353,170.4541,527,2,69.73
3429,810373,16.6361,20,1,45.02
3430,810784,250.9864,411,3,84.57
3431,810867,158.841,83,2,70.8
3432,810884,2.2803,17,1,43.55
3433,811484,246.1092,600,3,78.32
3434,811600,153.7968,116,2,69.14
3435,812200,259.857,600,4,90.04
3436,812715,256.334,515,4,92.38
3437,812849,284.0511,134,3,72.75
3438,812856,-25.9417,7,1,16.5
3439,813014,267.9652,158,3,73.34
3440,813614,273.5602,600,3,78.81
3441,814083,372.4536,469,4,89.65
3442,814209,314.8127,126,3,75.78
3443,814217,-16.9636,8,1,41.21
3444,814262,60.0687,45,1,51.56
3445,814862,303.8494,600,3,73.14
3446,815462,241.2445,600,3,78.03
3447,815733,357.95,271,4,74.8
3448,815981,369.6792,248,3,73.44
3449,815999,8.1365,18,1,45.51
3450,816554,217.1733,555,3,77.73
3451,816775,310.719,221,3,83.98
3452,817375,387.8386,600,5,96.39
3453,817503,270.4124,128,3,85.94
3454,817799,238.9975,296,3,79.79
3455,818015,335.7561,216,4,89.06
3456,818615,231.087,600,3,79.59
3457,819215,250.7026,600,3,76.27
3458,819461,271.4657,246,3,80.76
3459,820061,149.7312,600,2,75.29
3460,820661,210.4031,600,3,78.52
3461,821207,261.6218,546,4,84.77
3462,821214,-26.0757,7,1,16.99
3463,821621,135.0946,407,2,55.27
3464,821635,-6.3722,14,1,43.75
3465,821773,349.8713,138,4,90.53
3466,822373,223.6312,600,3,77.44
3467,822380,-26.03,7,1,16.5
3468,822658,190.4327,278,2,76.56
3469,822962,310.2155,304,4,89.84
3470,823562,176.7825,600,3,76.76
3471,823754,198.1407,192,2,77.15
3472,823881,296.7127,127,3,85.94
3473,824481,198.2939,600,3,75.39
3474,824623,366.4857,142,4,90.04
3475,824761,350.0333,138,4,90.82
3476,824944,364.4917,183,4,90.72
3477,825368,180.1227,424,2,59.67
3478,825812,496.5021,444,5,97.85
3479,825847,39.5712,35,1,26.56
3480,825985,349.9612,138,4,90.53
3481,826011,-10.0038,26,1,20.31
3482,826611,292.6924,600,4,89.45
3483,827024,208.863,413,3,76.95
3484,827624,424.0577,600,5,96.48
3485,827766,358.3402,142,4,91.11
3486,827777,-8.9434,11,1,19.34
3487,828377,290.2822,600,4,90.62
3488,828406,41.2658,29,1,49.41
3489,828852,369.1272,446,4,74.12
3490,829000,175.716,148,2,70.9
3491,829247,436.8538,247,4,74.12
3492,829574,333.0463,327,4,87.5
3493,829722,331.7726,148,3,58.69
3494,830303,514.1857,581,5,100.0
3495,830452,256.4101,149,3,80.96
3496,830745,290.9462,293,3,85.74
3497,831345,291.2411,600,4,88.96
3498,831945,561.7126,600,5,99.9
3499,832545,175.5713,600,2,54.98
3500,833145,459.2527,600,4,96.78
3501,833287,365.7296,142,4,91.8
3502,833771,212.5314,484,3,58.11
3503,834371,284.033,600,4,90.23
3504,834971,309.144,600,3,85.16
3505,835571,241.7698,600,3,77.93
3506,836171,389.3545,600,5,95.21
3507,836733,151.5648,562,3,81.35
3508,836967,299.5224,234,3,80.86
3509,837106,367.6555,139,4,91.11
3510,837246,355.6361,140,4,89.36
3511,837283,63.7674,37,1,30.27
3512,837343,142.2248,60,2,54.79
3513,837943,589.2482,600,5,100.0
3514,838172,260.7303,229,3,77.05
3515,838772,225.4487,600,3,80.57
3516,839252,254.5485,480,3,90.62
3517,839549,342.7418,297,4,95.41
3518,840027,119.611,478,2,70.12
3519,840034,-20.2638,7,1,19.53
3520,840634,205.8752,600,3,80.86
3521,840781,340.6113,147,3,58.59
3522,841381,113.7,600,2,67.48
3523,841398,5.0604,17,1,46.39
3524,841998,140.4316,600,2,68.75
3525,842598,357.2783,600,4,89.94
3526,843198,418.6847,600,4,75.1
3527,843798,343.7427,600,4,87.7
3528,844138,211.8866,340,3,78.71
3529,844738,219.7376,600,3,55.86
3530,845338,410.0469,600,5,96.88
3531,845571,224.4688,233,3,56.05
3532,845812,438.2682,241,4,96.0
3533,845941,294.8545,129,3,91.7
3534,846389,262.3904,448,4,88.18
3535,846989,601.2575,600,5,96.68
3536,847589,437.7493,600,5,90.23
3537,848189,376.6036,600,4,89.65
3538,848210,7.6578,21,1,46.0
3539,848810,313.2475,600,4,90.23
3540,849410,256.7765,600,3,77.83
3541,850010,254.2956,600,3,91.21
3542,850610,394.7478,600,4,89.36
3543,851016,191.2176,406,3,75.59
3544,851146,278.6701,130,3,85.84
3545,851220,139.6799,74,2,52.25
3546,851481,187.8971,261,2,59.18
3547,851967,669.7843,486,6,100.0
3548,852567,317.6063,600,4,89.84
3549,853167,392.5358,600,4,96.88
3550,853767,633.612,600,5,99.51
3551,854367,287.0718,600,4,90.82
3552,854967,415.1821,600,4,90.82
3553,855253,691.6364,286,6,100.0
3554,855564,303.1133,311,3,91.41
3555,856164,511.3053,600,5,99.22
3556,856473,371.1444,309,4,88.96
3557,856490,8.6985,17,1,21.48
3558,857090,215.9961,600,3,74.41
3559,857690,427.0143,600,5,91.31
3560,858223,346.5762,533,5,96.88
3561,858696,258.2185,473,4,89.06
3562,859296,259.9312,600,3,72.46
3563,859896,373.5,600,4,92.77
3564,860496,116.8871,600,2,69.63
3565,860507,-20.3837,11,1,17.19
3566,860517,-20.448,10,1,17.58
3567,861117,540.4291,600,5,94.43
3568,861717,317.2962,600,4,93.26
3569,862317,464.9313,600,5,99.9
3570,862679,632.3539,362,6,100.0
3571,863279,380.9594,600,4,84.67
3572,863879,174.5085,600,2,63.87
3573,863953,174.3526,74,2,54.79
3574,864553,241.2484,600,2,68.46
3575,865153,283.9132,600,4,90.33
3576,865179,-9.4503,26,1,19.04
3577,865330,295.3047,151,3,78.61
3578,865930,282.9326,600,4,91.6
3579,866530,258.284,600,2,64.75
3580,867130,261.4787,600,4,90.72
3581,867415,731.7833,285,6,100.0
3582,868015,374.0602,600,5,96.0
3583,868615,429.6022,600,4,83.89
3584,868765,212.8887,150,2,71.29
3585,869365,320.1865,600,3,82.62
3586,869965,198.7011,600,2,76.86
3587,870346,640.483,381,6,100.0
3588,870946,288.7,600,3,72.66
3589,871517,394.3222,571,4,75.29
3590,871530,-6.1428,13,1,44.82
3591,872130,397.9152,600,3,71.39
3592,872730,211.1999,600,2,79.1
3593,873216,380.3455,486,4,92.09
3594,873230,-3.1556,14,1,44.73
3595,873830,249.8721,600,4,89.55
3596,874430,415.1015,600,5,97.66
3597,875030,192.1639,600,2,71.68
3598,875349,694.1459,319,6,100.0
3599,875949,321.9003,600,4,87.11
3600,876549,268.1694,600,3,86.13
3601,877149,275.8117,600,3,91.5
3602,877749,313.9249,600,3,83.01
3603,878004,206.0961,255,3,82.62
3604,878327,640.7218,323,6,100.0
3605,878629,716.4133,302,6,100.0
3606,879060,698.79,431,6,100.0
3607,879660,324.5808,600,4,91.02
3608,880178,634.4725,518,6,100.0
3609,880778,383.6806,600,5,95.8
3610,880829,88.1783,51,1,30.27
3611,881429,388.196,600,4,89.94
3612,882029,382.6843,600,5,96.19
3613,882629,456.7925,600,4,83.01
3614,883229,405.0725,600,4,83.59
3615,883538,333.4542,309,4,92.19
3616,884138,385.5607,600,5,96.48
3617,884192,81.76,54,1,25.78
3618,884670,363.5639,478,5,91.5
3619,885167,234.5647,497,2,76.56
3620,885439,345.6614,272,3,83.69
3621,886039,386.8714,600,4,83.79
3622,886639,527.8983,600,5,99.41
3623,886651,-35.7049,12,1,24.71
3624,887251,368.3625,600,5,96.29
3625,887851,410.5874,600,5,93.65
3626,888042,421.5744,191,4,81.64
3627,888284,553.5825,242,5,99.32
3628,888729,413.1887,445,4,84.08
3629,888861,356.5563,132,4,93.55
3630,889343,640.98,482,6,100.0
3631,889943,342.9706,600,4,91.11
3632,890474,237.1855,531,4,91.6
3633,890488,-3.6308,14,1,44.63
3634,890500,-23.6511,12,1,32.23
3635,890626,337.4022,126,4,93.55
3636,890645,11.5689,19,1,22.17
3637,890668,20.545,23,1,23.63
3638,890845,159.4933,177,2,68.95
3639,891445,394.4085,600,3,78.91
3640,892045,269.4535,600,3,81.74
3641,892645,369.2593,600,5,96.58
3642,892990,637.9729,345,6,100.0
3643,893310,374.2319,320,4,92.09
3644,893643,262.9398,333,3,80.96
3645,893953,528.1425,310,5,98.44
3646,894401,680.9786,448,6,100.0
3647,894753,275.1868,352,4,89.55
3648,894766,-33.0082,13,1,24.71
3649,894921,359.6145,155,4,90.23
3650,895521,316.884,600,4,91.89
3651,895711,249.9697,190,3,82.71
3652,895732,20.5676,21,1,45.7
3653,896332,340.813,600,4,92.38
3654,896932,478.4149,600,5,98.63
3655,897532,391.0367,600,5,89.84
3656,898132,320.3817,600,3,82.32
3657,898179,61.416,47,1,27.54
3658,898779,215.1995,600,3,90.23
3659,899379,295.9491,600,4,83.4
3660,899401,17.0673,22,1,21.88
3661,899884,366.0155,483,5,89.65
3662,900057,378.766,173,4,89.36
3663,900657,387.3515,600,5,98.83
3664,901253,311.7033,596,5,91.6
3665,901295,47.706,42,1,23.83
3666,901480,279.5084,185,3,82.23
3667,901935,222.1239,455,3,82.03
3668,902535,402.6209,600,5,99.51
3669,903010,342.3529,475,5,90.04
3670,903520,363.0352,510,5,89.75
3671,903666,348.5973,146,4,88.67
3672,904044,651.52,378,6,100.0
3673,904463,337.2915,419,5,95.12
3674,904472,-23.3184,9,1,16.5
3675,905072,364.1244,600,5,95.12
3676,905095,16.629,23,1,23.14
3677,905458,650.67,363,6,100.0
3678,905628,292.3716,170,3,81.93
3679,906101,620.1168,473,6,100.0
3680,906427,659.0376,326,6,100.0
3681,906885,670.7896,458,6,100.0
3682,907131,685.1597,246,6,100.0
3683,907664,308.9811,533,4,92.58
3684,907778,218.5835,114,2,57.23
3685,908366,341.8616,588,5,89.45
3686,908711,240.0378,345,3,86.33
3687,908721,-20.3812,10,1,17.29
3688,909078,260.9621,357,3,82.32
3689,909678,365.652,600,5,94.92
3690,910049,308.182,371,4,93.65
3691,910055,-28.6795,6,1,40.53
3692,910655,352.7969,600,5,95.7
3693,911113,342.7978,458,4,91.6
3694,911662,501.4736,549,5,99.22
3695,912262,548.8213,600,5,98.93
3696,912687,330.8643,425,4,90.62
3697,913287,530.5052,600,5,99.9
3698,913773,651.9211,486,6,100.0
3699,913943,344.3122,170,4,91.5
3700,914543,262.9309,600,3,72.66
3701,914901,287.7616,358,3,83.11
3702,915397,208.009,496,3,83.3
3703,915556,321.6629,159,3,55.66
3704,915563,-23.0181,7,1,39.94
3705,916163,365.0478,600,5,96.68
3706,916172,-23.1996,9,1,36.72
3707,916411,668.4744,239,6,100.0
3708,917011,368.4791,600,5,96.39
3709,917244,364.6424,233,4,88.09
3710,917844,358.0281,600,4,82.81
3711,918444,199.8605,600,3,88.09
3712,919044,521.1899,600,5,98.34
3713,919644,230.3797,600,3,88.77
3714,920244,393.4989,600,5,97.66
3715,920273,22.4891,29,1,25.59
3716,920825,265.6605,552,3,83.01
3717,921425,303.1334,600,3,80.37
3718,921432,-26.0698,7,1,37.7
3719,921660,185.572,228,2,71.29
3720,922061,668.744,401,6,100.0
3721,922661,373.3867,600,4,92.77
3722,923261,336.9887,600,5,95.9
3723,923861,571.486,600,5,99.41
3724,923874,-17.5802,13,1,17.87
3725,924474,343.8609,600,4,87.21
3726,925074,559.0869,600,5,99.32
3727,925674,208.3177,600,2,79.79
3728,926274,395.0738,600,4,83.89
3729,926874,280.7876,600,4,86.43
3730,927474,306.1867,600,4,87.4
3731,927621,277.0312,147,3,83.2
3732,927861,677.0513,240,6,100.0
3733,928461,346.4856,600,5,96.09
3734,929061,258.0957,600,4,90.82
3735,929553,288.9091,492,3,76.07
3736,929782,275.3779,229,3,83.4
3737,930341,229.5587,559,4,83.3
3738,930941,367.7274,600,5,95.12
3739,931541,347.8656,600,4,97.17
3740,932141,303.206,600,4,94.92
3741,932741,242.2939,600,4,89.16
3742,933261,330.4695,520,5,95.31
3743,933861,443.1661,600,5,100.0
3744,934299,295.9386,438,4,94.53
3745,934899,359.5759,600,5,95.02
3746,935499,240.2908,600,3,83.01
3747,936099,388.1903,600,5,95.12
3748,936699,242.9181,600,3,82.81
3749,937124,245.7723,425,4,90.72
3750,937724,381.2353,600,4,84.18
3751,938324,324.7902,600,4,88.87
3752,938924,523.3445,600,5,99.02
3753,939524,402.7382,600,4,83.59
3754,940124,292.4673,600,4,87.3
3755,940653,340.1431,529,5,95.9
3756,941253,351.4417,600,4,94.24
3757,941853,343.6948,600,5,96.97
3758,942453,322.1847,600,4,89.16
3759,942693,662.3403,240,6,100.0
3760,942700,-26.1478,7,1,38.38
3761,942707,-26.0036,7,1,37.3
3762,943307,509.0542,600,5,99.51
3763,943548,412.2012,241,4,92.19
3764,944054,138.1063,506,3,58.3
3765,944602,236.7643,548,4,89.55
3766,944974,281.192,372,4,93.26
3767,945574,364.913,600,4,88.77
3768,946174,307.8954,600,4,90.14
3769,946586,295.2564,412,4,84.28
3770,947186,365.9653,600,5,95.31
3771,947786,179.6027,600,3,75.88
3772,948386,233.2913,600,3,82.62
3773,948986,250.5839,600,4,83.2
3774,949135,221.069,149,2,47.36
3775,949735,195.5463,600,3,79.88
3776,949814,156.0812,79,2,70.41
3777,950296,275.3137,482,3,77.34
3778,950326,35.1908,30,1,51.46
3779,950926,303.391,600,4,92.38
3780,951526,230.6891,600,3,83.2
3781,952126,390.9578,600,4,84.18
3782,952726,328.8633,600,5,96.0
3783,952746,17.5668,20,1,45.7
3784,953346,365.2359,600,5,97.07
3785,953358,-11.6615,12,1,18.46
3786,953958,335.6213,600,5,95.51
3787,954498,484.9099,540,5,99.12
3788,955098,534.9851,600,5,98.93
3789,955698,183.3,600,3,75.88
3790,956298,347.0953,600,5,95.9
3791,956514,669.8787,216,6,100.0
3792,956769,295.3924,255,4,89.55
3793,957369,323.2511,600,3,84.38
3794,957969,280.1559,600,4,91.5
3795,958413,243.475,444,4,89.45
3796,959013,400.0978,600,4,83.4
3797,959613,530.9962,600,5,99.71
3798,959841,697.6145,228,6,100.0
3799,960441,358.0192,600,4,90.53
3800,961041,318.0559,600,4,90.62
3801,961555,268.9958,514,4,83.11
3802,961576,-9.4533,21,1,19.34
3803,962176,256.8273,600,3,81.84
3804,962776,151.6392,600,3,73.14
3805,963376,268.4387,600,3,81.74
3806,963976,409.3867,600,4,82.62
3807,964576,263.9214,600,3,82.52
3808,965176,207.6374,600,3,76.27
3809,965185,-17.1519,9,1,39.45
3810,965785,399.7346,600,4,83.2
3811,966175,237.6209,390,3,51.17
3812,966775,412.0483,600,4,82.52
3813,967375,251.9974,600,4,82.62
3814,967975,368.3431,600,5,91.31
3815,968367,224.1823,392,4,82.32
3816,968967,260.5138,600,4,83.98
3817,969340,271.437,373,4,88.96
3818,969940,236.9339,600,4,90.82
3819,970300,266.4664,360,4,83.5
3820,970720,217.3478,420,3,82.62
3821,971132,257.7734,412,2,68.26
3822,971732,242.0093,600,3,83.01
3823,972332,332.1678,600,4,90.14
3824,972688,244.0353,356,3,81.74
3825,973201,347.9342,513,5,97.27
3826,973233,41.1683,32,1,50.2
3827,973723,177.2565,490,3,82.52
3828,974323,383.2501,600,4,90.92
3829,974339,-6.119,16,1,19.82
3830,974766,298.6742,427,3,70.7
3831,975366,328.8376,600,3,72.07
3832,975719,364.0401,353,5,95.61
3833,976143,321.7011,424,5,95.41
3834,976743,244.2139,600,4,90.62
3835,977343,360.0941,600,4,90.33
3836,977943,414.8761,600,4,83.59
3837,977959,2.7868,16,1,44.34
3838,978538,246.6826,579,3,83.11
3839,979138,382.2591,600,5,97.75
3840,979738,339.0769,600,4,89.84
3841,980338,228.369,600,3,84.28
3842,980625,394.0311,287,5,96.19
3843,981225,326.22,600,3,80.76
3844,981825,373.9077,600,4,82.81
3845,982216,343.6685,391,5,95.51
3846,982288,129.3892,72,2,52.83
3847,982324,68.4374,36,2,56.35
3848,982393,154.0131,69,2,54.88
3849,982628,308.6305,235,4,90.53
3850,983228,327.7407,600,4,90.72
3851,983828,476.746,600,4,87.89
3852,984105,435.3251,277,4,82.71
3853,984705,277.8379,600,2,72.85
3854,984713,-26.0688,8,1,36.33
3855,985313,221.3701,600,3,82.81
3856,985913,573.5154,600,5,100.0
3857,986143,300.3144,230,4,89.94
3858,986743,420.5772,600,4,81.84
3859,987343,248.0705,600,3,89.26
3860,987853,609.5743,510,6,100.0
3861,988335,240.7068,482,4,84.18
3862,988865,284.7139,530,4,92.19
3863,989465,253.6227,600,4,90.33
3864,989754,365.5219,289,3,69.73
3865,990354,381.5703,600,5,93.26
3866,990954,521.3165,600,5,100.0
3867,991554,225.3054,600,2,60.94
3868,991989,532.0207,435,5,100.0
3869,992024,15.0241,35,1,20.51
3870,992624,258.5555,600,3,83.98
3871,993224,375.2574,600,5,95.61
3872,993824,231.3252,600,3,84.28
3873,994424,425.2925,600,5,89.75
3874,995024,566.8158,600,5,100.0
3875,995073,52.2357,49,1,26.66
3876,995673,355.7696,600,4,91.99
3877,996055,265.0481,382,4,93.65
3878,996330,384.8536,275,5,95.9
3879,996930,370.1208,600,5,96.68
3880,997530,367.5762,600,4,90.53
3881,998130,535.9195,600,5,100.0
3882,998730,436.4115,600,4,84.08
3883,999330,332.2286,600,4,91.21
3884,999349,8.3532,19,1,22.17
3885,999728,241.1671,379,3,87.01
3886,999744,5.824,16,1,39.45
