episode,timestep,episode_reward,episode_length,visited_rooms,explored_pct
1,23,-21.518,23,1,16.11
2,117,9.6621,94,1,35.16
3,245,18.3903,128,1,41.5
4,462,36.585,217,1,31.64
5,559,31.8303,97,1,43.36
6,647,78.3742,88,1,41.99
7,793,35.423,146,1,44.04
8,871,58.5929,78,1,42.38
9,921,11.363,50,1,19.34
10,1113,82.3215,192,1,47.95
11,1207,-7.125,94,1,41.8
12,1322,-4.5561,115,1,39.65
13,1375,31.0863,53,1,21.0
14,1465,77.5618,90,1,42.97
15,1602,67.5307,137,1,48.73
16,1774,55.1158,172,1,31.15
17,2112,175.3546,338,3,51.46
18,2272,212.1739,160,2,62.79
19,2323,-13.0423,51,1,39.55
20,2403,55.1092,80,1,46.58
21,2505,-48.3844,102,1,26.95
22,2829,118.3796,324,2,46.97
23,2909,-16.4289,80,1,26.56
24,3074,137.6169,165,1,40.43
25,3394,412.8332,320,3,74.02
26,3477,13.389,83,1,42.87
27,3526,-15.4511,49,1,18.75
28,3605,-13.4023,79,1,40.33
29,3690,-1.6493,85,1,26.95
30,3754,-0.2378,64,1,40.33
31,3790,27.8685,36,1,45.02
32,3876,-6.0622,86,1,35.16
33,4057,7.5276,181,1,30.47
34,4082,-3.7838,25,1,18.26
35,4143,-4.6398,61,1,36.62
36,4246,-30.4537,103,1,26.46
37,4344,-12.3327,98,1,42.29
38,4398,-30.1924,54,1,32.91
39,4622,15.4247,224,1,45.12
40,4776,152.1541,154,1,50.68
41,4835,-10.4087,59,1,41.11
42,4930,-22.5122,95,1,35.84
43,5108,150.8575,178,1,42.68
44,5474,284.321,366,2,69.24
45,5607,-42.117,133,1,25.88
46,5847,193.6288,240,2,49.51
47,5924,-33.4413,77,1,27.05
48,6002,94.1774,78,1,51.17
49,6257,143.9035,255,2,52.05
50,6362,11.0996,105,1,41.5
51,6385,-16.7804,23,1,33.59
52,6498,80.0081,113,1,47.95
53,6738,347.5616,240,2,53.22
54,6765,7.7201,27,1,43.26
55,6805,-8.7395,40,1,17.97
56,6854,45.7863,49,1,24.41
57,6976,84.5894,122,1,46.78
58,7070,8.4747,94,1,19.24
59,7292,233.0539,222,1,64.84
60,7358,60.0715,66,1,41.31
61,7429,-18.7045,71,1,19.53
62,7526,27.599,97,1,28.81
63,7628,-19.4362,102,1,19.04
64,7650,-0.7655,22,1,38.77
65,7690,23.9331,40,1,44.34
66,7788,-33.3813,98,1,26.86
67,7851,48.7767,63,1,22.75
68,8000,6.5306,149,1,43.07
69,8252,144.6215,252,3,51.95
70,8297,-3.3886,45,1,38.09
71,8362,-14.1332,65,1,41.8
72,8510,172.5407,148,1,61.04
73,8768,137.68,258,1,50.2
74,8784,-9.5836,16,1,41.89
75,8878,42.9939,94,1,44.04
76,8960,-6.2611,82,1,27.54
77,9162,88.0448,202,1,31.93
78,9434,194.0983,272,2,54.3
79,9541,-23.0312,107,1,19.73
80,9611,5.1803,70,1,34.96
81,9656,-6.0183,45,1,39.84
82,9750,60.562,94,1,44.73
83,9838,13.7578,88,1,38.18
84,9924,-11.9899,86,1,19.04
85,9967,-21.0515,43,1,39.45
86,10133,140.4947,166,1,50.49
87,10218,70.9449,85,1,49.51
88,10283,-15.1894,65,1,27.64
89,10406,1.1844,123,1,27.73
90,10535,143.6063,129,1,58.98
91,10651,160.767,116,1,65.04
92,10739,46.488,88,1,45.8
93,10788,-33.2961,49,1,25.78
94,10828,21.0481,40,1,43.75
95,10903,27.4382,75,1,46.29
96,11031,102.644,128,1,45.02
97,11068,-35.5889,37,1,25.39
98,11107,-11.6951,39,1,37.4
99,11129,-4.3924,22,1,20.51
100,11174,-1.5118,45,1,32.71
101,11261,3.7316,87,1,39.45
102,11367,-33.9017,106,1,25.78
103,11441,24.0347,74,1,39.94
104,11616,126.8414,175,2,49.71
105,11656,-15.6828,40,1,16.89
106,11730,15.3103,74,1,42.19
107,11753,8.3353,23,1,18.07
108,11880,252.1597,127,2,67.58
109,11971,-41.474,91,1,26.27
110,12311,135.7381,340,3,58.01
111,12528,252.1009,217,2,70.12
112,12646,20.0433,118,1,42.09
113,12685,-11.7054,39,1,34.28
114,12713,-7.3971,28,1,19.24
115,12780,-21.2079,67,1,18.46
116,12880,70.1859,100,1,23.93
117,12952,-33.0154,72,1,26.07
118,12980,-23.4586,28,1,16.31
119,13050,-18.5932,70,1,33.11
120,13136,77.4792,86,1,47.27
121,13423,119.3371,287,2,61.72
122,13570,193.2544,147,1,58.5
123,13629,3.3482,59,1,39.75
124,13650,-0.1409,21,1,19.14
125,13735,-9.9796,85,1,26.76
126,13755,-0.5658,20,1,40.43
127,14034,373.3109,279,2,73.73
128,14332,214.4454,298,2,55.37
129,14683,285.7036,351,2,79.1
130,15082,244.3705,399,3,73.83
131,15130,-6.4256,48,1,19.04
132,15196,-12.2697,66,1,26.17
133,15544,249.491,348,2,71.39
134,16021,425.3116,477,3,83.5
135,16136,-1.8304,115,1,42.38
136,16248,175.7344,112,2,51.86
137,16352,59.9132,104,1,47.75
138,16952,308.2191,600,2,75.29
139,17010,-21.0816,58,1,26.86
140,17033,-12.4388,23,1,19.34
141,17086,-0.4347,53,1,39.55
142,17260,169.3751,174,2,52.54
143,17606,449.4678,346,4,79.88
144,17671,38.7381,65,1,43.65
145,17769,32.9162,98,1,43.26
146,18369,459.8436,600,3,74.8
147,18439,5.0059,70,1,19.73
148,18776,374.11,337,2,77.15
149,19008,328.3911,232,2,72.66
150,19151,139.532,143,1,42.38
151,19335,176.6951,184,1,56.64
152,19833,459.3081,498,3,80.76
153,19851,-6.8815,18,1,19.73
154,20121,266.8822,270,2,59.28
155,20227,130.8383,106,1,48.63
156,20468,181.7784,241,1,57.32
157,20493,-6.7613,25,1,17.58
158,21093,635.2374,600,4,85.25
159,21583,616.94,490,4,91.6
160,21996,426.4425,413,3,78.71
161,22023,22.629,27,1,43.26
162,22107,3.2303,84,1,19.82
163,22134,31.1157,27,1,44.73
164,22202,-5.9943,68,1,19.34
165,22345,115.0324,143,1,51.17
166,22503,203.6984,158,2,54.49
167,22620,36.7579,117,1,41.31
168,23220,362.2,600,2,76.95
169,23587,404.5834,367,3,78.12
170,24187,718.3173,600,4,84.96
171,24474,295.1335,287,1,66.8
172,24579,0.6755,105,1,20.61
173,25063,386.6998,484,3,60.64
174,25663,497.4,600,3,81.84
175,26263,508.2829,600,4,93.75
176,26405,256.9826,142,2,66.21
177,27005,394.6269,600,3,87.11
178,27605,593.2568,600,4,85.06
179,27726,37.6158,121,1,44.82
180,27868,54.0775,142,1,23.93
181,27933,57.9611,65,1,45.21
182,28533,544.8719,600,4,86.62
183,28605,-25.4195,72,1,38.18
184,28756,155.9463,151,1,47.75
185,29356,314.024,600,3,72.95
186,29956,368.1701,600,3,79.39
187,30556,392.1772,600,3,82.42
188,30953,316.4212,397,2,73.44
189,31033,56.1766,80,1,45.21
190,31093,20.1874,60,1,22.07
191,31213,108.9419,120,1,46.29
192,31813,573.0748,600,5,96.29
193,32413,436.4933,600,3,81.93
194,33013,483.0461,600,4,84.47
195,33613,653.6763,600,5,98.63
196,34213,470.7,600,4,84.86
197,34813,491.3952,600,4,90.62
198,35119,371.5314,306,3,83.69
199,35419,418.5131,300,3,58.5
200,35529,25.1422,110,1,20.8
201,35901,348.2007,372,2,80.18
202,36284,508.8155,383,4,87.21
203,36393,22.4616,109,1,21.48
204,36485,36.6681,92,1,45.31
205,36507,-12.7283,22,1,17.97
206,36575,71.6864,68,1,50.59
207,36616,2.2848,41,1,18.95
208,37069,473.8273,453,4,85.06
209,37307,306.9023,238,2,58.89
210,37345,27.6865,38,1,46.78
211,37945,629.0757,600,5,96.19
212,38042,28.3211,97,1,45.12
213,38417,454.6249,375,3,57.91
214,38910,455.2049,493,3,79.98
215,39141,279.5519,231,2,56.74
216,39360,185.5861,219,3,53.12
217,39648,319.502,288,2,58.3
218,39714,69.3937,66,1,51.37
219,39784,72.2476,70,1,50.68
220,40195,252.091,411,3,70.9
221,40595,386.9356,400,2,62.3
222,40722,119.5377,127,1,51.37
223,41149,444.0855,427,3,73.34
224,41196,20.5864,47,1,35.16
225,41291,134.089,95,2,49.51
226,41377,121.3336,86,2,48.24
227,41501,89.5623,124,1,45.61
228,41564,53.9541,63,1,42.09
229,41784,200.2402,220,2,69.92
230,41959,242.8415,175,2,70.12
231,42424,348.7305,465,4,84.86
232,42591,252.5983,167,2,75.2
233,42724,90.5583,133,2,46.78
234,43324,312.7761,600,3,79.59
235,43725,270.609,401,3,72.75
236,43755,30.9852,30,1,25.29
237,43795,-6.2619,40,1,19.82
238,43848,50.1997,53,1,42.58
239,44016,140.9902,168,2,60.16
240,44059,64.5909,43,2,43.26
241,44208,157.8733,149,2,46.48
242,44336,196.2692,128,2,46.29
243,44474,123.0329,138,2,57.23
244,44585,133.2792,111,2,50.78
245,44651,12.03,66,1,20.51
246,44737,75.3509,86,1,44.92
247,44771,25.3141,34,1,41.89
248,44829,58.9422,58,1,24.8
249,44881,70.0745,52,1,26.56
250,44916,61.9449,35,2,54.49
251,45037,167.8774,121,1,53.61
252,45637,672.3449,600,4,82.71
253,45703,49.0055,66,1,47.46
254,45732,38.7463,29,2,45.51
255,45773,0.2021,41,1,19.04
256,45963,231.0309,190,3,71.39
257,45981,-27.9016,18,1,17.38
258,46035,43.1949,54,1,45.41
259,46536,247.3639,501,3,82.23
260,46560,-6.8609,24,1,40.92
261,46950,461.6157,390,3,69.43
262,47051,149.6963,101,1,55.08
263,47118,-26.9082,67,1,26.27
264,47222,120.2286,104,2,45.12
265,47536,380.7673,314,2,62.6
266,47612,-9.3967,76,1,27.15
267,47673,55.5121,61,1,45.12
268,47712,21.3555,39,1,19.24
269,47731,5.28,19,1,43.75
270,48007,407.0095,276,3,67.09
271,48137,164.2379,130,2,65.04
272,48215,131.52,78,1,59.18
273,48590,432.077,375,2,62.4
274,48628,-20.4249,38,1,19.63
275,48750,119.9919,122,2,46.78
276,48790,20.5473,40,1,42.09
277,48828,32.9683,38,1,45.41
278,48907,92.869,79,1,56.64
279,49299,120.0974,392,2,48.34
280,49307,-20.0378,8,1,39.94
281,49344,51.0438,37,1,25.88
282,49408,138.3655,64,2,61.23
283,49448,-21.3994,40,1,18.65
284,49498,58.6114,50,1,50.0
285,49531,0.8103,33,1,18.65
286,49650,126.0147,119,2,46.19
287,49795,171.2648,145,2,62.4
288,49839,33.2011,44,1,45.31
289,49854,-5.8424,15,1,38.28
290,50232,365.6731,378,4,82.71
291,50394,216.1817,162,2,69.04
292,50617,294.2526,223,2,55.08
293,50840,238.9355,223,3,80.27
294,50889,2.2429,49,1,18.95
295,51048,214.3018,159,2,70.9
296,51066,-21.1279,18,1,16.41
297,51236,159.7806,170,3,51.56
298,51377,213.6563,141,2,71.29
299,51540,149.7668,163,3,54.69
300,51569,-4.1582,29,1,42.68
301,52071,217.4745,502,4,82.23
302,52131,72.0418,60,1,44.34
303,52287,151.3359,156,3,50.88
304,52480,154.1712,193,3,50.98
305,52506,23.2476,26,1,41.5
306,52561,10.6857,55,1,18.65
307,52626,65.6603,65,1,47.17
308,52668,39.4375,42,1,42.77
309,52705,-8.9533,37,1,18.16
310,52741,30.7034,36,1,43.16
311,52789,44.4495,48,1,40.72
312,52952,290.9128,163,2,57.23
313,53011,26.1038,59,1,42.97
314,53064,-31.7793,53,1,26.46
315,53548,210.0301,484,3,80.66
316,53579,-14.3519,31,1,18.26
317,53763,193.2441,184,2,64.84
318,53912,218.5925,149,2,48.93
319,54302,144.0867,390,2,62.3
320,54342,22.4189,40,1,41.02
321,54701,264.311,359,2,75.68
322,54725,11.1315,24,1,40.53
323,55051,249.7592,326,3,80.08
324,55107,-41.897,56,1,25.29
325,55156,53.2166,49,1,45.41
326,55266,176.481,110,2,52.15
327,55334,-11.2722,68,1,27.05
328,55393,1.5466,59,1,37.5
329,55731,127.7665,338,2,60.94
330,55783,65.4897,52,1,50.29
331,55897,170.2171,114,2,56.54
332,56035,117.5784,138,1,51.17
333,56099,-18.6407,64,1,26.66
334,56178,79.1099,79,2,47.95
335,56238,103.7214,60,2,56.93
336,56644,361.0596,406,2,57.91
337,56673,4.5994,29,1,39.36
338,56719,36.6064,46,2,46.39
339,56777,34.5442,58,1,40.53
340,56801,1.6534,24,1,20.21
341,56836,9.6546,35,1,37.89
342,56979,159.2736,143,2,57.62
343,57315,376.4608,336,2,59.18
344,57578,289.2709,263,3,81.15
345,57654,146.5418,76,1,54.39
346,57703,39.9913,49,1,25.0
347,57846,242.3627,143,2,69.04
348,57911,3.6134,65,1,38.28
349,58197,351.6414,286,2,58.79
350,58511,357.8206,314,2,63.57
351,58612,109.0625,101,1,53.32
352,59212,359.4403,600,4,91.21
353,59249,53.7236,37,1,48.24
354,59265,-7.0278,16,1,19.34
355,59301,0.2602,36,1,19.04
356,59325,-15.7836,24,1,17.97
357,59342,5.6109,17,1,21.97
358,59397,31.0062,55,1,36.91
359,59456,71.1811,59,1,52.83
360,59485,28.1628,29,1,23.93
361,59555,-4.5055,70,1,27.83
362,59690,236.696,135,2,68.46
363,59754,79.7985,64,1,47.07
364,59895,107.1718,141,1,52.25
365,60346,477.018,451,3,68.95
366,60394,8.7137,48,1,41.31
367,60475,4.976,81,1,41.02
368,60832,438.3564,357,3,70.51
369,60872,-27.7013,40,1,26.07
370,60926,-34.4145,54,1,25.68
371,61051,178.5434,125,2,64.26
372,61401,241.6891,350,3,80.18
373,61479,109.8274,78,2,64.45
374,61525,-9.432,46,1,40.04
375,61542,-18.1583,17,1,37.5
376,61578,54.9816,36,1,47.56
377,61600,7.7727,22,1,42.48
378,61622,7.8764,22,1,19.43
379,61919,361.7171,297,3,81.74
380,61981,27.4841,62,1,42.68
381,62050,-3.3811,69,1,38.48
382,62092,57.5504,42,1,51.37
383,62168,22.6495,76,1,41.99
384,62199,-7.1195,31,1,40.14
385,62799,209.3916,600,3,81.25
386,62821,-21.8648,22,1,16.21
387,62912,130.9077,91,1,45.41
388,62949,-10.99,37,1,27.54
389,63025,140.5535,76,2,65.62
390,63134,86.5386,109,1,53.12
391,63266,4.7432,132,1,42.77
392,63493,342.5613,227,2,64.94
393,63716,406.5895,223,4,81.25
394,63779,76.7328,63,1,47.56
395,63908,204.3212,129,2,53.81
396,64257,532.6261,349,4,81.93
397,64282,-16.0364,25,1,18.46
398,64299,-9.7656,17,1,41.8
399,64501,322.2086,202,3,81.45
400,64515,0.1344,14,1,45.12
401,64570,10.842,55,1,39.26
402,64581,-8.5299,11,1,40.72
403,64824,338.982,243,3,71.39
404,64878,77.0286,54,1,45.7
405,64980,43.0835,102,1,30.18
406,65215,316.5223,235,3,75.1
407,65428,330.5773,213,3,85.06
408,65655,265.5497,227,2,60.64
409,65702,50.3545,47,1,47.46
410,65946,367.9685,244,4,81.74
411,66133,332.3499,187,3,77.73
412,66330,203.9904,197,2,53.22
413,66753,63.8579,423,2,62.01
414,66808,103.2527,55,2,57.32
415,67202,80.3701,394,1,55.66
416,67543,312.5492,341,2,47.95
417,67570,-1.19,27,1,19.04
418,67761,73.2636,191,2,58.2
419,67793,24.2025,32,1,20.12
420,67835,3.4784,42,1,42.58
421,68104,69.4135,269,2,58.01
422,68138,13.3471,34,1,37.4
423,68158,2.7134,20,1,22.36
424,68249,112.8419,91,1,54.1
425,68389,223.2088,140,2,74.12
426,68513,167.2951,124,2,63.67
427,68615,156.8671,102,1,64.84
428,69215,230.018,600,3,52.34
429,69468,99.4437,253,2,45.41
430,69734,293.3223,266,3,71.88
431,70334,200.4315,600,2,56.25
432,70804,404.6027,470,4,89.45
433,70841,45.7185,37,1,44.63
434,71314,613.1413,473,4,82.13
435,71714,804.1985,400,6,99.8
436,71933,427.5137,219,4,88.96
437,71959,-13.0665,26,1,16.89
438,72164,419.1825,205,4,93.85
439,72213,44.6973,49,1,44.53
440,72813,394.1183,600,4,95.9
441,72953,233.4183,140,2,68.55
442,72996,42.6324,43,1,44.14
443,73115,236.0583,119,2,55.86
444,73662,369.6371,547,2,62.3
445,73855,246.3861,193,2,74.71
446,73914,28.7739,59,1,40.14
447,74514,309.7692,600,3,74.51
448,74964,356.4097,450,3,93.75
449,75564,234.1082,600,3,69.04
450,75780,401.422,216,4,82.32
451,76186,363.084,406,4,88.38
452,76697,361.7142,511,4,83.5
453,76958,258.2213,261,2,72.46
454,77344,325.4689,386,3,56.25
455,77624,555.5161,280,5,90.23
456,77737,159.4196,113,2,68.16
457,77750,-14.8947,13,1,40.23
458,77799,41.5774,49,1,44.92
459,78200,351.3765,401,3,81.64
460,78580,379.5349,380,4,91.31
461,78819,395.8744,239,3,91.6
462,79094,491.1791,275,3,81.05
463,79338,457.6605,244,3,81.64
464,79453,240.9296,115,2,72.56
465,79698,372.3182,245,4,91.89
466,79719,16.7454,21,1,46.19
467,79752,34.2195,33,1,48.73
468,80137,453.836,385,4,87.7
469,80167,28.5755,30,1,48.93
470,80413,381.6055,246,4,95.9
471,80464,31.6576,51,1,29.2
472,80506,48.1921,42,1,23.14
473,80714,411.6161,208,4,95.21
474,80830,198.4787,116,2,66.6
475,81078,331.6019,248,4,90.33
476,81299,361.1938,221,3,76.27
477,81496,420.3505,197,5,96.29
478,81616,208.8949,120,2,53.81
479,81997,803.9892,381,6,100.0
480,82037,21.6296,40,1,44.53
481,82509,281.9306,472,3,87.6
482,82693,259.7396,184,2,71.78
483,83036,548.8192,343,4,88.57
484,83161,250.2137,125,2,54.1
485,83338,243.1143,177,2,70.02
486,83406,76.3592,68,1,46.48
487,83529,282.1971,123,3,73.14
488,83603,57.1745,74,1,46.58
489,83856,347.0918,253,3,78.32
490,83946,154.7835,90,2,67.09
491,84411,453.2373,465,4,92.48
492,84749,415.984,338,4,82.81
493,84775,19.8996,26,1,50.98
494,84880,224.7159,105,2,72.17
495,85111,444.9674,231,4,85.94
496,85169,48.8875,58,1,42.68
497,85321,258.8702,152,3,73.44
498,85540,266.4736,219,2,71.39
499,85691,302.3147,151,4,81.25
500,86080,466.9729,389,5,97.36
501,86180,191.5776,100,2,72.46
502,86658,243.0467,478,3,77.25
503,86833,424.9433,175,4,82.42
504,86922,172.4758,89,2,70.02
505,87522,354.9115,600,3,75.98
506,87899,546.9914,377,4,82.91
507,88302,331.179,403,3,79.39
508,88349,81.1317,47,1,26.17
509,88668,551.4212,319,4,80.08
510,88849,361.6023,181,4,80.18
511,89273,519.7638,424,4,87.5
512,89444,290.8922,171,3,80.76
513,89569,247.0749,125,2,54.49
514,89709,273.4803,140,3,77.73
515,89806,182.797,97,2,50.59
516,90181,658.6074,375,5,98.63
517,90199,-0.5111,18,1,18.36
518,90336,277.6085,137,3,73.44
519,90430,225.3093,94,3,71.39
520,90684,508.1677,254,4,81.84
521,90816,317.3686,132,3,75.88
522,91180,479.8002,364,4,82.81
523,91355,218.3309,175,2,57.03
524,91373,-3.3257,18,1,41.7
525,91582,307.0618,209,2,81.45
526,91633,72.2559,51,2,55.76
527,92233,214.3757,600,2,71.58
528,92261,4.6587,28,1,19.92
529,92861,137.675,600,2,50.0
530,93121,323.7173,260,3,74.41
531,93370,355.1992,249,3,78.91
532,93501,265.6158,131,3,71.0
533,94101,357.2598,600,2,58.69
534,94371,446.5097,270,4,82.13
535,94531,250.683,160,3,72.17
536,94816,492.1021,285,5,95.7
537,94899,136.6335,83,2,48.14
538,94954,85.5156,55,1,50.88
539,94977,-6.5145,23,1,20.21
540,95446,371.5404,469,4,88.09
541,95639,320.1133,193,3,76.07
542,95665,-15.958,26,1,16.7
543,95962,511.5333,297,3,81.84
544,96218,234.984,256,2,78.32
545,96243,11.2838,25,1,20.7
546,96371,255.6963,128,2,54.1
547,96499,223.1366,128,2,54.0
548,96664,328.4107,165,3,55.08
549,97264,343.7015,600,5,88.77
550,97818,218.953,554,3,79.1
551,98001,337.9466,183,3,72.36
552,98358,583.0847,357,5,83.5
553,98481,294.4755,123,3,77.73
554,98688,408.8237,207,3,78.42
555,98811,217.279,123,2,55.57
556,98998,371.4901,187,4,94.24
557,99018,-3.6464,20,1,40.23
558,99254,228.5724,236,2,75.39
559,99371,224.1116,117,2,55.08
560,99664,403.2802,293,3,91.02
561,99951,546.1493,287,4,86.52
562,100150,466.5489,199,4,81.84
563,100333,281.0075,183,3,74.71
564,100398,44.6534,65,1,46.48
565,100569,187.3559,171,2,65.92
566,100754,424.1236,185,3,81.35
567,101276,573.5044,522,5,85.16
568,101478,459.8186,202,4,82.03
569,102078,602.8622,600,5,95.31
570,102087,-17.4439,9,1,39.75
571,102207,279.8499,120,3,75.1
572,102242,71.4212,35,2,56.45
573,102270,7.8536,28,1,21.09
574,102346,120.2193,76,1,60.94
575,102560,362.2325,214,4,82.71
576,102684,291.1576,124,3,78.71
577,102751,109.1753,67,1,62.01
578,102938,269.1602,187,3,87.3
579,103040,179.311,102,2,70.31
580,103208,287.2591,168,3,82.32
581,103326,233.4795,118,2,74.02
582,103536,433.965,210,3,80.86
583,103618,142.3518,82,2,50.39
584,103707,157.2299,89,2,74.12
585,103972,305.4184,265,3,81.05
586,104225,401.3677,253,3,81.25
587,104335,138.8515,110,1,51.07
588,104404,21.1102,69,1,20.8
589,104756,230.174,352,3,77.64
590,105188,476.7943,432,5,84.67
591,105237,69.151,49,1,27.83
592,105497,534.6558,260,4,80.57
593,105676,322.7979,179,3,70.9
594,105832,247.0643,156,2,73.73
595,105985,316.4423,153,3,74.8
596,106094,233.822,109,2,56.45
597,106185,183.7789,91,2,67.58
598,106228,76.2766,43,1,49.12
599,106497,504.3981,269,4,78.22
600,106612,206.2906,115,2,66.41
601,106779,257.4578,167,3,74.71
602,106948,284.573,169,2,55.76
603,107094,282.562,146,2,56.93
604,107556,509.3454,462,4,76.27
605,107693,169.9757,137,2,67.58
606,107712,11.6609,19,1,45.02
607,107734,5.9032,22,1,19.92
608,107881,156.4812,147,2,71.68
609,107984,237.8023,103,2,71.68
610,108202,234.0709,218,3,71.68
611,108633,496.7308,431,3,80.27
612,108779,178.1688,146,2,66.89
613,109129,312.235,350,3,79.2
614,109158,19.4164,29,1,41.8
615,109287,287.5493,129,3,77.83
616,109603,172.1537,316,2,74.9
617,109664,100.8811,61,1,48.93
618,109766,193.7887,102,2,70.51
619,110162,480.2069,396,4,95.21
620,110274,251.9301,112,2,57.13
621,110292,-9.3893,18,1,41.31
622,110325,25.3492,33,1,48.54
623,110775,340.2989,450,4,82.91
624,110803,-4.4713,28,1,17.77
625,111022,192.0219,219,2,68.85
626,111070,72.059,48,1,44.53
627,111274,240.6881,204,2,75.39
628,111423,262.0618,149,2,54.69
629,111691,392.8001,268,4,93.16
630,111739,72.0124,48,1,55.18
631,111748,-14.3077,9,1,42.09
632,111774,13.7846,26,1,43.36
633,112048,258.4907,274,2,76.56
634,112564,222.9164,516,3,77.34
635,112859,201.4436,295,2,55.47
636,113087,313.5423,228,3,73.63
637,113352,276.064,265,2,75.78
638,113461,162.0606,109,2,66.8
639,113716,490.5781,255,3,78.32
640,114174,298.6832,458,3,80.27
641,114774,240.468,600,2,56.64
642,114880,26.1517,106,1,21.78
643,115076,349.6059,196,3,84.18
644,115098,8.4249,22,1,20.8
645,115212,192.0551,114,1,63.48
646,115574,586.7276,362,4,86.62
647,115598,-6.7894,24,1,20.21
648,116132,227.3631,534,2,75.1
649,116208,123.3426,76,1,63.96
650,116353,219.6892,145,2,70.21
651,116482,166.5281,129,1,64.45
652,116512,34.067,30,1,54.59
653,116684,337.6681,172,3,53.81
654,116707,23.4353,23,1,45.61
655,116736,13.4066,29,1,20.7
656,117336,424.0052,600,4,90.92
657,117357,-9.6404,21,1,42.68
658,117817,225.8789,460,2,76.56
659,118168,241.5978,351,3,78.52
660,118182,0.6263,14,1,41.41
661,118296,203.9657,114,2,73.93
662,118311,3.0765,15,1,44.34
663,118622,470.1802,311,4,98.73
664,118862,183.5255,240,2,40.62
665,119409,354.9839,547,2,74.71
666,119716,381.4273,307,4,86.23
667,119780,80.0069,64,1,36.43
668,119889,126.6118,109,1,58.79
669,120207,293.1992,318,3,81.45
670,120335,235.2748,128,2,53.32
671,120540,382.4088,205,4,84.96
672,120579,32.9461,39,1,23.14
673,120682,188.8534,103,2,47.17
674,120922,156.89,240,1,63.18
675,121522,377.2535,600,3,92.38
676,121795,303.7675,273,2,71.0
677,121917,246.9702,122,2,54.2
678,121999,147.8028,82,2,62.89
679,122054,65.667,55,1,50.68
680,122085,37.568,31,1,50.98
681,122097,-12.1544,12,1,40.23
682,122238,93.5062,141,1,25.39
683,122417,330.5804,179,3,80.18
684,122443,11.4185,26,1,38.48
685,122643,90.7056,200,3,52.64
686,122750,237.171,107,2,54.3
687,123191,209.2571,441,2,73.73
688,123537,154.0255,346,2,66.7
689,123653,78.4622,116,2,53.12
690,124004,259.4055,351,3,75.0
691,124144,271.962,140,3,74.02
692,124259,236.7599,115,2,55.08
693,124691,180.0561,432,3,68.65
694,124792,184.9493,101,2,65.43
695,125003,366.7065,211,3,80.27
696,125067,85.0025,64,1,48.93
697,125092,17.5748,25,1,46.88
698,125109,-8.9744,17,1,17.19
699,125272,186.0181,163,2,54.3
700,125397,82.4223,125,2,46.68
701,125590,336.635,193,3,77.34
702,125714,238.9353,124,2,76.27
703,126015,297.4047,301,3,80.27
704,126100,191.184,85,2,51.95
705,126336,545.9178,236,5,88.18
706,126385,16.1563,49,1,42.38
707,126407,8.134,22,1,41.21
708,126714,454.4232,307,4,86.33
709,126866,190.6894,152,2,67.58
710,127466,187.4484,600,2,57.13
711,127585,105.504,119,2,49.22
712,127927,251.8894,342,3,76.17
713,128216,-26.6704,289,1,43.65
714,128647,58.154,431,1,27.34
715,128728,36.0338,81,1,44.63
716,129178,-28.8849,450,1,21.68
717,129580,52.7203,402,2,48.05
718,129622,12.1289,42,1,51.27
719,129906,110.3393,284,1,27.34
720,129975,136.2324,69,2,51.95
721,130057,87.227,82,1,37.3
722,130229,424.9686,172,3,72.36
723,130366,267.154,137,3,79.88
724,130539,88.9773,173,1,54.88
725,130820,114.4629,281,2,57.32
726,130936,222.9646,116,3,70.8
727,131168,303.1016,232,3,72.75
728,131197,-4.8057,29,1,39.26
729,131257,139.6375,60,2,48.73
730,131553,209.4084,296,3,51.37
731,131728,196.5317,175,2,70.9
732,131955,-5.8846,227,1,44.04
733,132167,435.5466,212,4,83.59
734,132533,-59.7124,366,1,22.46
735,132620,123.8264,87,2,66.5
736,132797,16.1181,177,1,51.86
737,133352,128.4965,555,2,47.56
738,133674,36.9115,322,1,26.76
739,133850,229.3536,176,3,71.68
740,133930,84.3324,80,1,56.64
741,133971,76.1452,41,1,50.1
742,134094,75.7595,123,1,39.36
743,134347,143.9692,253,2,64.65
744,134530,373.8475,183,4,83.4
745,134575,88.0547,45,1,61.82
746,134775,409.5924,200,4,83.2
747,134962,428.8397,187,4,82.62
748,135027,160.4106,65,2,53.32
749,135205,228.5235,178,2,77.25
750,135357,353.7686,152,4,83.01
751,135546,410.672,189,4,83.01
752,135589,9.7138,43,1,43.07
753,135611,-7.0847,22,1,23.05
754,135670,33.9281,59,1,48.14
755,135694,2.2852,24,1,19.53
756,136050,46.4864,356,2,46.48
757,136064,-15.1694,14,1,41.8
758,136341,124.3198,277,1,54.98
759,136496,223.3354,155,2,75.68
760,136762,160.6199,266,2,73.54
761,136880,41.6998,118,1,46.78
762,137102,235.704,222,2,71.88
763,137308,87.3492,206,1,53.03
764,137566,126.9436,258,2,54.2
765,137630,117.8349,64,2,52.15
766,137749,161.1894,119,2,71.78
767,137973,365.9016,224,4,84.96
768,138061,174.9377,88,2,70.21
769,138072,-11.374,11,1,43.07
770,138287,419.1011,215,4,84.08
771,138331,92.4999,44,2,50.59
772,138588,213.7742,257,2,56.93
773,138749,126.6612,161,1,66.5
774,138777,29.0418,28,1,22.85
775,138905,246.9141,128,3,75.0
776,139167,304.2682,262,4,82.52
777,139198,-4.7615,31,1,39.65
778,139218,11.6671,20,1,23.73
779,139299,103.2628,81,2,63.57
780,139518,76.4468,219,1,26.66
781,139684,436.7146,166,4,73.24
782,139733,93.8485,49,2,53.42
783,139884,238.4385,151,3,82.81
784,139954,167.3856,70,2,70.51
785,140001,93.3122,47,1,63.09
786,140034,42.929,33,1,47.75
787,140058,8.174,24,1,20.61
788,140226,119.5466,168,2,31.74
789,140338,260.8414,112,2,56.25
790,140775,325.3658,437,4,88.96
791,141152,105.5214,377,2,69.63
792,141183,49.6218,31,1,47.85
793,141202,-5.7953,19,1,20.9
794,141802,73.4619,600,2,56.54
795,141846,44.3017,44,1,47.46
796,141973,29.04,127,1,48.73
797,142475,24.2515,502,3,50.78
798,143075,76.8251,600,2,45.8
799,143675,205.778,600,2,56.64
800,143696,7.9652,21,1,41.5
801,143893,336.4904,197,3,85.45
802,144055,357.8703,162,4,82.23
803,144098,76.11,43,1,62.01
804,144120,8.6389,22,1,18.95
805,144165,36.5975,45,1,46.09
806,144184,-6.1683,19,1,17.58
807,144464,80.5664,280,1,54.49
808,144599,232.3613,135,3,77.73
809,144930,293.0878,331,3,78.03
810,144970,44.1244,40,1,47.36
811,145078,241.7806,108,3,78.71
812,145191,199.2662,113,2,69.82
813,145791,190.1293,600,3,77.73
814,145826,17.4788,35,1,47.56
815,145847,-6.3082,21,1,17.38
816,145906,18.2864,59,1,43.26
817,146506,90.1698,600,1,56.93
818,146765,182.6737,259,3,77.93
819,147076,376.2718,311,4,91.89
820,147251,414.8838,175,4,86.33
821,147290,70.5904,39,1,61.72
822,147890,128.8624,600,2,53.81
823,148248,314.0135,358,3,81.15
824,148848,162.0156,600,2,79.59
825,149001,313.1221,153,4,84.96
826,149022,-15.3193,21,1,16.21
827,149055,40.6887,33,1,45.8
828,149655,65.5908,600,2,57.13
829,149996,357.7065,341,4,95.31
830,150107,242.0806,111,3,78.61
831,150128,2.7328,21,1,20.8
832,150264,339.79,136,3,85.94
833,150303,36.6355,39,1,46.68
834,150688,290.6584,385,4,85.16
835,151288,42.905,600,2,55.37
836,151297,-20.0001,9,1,41.5
837,151897,146.8872,600,2,55.96
838,151944,107.7875,47,2,49.8
839,152085,211.1701,141,3,83.5
840,152134,94.4311,49,2,50.1
841,152157,5.4089,23,1,19.04
842,152481,213.4729,324,3,77.54
843,152597,150.1867,116,2,55.18
844,152809,209.2451,212,3,78.71
845,153409,88.3282,600,2,55.08
846,153451,66.3474,42,1,50.88
847,153545,199.765,94,2,70.41
848,153585,70.6571,40,1,61.91
849,153605,5.9771,20,1,19.63
850,153829,325.9594,224,4,83.11
851,153924,71.4801,95,1,49.71
852,153988,135.2886,64,2,50.0
853,154034,81.2511,46,1,49.61
854,154126,243.9452,92,3,54.59
855,154137,-14.3876,11,1,42.29
856,154393,336.6837,256,3,88.09
857,154637,238.8853,244,3,83.79
858,154943,363.4866,306,4,83.01
859,155543,325.4964,600,4,89.94
860,155575,49.9815,32,1,46.97
861,155856,239.3146,281,3,81.74
862,156456,339.6841,600,4,95.61
863,156816,352.9264,360,4,82.71
864,156957,313.1519,141,3,87.4
865,157557,302.2338,600,4,91.8
866,157576,-12.1456,19,1,15.92
867,157743,370.1097,167,4,94.24
868,157882,221.1292,139,2,73.14
869,158482,267.1207,600,4,86.62
870,158671,253.4928,189,2,78.03
871,159271,264.7218,600,4,86.13
872,159871,276.9296,600,4,88.38
873,160471,292.6318,600,4,90.04
874,160575,216.828,104,2,70.12
875,161175,355.3942,600,4,91.02
876,161366,533.9727,191,5,94.73
877,161643,267.0168,277,3,93.46
878,162243,298.344,600,4,84.67
879,162605,260.457,362,3,84.18
880,163205,361.8798,600,3,87.01
881,163805,184.6217,600,3,77.83
882,164186,465.2585,381,4,86.13
883,164412,402.5849,226,3,80.57
884,164651,248.2316,239,3,78.61
885,165075,308.0186,424,3,89.84
886,165313,292.8623,238,3,81.93
887,165378,151.4743,65,2,53.61
888,165978,213.7031,600,3,79.79
889,166578,336.9472,600,4,89.36
890,167178,238.8586,600,3,75.68
891,167778,279.574,600,4,85.74
892,168378,279.2991,600,4,85.74
893,168978,197.892,600,3,78.12
894,169578,485.2066,600,5,88.77
895,170178,364.521,600,3,87.3
896,170778,344.9738,600,3,86.04
897,170787,-20.1486,9,1,39.45
898,171387,366.9139,600,4,93.26
899,171484,171.2719,97,2,71.78
900,171857,262.7685,373,3,85.64
901,172438,314.4279,581,4,82.62
902,173038,371.8601,600,4,82.32
903,173500,254.5989,462,3,79.88
904,174100,438.2079,600,4,82.81
905,174700,394.7894,600,4,82.71
906,175300,228.2842,600,3,79.49
907,175900,311.2,600,3,79.3
908,176043,122.8422,143,2,52.25
909,176643,185.0639,600,3,73.63
910,177243,310.8611,600,3,81.64
911,177495,230.699,252,3,75.78
912,178095,229.4788,600,3,74.32
913,178695,242.6235,600,3,82.32
914,178720,8.5729,25,1,20.8
915,178791,165.2023,71,2,53.61
916,179391,463.8345,600,5,97.66
917,179978,234.0489,587,3,88.57
918,180578,556.9352,600,4,93.16
919,181178,295.5109,600,3,80.96
920,181778,146.3,600,2,75.2
921,182378,387.3814,600,4,91.02
922,182978,499.2335,600,5,87.7
923,183578,168.4098,600,2,72.66
924,184178,265.5747,600,3,82.13
925,184778,363.0425,600,4,83.2
926,185378,467.8179,600,5,86.13
927,185538,339.2218,160,3,55.86
928,186129,479.5309,591,4,82.81
929,186729,359.2332,600,4,94.63
930,187329,223.6344,600,3,82.52
931,187347,-2.899,18,1,20.8
932,187947,189.2625,600,2,72.75
933,188100,307.471,153,3,55.27
934,188141,95.9737,41,2,50.0
935,188741,179.3762,600,2,72.36
936,189341,201.2402,600,2,76.46
937,189941,161.5094,600,3,77.34
938,190541,331.0115,600,3,81.45
939,191141,402.714,600,3,70.8
940,191741,271.6673,600,3,76.86
941,191941,263.0186,200,2,73.24
942,192541,478.555,600,4,84.08
943,193141,536.0714,600,4,84.08
944,193741,390.5621,600,4,82.71
945,193768,32.5426,27,1,50.0
946,193801,46.039,33,1,49.12
947,194189,211.8721,388,3,77.64
948,194667,491.4462,478,4,83.2
949,195242,262.3093,575,3,70.8
950,195842,231.5959,600,3,82.23
951,196442,270.2085,600,3,82.13
952,196466,5.5444,24,1,22.56
953,197066,311.8283,600,3,81.64
954,197666,200.1581,600,3,73.14
955,197767,171.9839,101,2,70.02
956,198114,397.0554,347,4,83.89
957,198714,435.105,600,4,76.27
958,198728,-9.6397,14,1,40.04
959,199328,282.9155,600,3,73.83
960,199497,305.9896,169,3,83.59
961,200097,166.7211,600,2,72.66
962,200697,245.6036,600,3,74.51
963,201297,151.7736,600,3,75.49
964,201305,-20.0125,8,1,41.11
965,201905,225.6881,600,3,79.49
966,202505,148.7562,600,3,76.76
967,203105,255.5516,600,3,79.59
968,203705,258.0797,600,3,80.27
969,204305,187.8245,600,3,71.0
970,204339,13.3253,34,1,46.09
971,204939,200.6,600,2,72.75
972,205539,213.5119,600,2,76.46
973,206139,163.1261,600,3,74.02
974,206739,391.2682,600,4,82.32
975,207171,106.7185,432,2,73.73
976,207771,298.2781,600,3,78.91
977,208098,275.6944,327,3,74.02
978,208698,164.4,600,1,63.87
979,209298,95.3,600,1,64.84
980,209898,381.9089,600,5,94.73
981,210498,229.1692,600,2,73.44
982,211098,114.9,600,1,55.76
983,211698,297.2906,600,3,80.08
984,212298,451.0291,600,4,86.13
985,212898,300.6558,600,3,79.49
986,213456,325.583,558,3,81.05
987,213818,303.8527,362,3,94.04
988,214418,187.321,600,2,72.17
989,215018,274.6973,600,3,78.71
990,215031,-12.6897,13,1,41.99
991,215631,431.1281,600,5,96.0
992,216231,240.1682,600,3,82.62
993,216374,332.1919,143,3,57.91
994,216974,57.1,600,1,62.7
995,217574,213.4,600,3,79.59
996,218174,160.7064,600,3,76.17
997,218774,515.7651,600,4,84.67
998,219374,282.0277,600,3,82.42
999,219974,206.3005,600,3,79.98
1000,220574,103.3,600,2,66.02
1001,221008,267.7671,434,3,76.95
1002,221083,49.7434,75,1,49.12
1003,221295,188.1466,212,3,70.51
1004,221334,83.9618,39,2,54.2
1005,221934,284.4725,600,3,80.66
1006,222534,303.0201,600,4,82.13
1007,222685,340.6385,151,3,56.84
1008,222869,334.2182,184,3,88.09
1009,223469,358.0711,600,3,80.86
1010,223789,577.2231,320,5,84.28
1011,223961,348.8318,172,4,93.07
1012,224561,332.0758,600,4,82.71
1013,225161,312.0849,600,4,97.66
1014,225761,274.496,600,3,86.91
1015,225801,45.8269,40,1,46.39
1016,226301,334.0657,500,3,91.6
1017,226901,323.185,600,4,92.87
1018,226929,14.3749,28,1,20.61
1019,227529,318.5612,600,4,92.48
1020,227569,73.2033,40,1,49.9
1021,228169,522.9849,600,5,97.27
1022,228353,228.1076,184,2,72.95
1023,228391,78.4954,38,2,50.29
1024,228991,271.9802,600,4,85.64
1025,229591,203.0733,600,3,78.52
1026,230191,380.9079,600,4,84.08
1027,230791,241.7402,600,3,78.42
1028,231391,205.3202,600,3,79.79
1029,231991,345.3756,600,3,82.62
1030,232013,-9.5892,22,1,20.12
1031,232613,386.4347,600,3,92.38
1032,233213,348.1258,600,4,84.77
1033,233239,-0.4547,26,1,20.8
1034,233469,326.2495,230,2,67.48
1035,234069,405.1565,600,4,83.69
1036,234669,155.2797,600,2,78.91
1037,234807,306.858,138,3,88.09
1038,234961,387.4065,154,4,87.4
1039,235561,335.5697,600,3,78.81
1040,235884,295.2107,323,4,84.67
1041,236484,325.7114,600,5,97.46
1042,237015,220.8125,531,4,83.01
1043,237615,330.3216,600,4,85.64
1044,238056,258.6572,441,3,81.74
1045,238656,180.6517,600,2,73.14
1046,239256,256.2551,600,3,78.91
1047,239404,261.6329,148,3,83.89
1048,239616,310.4642,212,3,80.47
1049,239858,389.5732,242,5,98.44
1050,240458,369.6091,600,4,83.3
1051,240921,309.1474,463,4,84.86
1052,241102,216.0638,181,3,75.1
1053,241702,325.0897,600,4,84.77
1054,242302,245.396,600,4,82.71
1055,242827,165.0219,525,3,82.13
1056,243024,426.5639,197,4,91.89
1057,243624,159.0392,600,2,71.19
1058,243825,138.7322,201,1,66.41
1059,244165,680.0799,340,6,100.0
1060,244484,249.6372,319,3,72.56
1061,244924,188.9068,440,2,72.95
1062,245198,376.9043,274,4,80.76
1063,245452,599.4851,254,5,95.31
1064,245775,357.0578,323,3,85.06
1065,245856,153.5956,81,2,66.21
1066,245934,146.9049,78,2,64.65
1067,246534,241.786,600,3,77.05
1068,246745,688.0238,211,6,99.9
1069,247147,424.684,402,4,86.23
1070,247448,669.0562,301,6,100.0
1071,247583,307.5052,135,3,80.08
1072,247754,200.2846,171,2,71.48
1073,248001,415.5682,247,5,99.61
1074,248350,322.4135,349,4,82.91
1075,248523,254.9201,173,2,74.61
1076,249123,333.6813,600,4,92.19
1077,249298,419.9401,175,4,75.29
1078,249649,261.4475,351,4,89.55
1079,250249,291.1753,600,4,91.02
1080,250324,171.1258,75,2,71.78
1081,250871,399.4132,547,4,92.29
1082,251289,124.5448,418,3,75.49
1083,251690,191.179,401,2,75.29
1084,251887,659.7291,197,6,100.0
1085,252103,693.4636,216,6,100.0
1086,252703,385.1962,600,5,97.27
1087,253303,118.7371,600,3,76.17
1088,253440,309.6532,137,3,78.71
1089,253646,399.6954,206,3,90.14
1090,253666,6.1744,20,1,21.48
1091,253876,676.1625,210,6,100.0
1092,253939,135.5257,63,2,52.25
1093,254338,682.9484,399,6,100.0
1094,254793,189.4543,455,3,76.17
1095,255031,343.7527,238,3,79.49
1096,255548,350.6636,517,5,95.8
1097,256148,275.482,600,4,93.16
1098,256748,238.7421,600,3,82.13
1099,256814,135.5647,66,2,55.57
1100,257103,336.9662,289,3,80.57
1101,257703,470.8652,600,5,96.39
1102,258303,178.3633,600,3,81.45
1103,258903,265.8816,600,3,93.46
1104,259503,363.8376,600,5,98.44
1105,260103,455.412,600,4,93.46
1106,260120,-5.6381,17,1,18.16
1107,260720,104.3994,600,2,67.38
1108,260794,145.4699,74,2,54.59
1109,261394,321.906,600,5,96.19
1110,261994,502.7117,600,4,86.23
1111,262594,468.7316,600,5,98.44
1112,262798,343.5017,204,3,80.66
1113,262871,87.3902,73,1,53.81
1114,263066,213.4963,195,3,71.39
1115,263278,408.0507,212,4,86.23
1116,263338,127.3715,60,2,53.91
1117,263938,264.559,600,3,81.15
1118,263957,-9.1974,19,1,19.24
1119,264557,299.6638,600,4,82.91
1120,264641,153.6731,84,2,55.27
1121,264663,-9.217,22,1,18.16
1122,265263,306.3528,600,4,83.3
1123,265863,260.8528,600,4,92.09
1124,266162,214.3858,299,3,78.52
1125,266474,358.6835,312,4,91.41
1126,267074,180.871,600,3,76.27
1127,267674,385.2393,600,4,84.77
1128,267699,29.3369,25,1,49.32
1129,268299,191.8829,600,3,81.54
1130,268659,219.8874,360,3,78.42
1131,268916,336.1601,257,4,88.96
1132,269218,497.2355,302,5,97.07
1133,269818,371.0071,600,5,97.66
1134,270010,380.581,192,4,90.92
1135,270029,5.9837,19,1,45.51
1136,270089,75.1562,60,1,51.95
1137,270337,295.4902,248,4,87.3
1138,270937,382.992,600,4,84.96
1139,271254,438.2162,317,5,95.7
1140,271450,664.6671,196,6,100.0
1141,272050,335.3763,600,5,96.48
1142,272481,398.1736,431,4,93.26
1143,272540,70.6841,59,1,51.37
1144,273132,650.7302,592,6,100.0
1145,273732,276.0902,600,4,96.29
1146,274332,288.8271,600,4,84.08
1147,274361,1.6467,29,1,17.29
1148,274382,-6.6139,21,1,19.53
1149,274982,247.8379,600,3,79.1
1150,275582,187.3756,600,3,74.51
1151,276182,336.5855,600,4,91.21
1152,276782,193.2024,600,3,71.58
1153,277382,262.0816,600,3,88.38
1154,277738,403.3628,356,5,97.85
1155,278129,292.6162,391,4,88.18
1156,278150,-9.2817,21,1,18.65
1157,278353,647.5332,203,6,100.0
1158,278575,243.2097,222,3,81.05
1159,278943,281.7689,368,3,79.69
1160,279543,322.97,600,3,81.54
1161,279724,405.306,181,4,86.04
1162,279748,1.7222,24,1,21.58
1163,279767,-18.1423,19,1,15.92
1164,280367,367.3296,600,4,85.64
1165,280392,13.6952,25,1,21.29
1166,280992,238.6912,600,3,81.64
1167,281151,393.1424,159,4,87.6
1168,281309,315.697,158,4,88.48
1169,281909,382.4232,600,4,89.26
1170,282138,429.2302,229,4,87.6
1171,282738,343.6095,600,4,88.09
1172,283338,235.6597,600,3,82.03
1173,283549,695.498,211,6,100.0
1174,283693,241.0857,144,3,79.49
1175,283717,14.1629,24,1,21.48
1176,284118,496.0928,401,5,97.36
1177,284592,333.9129,474,5,97.66
1178,285073,346.6947,481,5,99.41
1179,285425,402.1229,352,5,97.75
1180,285447,-16.0958,22,1,20.8
1181,285462,-8.533,15,1,43.46
1182,285511,51.5033,49,1,31.54
1183,285706,319.3451,195,4,86.62
1184,285863,405.5602,157,4,86.82
1185,286085,307.1897,222,3,80.86
1186,286283,665.804,198,6,100.0
1187,286325,59.4193,42,1,49.32
1188,286742,379.661,417,5,95.9
1189,287186,273.8777,444,4,89.06
1190,287556,188.9466,370,3,81.35
1191,288156,326.9524,600,3,83.3
1192,288756,212.6285,600,3,78.03
1193,289356,310.6687,600,4,87.79
1194,289627,189.5244,271,2,79.0
1195,289866,697.6556,239,6,100.0
1196,290466,316.3154,600,4,93.65
1197,290719,438.6405,253,5,99.22
1198,290785,57.645,66,1,30.37
1199,290805,17.4882,20,1,21.58
1200,290836,1.9314,31,1,27.54
1201,290991,159.7201,155,1,66.11
1202,291016,-7.1857,25,1,34.86
1203,291616,64.9471,600,2,59.57
1204,292216,519.0308,600,5,99.12
1205,292236,-15.6349,20,1,18.85
1206,292421,638.2197,185,6,100.0
1207,292852,404.7336,431,5,95.41
1208,293051,689.7314,199,6,100.0
1209,293324,321.2838,273,4,90.62
1210,293924,172.2312,600,3,81.15
1211,294185,436.1147,261,5,99.51
1212,294365,624.0397,180,6,100.0
1213,294422,77.428,57,1,45.8
1214,294476,75.1816,54,1,45.61
1215,294807,325.2111,331,4,90.04
1216,295040,328.4502,233,4,90.14
1217,295062,-3.5214,22,1,19.24
1218,295380,407.9309,318,5,96.58
1219,295459,74.6105,79,1,44.53
1220,296059,274.2615,600,3,79.39
1221,296525,167.6271,466,2,73.24
1222,296760,711.1254,235,6,100.0
1223,296775,-0.457,15,1,43.95
1224,296973,682.7726,198,6,100.0
1225,297453,359.1051,480,5,98.54
1226,297823,179.9697,370,3,76.07
1227,298423,356.4104,600,4,86.33
1228,298447,-0.5739,24,1,19.73
1229,298699,416.5445,252,5,97.07
1230,298724,2.4032,25,1,18.26
1231,299020,307.0185,296,4,88.09
1232,299179,348.1308,159,4,88.18
1233,299527,287.709,348,4,90.23
1234,299790,391.1109,263,5,95.41
1235,300011,387.0204,221,4,86.82
1236,300230,310.0722,219,4,88.28
1237,300264,58.9209,34,1,49.12
1238,300289,26.4108,25,1,48.73
1239,300520,713.5862,231,6,100.0
1240,300595,140.8729,75,2,52.05
1241,300636,72.8513,41,1,49.71
1242,300682,94.1361,46,2,50.2
1243,300706,-6.7896,24,1,18.75
1244,301047,200.4966,341,3,82.23
1245,301342,351.9023,295,5,96.97
1246,301614,268.5418,272,4,84.86
1247,301840,410.1399,226,4,89.55
1248,301851,-11.5544,11,1,42.29
1249,301953,234.7139,102,3,81.93
1250,301974,5.7003,21,1,19.43
1251,301992,-15.0309,18,1,17.48
1252,302225,392.5665,233,4,95.51
1253,302496,438.1731,271,5,96.68
1254,302518,8.6272,22,1,20.61
1255,302856,293.4418,338,4,83.89
1256,303028,308.2117,172,4,84.08
1257,303172,193.5892,144,2,74.12
1258,303327,380.8235,155,4,86.33
1259,303754,249.3435,427,4,92.97
1260,303798,82.1132,44,1,49.9
1261,304076,343.3402,278,5,98.24
1262,304103,22.8025,27,1,45.02
1263,304327,262.9972,224,3,83.89
1264,304351,-1.4418,24,1,19.82
1265,304735,383.6794,384,5,96.97
1266,305326,310.3364,591,5,95.7
1267,305490,316.8523,164,4,89.06
1268,305539,94.4276,49,2,54.0
1269,305792,432.984,253,5,97.85
1270,306392,223.4524,600,4,86.13
1271,306992,234.9806,600,3,80.27
1272,307592,254.0151,600,4,90.33
1273,307886,336.5442,294,4,91.8
1274,308325,384.3581,439,4,91.99
1275,308663,367.0845,338,5,96.0
1276,309233,371.5565,570,5,95.61
1277,309484,427.8419,251,5,95.7
1278,309641,372.2702,157,4,87.3
1279,309706,-5.0775,65,1,17.77
1280,310089,377.0427,383,4,92.38
1281,310165,70.0764,76,1,35.94
1282,310462,444.5207,297,5,95.9
1283,310481,-3.431,19,1,21.29
1284,311081,157.9752,600,3,73.93
1285,311502,153.6702,421,3,81.05
1286,311738,164.0396,236,3,53.42
1287,311761,-6.7347,23,1,17.87
1288,312295,327.2454,534,4,90.33
1289,312539,463.7721,244,5,96.19
1290,312558,-18.2778,19,1,16.8
1291,312578,11.9181,20,1,22.75
1292,312653,140.623,75,2,50.98
1293,313174,319.9448,521,4,87.11
1294,313423,296.0408,249,4,90.92
1295,313445,-13.05,22,1,16.99
1296,313491,81.6425,46,1,58.69
1297,313763,294.6028,272,4,90.53
1298,313810,75.366,47,1,50.68
1299,314030,166.291,220,2,58.98
1300,314389,333.023,359,5,97.17
1301,314989,429.3589,600,4,90.04
1302,315017,17.0083,28,1,21.39
1303,315617,247.3059,600,3,81.93
1304,316217,371.0198,600,4,89.84
1305,316284,135.8095,67,2,52.93
1306,316884,305.062,600,4,90.23
1307,317031,241.6517,147,3,82.81
1308,317088,41.0965,57,1,24.12
1309,317114,48.9115,26,2,43.07
1310,317305,655.865,191,6,100.0
1311,317905,251.9648,600,4,89.06
1312,318505,252.0971,600,3,81.93
1313,318527,-3.4881,22,1,16.8
1314,318547,-3.1452,20,1,19.73
1315,319147,310.2986,600,4,93.75
1316,319459,398.7544,312,5,93.55
1317,319655,628.275,196,6,100.0
1318,320255,273.9483,600,4,90.14
1319,320855,425.2722,600,4,88.38
1320,321264,260.0184,409,4,92.38
1321,321864,357.7832,600,5,95.8
1322,322110,677.5961,246,6,99.8
1323,322661,389.0818,551,5,98.05
1324,323244,211.0769,583,4,93.55
1325,323309,120.4889,65,2,51.56
1326,323399,45.1839,90,2,43.55
1327,323475,141.0307,76,2,52.54
1328,323911,471.8044,436,5,94.34
1329,324156,682.9046,245,6,100.0
1330,324226,109.5986,70,1,54.39
1331,324826,287.0956,600,4,89.06
1332,324847,20.2711,21,1,41.99
1333,325312,292.6457,465,4,83.5
1334,325620,712.6096,308,6,100.0
1335,325926,384.7099,306,5,93.16
1336,326151,406.8694,225,4,92.77
1337,326440,340.9854,289,4,83.79
1338,326824,399.3275,384,5,96.68
1339,327305,173.387,481,3,82.13
1340,327334,13.7407,29,1,23.14
1341,327772,281.8155,438,5,86.52
1342,328021,361.7339,249,5,94.14
1343,328621,232.2132,600,3,79.2
1344,328859,244.0004,238,4,83.2
1345,328919,117.597,60,2,51.66
1346,329191,324.1651,272,4,92.38
1347,329620,357.2207,429,5,89.84
1348,329844,392.2724,224,4,92.19
1349,329867,14.9263,23,1,20.8
1350,330291,191.9884,424,4,84.08
1351,330891,215.8386,600,3,80.66
1352,331182,321.2535,291,5,89.84
1353,331232,84.7651,50,1,52.44
1354,331459,690.9963,227,6,100.0
1355,331542,153.6381,83,2,48.93
1356,331786,689.4303,244,6,99.61
1357,332045,643.1931,259,6,100.0
1358,332067,2.2446,22,1,21.09
1359,332282,634.0601,215,6,100.0
1360,332587,383.3068,305,5,92.19
1361,332629,57.144,42,1,43.26
1362,332835,635.7374,206,6,100.0
1363,332964,271.8879,129,3,83.98
1364,333476,189.0343,512,4,84.47
1365,334076,294.1021,600,4,90.33
1366,334292,625.3091,216,6,100.0
1367,334884,336.4013,592,4,85.55
1368,335484,233.3018,600,3,79.2
1369,336065,166.2977,581,3,79.0
1370,336431,227.3567,366,3,81.93
1371,336663,718.7924,232,6,100.0
1372,336871,677.4899,208,6,100.0
1373,337439,168.9363,568,3,80.27
1374,337919,286.5001,480,4,91.31
1375,338201,606.7759,282,6,99.9
1376,338216,2.771,15,1,44.14
1377,338237,-9.7527,21,1,16.8
1378,338760,357.9515,523,5,94.24
1379,338955,665.4123,195,6,100.0
1380,339384,244.7706,429,3,80.37
1381,339984,241.7758,600,3,77.83
1382,340183,606.2108,199,6,99.51
1383,340214,46.2688,31,1,54.79
1384,340243,29.886,29,1,47.46
1385,340747,256.9865,504,4,96.0
1386,341238,261.0499,491,4,91.02
1387,341271,56.8563,33,2,42.38
1388,341293,11.3672,22,1,41.02
1389,341737,298.9023,444,5,90.33
1390,342298,219.3605,561,4,84.18
1391,342339,70.2602,41,1,49.8
1392,342864,297.3779,525,5,98.54
1393,343179,366.9888,315,5,92.77
1394,343266,106.0387,87,1,48.93
1395,343352,157.9803,86,2,50.29
1396,343635,608.068,283,6,99.8
1397,344178,340.9228,543,5,98.14
1398,344717,256.0451,539,4,93.07
1399,344753,42.7986,36,1,55.18
1400,345353,209.2688,600,2,69.24
1401,345840,342.4403,487,5,96.68
1402,346171,634.9075,331,6,100.0
1403,346771,379.986,600,5,95.41
1404,346804,48.1791,33,1,47.75
1405,347006,680.8762,202,6,100.0
1406,347606,203.6534,600,2,69.04
1407,348206,222.3147,600,2,66.99
1408,348510,221.0235,304,2,62.89
1409,348813,212.7311,303,4,84.28
1410,349239,346.8519,426,5,96.78
1411,349839,216.8171,600,3,79.3
1412,349895,107.6495,56,1,62.11
1413,350445,350.658,550,5,97.75
1414,351045,279.7116,600,3,80.76
1415,351100,52.6272,55,1,48.44
1416,351544,511.7487,444,6,100.0
1417,352144,186.594,600,3,78.22
1418,352715,190.0435,571,4,90.92
1419,353172,303.2515,457,4,80.27
1420,353428,235.9156,256,4,83.01
1421,353974,258.4864,546,4,95.61
1422,354309,750.6957,335,6,100.0
1423,354892,215.3996,583,4,90.62
1424,354940,79.9236,48,1,49.32
1425,355339,335.3654,399,5,93.55
1426,355413,188.9912,74,2,73.63
1427,356013,231.4751,600,3,75.1
1428,356291,708.12,278,6,99.51
1429,356891,282.8615,600,4,95.7
1430,356933,44.9681,42,1,41.31
1431,357533,216.2701,600,2,71.78
1432,357895,398.0325,362,5,97.46
1433,358495,248.0446,600,3,79.39
1434,359079,217.9247,584,4,90.33
1435,359276,674.2168,197,6,100.0
1436,359876,211.9053,600,2,67.58
1437,360330,244.4865,454,4,90.33
1438,360811,351.153,481,5,95.61
1439,361037,702.5987,226,6,100.0
1440,361637,258.8511,600,3,81.45
1441,361658,-3.413,21,1,20.51
1442,362240,152.6331,582,4,83.5
1443,362283,51.9437,43,1,24.41
1444,362509,674.8412,226,6,100.0
1445,363032,276.5956,523,5,98.24
1446,363473,311.7228,441,5,93.07
1447,364073,221.8635,600,4,91.7
1448,364578,319.9807,505,5,95.02
1449,365178,248.015,600,4,84.47
1450,365232,137.0287,54,2,68.75
1451,365699,369.1389,467,5,98.05
1452,366256,220.6838,557,4,91.21
1453,366856,308.9024,600,5,96.58
1454,366873,3.0684,17,1,43.75
1455,367442,365.5434,569,5,96.78
1456,368042,233.0338,600,3,79.88
1457,368626,302.3603,584,5,95.7
1458,369136,289.2936,510,5,97.27
1459,369336,671.7244,200,6,100.0
1460,369936,314.3318,600,5,97.46
1461,370270,418.9547,334,5,95.41
1462,370306,57.0011,36,1,48.14
1463,370515,373.7121,209,5,92.87
1464,371043,206.9082,528,4,92.29
1465,371643,250.2828,600,2,70.7
1466,371835,258.7554,192,4,83.59
1467,372166,216.5953,331,4,83.2
1468,372766,233.0829,600,3,73.24
1469,373366,234.7519,600,4,91.5
1470,373966,293.4,600,3,81.45
1471,374443,310.863,477,5,93.95
1472,374944,317.9369,501,5,98.34
1473,375476,347.8299,532,5,98.05
1474,375642,158.0409,166,3,55.76
1475,376078,306.5768,436,5,98.63
1476,376522,172.4925,444,4,83.11
1477,376890,284.8019,368,3,78.81
1478,376951,76.8828,61,1,49.51
1479,377456,236.4679,505,3,58.4
1480,377980,316.1135,524,5,94.73
1481,378499,235.1694,519,4,90.43
1482,379093,68.7603,594,2,72.17
1483,379277,267.1401,184,4,83.69
1484,379732,317.9701,455,5,92.29
1485,380332,243.5599,600,3,79.69
1486,380554,254.7964,222,4,82.91
1487,381020,318.65,466,5,98.14
1488,381500,271.8266,480,4,95.51
1489,382046,205.3772,546,4,90.72
1490,382065,6.0692,19,1,23.14
1491,382546,347.317,481,5,90.43
1492,382593,84.3208,47,1,48.83
1493,382813,652.2169,220,6,99.9
1494,383320,297.796,507,5,97.75
1495,383800,260.2549,480,5,89.06
1496,383994,606.3241,194,6,100.0
1497,384359,341.6884,365,5,98.44
1498,384597,713.1006,238,6,100.0
1499,385183,284.3053,586,5,97.46
1500,385670,231.0253,487,4,92.77
1501,386151,232.6665,481,4,89.26
1502,386317,250.6552,166,4,82.62
1503,386835,358.7864,518,5,97.17
1504,387078,404.1329,243,5,95.61
1505,387512,307.8275,434,5,90.82
1506,387882,210.7986,370,4,83.2
1507,388216,260.5936,334,3,76.07
1508,388422,321.4669,206,5,91.6
1509,388910,313.8037,488,5,91.99
1510,389510,323.027,600,3,81.93
1511,389976,166.0787,466,4,83.01
1512,390519,249.2036,543,3,80.57
1513,390947,285.7682,428,5,92.48
1514,391165,644.42,218,6,99.9
1515,391617,217.7862,452,4,84.57
1516,391787,355.9895,170,5,89.75
1517,391947,308.0124,160,3,54.1
1518,392422,350.8741,475,5,91.8
1519,392929,219.8953,507,3,78.71
1520,393419,144.5954,490,3,79.49
1521,393633,309.2422,214,4,90.72
1522,393828,603.1103,195,6,99.8
1523,394368,219.4534,540,3,80.18
1524,394755,227.066,387,4,84.08
1525,394958,681.3068,203,6,100.0
1526,394977,9.1859,19,1,21.88
1527,395177,611.6398,200,6,99.71
1528,395354,408.4981,177,5,97.75
1529,395954,315.9287,600,3,81.93
1530,396392,205.9539,438,4,82.91
1531,396888,307.7936,496,4,89.26
1532,397011,345.9765,123,4,93.46
1533,397237,724.7009,226,6,100.0
1534,397837,277.4852,600,3,80.66
1535,398141,745.2418,304,6,100.0
1536,398723,189.8708,582,3,79.79
1537,398924,602.7007,201,6,100.0
1538,399352,184.0663,428,4,83.79
1539,399798,152.3285,446,4,82.81
1540,399965,409.3432,167,5,94.82
1541,400466,170.0575,501,3,82.62
1542,401066,425.3033,600,4,82.91
1543,401666,269.463,600,4,83.3
1544,402266,302.7199,600,3,55.96
1545,402288,4.8985,22,1,21.39
1546,402330,9.5771,42,1,20.12
1547,402472,75.7221,142,2,50.1
1548,402961,305.3817,489,5,92.58
1549,403529,659.1277,568,6,100.0
1550,403896,317.199,367,5,97.85
1551,404374,426.0755,478,4,83.98
1552,404832,163.6786,458,4,82.81
1553,405396,253.6375,564,5,89.36
1554,405996,215.4571,600,2,76.17
1555,406015,-10.0141,19,1,43.16
1556,406454,261.2854,439,4,91.6
1557,406994,340.2115,540,4,86.13
1558,407467,260.8829,473,3,58.11
1559,407489,-9.6095,22,1,17.48
1560,407713,720.581,224,6,100.0
1561,408123,306.9159,410,4,92.77
1562,408426,705.9346,303,6,100.0
1563,408939,388.3016,513,4,83.01
1564,409342,336.5382,403,5,97.17
1565,409924,258.7963,582,4,91.89
1566,410348,261.8801,424,4,91.5
1567,410865,172.286,517,4,82.81
1568,411465,434.6033,600,4,83.11
1569,411686,737.5816,221,6,100.0
1570,412098,293.1943,412,4,90.43
1571,412634,293.5956,536,4,90.62
1572,413226,384.9925,592,4,93.55
1573,413826,264.1683,600,3,57.62
1574,414308,229.1138,482,4,89.55
1575,414348,48.5922,40,1,47.27
1576,414800,231.3077,452,4,89.45
1577,415249,355.8705,449,5,95.9
1578,415849,256.5003,600,3,56.45
1579,416449,337.3345,600,5,96.48
1580,417022,191.4948,573,4,90.23
1581,417602,274.8551,580,4,93.16
1582,418108,175.9356,506,4,83.3
1583,418211,193.0848,103,2,69.92
1584,418811,110.9799,600,3,54.69
1585,419259,279.7874,448,5,96.88
1586,419836,283.7145,577,4,90.62
1587,419892,86.0334,56,1,50.88
1588,420135,286.3704,243,4,89.26
1589,420521,278.9217,386,4,90.04
1590,420992,411.7649,471,5,100.0
1591,421592,315.6774,600,4,92.58
1592,421632,33.82,40,1,21.97
1593,422064,196.5703,432,4,82.71
1594,422530,234.9933,466,5,88.96
1595,422690,345.0998,160,4,92.77
1596,422863,334.4128,173,4,84.47
1597,423103,652.3494,240,6,99.8
1598,423703,321.9444,600,4,93.55
1599,424245,201.1813,542,4,90.33
1600,424502,624.9517,257,6,100.0
1601,425102,496.0512,600,5,99.9
1602,425306,323.4965,204,4,84.77
1603,425523,232.0924,217,4,83.3
1604,425851,221.4872,328,3,84.08
1605,426099,595.12,248,6,100.0
1606,426437,305.3336,338,4,93.55
1607,427032,237.3287,595,4,89.65
1608,427632,512.8921,600,5,100.0
1609,428232,128.3798,600,3,56.35
1610,428256,-6.5995,24,1,16.7
1611,428329,147.1805,73,2,50.78
1612,428353,-0.6137,24,1,17.97
1613,428953,264.3294,600,3,56.35
1614,429346,470.6727,393,6,100.0
1615,429946,73.5651,600,3,55.08
1616,430546,438.9966,600,5,99.8
1617,431146,224.5588,600,4,89.94
1618,431692,262.6203,546,4,90.82
1619,431728,52.0979,36,1,46.88
1620,432294,207.5175,566,4,83.69
1621,432894,334.9616,600,4,91.31
1622,433173,455.7192,279,5,95.7
1623,433773,201.6601,600,4,83.98
1624,433987,702.9431,214,6,100.0
1625,434587,287.2,600,3,84.18
1626,435187,211.8594,600,3,77.05
1627,435787,192.4546,600,3,70.12
1628,435990,668.3998,203,6,100.0
1629,436218,696.0183,228,6,100.0
1630,436818,239.7969,600,4,90.53
1631,437418,203.2962,600,4,84.18
1632,437437,-12.0121,19,1,17.68
1633,438037,314.837,600,5,95.8
1634,438637,245.7757,600,4,91.7
1635,439003,271.4506,366,3,83.3
1636,439603,390.3812,600,5,95.51
1637,440203,335.4096,600,5,97.66
1638,440803,295.1643,600,3,84.38
1639,441403,233.4764,600,4,83.5
1640,441595,417.4479,192,4,90.53
1641,442195,308.0642,600,5,96.88
1642,442795,254.2341,600,4,83.98
1643,442806,-8.612,11,1,44.34
1644,443361,236.7717,555,3,83.4
1645,443961,309.0259,600,4,92.19
1646,444338,268.2527,377,3,83.79
1647,444838,302.2208,500,4,91.89
1648,445438,420.1705,600,5,97.75
1649,446038,329.6212,600,5,95.9
1650,446638,515.8,600,5,99.9
1651,447238,423.3833,600,4,91.5
1652,447261,-3.5003,23,1,17.97
1653,447861,351.2822,600,5,95.8
1654,448461,249.9981,600,3,82.91
1655,448656,659.5036,195,6,100.0
1656,449256,483.2586,600,5,99.9
1657,449497,632.59,241,6,100.0
1658,450097,436.7472,600,5,98.34
1659,450697,341.1024,600,5,94.24
1660,451297,253.9657,600,4,89.75
1661,451897,268.7493,600,4,92.97
1662,451920,2.6441,23,1,20.21
1663,452520,318.2318,600,4,90.82
1664,453120,231.414,600,4,82.81
1665,453720,299.0982,600,4,92.58
1666,454320,253.5687,600,4,93.65
1667,454553,280.1931,233,3,54.88
1668,455153,330.5153,600,5,95.21
1669,455753,306.87,600,4,90.53
1670,455885,261.4028,132,3,82.42
1671,456485,304.7581,600,5,96.97
1672,457085,490.3762,600,5,100.0
1673,457384,432.1075,299,4,92.29
1674,457984,514.9842,600,5,100.0
1675,458110,348.7704,126,4,89.36
1676,458710,460.8147,600,5,98.24
1677,459310,217.4412,600,3,83.79
1678,459910,355.9651,600,5,96.0
1679,460510,259.5122,600,3,84.18
1680,461110,286.3655,600,5,97.95
1681,461710,273.826,600,5,96.68
1682,462310,375.7744,600,5,98.14
1683,462414,215.9693,104,2,70.21
1684,462433,-6.1304,19,1,16.7
1685,462664,529.2611,231,6,99.9
1686,463264,422.5399,600,4,93.46
1687,463864,250.5144,600,3,88.57
1688,463999,288.2042,135,3,83.79
1689,464198,659.0504,199,6,100.0
1690,464798,380.7272,600,5,100.0
1691,465398,204.0303,600,4,83.2
1692,465998,292.3243,600,5,97.56
1693,466447,256.1455,449,4,89.65
1694,466627,633.8376,180,6,100.0
1695,467227,231.1102,600,3,94.43
1696,467323,178.1713,96,2,70.51
1697,467923,275.3622,600,5,97.17
1698,468523,221.0121,600,3,82.23
1699,468640,307.2553,117,4,92.29
1700,469240,218.3669,600,4,83.69
1701,469840,225.3938,600,4,90.14
1702,470440,295.5385,600,5,95.21
1703,471040,462.193,600,5,100.0
1704,471168,339.5886,128,4,90.33
1705,471768,334.2436,600,5,94.73
1706,472368,258.6718,600,4,94.43
1707,472404,46.2645,36,1,47.95
1708,472426,9.0306,22,1,21.19
1709,473026,253.8601,600,3,79.2
1710,473626,236.579,600,4,90.43
1711,473764,380.7964,138,4,90.92
1712,474143,219.5041,379,4,82.71
1713,474743,346.2045,600,5,96.09
1714,474860,313.2698,117,4,88.28
1715,475460,344.0105,600,5,98.54
1716,476060,275.9755,600,4,93.26
1717,476253,653.445,193,6,100.0
1718,476364,295.7044,111,4,89.75
1719,476466,239.4576,102,3,82.13
1720,476765,263.8879,299,3,82.03
1721,476790,14.5034,25,1,21.19
1722,476924,297.7946,134,4,89.55
1723,477234,245.8265,310,4,88.28
1724,477715,219.0746,481,3,82.71
1725,477786,171.856,71,2,53.42
1726,477857,151.9396,71,2,53.42
1727,478457,295.8763,600,5,94.34
1728,479057,350.4696,600,5,94.63
1729,479511,437.2979,454,5,99.8
1730,479637,345.7628,126,4,90.53
1731,479828,647.6376,191,6,100.0
1732,480428,346.7429,600,4,87.7
1733,481028,329.464,600,5,94.63
1734,481628,223.8232,600,3,80.37
1735,481650,2.7424,22,1,19.73
1736,481670,2.6769,20,1,21.48
1737,482270,265.847,600,4,94.82
1738,482870,307.3892,600,5,96.48
1739,483065,650.4158,195,6,100.0
1740,483665,361.8743,600,5,100.0
1741,484265,310.2895,600,5,94.82
1742,484865,190.1394,600,3,84.08
1743,485465,261.6444,600,4,90.92
1744,485634,467.6723,169,5,98.93
1745,485838,333.6635,204,4,92.87
1746,486438,169.248,600,3,75.98
1747,486742,340.3808,304,4,91.21
1748,486768,-1.9133,26,1,21.09
1749,486974,676.5096,206,6,100.0
1750,487574,326.7417,600,5,98.34
1751,488113,421.0332,539,6,100.0
1752,488713,261.5511,600,4,92.09
1753,489131,273.1299,418,3,84.47
1754,489369,251.0542,238,4,82.52
1755,489969,273.638,600,4,90.23
1756,490569,271.8529,600,4,93.16
1757,490808,676.5675,239,6,100.0
1758,491402,285.2769,594,5,96.78
1759,491684,477.8498,282,5,98.93
1760,492041,85.2913,357,1,50.49
1761,492301,287.9822,260,3,80.76
1762,492901,324.3202,600,5,96.68
1763,492925,23.063,24,1,22.17
1764,493315,222.6247,390,4,83.79
1765,493327,-5.578,12,1,45.31
1766,493529,683.0112,202,6,100.0
1767,493677,235.2572,148,3,83.89
1768,493973,245.5758,296,4,84.28
1769,494327,304.4174,354,4,90.72
1770,494604,202.9525,277,4,83.2
1771,494618,0.1019,14,1,42.77
1772,494819,672.529,201,6,100.0
1773,494953,225.844,134,4,82.81
1774,495553,319.7176,600,5,97.46
1775,496153,385.4601,600,5,94.14
1776,496536,232.8921,383,4,82.81
1777,496548,-5.3702,12,1,45.7
1778,496734,503.6921,186,5,99.22
1779,496975,276.8706,241,3,83.4
1780,497174,682.0042,199,6,100.0
1781,497728,196.745,554,4,90.23
1782,497942,537.4476,214,5,99.41
1783,498138,681.8068,196,6,100.0
1784,498328,631.5002,190,6,99.9
1785,498674,258.7085,346,4,92.38
1786,498950,233.348,276,4,82.13
1787,499159,666.4697,209,6,100.0
1788,499320,449.2023,161,5,98.73
1789,499523,687.9792,203,6,100.0
1790,499860,218.8928,337,4,81.74
1791,500132,312.9748,272,4,93.75
1792,500337,705.7924,205,6,100.0
1793,500536,684.5221,199,6,100.0
1794,501136,273.9115,600,4,86.13
1795,501441,292.2808,305,4,95.41
1796,501636,657.4567,195,6,100.0
1797,502236,366.6435,600,5,96.88
1798,502836,281.3143,600,4,95.02
1799,503011,467.371,175,5,99.61
1800,503231,100.5394,220,2,50.2
1801,503251,3.004,20,1,18.55
1802,503383,341.0448,132,4,89.55
1803,503983,235.1656,600,3,77.25
1804,504158,261.9254,175,4,83.4
1805,504405,296.8521,247,4,90.92
1806,505005,257.6084,600,4,91.41
1807,505352,209.2499,347,3,83.11
1808,505523,104.3403,171,2,48.73
1809,506123,217.4559,600,4,89.36
1810,506454,214.5832,331,4,83.4
1811,506468,-9.7763,14,1,41.89
1812,506720,276.0872,252,4,88.96
1813,506916,648.9589,196,6,100.0
1814,507465,308.9924,549,5,97.27
1815,507670,697.2951,205,6,100.0
1816,507860,656.7993,190,6,100.0
1817,508205,264.1158,345,4,94.14
1818,508242,18.2386,37,1,22.17
1819,508271,37.6052,29,1,26.76
1820,508397,341.1803,126,4,93.75
1821,508604,66.0499,207,2,48.34
1822,509204,-13.7912,600,2,48.05
1823,509512,189.2248,308,4,82.32
1824,509801,501.7755,289,5,99.8
1825,509825,28.3606,24,1,24.02
1826,509917,228.4323,92,3,83.4
1827,509963,71.6617,46,1,49.12
1828,510563,318.6656,600,5,96.39
1829,511025,461.231,462,5,100.0
1830,511625,315.1,600,3,78.61
1831,511833,305.0283,208,4,90.04
1832,512125,338.8397,292,5,98.24
1833,512414,357.442,289,5,98.44
1834,512879,270.1984,465,4,89.65
1835,513224,337.9126,345,5,96.68
1836,513246,5.6589,22,1,20.9
1837,513606,174.5799,360,3,81.15
1838,514159,328.1328,553,4,95.12
1839,514347,368.2889,188,4,86.43
1840,514366,-6.9644,19,1,41.41
1841,514966,197.5958,600,4,90.04
1842,515566,260.698,600,4,90.72
1843,515798,261.2334,232,4,91.11
1844,516245,180.2277,447,4,90.62
1845,516845,262.3199,600,4,89.84
1846,516973,357.3372,128,4,91.11
1847,517326,468.1065,353,5,99.51
1848,517605,481.135,279,5,100.0
1849,518144,264.7103,539,4,92.68
1850,518282,233.7222,138,3,83.5
1851,518581,328.0299,299,4,93.36
1852,519181,338.4497,600,5,94.34
1853,519383,677.5299,202,6,100.0
1854,519983,312.6188,600,3,82.32
1855,520583,213.9759,600,4,90.14
1856,520601,9.3304,18,1,21.88
1857,521201,276.2333,600,4,90.53
1858,521417,705.0686,216,6,100.0
1859,522017,230.0171,600,4,90.23
1860,522226,695.8897,209,6,100.0
1861,522247,7.9755,21,1,22.56
1862,522433,455.781,186,4,86.04
1863,522573,341.9824,140,3,59.77
1864,522590,8.8306,17,1,48.14
1865,523190,438.146,600,5,99.9
1866,523210,1.8253,20,1,38.38
1867,523224,0.2425,14,1,43.95
1868,523824,297.2344,600,4,88.96
1869,524217,173.5489,393,3,81.64
1870,524817,456.7213,600,5,99.9
1871,525417,435.5929,600,5,100.0
1872,525607,638.1849,190,6,100.0
1873,525641,73.1072,34,2,49.61
1874,526241,207.5824,600,3,82.13
1875,526841,484.2963,600,5,99.8
1876,526872,42.0047,31,1,25.49
1877,526941,133.4638,69,2,53.12
1878,527255,194.1957,314,3,83.2
1879,527855,300.9882,600,4,90.23
1880,528065,692.7023,210,6,100.0
1881,528266,685.4186,201,6,100.0
1882,528486,706.1111,220,6,100.0
1883,529080,145.2067,594,3,82.71
1884,529204,244.1498,124,3,82.03
1885,529217,-3.08,13,1,20.8
1886,529817,363.2863,600,5,94.53
1887,530417,289.4803,600,4,89.26
1888,530457,57.629,40,1,28.03
1889,530614,286.9044,157,4,89.16
1890,530794,373.5168,180,4,92.19
1891,531394,193.4901,600,3,82.23
1892,531711,517.0637,317,5,99.71
1893,531870,228.2099,159,3,81.64
1894,532122,249.416,252,4,90.53
1895,532618,195.1074,496,4,89.16
1896,532765,367.622,147,3,58.79
1897,533365,338.5223,600,5,94.43
1898,533387,8.6733,22,1,41.7
1899,533987,336.9565,600,5,94.34
1900,534270,224.1484,283,3,83.5
1901,534870,190.9053,600,3,83.4
1902,535055,336.6571,185,4,92.68
1903,535096,48.0872,41,1,27.05
1904,535118,20.4915,22,1,38.38
1905,535718,459.7046,600,5,100.0
1906,535737,-19.2355,19,1,42.19
1907,535754,7.8942,17,1,42.38
1908,536354,289.1733,600,4,89.36
1909,536954,310.7232,600,4,93.55
1910,537554,459.0323,600,5,99.61
1911,538154,184.2197,600,3,81.64
1912,538190,27.9324,36,1,36.23
1913,538261,150.9286,71,2,57.23
1914,538785,281.0319,524,5,94.14
1915,539385,293.6375,600,4,89.06
1916,539671,246.4111,286,3,83.69
1917,539688,6.0208,17,1,21.88
1918,540288,472.0,600,5,99.51
1919,540888,334.1178,600,5,97.17
1920,541152,227.6853,264,3,80.86
1921,541752,262.516,600,4,92.68
1922,542352,173.3891,600,3,81.35
1923,542366,-6.1312,14,1,19.82
1924,542680,217.5154,314,3,81.25
1925,543280,249.8053,600,4,90.23
1926,543880,223.6863,600,4,88.38
1927,544480,300.2831,600,4,92.48
1928,544829,212.3811,349,3,81.05
1929,545384,424.8625,555,5,100.0
1930,545579,270.5093,195,4,89.16
1931,545777,268.8577,198,4,89.65
1932,545796,6.1477,19,1,21.48
1933,546396,167.0634,600,3,81.15
1934,546996,175.9684,600,3,82.42
1935,547193,661.3667,197,6,100.0
1936,547224,25.7335,31,1,40.04
1937,547666,219.9694,442,4,90.53
1938,548266,187.0115,600,3,82.91
1939,548866,338.8716,600,5,96.19
1940,549466,211.5363,600,4,90.43
1941,550066,335.6055,600,5,98.14
1942,550632,188.3967,566,4,81.64
1943,551232,491.9745,600,5,100.0
1944,551708,342.4845,476,5,94.34
1945,552308,341.9978,600,4,91.6
1946,552325,-0.2298,17,1,20.12
1947,552349,10.9693,24,1,20.12
1948,552949,469.6227,600,5,99.41
1949,552972,11.2818,23,1,41.11
1950,553046,147.6693,74,2,57.03
1951,553407,332.6216,361,5,94.34
1952,554007,160.169,600,3,80.86
1953,554497,324.0238,490,5,94.34
1954,554991,189.8888,494,3,80.86
1955,555572,165.8338,581,3,83.01
1956,556013,184.8062,441,2,58.79
1957,556613,322.5,600,4,90.92
1958,557213,231.9,600,3,83.3
1959,557813,290.118,600,4,88.77
1960,558073,324.9096,260,4,92.68
1961,558673,201.26,600,3,82.03
1962,559273,271.1994,600,5,96.48
1963,559873,429.0258,600,5,99.32
1964,560366,183.5562,493,3,82.32
1965,560401,30.747,35,1,48.14
1966,561001,177.9792,600,3,82.71
1967,561106,252.3126,105,3,82.71
1968,561208,243.3316,102,3,82.23
1969,561808,206.1504,600,3,83.98
1970,562408,210.897,600,3,82.91
1971,562601,669.3532,193,6,100.0
1972,563201,302.4401,600,4,91.41
1973,563728,461.1425,527,5,99.9
1974,563924,678.4952,196,6,100.0
1975,564117,650.4511,193,6,100.0
1976,564717,326.1288,600,5,95.9
1977,564752,40.1817,35,1,50.2
1978,565337,534.4005,585,6,100.0
1979,565937,211.862,600,3,83.2
1980,566537,435.6328,600,5,99.9
1981,567137,500.5932,600,5,99.9
1982,567737,471.5915,600,5,99.9
1983,568152,256.1069,415,4,92.48
1984,568177,31.4538,25,1,24.32
1985,568367,318.4476,190,4,89.84
1986,568604,486.9061,237,5,99.8
1987,569017,218.0288,413,4,89.55
1988,569378,450.2947,361,5,98.93
1989,569867,445.4187,489,5,98.93
1990,569882,0.0559,15,1,21.29
1991,570053,465.9792,171,5,99.02
1992,570449,233.4599,396,4,91.6
1993,570487,33.6932,38,1,23.83
1994,570919,227.5552,432,4,91.02
1995,571519,456.0542,600,5,99.22
1996,571649,305.5242,130,3,86.13
1997,572249,274.4015,600,4,89.06
1998,572444,678.6955,195,6,100.0
1999,572765,387.144,321,4,96.09
2000,572805,65.7929,40,1,28.42
2001,573405,370.6813,600,5,98.83
2002,573845,225.5647,440,4,89.45
2003,573931,229.2377,86,3,82.13
2004,574063,337.8961,132,4,89.75
2005,574486,224.8927,423,4,89.94
2006,575086,449.7,600,5,99.71
2007,575100,0.2238,14,1,40.23
2008,575700,279.6594,600,4,93.36
2009,575830,332.7922,130,4,92.19
2010,576430,471.9244,600,5,99.8
2011,576562,344.5725,132,4,89.84
2012,576729,352.5443,167,4,91.41
2013,576917,639.3447,188,6,100.0
2014,577367,327.2462,450,5,95.8
2015,577967,156.2421,600,3,82.23
2016,578495,410.0889,528,5,99.32
2017,578689,654.3612,194,6,100.0
2018,579179,222.4304,490,4,89.06
2019,579655,241.0076,476,4,93.26
2020,579673,-11.818,18,1,17.29
2021,579694,6.0751,21,1,21.0
2022,580259,271.4406,565,4,90.04
2023,580327,148.6534,68,2,54.1
2024,580864,337.8954,537,5,99.61
2025,581464,192.8321,600,3,82.32
2026,582012,232.2303,548,4,89.06
2027,582118,224.3848,106,2,47.46
2028,582144,5.4127,26,1,19.63
2029,582520,310.0592,376,4,89.84
2030,582545,22.734,25,1,21.48
2031,582996,224.5881,451,4,89.55
2032,583141,329.6901,145,3,56.15
2033,583699,451.3077,558,5,98.93
2034,583801,257.4241,102,3,82.62
2035,584032,706.4065,231,6,100.0
2036,584632,311.5377,600,4,91.6
2037,584757,330.0881,125,4,89.55
2038,585357,319.7729,600,3,90.04
2039,585790,232.5597,433,4,90.43
2040,585957,473.2237,167,5,98.54
2041,586072,297.7545,115,4,90.23
2042,586509,224.494,437,4,90.14
2043,586643,350.5236,134,4,91.31
2044,586766,312.351,123,4,89.94
2045,587366,242.0307,600,3,92.09
2046,587870,331.5766,504,5,95.21
2047,588024,331.0805,154,3,57.03
2048,588499,331.1554,475,5,94.34
2049,588564,150.8912,65,2,54.59
2050,589031,195.8736,467,3,83.69
2051,589223,675.6524,192,6,100.0
2052,589823,288.9604,600,4,92.87
2053,590423,482.7,600,5,99.9
2054,590610,633.2415,187,6,100.0
2055,590895,221.554,285,3,75.88
2056,591404,327.3685,509,5,94.92
2057,591522,321.6379,118,4,89.06
2058,591980,253.7217,458,4,91.02
2059,592580,269.928,600,4,88.87
2060,592738,346.0542,158,3,54.2
2061,593229,183.9267,491,3,82.23
2062,593308,43.8218,79,1,23.34
2063,593618,526.0491,310,5,97.56
2064,593835,655.7175,217,6,100.0
2065,593997,293.759,162,4,89.84
2066,594457,365.4148,460,5,94.63
2067,594645,652.8334,188,6,100.0
2068,595200,203.5524,555,4,93.16
2069,595800,383.4251,600,5,95.7
2070,596400,485.6608,600,4,95.02
2071,596570,460.6188,170,5,99.12
2072,596587,9.0405,17,1,45.12
2073,596782,504.2345,195,5,99.61
2074,596799,8.9224,17,1,46.19
2075,597399,227.9822,600,4,89.94
2076,597564,290.0487,165,3,83.01
2077,597663,237.3171,99,3,82.23
2078,597782,268.0464,119,3,83.3
2079,598382,261.3351,600,4,90.62
2080,598973,174.9745,591,4,89.06
2081,599041,147.7425,68,2,54.88
2082,599641,371.5551,600,5,94.43
2083,599886,495.3557,245,5,99.02
2084,600020,302.8738,134,3,83.11
2085,600620,265.6252,600,3,81.35
2086,601220,276.6412,600,4,95.02
2087,601820,369.1035,600,5,99.41
2088,602021,668.6647,201,6,100.0
2089,602621,494.9045,600,5,99.32
2090,602818,677.886,197,6,100.0
2091,603418,391.8364,600,5,95.7
2092,603530,277.8029,112,3,81.05
2093,603666,370.6329,136,4,89.36
2094,603771,258.0111,105,3,81.45
2095,603898,345.0921,127,4,90.14
2096,604498,479.9186,600,5,99.02
2097,605098,268.0436,600,4,90.53
2098,605597,333.0368,499,4,89.84
2099,606076,310.3171,479,4,90.53
2100,606263,495.3899,187,5,99.02
2101,606278,3.1055,15,1,45.61
2102,606859,335.1663,581,5,95.21
2103,607069,691.4625,210,6,100.0
2104,607528,529.29,459,5,99.9
2105,607548,6.0081,20,1,21.09
2106,608148,234.6947,600,4,90.14
2107,608748,302.8315,600,4,92.77
2108,608948,511.6021,200,5,99.71
2109,609548,375.7518,600,5,94.53
2110,609734,652.0742,186,6,100.0
2111,610334,356.5098,600,5,96.39
2112,610934,286.2642,600,4,90.62
2113,611534,318.8,600,5,97.66
2114,611736,517.6599,202,5,99.12
2115,612336,279.5637,600,4,88.77
2116,612542,694.6021,206,6,100.0
2117,612616,179.992,74,2,53.61
2118,613216,228.1398,600,4,91.21
2119,613299,205.4469,83,3,80.47
2120,613899,213.9829,600,4,88.87
2121,614499,307.3808,600,5,94.53
2122,615099,241.6044,600,4,90.04
2123,615699,328.3317,600,3,84.96
2124,615891,656.3154,192,6,100.0
2125,616079,502.746,188,5,98.83
2126,616679,329.3165,600,5,96.39
2127,616885,672.6156,206,6,100.0
2128,617485,472.3478,600,5,99.22
2129,617587,234.2799,102,3,82.42
2130,617783,678.9948,196,6,100.0
2131,618383,262.3981,600,4,92.19
2132,618418,43.5707,35,1,24.71
2133,618599,657.7165,181,6,100.0
2134,618630,22.9805,31,1,35.94
2135,619230,411.4701,600,5,99.41
2136,619649,213.3214,419,4,89.06
2137,619718,153.7897,69,2,53.52
2138,620318,266.5962,600,4,91.02
2139,620362,45.3421,44,1,41.41
2140,620391,29.0918,29,1,52.25
2141,620991,226.4202,600,4,89.45
2142,621086,222.6088,95,3,80.96
2143,621094,-17.2736,8,1,42.19
2144,621694,344.7423,600,5,94.43
2145,621713,-0.353,19,1,23.05
2146,621797,217.9604,84,3,81.74
2147,622021,507.0384,224,5,99.22
2148,622227,498.9795,206,5,99.22
2149,622246,0.2239,19,1,19.73
2150,622368,324.7741,122,4,89.36
2151,622555,582.1816,187,6,99.32
2152,622576,20.2144,21,1,46.39
2153,622670,234.616,94,3,80.57
2154,622687,9.0976,17,1,46.48
2155,622892,688.0305,205,6,100.0
2156,622989,240.2753,97,3,83.2
2157,623079,231.9732,90,3,82.71
2158,623188,281.0752,109,3,82.42
2159,623416,295.6502,228,3,87.11
2160,624016,209.6407,600,4,85.64
2161,624616,230.3034,600,4,89.84
2162,625216,365.8337,600,5,95.12
2163,625476,767.5895,260,6,100.0
2164,626076,370.9302,600,5,95.31
2165,626676,330.693,600,4,89.55
2166,626746,162.4487,70,2,54.39
2167,627346,287.9074,600,4,92.09
2168,627946,302.4469,600,4,90.43
2169,628546,219.9605,600,3,83.89
2170,628759,652.6841,213,6,100.0
2171,628771,-5.6626,12,1,42.68
2172,629371,328.8974,600,5,97.36
2173,629971,334.9885,600,5,97.56
2174,629988,-14.7973,17,1,17.29
2175,630588,323.4276,600,5,96.0
2176,631188,300.4676,600,4,90.04
2177,631379,642.0246,191,6,100.0
2178,631395,3.182,16,1,46.48
2179,631843,387.259,448,5,99.51
2180,632443,328.2274,600,5,97.75
2181,632639,643.6971,196,6,100.0
2182,633239,427.2291,600,5,99.02
2183,633420,633.8397,181,6,100.0
2184,633611,660.0273,191,6,100.0
2185,633817,680.2402,206,6,100.0
2186,633947,338.7699,130,4,89.06
2187,634169,703.7463,222,6,100.0
2188,634769,343.8155,600,5,97.56
2189,635369,231.0786,600,4,88.77
2190,635491,323.933,122,4,91.02
2191,636091,314.4492,600,5,98.14
2192,636288,655.1715,197,6,100.0
2193,636492,673.977,204,6,100.0
2194,637092,346.635,600,5,95.8
2195,637692,308.4509,600,5,97.85
2196,637866,440.6309,174,5,99.41
2197,638466,216.5697,600,4,89.45
2198,638992,190.1029,526,3,83.5
2199,639592,242.469,600,4,92.09
2200,640192,460.0649,600,5,99.61
2201,640792,384.9779,600,5,96.09
2202,641392,349.2357,600,5,97.36
2203,641992,275.0487,600,4,92.77
2204,642592,320.3366,600,5,96.78
2205,642692,236.2671,100,3,82.03
2206,643292,361.5772,600,5,95.31
2207,643816,213.8731,524,4,89.94
2208,643893,166.9498,77,2,52.44
2209,643904,-26.5785,11,1,31.45
2210,643985,160.8186,81,2,53.91
2211,644062,146.0167,77,2,53.42
2212,644662,380.2577,600,5,98.14
2213,645262,261.2141,600,4,91.5
2214,645777,306.6214,515,4,88.57
2215,646377,308.4371,600,4,90.62
2216,646661,781.0587,284,6,100.0
2217,647261,351.4401,600,5,95.9
2218,647307,65.3836,46,1,25.68
2219,647349,48.5193,42,1,45.7
2220,647484,312.2228,135,3,83.11
2221,648084,331.0,600,5,97.75
2222,648684,404.2918,600,5,99.41
2223,648786,243.3422,102,3,80.27
2224,648802,-0.1064,16,1,41.41
2225,648818,6.3371,16,1,22.75
2226,648842,5.6502,24,1,20.8
2227,648849,-23.0301,7,1,17.19
2228,648983,353.6155,134,4,90.04
2229,649198,677.4226,215,6,100.0
2230,649798,426.1126,600,5,99.71
2231,650398,324.8579,600,5,97.85
2232,650998,326.4299,600,5,95.8
2233,651188,475.5666,190,5,99.51
2234,651408,634.6861,220,6,100.0
2235,651578,457.4312,170,5,99.12
2236,652178,237.4714,600,4,90.14
2237,652598,323.4968,420,5,97.75
2238,652786,646.0595,188,6,100.0
2239,652887,255.0833,101,3,82.52
2240,653487,317.3578,600,5,98.05
2241,653675,485.3923,188,5,99.32
2242,653753,155.6736,78,2,53.42
2243,653874,329.6307,121,4,88.96
2244,654066,647.7489,192,6,100.0
2245,654666,347.0961,600,5,97.75
2246,654776,297.9851,110,4,89.36
2247,655376,241.2261,600,4,94.14
2248,655498,266.8588,122,3,83.11
2249,655690,675.0256,192,6,100.0
2250,656290,307.3971,600,5,95.12
2251,656890,311.7729,600,4,98.44
2252,657125,484.8429,235,5,100.0
2253,657725,254.9295,600,3,89.16
2254,658325,298.6578,600,4,90.72
2255,658779,455.3138,454,5,99.51
2256,659379,306.471,600,5,97.85
2257,659979,441.8955,600,5,99.61
2258,660579,344.3501,600,5,95.41
2259,660711,349.6974,132,4,89.75
2260,660914,688.0529,203,6,100.0
2261,661377,218.3428,463,4,82.32
2262,661517,367.333,140,4,93.75
2263,661709,661.8139,192,6,100.0
2264,661728,-2.9792,19,1,20.31
2265,661747,-12.0102,19,1,20.31
2266,662347,445.3984,600,5,99.61
2267,662947,340.9589,600,5,95.9
2268,663188,745.8647,241,6,100.0
2269,663415,529.2408,227,5,98.83
2270,664015,250.1966,600,3,91.02
2271,664615,357.1176,600,5,94.43
2272,665215,346.6056,600,5,95.21
2273,665815,365.0623,600,5,98.05
2274,665839,11.6749,24,1,19.34
2275,666439,371.0629,600,4,84.86
2276,667039,341.4799,600,5,96.09
2277,667078,40.0777,39,1,45.21
2278,667268,651.3292,190,6,100.0
2279,667468,668.5727,200,6,99.9
2280,668068,247.2862,600,3,82.71
2281,668668,260.5893,600,4,89.75
2282,668802,362.2639,134,4,89.75
2283,669402,232.4621,600,3,83.4
2284,670002,365.5236,600,5,98.05
2285,670602,353.5838,600,5,97.75
2286,671202,239.5973,600,4,90.33
2287,671340,318.4104,138,4,90.62
2288,671940,317.6786,600,5,98.14
2289,672540,270.8291,600,4,84.47
2290,673140,274.0436,600,3,83.5
2291,673300,218.7596,160,3,81.54
2292,673900,353.4383,600,5,97.95
2293,674500,286.6823,600,4,88.57
2294,674625,335.8398,125,4,91.8
2295,674783,230.9054,158,3,80.27
2296,675383,324.4658,600,5,94.43
2297,675983,375.7394,600,5,94.92
2298,676583,366.2094,600,4,96.09
2299,677183,271.352,600,4,89.65
2300,677783,272.8309,600,4,90.72
2301,678247,324.1449,464,5,95.31
2302,678442,657.0177,195,6,100.0
2303,679042,330.428,600,5,94.43
2304,679642,361.0195,600,5,96.58
2305,679741,196.5901,99,2,71.29
2306,679765,2.4732,24,1,20.41
2307,680365,151.2551,600,2,70.02
2308,680390,11.7927,25,1,19.43
2309,680650,304.8889,260,4,89.65
2310,680847,496.5544,197,5,99.51
2311,680966,276.8252,119,3,83.79
2312,681566,449.2854,600,5,99.51
2313,681758,653.9779,192,6,100.0
2314,682358,367.4918,600,5,95.12
2315,682892,247.9342,534,4,84.47
2316,683105,616.0752,213,6,100.0
2317,683169,131.3663,64,2,54.39
2318,683769,242.1303,600,4,90.14
2319,684369,238.8019,600,4,90.53
2320,684572,621.4854,203,6,99.9
2321,685032,251.482,460,4,90.04
2322,685632,375.6983,600,5,99.32
2323,686232,260.4928,600,3,77.05
2324,686832,308.6221,600,5,95.8
2325,687432,367.2913,600,5,99.71
2326,688032,249.4249,600,4,89.65
2327,688632,342.0741,600,5,99.02
2328,689232,341.5447,600,5,98.63
2329,689832,251.3706,600,4,89.75
2330,690432,373.6817,600,5,98.83
2331,690830,223.3541,398,3,82.23
2332,690950,285.9397,120,3,83.4
2333,690962,-5.4189,12,1,43.65
2334,691361,321.3489,399,5,95.8
2335,691961,325.2391,600,5,95.41
2336,692561,242.5563,600,4,89.26
2337,692930,259.5592,369,3,83.11
2338,693530,322.1793,600,5,95.8
2339,694130,257.2307,600,4,94.04
2340,694730,421.6095,600,5,99.51
2341,695330,364.1911,600,5,95.9
2342,695930,258.7641,600,4,89.55
2343,695948,3.2273,18,1,21.09
2344,695958,-11.3097,10,1,41.41
2345,696138,640.6165,180,6,100.0
2346,696158,-8.9436,20,1,18.95
2347,696758,461.4253,600,5,99.41
2348,697358,320.3846,600,5,96.19
2349,697958,331.0157,600,5,95.12
2350,698455,243.9732,497,3,83.2
2351,698644,642.2168,189,6,100.0
2352,699107,257.0222,463,4,89.26
2353,699135,14.0226,28,1,45.31
2354,699735,338.3492,600,5,97.17
2355,700335,315.8276,600,4,90.43
2356,700431,259.5862,96,3,55.96
2357,700858,280.5287,427,4,88.77
2358,701458,274.6767,600,4,92.58
2359,701640,642.6567,182,6,100.0
2360,702240,256.2455,600,4,89.06
2361,702607,264.2521,367,3,82.52
2362,703207,421.7681,600,5,99.41
2363,703807,338.2256,600,5,97.27
2364,703838,37.5271,31,1,43.65
2365,704438,258.9201,600,3,82.52
2366,704458,0.1067,20,1,20.41
2367,704889,425.2037,431,5,99.02
2368,705489,313.4186,600,4,91.8
2369,705869,221.9103,380,3,83.59
2370,705899,28.8796,30,1,44.82
2371,706499,247.6295,600,4,91.21
2372,706946,263.3742,447,4,89.16
2373,707141,659.6372,195,6,100.0
2374,707741,312.2032,600,4,91.21
2375,707939,667.4123,198,6,100.0
2376,708539,337.6528,600,5,96.58
2377,708914,359.8266,375,5,96.58
2378,709417,186.1273,503,3,81.74
2379,709434,8.6943,17,1,46.58
2380,710034,338.7892,600,5,97.36
2381,710062,25.6496,28,1,42.97
2382,710082,3.09,20,1,19.14
2383,710280,591.4699,198,6,99.9
2384,710880,478.7444,600,5,98.34
2385,711480,364.5293,600,5,94.82
2386,711932,268.7191,452,4,90.53
2387,712532,304.1511,600,5,92.68
2388,713132,245.0393,600,4,88.96
2389,713448,311.4962,316,5,91.41
2390,714048,348.7653,600,5,96.19
2391,714071,11.4811,23,1,21.19
2392,714671,353.3855,600,5,95.41
2393,715208,174.7954,537,3,82.52
2394,715422,609.9986,214,6,100.0
2395,716022,168.5246,600,3,81.84
2396,716358,181.2506,336,2,79.3
2397,716540,652.4341,182,6,100.0
2398,716714,625.5439,174,6,100.0
2399,717178,265.9593,464,4,89.75
2400,717778,342.7643,600,5,95.51
2401,718378,224.3712,600,4,88.57
2402,718772,249.8111,394,3,90.53
2403,719372,384.8026,600,5,95.02
2404,719972,442.6922,600,5,98.93
2405,720572,562.3056,600,5,100.0
2406,721172,287.8375,600,4,92.19
2407,721197,11.209,25,1,21.58
2408,721633,258.8405,436,4,90.62
2409,722076,252.8662,443,4,92.97
2410,722676,330.6377,600,5,95.9
2411,722707,13.4743,31,1,41.41
2412,722720,-9.0782,13,1,43.95
2413,722743,14.5279,23,1,40.82
2414,723343,262.0555,600,4,89.36
2415,723799,306.303,456,4,92.29
2416,723825,11.0296,26,1,19.82
2417,724425,403.3104,600,5,99.02
2418,725011,278.5399,586,4,91.31
2419,725304,195.0343,293,3,80.76
2420,725887,145.8359,583,3,81.45
2421,726328,298.4487,441,4,90.43
2422,726635,240.1187,307,3,82.42
2423,726650,0.3256,15,1,43.16
2424,726852,606.28,202,6,99.9
2425,726866,0.1518,14,1,40.53
2426,726899,43.1905,33,1,46.29
2427,727499,439.3229,600,5,99.41
2428,728099,443.2309,600,5,99.71
2429,728699,328.5286,600,5,95.02
2430,728721,8.8247,22,1,21.09
2431,729321,300.1224,600,5,95.8
2432,729754,465.5826,433,5,100.0
2433,730019,611.4569,265,6,100.0
2434,730619,511.3021,600,5,100.0
2435,731219,208.7188,600,4,89.26
2436,731434,514.3018,215,5,100.0
2437,732034,263.2036,600,4,91.5
2438,732051,-6.3799,17,1,41.89
2439,732465,616.5346,414,6,100.0
2440,732991,150.7348,526,3,83.2
2441,733591,250.0536,600,4,89.06
2442,733805,491.5612,214,5,100.0
2443,734405,486.2009,600,5,100.0
2444,735005,329.7162,600,5,95.21
2445,735605,260.4117,600,4,90.04
2446,736205,244.1103,600,4,88.48
2447,736805,363.3345,600,5,95.21
2448,737405,442.7316,600,5,100.0
2449,738005,260.1186,600,4,94.34
2450,738469,280.9896,464,4,90.04
2451,738624,242.0275,155,3,82.81
2452,739224,240.9057,600,4,89.06
2453,739824,332.4946,600,4,93.85
2454,740424,308.7734,600,4,92.38
2455,741024,232.2223,600,3,82.13
2456,741035,-11.7396,11,1,42.97
2457,741523,225.2938,488,3,83.2
2458,741864,200.3956,341,3,83.2
2459,741873,-14.2262,9,1,40.62
2460,742473,448.1826,600,5,99.41
2461,743073,340.6883,600,5,95.51
2462,743099,-3.9625,26,1,21.09
2463,743699,350.3451,600,5,96.0
2464,743882,612.6423,183,6,100.0
2465,744215,314.7984,333,4,92.48
2466,744815,453.2096,600,5,99.41
2467,745026,674.3692,211,6,100.0
2468,745626,287.7813,600,4,89.84
2469,746085,270.3205,459,4,89.75
2470,746685,280.8277,600,4,89.26
2471,747285,442.3584,600,5,99.32
2472,747311,32.1391,26,1,25.1
2473,747370,29.0715,59,1,22.36
2474,747874,238.1338,504,4,89.94
2475,747899,11.838,25,1,21.0
2476,748499,292.9344,600,4,89.65
2477,748689,658.3448,190,6,100.0
2478,748703,0.3911,14,1,44.73
2479,749026,325.2066,323,4,90.04
2480,749626,444.5791,600,5,100.0
2481,750226,220.4277,600,3,83.69
2482,750684,430.028,458,5,99.71
2483,750872,668.703,188,6,100.0
2484,751472,366.9733,600,5,99.32
2485,752072,317.0174,600,5,95.12
2486,752672,319.6932,600,5,95.8
2487,753137,185.5827,465,3,82.81
2488,753737,337.6205,600,5,100.0
2489,754337,493.5942,600,5,100.0
2490,754937,335.5341,600,4,83.01
2491,755537,350.8588,600,4,90.23
2492,755865,325.2262,328,4,89.65
2493,756465,374.4982,600,5,99.9
2494,756857,327.4145,392,5,92.09
2495,757309,321.9939,452,4,88.77
2496,757909,476.8708,600,5,99.8
2497,758430,288.4148,521,4,89.26
2498,759002,428.0844,572,6,99.8
2499,759109,269.6223,107,3,76.56
2500,759651,188.3749,542,4,83.01
2501,759750,263.0514,99,3,77.83
2502,760217,462.0101,467,5,100.0
2503,760817,332.0143,600,5,92.48
2504,761362,248.4095,545,4,89.16
2505,761962,321.6877,600,5,96.58
2506,762315,260.3227,353,4,92.19
2507,762915,291.2067,600,3,84.67
2508,763346,213.9827,431,4,82.91
2509,763946,302.1391,600,4,90.14
2510,764227,370.1952,281,5,97.36
2511,764827,323.8783,600,5,97.36
2512,765427,488.9155,600,5,100.0
2513,766027,332.2416,600,5,89.84
2514,766437,359.1538,410,5,90.53
2515,767037,218.1009,600,3,83.4
2516,767521,186.3903,484,3,83.3
2517,767927,175.142,406,3,78.81
2518,768527,212.5329,600,4,90.53
2519,768723,621.0226,196,6,99.51
2520,768749,25.46,26,1,24.02
2521,769348,455.7723,599,5,100.0
2522,769563,663.0263,215,6,100.0
2523,770163,219.4724,600,4,89.26
2524,770354,652.4192,191,6,100.0
2525,770537,647.1969,183,6,100.0
2526,770633,212.3921,96,3,82.13
2527,770826,677.2486,193,6,100.0
2528,771426,328.41,600,5,96.78
2529,772026,341.9002,600,5,97.27
2530,772626,305.9199,600,5,95.61
2531,773226,460.1156,600,5,100.0
2532,773826,274.9296,600,4,83.69
2533,774426,438.535,600,5,100.0
2534,774616,655.3378,190,6,100.0
2535,775157,226.5375,541,4,88.96
2536,775184,0.8403,27,1,21.29
2537,775784,368.4609,600,5,95.9
2538,776384,237.2077,600,4,92.77
2539,776984,365.519,600,5,95.9
2540,777584,452.9559,600,5,100.0
2541,777782,650.2218,198,6,100.0
2542,778382,323.5176,600,5,95.8
2543,778982,201.5458,600,3,82.81
2544,779582,273.9508,600,3,83.69
2545,780182,499.7615,600,5,100.0
2546,780390,623.5722,208,6,99.61
2547,780990,437.2883,600,5,100.0
2548,781590,297.3157,600,5,96.68
2549,782190,221.0745,600,4,89.45
2550,782618,287.0486,428,4,91.21
2551,783170,267.3729,552,5,96.0
2552,783770,327.5151,600,5,92.58
2553,784181,226.1244,411,3,84.67
2554,784781,451.2889,600,5,100.0
2555,785381,258.6728,600,4,93.95
2556,785585,621.934,204,6,99.8
2557,786143,283.3131,558,5,92.19
2558,786322,622.4612,179,6,99.9
2559,786524,646.2932,202,6,100.0
2560,786730,617.9694,206,6,99.9
2561,787330,224.3786,600,3,83.79
2562,787772,180.9647,442,3,79.59
2563,788066,313.0165,294,5,96.78
2564,788404,291.4079,338,4,89.94
2565,788592,609.6577,188,6,100.0
2566,788774,590.439,182,6,100.0
2567,789374,103.2695,600,2,55.47
2568,789482,260.1786,108,3,78.32
2569,789557,187.0964,75,2,74.12
2570,790097,421.4458,540,5,100.0
2571,790113,6.2173,16,1,44.73
2572,790174,40.4205,61,1,21.97
2573,790774,296.908,600,5,96.58
2574,790966,649.8686,192,6,100.0
2575,791143,626.3239,177,6,100.0
2576,791184,36.3885,41,1,48.14
2577,791784,340.7975,600,5,94.63
2578,791841,39.035,57,1,22.07
2579,792215,254.2876,374,4,83.89
2580,792815,341.8897,600,5,97.27
2581,793415,502.3981,600,5,99.8
2582,793440,8.306,25,1,20.02
2583,794040,241.3689,600,4,84.18
2584,794056,5.3879,16,1,44.53
2585,794656,304.3912,600,4,89.94
2586,795256,418.5658,600,5,100.0
2587,795748,217.3564,492,3,83.79
2588,796348,255.9321,600,3,83.69
2589,796370,2.3126,22,1,17.68
2590,796404,25.0192,34,1,45.21
2591,796979,274.8628,575,5,96.29
2592,797579,283.1448,600,5,96.68
2593,797593,-3.1326,14,1,44.82
2594,797797,656.7143,204,6,100.0
2595,797995,637.2427,198,6,100.0
2596,798595,295.9001,600,3,84.18
2597,798617,6.0442,22,1,20.9
2598,798641,28.8268,24,1,47.56
2599,799109,299.5226,468,4,90.82
2600,799597,288.3138,488,4,91.89
2601,799789,640.0191,192,6,100.0
2602,800389,269.5731,600,4,90.82
2603,800989,306.8808,600,4,93.07
2604,801589,333.9728,600,4,91.99
2605,801860,718.3592,271,6,100.0
2606,801896,31.0605,36,1,46.0
2607,801925,24.3838,29,1,46.39
2608,801961,39.4158,36,1,46.19
2609,802178,610.0515,217,6,100.0
2610,802778,321.7769,600,5,98.05
2611,803378,472.3616,600,5,100.0
2612,803670,338.7883,292,5,96.58
2613,804055,341.8836,385,5,94.43
2614,804551,274.7845,496,4,90.43
2615,804746,659.2357,195,6,100.0
2616,805346,437.308,600,5,100.0
2617,805830,162.0452,484,3,80.37
2618,806020,640.165,190,6,99.9
2619,806620,332.2457,600,4,90.62
2620,806809,637.949,189,6,100.0
2621,807198,171.4961,389,3,76.27
2622,807798,307.829,600,5,92.97
2623,808398,346.182,600,5,95.8
2624,808591,615.6819,193,6,100.0
2625,809180,298.9274,589,5,95.41
2626,809780,427.6691,600,5,99.71
2627,810380,382.426,600,5,100.0
2628,810649,443.3722,269,4,77.54
2629,811114,238.533,465,3,84.08
2630,811537,200.703,423,4,83.2
2631,811736,673.4601,199,6,100.0
2632,812047,326.8814,311,5,97.17
2633,812055,-17.0005,8,1,41.8
2634,812361,236.5756,306,3,84.08
2635,812961,435.0485,600,5,99.71
2636,813360,223.3389,399,3,83.79
2637,813857,443.8162,497,5,100.0
2638,813877,8.9653,20,1,40.43
2639,814477,442.6607,600,5,100.0
2640,814665,637.2837,188,6,100.0
2641,815207,417.2267,542,5,99.8
2642,815714,430.2722,507,5,99.9
2643,815903,636.1483,189,6,100.0
2644,816503,255.0805,600,4,89.55
2645,817103,467.8671,600,5,100.0
2646,817291,633.6118,188,6,99.8
2647,817373,220.3093,82,3,75.88
2648,817973,161.1377,600,3,84.57
2649,818573,261.9507,600,4,82.62
2650,819173,235.2733,600,3,82.91
2651,819773,284.2773,600,3,83.98
2652,819798,20.6097,25,1,21.29
2653,820398,187.836,600,3,90.33
2654,820998,276.2798,600,2,80.47
2655,821349,13.3381,351,1,34.96
2656,821949,312.6394,600,5,98.05
2657,822549,256.17,600,2,73.73
2658,823149,207.1659,600,3,83.59
2659,823749,269.9975,600,4,89.45
2660,824349,276.7555,600,4,84.57
2661,824901,460.5578,552,5,99.9
2662,825501,289.2458,600,3,79.2
2663,826101,447.3291,600,5,100.0
2664,826265,263.5224,164,3,79.1
2665,826303,39.4432,38,1,48.34
2666,826903,207.7909,600,3,81.45
2667,826928,16.0992,25,1,20.8
2668,827380,290.5881,452,4,92.09
2669,827416,36.4137,36,1,21.48
2670,827835,234.4004,419,4,82.62
2671,828435,454.5633,600,5,100.0
2672,829035,265.9768,600,4,92.48
2673,829635,219.0231,600,3,81.84
2674,829941,259.1931,306,3,83.98
2675,829971,22.7949,30,1,39.26
2676,830441,260.1913,470,4,86.62
2677,830627,625.0447,186,6,100.0
2678,830781,189.588,154,2,76.66
2679,831381,482.2521,600,5,99.9
2680,831981,473.6056,600,5,100.0
2681,832200,697.3568,219,6,100.0
2682,832800,355.4702,600,5,96.78
2683,833400,228.3152,600,3,83.79
2684,834000,482.1022,600,5,99.9
2685,834600,452.2945,600,5,100.0
2686,835200,348.8585,600,5,94.53
2687,835800,449.0893,600,5,100.0
2688,836400,213.2037,600,3,86.72
2689,836699,327.5844,299,4,89.06
2690,836931,237.5419,232,3,79.98
2691,836973,48.2215,42,1,45.21
2692,836987,-11.8596,14,1,40.04
2693,837587,323.3754,600,5,96.58
2694,838187,157.1135,600,3,79.49
2695,838371,643.9905,184,6,100.0
2696,838971,456.2859,600,5,100.0
2697,839571,316.9265,600,5,97.46
2698,839591,0.1124,20,1,19.14
2699,840191,261.9332,600,4,88.87
2700,840362,613.9655,171,6,99.9
2701,840383,17.7593,21,1,22.66
2702,840541,227.6981,158,3,81.15
2703,841141,244.3584,600,4,89.45
2704,841741,329.7296,600,5,96.09
2705,842341,316.5082,600,5,95.31
2706,842941,216.2486,600,4,90.92
2707,843137,674.9402,196,6,100.0
2708,843332,649.7879,195,6,100.0
2709,843862,191.0123,530,3,81.84
2710,844462,257.956,600,4,94.82
2711,845062,253.8765,600,4,92.48
2712,845662,449.5921,600,5,100.0
2713,845895,301.2825,233,3,88.87
2714,846495,321.2436,600,4,92.38
2715,847095,306.1852,600,4,91.41
2716,847268,310.9356,173,4,88.18
2717,847443,611.5714,175,6,100.0
2718,848043,438.4441,600,5,100.0
2719,848203,273.9515,160,3,81.64
2720,848212,-17.2092,9,1,39.55
2721,848396,649.2535,184,6,99.9
2722,848578,630.5052,182,6,100.0
2723,848590,-17.4428,12,1,40.82
2724,848926,473.938,336,5,99.32
2725,849526,258.1279,600,4,90.62
2726,849777,215.235,251,3,77.83
2727,849805,38.0934,28,1,52.54
2728,850121,119.1439,316,2,73.44
2729,850721,352.535,600,4,94.14
2730,851282,402.5836,561,5,100.0
2731,851882,470.0671,600,5,99.9
2732,852154,178.9327,272,3,78.91
2733,852336,648.1711,182,6,100.0
2734,852624,321.8331,288,5,95.21
2735,852666,36.7965,42,1,23.93
2736,852680,-2.3995,14,1,40.92
2737,852694,-8.6541,14,1,40.82
2738,853294,338.0816,600,3,80.18
2739,853432,297.0552,138,3,83.59
2740,853897,259.991,465,4,90.23
2741,854497,226.7843,600,3,78.91
2742,854529,28.7427,32,1,42.19
2743,854548,3.0784,19,1,22.95
2744,855148,484.5,600,5,100.0
2745,855748,368.5,600,5,95.9
2746,856123,309.2611,375,4,90.04
2747,856624,273.8177,501,5,94.92
2748,856646,20.788,22,1,22.27
2749,857246,326.7527,600,5,95.31
2750,857846,300.0459,600,4,92.48
2751,858024,295.9193,178,4,92.97
2752,858624,336.8235,600,5,95.7
2753,859224,421.8185,600,5,100.0
2754,859783,246.3038,559,4,90.14
2755,860172,288.5934,389,4,90.82
2756,860772,214.7375,600,3,82.42
2757,860965,642.1854,193,6,100.0
2758,861448,196.2161,483,4,90.23
2759,862048,411.5612,600,5,100.0
2760,862259,313.3441,211,4,91.5
2761,862424,251.9439,165,3,81.54
2762,863024,225.503,600,4,89.45
2763,863624,305.2963,600,5,94.53
2764,863777,425.4812,153,4,81.64
2765,864377,289.8783,600,5,94.63
2766,864568,634.4572,191,6,100.0
2767,865168,483.6451,600,5,100.0
2768,865350,294.6326,182,4,90.62
2769,865543,650.6346,193,6,100.0
2770,866143,463.2391,600,5,99.8
2771,866170,22.8614,27,1,21.58
2772,866770,218.1249,600,3,81.84
2773,867370,235.2816,600,3,83.01
2774,867538,452.1041,168,4,80.37
2775,867770,274.2467,232,4,94.92
2776,867838,160.1772,68,2,68.85
2777,867998,432.2814,160,4,81.54
2778,868155,229.3109,157,3,82.13
2779,868755,464.4243,600,5,99.9
2780,868774,-2.8372,19,1,20.8
2781,868945,310.2172,171,4,88.57
2782,869032,231.0599,87,3,72.95
2783,869188,433.6586,156,4,82.32
2784,869788,474.0429,600,5,100.0
2785,870388,218.8042,600,3,85.16
2786,870970,285.5412,582,5,95.8
2787,871181,259.041,211,2,79.98
2788,871399,457.12,218,5,98.05
2789,871569,603.5186,170,6,100.0
2790,872169,301.3165,600,4,91.8
2791,872306,302.6443,137,4,93.85
2792,872465,261.5213,159,3,81.74
2793,873065,297.4424,600,5,95.21
2794,873245,620.4431,180,6,100.0
2795,873415,295.7334,170,4,90.23
2796,873590,619.7514,175,6,100.0
2797,873761,155.4932,171,2,76.56
2798,874361,305.399,600,5,94.53
2799,874634,364.5738,273,5,94.92
2800,874806,275.5328,172,4,88.38
2801,875406,295.4136,600,5,95.02
2802,875935,436.2588,529,5,99.9
2803,876535,287.1656,600,4,89.06
2804,876960,214.9421,425,3,81.93
2805,877560,334.863,600,5,96.58
2806,878160,303.644,600,5,96.58
2807,878760,285.5492,600,5,96.0
2808,879219,199.264,459,3,81.25
2809,879819,461.2866,600,5,100.0
2810,880419,269.9599,600,5,96.0
2811,881019,299.9342,600,5,95.12
2812,881619,464.6331,600,5,99.71
2813,882219,218.1211,600,3,81.54
2814,882735,231.7921,516,3,80.47
2815,883335,232.5741,600,3,85.16
2816,883935,488.7646,600,5,100.0
2817,884390,158.4458,455,3,82.91
2818,884548,395.3913,158,4,79.39
2819,885148,268.2856,600,5,96.48
2820,885748,299.2287,600,4,90.62
2821,885909,266.7698,161,3,81.45
2822,886084,302.7838,175,4,90.04
2823,886684,355.7672,600,5,96.68
2824,887284,497.0183,600,5,100.0
2825,887632,232.8529,348,3,85.94
2826,888232,219.3367,600,2,79.39
2827,888282,50.7253,50,1,46.68
2828,888799,589.3602,517,6,100.0
2829,889027,291.9216,228,4,87.99
2830,889069,42.5107,42,1,46.78
2831,889078,-14.4507,9,1,39.75
2832,889678,308.1474,600,5,95.9
2833,889701,-3.166,23,1,20.7
2834,889872,168.898,171,2,77.05
2835,890472,450.7682,600,5,99.8
2836,890559,241.4273,87,3,78.03
2837,891159,222.8529,600,3,87.79
2838,891600,425.8717,441,5,100.0
2839,891762,253.0303,162,2,80.47
2840,891782,3.3613,20,1,20.12
2841,892382,453.8762,600,5,100.0
2842,892982,315.5603,600,3,83.89
2843,893158,631.3646,176,6,100.0
2844,893331,292.5727,173,4,94.63
2845,893577,211.2155,246,2,78.71
2846,894177,267.6644,600,3,84.77
2847,894369,643.9636,192,6,100.0
2848,894688,254.6759,319,3,81.93
2849,895288,392.0898,600,4,92.77
2850,895888,445.6429,600,5,100.0
2851,896480,237.1347,592,3,86.33
2852,897080,331.0778,600,5,94.24
2853,897386,192.2094,306,2,79.0
2854,897677,199.2333,291,2,79.2
2855,898217,260.7384,540,4,92.48
2856,898817,306.736,600,5,96.39
2857,899417,291.0722,600,4,91.8
2858,899679,252.8545,262,3,80.96
2859,900279,357.7658,600,5,94.34
2860,900472,285.2272,193,4,89.84
2861,900660,632.7569,188,6,99.8
2862,901260,462.5086,600,5,99.8
2863,901274,-23.9502,14,1,31.93
2864,901874,417.3904,600,5,100.0
2865,902082,324.2441,208,4,90.23
2866,902682,294.3467,600,4,89.06
2867,902698,-23.7479,16,1,16.5
2868,902891,645.7393,193,6,100.0
2869,903491,281.5607,600,4,92.09
2870,903674,352.489,183,5,96.39
2871,904274,357.573,600,4,93.75
2872,904691,251.6729,417,3,83.5
2873,905291,485.4617,600,5,100.0
2874,905630,207.2409,339,3,80.96
2875,905852,235.6462,222,3,84.18
2876,906452,322.9344,600,4,92.58
2877,906612,236.2939,160,3,81.54
2878,906725,185.9018,113,2,64.94
2879,907325,386.5358,600,4,92.97
2880,907715,329.8156,390,4,93.07
2881,907918,468.0257,203,4,82.42
2882,908375,259.3337,457,2,77.83
2883,908795,241.4563,420,4,88.77
2884,908954,232.4294,159,3,79.39
2885,909189,177.492,235,2,77.83
2886,909789,314.8127,600,4,92.77
2887,909965,428.8749,176,4,79.39
2888,910565,304.6891,600,5,96.0
2889,911165,324.1187,600,5,96.58
2890,911765,476.2576,600,5,99.9
2891,911786,-9.1345,21,1,19.24
2892,911939,229.6875,153,2,79.2
2893,912539,433.672,600,5,99.9
2894,912756,238.5622,217,3,79.69
2895,912867,281.4316,111,3,78.22
2896,913022,249.6147,155,3,80.96
2897,913616,298.5536,594,5,95.8
2898,914107,527.9894,491,5,99.9
2899,914707,346.077,600,5,97.46
2900,915307,320.5065,600,5,96.88
2901,915327,6.0357,20,1,22.17
2902,915556,242.1004,229,2,78.91
2903,915571,-20.802,15,1,17.48
2904,915716,311.2716,145,4,89.45
2905,916316,264.0485,600,3,89.06
2906,916916,447.0,600,5,99.9
2907,917324,197.7134,408,2,81.45
2908,917489,199.744,165,2,77.64
2909,918089,292.1296,600,5,94.34
2910,918256,249.6671,167,2,80.96
2911,918442,298.6892,186,4,90.53
2912,919042,336.2581,600,4,92.77
2913,919642,233.9934,600,4,89.94
2914,920242,361.1555,600,4,93.85
2915,920270,16.7952,28,1,21.48
2916,920426,265.528,156,3,80.96
2917,921026,192.906,600,3,79.3
2918,921626,451.4499,600,5,100.0
2919,921928,222.0736,302,3,81.74
2920,922528,261.5753,600,4,83.2
2921,923128,440.2853,600,5,99.8
2922,923728,314.939,600,4,92.48
2923,923900,605.6051,172,6,100.0
2924,924500,290.1327,600,4,89.94
2925,924732,324.7571,232,4,90.72
2926,925332,303.5289,600,5,96.09
2927,925511,613.4431,179,6,100.0
2928,925749,322.7505,238,4,92.48
2929,925769,12.2341,20,1,22.66
2930,926369,322.3485,600,5,96.68
2931,926469,246.0907,100,3,54.3
2932,927069,279.9518,600,4,92.29
2933,927376,193.4129,307,2,77.44
2934,927398,5.8994,22,1,21.97
2935,927655,240.4614,257,3,82.32
2936,927812,268.3024,157,3,80.96
2937,927830,-2.8241,18,1,20.8
2938,928430,117.0155,600,2,73.63
2939,929030,251.1504,600,4,91.99
2940,929630,456.9597,600,5,100.0
2941,930105,158.3966,475,3,80.27
2942,930705,266.8809,600,4,93.16
2943,930738,40.4022,33,1,51.46
2944,930747,-20.2679,9,1,40.92
2945,931347,225.6994,600,2,77.64
2946,931947,346.8917,600,4,93.46
2947,932122,600.0696,175,6,100.0
2948,932299,611.3018,177,6,100.0
2949,932455,271.2276,156,3,81.45
2950,933055,378.6973,600,5,96.97
2951,933512,442.3213,457,5,100.0
2952,934112,444.5206,600,5,100.0
2953,934712,436.4371,600,5,99.8
2954,935312,451.603,600,5,100.0
2955,935912,419.8377,600,5,100.0
2956,936512,303.7091,600,5,96.58
2957,936693,623.0852,181,6,99.9
2958,936990,218.8852,297,2,80.47
2959,937590,291.2435,600,3,90.14
2960,937903,498.1209,313,5,100.0
2961,937934,37.7196,31,1,50.88
2962,938040,227.6407,106,3,80.66
2963,938225,631.4003,185,6,99.8
2964,938401,606.9306,176,6,100.0
2965,938412,-26.4268,11,1,31.84
2966,939012,310.4894,600,4,93.95
2967,939612,513.6507,600,5,100.0
2968,940212,433.1217,600,5,100.0
2969,940298,231.4944,86,3,75.98
2970,940387,241.2061,89,3,77.05
2971,940987,321.3427,600,5,96.0
2972,941587,200.4,600,2,72.46
2973,942187,330.9332,600,5,96.48
2974,942787,298.1376,600,5,96.58
2975,943371,211.0964,584,2,78.61
2976,943679,167.7792,308,2,78.03
2977,943849,404.9516,170,4,86.43
2978,944077,23.277,228,1,32.32
2979,944677,334.4981,600,5,96.39
2980,945277,461.5149,600,5,99.71
2981,945289,-14.2776,12,1,42.19
2982,945889,272.3173,600,4,93.26
2983,946489,311.5199,600,5,96.39
2984,947089,303.4309,600,5,96.58
2985,947103,-5.849,14,1,41.89
2986,947289,646.4937,186,6,100.0
2987,947427,302.0514,138,4,93.55
2988,947670,341.3163,243,4,95.21
2989,948270,464.1958,600,5,99.8
2990,948287,9.0999,17,1,43.95
2991,948887,226.5134,600,3,79.79
2992,949056,304.7679,169,4,91.31
2993,949656,302.1737,600,5,95.61
2994,949763,216.7287,107,2,70.31
2995,949940,631.0952,177,6,100.0
2996,950540,451.7786,600,5,99.9
2997,951140,475.3283,600,5,99.9
2998,951740,309.385,600,5,95.61
2999,952077,193.504,337,3,79.69
3000,952175,184.7067,98,2,69.92
3001,952775,470.4206,600,5,99.9
3002,952954,609.235,179,6,100.0
3003,953412,452.7764,458,5,100.0
3004,954012,375.8736,600,5,99.51
3005,954172,305.9091,160,4,91.99
3006,954188,0.297,16,1,42.97
3007,954788,289.4261,600,5,96.48
3008,954945,251.0477,157,2,79.39
3009,954965,15.128,20,1,21.78
3010,955565,158.0797,600,2,78.81
3011,956165,454.4769,600,5,99.71
3012,956765,251.4192,600,4,91.31
3013,957365,337.8273,600,4,93.46
3014,957965,255.227,600,4,94.53
3015,957984,-2.8747,19,1,19.92
3016,958003,-2.6698,19,1,20.31
3017,958172,291.6395,169,4,91.21
3018,958346,371.1896,174,4,86.43
3019,958946,457.0768,600,5,97.56
3020,959546,483.4089,600,5,100.0
3021,959650,187.0127,104,2,70.02
3022,959819,598.9298,169,6,100.0
3023,960419,474.5753,600,5,100.0
3024,960825,281.9953,406,3,85.16
3025,961425,471.4269,600,5,99.71
3026,962025,375.7696,600,5,96.58
3027,962268,254.3788,243,2,73.83
3028,962372,195.673,104,2,70.02
3029,962396,5.6231,24,1,18.55
3030,962495,187.5533,99,2,71.09
3031,963035,295.489,540,4,92.48
3032,963635,419.6275,600,5,99.61
3033,964235,330.9349,600,4,95.7
3034,964835,321.6937,600,4,94.53
3035,965319,321.8694,484,4,90.14
3036,965919,451.0306,600,5,99.9
3037,966394,329.0475,475,5,94.53
3038,966635,389.9878,241,5,96.88
3039,967235,357.6757,600,5,97.46
3040,967835,232.1144,600,4,89.75
3041,968435,291.5799,600,3,83.79
3042,969035,263.0913,600,4,92.58
3043,969293,379.4821,258,4,86.13
3044,969302,-20.0416,9,1,41.41
3045,969902,269.8293,600,3,83.79
3046,970208,278.7188,306,4,93.65
3047,970235,19.6802,27,1,21.58
3048,970325,157.3448,90,2,69.63
3049,970348,-12.6981,23,1,17.09
3050,970356,-20.1166,8,1,37.3
3051,970956,350.6604,600,4,96.68
3052,971556,466.9594,600,5,100.0
3053,972015,257.3225,459,3,85.16
3054,972593,282.2737,578,4,95.02
3055,973193,311.3267,600,5,94.63
3056,973214,-9.3297,21,1,18.46
3057,973223,-17.025,9,1,40.82
3058,973261,34.3496,38,1,46.58
3059,973861,319.8707,600,5,97.17
3060,974461,285.4807,600,4,94.14
3061,974481,11.6808,20,1,22.66
3062,974808,285.6537,327,3,85.16
3063,974818,-14.3299,10,1,40.43
3064,974879,55.0477,61,1,27.64
3065,975479,249.7857,600,4,89.06
3066,976079,360.8167,600,5,98.83
3067,976679,224.9471,600,4,89.84
3068,977014,323.441,335,5,96.68
3069,977183,403.5744,169,4,88.48
3070,977596,315.5744,413,4,94.82
3071,977759,209.7207,163,2,66.21
3072,978170,370.285,411,4,92.58
3073,978215,40.6904,45,1,24.61
3074,978554,249.2148,339,3,84.77
3075,978576,14.5779,22,1,21.88
3076,978596,-21.1803,20,1,17.09
3077,978908,195.8623,312,2,79.3
3078,978934,14.0952,26,1,21.09
3079,979063,267.0348,129,3,82.91
3080,979070,-25.9278,7,1,36.52
3081,979627,337.4155,557,4,93.46
3082,979765,303.5764,138,3,83.69
3083,980365,311.4568,600,4,93.55
3084,980605,304.4861,240,3,84.47
3085,981205,244.4722,600,4,89.55
3086,981805,267.3178,600,4,84.18
3087,982136,276.4174,331,3,84.47
3088,982736,303.8247,600,4,94.34
3089,983336,254.6222,600,3,84.08
3090,983520,626.2225,184,6,100.0
3091,983908,266.3918,388,3,83.98
3092,984508,316.348,600,5,96.09
3093,984526,11.8251,18,1,44.63
3094,985126,288.6133,600,4,90.72
3095,985726,457.4612,600,5,99.9
3096,985885,273.1225,159,3,87.11
3097,986053,269.9194,168,3,87.4
3098,986384,212.3883,331,2,79.59
3099,986984,291.1015,600,5,96.48
3100,987584,356.9911,600,4,94.92
3101,988184,326.2667,600,5,96.78
3102,988207,20.3893,23,1,22.36
3103,988807,254.8,600,4,89.55
3104,989407,295.7108,600,4,89.26
3105,990007,275.1849,600,4,92.87
3106,990186,625.7921,179,6,100.0
3107,990786,362.9936,600,5,97.56
3108,990973,321.8855,187,4,91.31
3109,991283,286.967,310,4,90.14
3110,991303,-15.2479,20,1,18.65
3111,991903,417.6713,600,5,100.0
3112,991942,33.2069,39,1,43.55
3113,992542,246.5914,600,4,93.16
3114,992683,364.453,141,4,74.22
3115,993283,219.9606,600,3,83.01
3116,993883,303.8862,600,4,92.87
3117,994483,256.7442,600,4,85.35
3118,995083,242.9499,600,4,91.21
3119,995683,282.0641,600,5,95.9
3120,995831,402.2603,148,4,73.83
3121,996431,274.8372,600,4,90.14
3122,997031,327.7225,600,5,97.85
3123,997631,247.5619,600,3,80.76
3124,998231,333.9064,600,5,97.27
3125,998831,293.2354,600,4,91.5
3126,999431,179.465,600,3,82.71
