[train.sh] sim_launch.py baslatiliyor...
[train.sh] /scan'in publish edilmesi bekleniyor...
[train.sh] sim hazir (2. denemede)
[train.sh] PPO egitimi basliyor (config=configs/ppo.yaml)...
Using cuda device
Logging to runs/ppo_v4_low_ent/tb/PPO_1
---------------------------------
| rollout/           |          |
|    ep_len_mean     | 254      |
|    ep_rew_mean     | -123     |
| time/              |          |
|    fps             | 36       |
|    iterations      | 1        |
|    time_elapsed    | 56       |
|    total_timesteps | 2048     |
---------------------------------
-----------------------------------------
| rollout/                |             |
|    ep_len_mean          | 273         |
|    ep_rew_mean          | -125        |
| time/                   |             |
|    fps                  | 35          |
|    iterations           | 2           |
|    time_elapsed         | 116         |
|    total_timesteps      | 4096        |
| train/                  |             |
|    approx_kl            | 0.007405576 |
|    clip_fraction        | 0.08        |
|    clip_range           | 0.2         |
|    entropy_loss         | -4.26       |
|    explained_variance   | -0.0262     |
|    learning_rate        | 0.0003      |
|    loss                 | 5.91        |
|    n_updates            | 10          |
|    policy_gradient_loss | -0.00975    |
|    std                  | 0.998       |
|    value_loss           | 22.8        |
-----------------------------------------
-----------------------------------------
| rollout/                |             |
|    ep_len_mean          | 258         |
|    ep_rew_mean          | -117        |
| time/                   |             |
|    fps                  | 34          |
|    iterations           | 3           |
|    time_elapsed         | 177         |
|    total_timesteps      | 6144        |
| train/                  |             |
|    approx_kl            | 0.007909667 |
|    clip_fraction        | 0.0782      |
|    clip_range           | 0.2         |
|    entropy_loss         | -4.26       |
|    explained_variance   | 0.0721      |
|    learning_rate        | 0.0003      |
|    loss                 | 3.63        |
|    n_updates            | 20          |
|    policy_gradient_loss | -0.00722    |
|    std                  | 1.01        |
|    value_loss           | 10.9        |
-----------------------------------------
---------------------------------------
| rollout/                |           |
|    ep_len_mean          | 241       |
|    ep_rew_mean          | -109      |
| time/                   |           |
|    fps                  | 34        |
|    iterations           | 4         |
|    time_elapsed         | 238       |
|    total_timesteps      | 8192      |
| train/                  |           |
|    approx_kl            | 0.0083823 |
|    clip_fraction        | 0.0676    |
|    clip_range           | 0.2       |
|    entropy_loss         | -4.27     |
|    explained_variance   | 0.241     |
|    learning_rate        | 0.0003    |
|    loss                 | 4.37      |
|    n_updates            | 30        |
|    policy_gradient_loss | -0.00695  |
|    std                  | 1         |
|    value_loss           | 10.6      |
---------------------------------------
-----------------------------------------
| rollout/                |             |
|    ep_len_mean          | 239         |
|    ep_rew_mean          | -105        |
| time/                   |             |
|    fps                  | 34          |
|    iterations           | 5           |
|    time_elapsed         | 300         |
|    total_timesteps      | 10240       |
| train/                  |             |
|    approx_kl            | 0.009078147 |
|    clip_fraction        | 0.109       |
|    clip_range           | 0.2         |
|    entropy_loss         | -4.26       |
|    explained_variance   | 0.0726      |
|    learning_rate        | 0.0003      |
|    loss                 | 5.56        |
|    n_updates            | 40          |
|    policy_gradient_loss | -0.011      |
|    std                  | 0.999       |
|    value_loss           | 11.7        |
-----------------------------------------
----------------------------------------
| rollout/                |            |
|    ep_len_mean          | 236        |
|    ep_rew_mean          | -93.3      |
| time/                   |            |
|    fps                  | 33         |
|    iterations           | 6          |
|    time_elapsed         | 363        |
|    total_timesteps      | 12288      |
| train/                  |            |
|    approx_kl            | 0.00940682 |
|    clip_fraction        | 0.0922     |
|    clip_range           | 0.2        |
|    entropy_loss         | -4.25      |
|    explained_variance   | 0.241      |
|    learning_rate        | 0.0003     |
|    loss                 | 6.73       |
|    n_updates            | 50         |
|    policy_gradient_loss | -0.00917   |
|    std                  | 1          |
|    value_loss           | 13.7       |
----------------------------------------
------------------------------------------
| rollout/                |              |
|    ep_len_mean          | 204          |
|    ep_rew_mean          | -67.2        |
| time/                   |              |
|    fps                  | 33           |
|    iterations           | 7            |
|    time_elapsed         | 431          |
|    total_timesteps      | 14336        |
| train/                  |              |
|    approx_kl            | 0.0059930505 |
|    clip_fraction        | 0.0649       |
|    clip_range           | 0.2          |
|    entropy_loss         | -4.25        |
|    explained_variance   | 0.0753       |
|    learning_rate        | 0.0003       |
|    loss                 | 18.4         |
|    n_updates            | 60           |
|    policy_gradient_loss | -0.00553     |
|    std                  | 0.997        |
|    value_loss           | 285          |
------------------------------------------
-----------------------------------------
| rollout/                |             |
|    ep_len_mean          | 171         |
|    ep_rew_mean          | -49         |
| time/                   |             |
|    fps                  | 32          |
|    iterations           | 8           |
|    time_elapsed         | 504         |
|    total_timesteps      | 16384       |
| train/                  |             |
|    approx_kl            | 0.005264383 |
|    clip_fraction        | 0.0229      |
|    clip_range           | 0.2         |
|    entropy_loss         | -4.25       |
|    explained_variance   | 0.11        |
|    learning_rate        | 0.0003      |
|    loss                 | 247         |
|    n_updates            | 70          |
|    policy_gradient_loss | -0.00326    |
|    std                  | 0.997       |
|    value_loss           | 713         |
-----------------------------------------
------------------------------------------
| rollout/                |              |
|    ep_len_mean          | 80.5         |
|    ep_rew_mean          | -4.86        |
| time/                   |              |
|    fps                  | 31           |
|    iterations           | 9            |
|    time_elapsed         | 590          |
|    total_timesteps      | 18432        |
| train/                  |              |
|    approx_kl            | 0.0041963067 |
|    clip_fraction        | 0.00825      |
|    clip_range           | 0.2          |
|    entropy_loss         | -4.24        |
|    explained_variance   | 0.282        |
|    learning_rate        | 0.0003       |
|    loss                 | 194          |
|    n_updates            | 80           |
|    policy_gradient_loss | -0.00267     |
|    std                  | 0.996        |
|    value_loss           | 637          |
------------------------------------------
-----------------------------------------
| rollout/                |             |
|    ep_len_mean          | 48.9        |
|    ep_rew_mean          | 3.24        |
| time/                   |             |
|    fps                  | 30          |
|    iterations           | 10          |
|    time_elapsed         | 673         |
|    total_timesteps      | 20480       |
| train/                  |             |
|    approx_kl            | 0.006790231 |
|    clip_fraction        | 0.0613      |
|    clip_range           | 0.2         |
|    entropy_loss         | -4.24       |
|    explained_variance   | 0.323       |
|    learning_rate        | 0.0003      |
|    loss                 | 274         |
|    n_updates            | 90          |
|    policy_gradient_loss | -0.00584    |
|    std                  | 0.996       |
|    value_loss           | 680         |
-----------------------------------------
-----------------------------------------
| rollout/                |             |
|    ep_len_mean          | 51.6        |
|    ep_rew_mean          | 19.2        |
| time/                   |             |
|    fps                  | 29          |
|    iterations           | 11          |
|    time_elapsed         | 753         |
|    total_timesteps      | 22528       |
| train/                  |             |
|    approx_kl            | 0.006744226 |
|    clip_fraction        | 0.0332      |
|    clip_range           | 0.2         |
|    entropy_loss         | -4.24       |
|    explained_variance   | 0.321       |
|    learning_rate        | 0.0003      |
|    loss                 | 811         |
|    n_updates            | 100         |
|    policy_gradient_loss | -0.00474    |
|    std                  | 0.995       |
|    value_loss           | 1.18e+03    |
-----------------------------------------
------------------------------------------
| rollout/                |              |
|    ep_len_mean          | 53.7         |
|    ep_rew_mean          | 18           |
| time/                   |              |
|    fps                  | 29           |
|    iterations           | 12           |
|    time_elapsed         | 833          |
|    total_timesteps      | 24576        |
| train/                  |              |
|    approx_kl            | 0.0055232896 |
|    clip_fraction        | 0.0205       |
|    clip_range           | 0.2          |
|    entropy_loss         | -4.24        |
|    explained_variance   | 0.44         |
|    learning_rate        | 0.0003       |
|    loss                 | 506          |
|    n_updates            | 110          |
|    policy_gradient_loss | -0.00385     |
|    std                  | 0.994        |
|    value_loss           | 1.36e+03     |
------------------------------------------
-----------------------------------------
| rollout/                |             |
|    ep_len_mean          | 42.2        |
|    ep_rew_mean          | 20.2        |
| time/                   |             |
|    fps                  | 28          |
|    iterations           | 13          |
|    time_elapsed         | 929         |
|    total_timesteps      | 26624       |
| train/                  |             |
|    approx_kl            | 0.004710119 |
|    clip_fraction        | 0.0241      |
|    clip_range           | 0.2         |
|    entropy_loss         | -4.24       |
|    explained_variance   | 0.406       |
|    learning_rate        | 0.0003      |
|    loss                 | 47.2        |
|    n_updates            | 120         |
|    policy_gradient_loss | -0.00482    |
|    std                  | 0.994       |
|    value_loss           | 551         |
-----------------------------------------
------------------------------------------
| rollout/                |              |
|    ep_len_mean          | 39.9         |
|    ep_rew_mean          | 47.6         |
| time/                   |              |
|    fps                  | 28           |
|    iterations           | 14           |
|    time_elapsed         | 1013         |
|    total_timesteps      | 28672        |
| train/                  |              |
|    approx_kl            | 0.0038421191 |
|    clip_fraction        | 0.00352      |
|    clip_range           | 0.2          |
|    entropy_loss         | -4.24        |
|    explained_variance   | 0.545        |
|    learning_rate        | 0.0003       |
|    loss                 | 712          |
|    n_updates            | 130          |
|    policy_gradient_loss | -0.00155     |
|    std                  | 0.994        |
|    value_loss           | 1.53e+03     |
------------------------------------------
-----------------------------------------
| rollout/                |             |
|    ep_len_mean          | 52.6        |
|    ep_rew_mean          | 43          |
| time/                   |             |
|    fps                  | 28          |
|    iterations           | 15          |
|    time_elapsed         | 1079        |
|    total_timesteps      | 30720       |
| train/                  |             |
|    approx_kl            | 0.006192163 |
|    clip_fraction        | 0.0433      |
|    clip_range           | 0.2         |
|    entropy_loss         | -4.24       |
|    explained_variance   | 0.672       |
|    learning_rate        | 0.0003      |
|    loss                 | 644         |
|    n_updates            | 140         |
|    policy_gradient_loss | -0.00533    |
|    std                  | 0.993       |
|    value_loss           | 1.39e+03    |
-----------------------------------------
-----------------------------------------
| rollout/                |             |
|    ep_len_mean          | 62.7        |
|    ep_rew_mean          | 48.9        |
| time/                   |             |
|    fps                  | 28          |
|    iterations           | 16          |
|    time_elapsed         | 1161        |
|    total_timesteps      | 32768       |
| train/                  |             |
|    approx_kl            | 0.007173308 |
|    clip_fraction        | 0.049       |
|    clip_range           | 0.2         |
|    entropy_loss         | -4.24       |
|    explained_variance   | 0.696       |
|    learning_rate        | 0.0003      |
|    loss                 | 295         |
|    n_updates            | 150         |
|    policy_gradient_loss | -0.00252    |
|    std                  | 0.993       |
|    value_loss           | 447         |
-----------------------------------------
------------------------------------------
| rollout/                |              |
|    ep_len_mean          | 61.5         |
|    ep_rew_mean          | 39.4         |
| time/                   |              |
|    fps                  | 27           |
|    iterations           | 17           |
|    time_elapsed         | 1247         |
|    total_timesteps      | 34816        |
| train/                  |              |
|    approx_kl            | 0.0055017476 |
|    clip_fraction        | 0.0312       |
|    clip_range           | 0.2          |
|    entropy_loss         | -4.23        |
|    explained_variance   | 0.752        |
|    learning_rate        | 0.0003       |
|    loss                 | 413          |
|    n_updates            | 160          |
|    policy_gradient_loss | -0.00315     |
|    std                  | 0.993        |
|    value_loss           | 740          |
------------------------------------------
-----------------------------------------
| rollout/                |             |
|    ep_len_mean          | 35.7        |
|    ep_rew_mean          | 50.8        |
| time/                   |             |
|    fps                  | 27          |
|    iterations           | 18          |
|    time_elapsed         | 1341        |
|    total_timesteps      | 36864       |
| train/                  |             |
|    approx_kl            | 0.004973825 |
|    clip_fraction        | 0.045       |
|    clip_range           | 0.2         |
|    entropy_loss         | -4.23       |
|    explained_variance   | 0.81        |
|    learning_rate        | 0.0003      |
|    loss                 | 509         |
|    n_updates            | 170         |
|    policy_gradient_loss | -0.0042     |
|    std                  | 0.992       |
|    value_loss           | 759         |
-----------------------------------------
----------------------------------------
| rollout/                |            |
|    ep_len_mean          | 33.5       |
|    ep_rew_mean          | 35.3       |
| time/                   |            |
|    fps                  | 27         |
|    iterations           | 19         |
|    time_elapsed         | 1436       |
|    total_timesteps      | 38912      |
| train/                  |            |
|    approx_kl            | 0.00415714 |
|    clip_fraction        | 0.0438     |
|    clip_range           | 0.2        |
|    entropy_loss         | -4.23      |
|    explained_variance   | 0.849      |
|    learning_rate        | 0.0003     |
|    loss                 | 315        |
|    n_updates            | 180        |
|    policy_gradient_loss | -0.00445   |
|    std                  | 0.992      |
|    value_loss           | 767        |
----------------------------------------
------------------------------------------
| rollout/                |              |
|    ep_len_mean          | 35.4         |
|    ep_rew_mean          | 34.3         |
| time/                   |              |
|    fps                  | 26           |
|    iterations           | 20           |
|    time_elapsed         | 1528         |
|    total_timesteps      | 40960        |
| train/                  |              |
|    approx_kl            | 0.0062468196 |
|    clip_fraction        | 0.0344       |
|    clip_range           | 0.2          |
|    entropy_loss         | -4.24        |
|    explained_variance   | 0.892        |
|    learning_rate        | 0.0003       |
|    loss                 | 191          |
|    n_updates            | 190          |
|    policy_gradient_loss | -0.00342     |
|    std                  | 0.995        |
|    value_loss           | 458          |
------------------------------------------
------------------------------------------
| rollout/                |              |
|    ep_len_mean          | 47           |
|    ep_rew_mean          | 39.8         |
| time/                   |              |
|    fps                  | 26           |
|    iterations           | 21           |
|    time_elapsed         | 1605         |
|    total_timesteps      | 43008        |
| train/                  |              |
|    approx_kl            | 0.0092604365 |
|    clip_fraction        | 0.0865       |
|    clip_range           | 0.2          |
|    entropy_loss         | -4.23        |
|    explained_variance   | 0.925        |
|    learning_rate        | 0.0003       |
|    loss                 | 166          |
|    n_updates            | 200          |
|    policy_gradient_loss | -0.00421     |
|    std                  | 0.989        |
|    value_loss           | 296          |
------------------------------------------
-----------------------------------------
| rollout/                |             |
|    ep_len_mean          | 55          |
|    ep_rew_mean          | 41.7        |
| time/                   |             |
|    fps                  | 26          |
|    iterations           | 22          |
|    time_elapsed         | 1678        |
|    total_timesteps      | 45056       |
| train/                  |             |
|    approx_kl            | 0.010908341 |
|    clip_fraction        | 0.13        |
|    clip_range           | 0.2         |
|    entropy_loss         | -4.21       |
|    explained_variance   | 0.948       |
|    learning_rate        | 0.0003      |
|    loss                 | 48.6        |
|    n_updates            | 210         |
|    policy_gradient_loss | -0.00136    |
|    std                  | 0.978       |
|    value_loss           | 155         |
-----------------------------------------
------------------------------------------
| rollout/                |              |
|    ep_len_mean          | 61.9         |
|    ep_rew_mean          | 35.2         |
| time/                   |              |
|    fps                  | 26           |
|    iterations           | 23           |
|    time_elapsed         | 1756         |
|    total_timesteps      | 47104        |
| train/                  |              |
|    approx_kl            | 0.0026746073 |
|    clip_fraction        | 0.0449       |
|    clip_range           | 0.2          |
|    entropy_loss         | -4.19        |
|    explained_variance   | 0.892        |
|    learning_rate        | 0.0003       |
|    loss                 | 57.6         |
|    n_updates            | 220          |
|    policy_gradient_loss | 8.24e-05     |
|    std                  | 0.978        |
|    value_loss           | 292          |
------------------------------------------
-----------------------------------------
| rollout/                |             |
|    ep_len_mean          | 63.1        |
|    ep_rew_mean          | 50.5        |
| time/                   |             |
|    fps                  | 26          |
|    iterations           | 24          |
|    time_elapsed         | 1837        |
|    total_timesteps      | 49152       |
| train/                  |             |
|    approx_kl            | 0.008107985 |
|    clip_fraction        | 0.0522      |
|    clip_range           | 0.2         |
|    entropy_loss         | -4.19       |
|    explained_variance   | 0.943       |
|    learning_rate        | 0.0003      |
|    loss                 | 64.5        |
|    n_updates            | 230         |
|    policy_gradient_loss | -0.00471    |
|    std                  | 0.978       |
|    value_loss           | 150         |
-----------------------------------------
-----------------------------------------
| rollout/                |             |
|    ep_len_mean          | 41.1        |
|    ep_rew_mean          | 59.7        |
| time/                   |             |
|    fps                  | 26          |
|    iterations           | 25          |
|    time_elapsed         | 1934        |
|    total_timesteps      | 51200       |
| train/                  |             |
|    approx_kl            | 0.010007155 |
|    clip_fraction        | 0.132       |
|    clip_range           | 0.2         |
|    entropy_loss         | -4.17       |
|    explained_variance   | 0.974       |
|    learning_rate        | 0.0003      |
|    loss                 | 26.7        |
|    n_updates            | 240         |
|    policy_gradient_loss | -0.00349    |
|    std                  | 0.966       |
|    value_loss           | 96          |
-----------------------------------------
-----------------------------------------
| rollout/                |             |
|    ep_len_mean          | 40.9        |
|    ep_rew_mean          | 53          |
| time/                   |             |
|    fps                  | 26          |
|    iterations           | 26          |
|    time_elapsed         | 2015        |
|    total_timesteps      | 53248       |
| train/                  |             |
|    approx_kl            | 0.006983679 |
|    clip_fraction        | 0.105       |
|    clip_range           | 0.2         |
|    entropy_loss         | -4.15       |
|    explained_variance   | 0.982       |
|    learning_rate        | 0.0003      |
|    loss                 | 55.5        |
|    n_updates            | 250         |
|    policy_gradient_loss | -0.00472    |
|    std                  | 0.966       |
|    value_loss           | 116         |
-----------------------------------------
------------------------------------------
| rollout/                |              |
|    ep_len_mean          | 24.6         |
|    ep_rew_mean          | 45.7         |
| time/                   |              |
|    fps                  | 25           |
|    iterations           | 27           |
|    time_elapsed         | 2129         |
|    total_timesteps      | 55296        |
| train/                  |              |
|    approx_kl            | 0.0073674405 |
|    clip_fraction        | 0.106        |
|    clip_range           | 0.2          |
|    entropy_loss         | -4.14        |
|    explained_variance   | 0.987        |
|    learning_rate        | 0.0003       |
|    loss                 | 9.29         |
|    n_updates            | 260          |
|    policy_gradient_loss | -0.00236     |
|    std                  | 0.958        |
|    value_loss           | 37.6         |
------------------------------------------
-----------------------------------------
| rollout/                |             |
|    ep_len_mean          | 33          |
|    ep_rew_mean          | 36.8        |
| time/                   |             |
|    fps                  | 25          |
|    iterations           | 28          |
|    time_elapsed         | 2221        |
|    total_timesteps      | 57344       |
| train/                  |             |
|    approx_kl            | 0.009697955 |
|    clip_fraction        | 0.0969      |
|    clip_range           | 0.2         |
|    entropy_loss         | -4.12       |
|    explained_variance   | 0.993       |
|    learning_rate        | 0.0003      |
|    loss                 | 18.4        |
|    n_updates            | 270         |
|    policy_gradient_loss | -0.00504    |
|    std                  | 0.951       |
|    value_loss           | 56.2        |
-----------------------------------------
-----------------------------------------
| rollout/                |             |
|    ep_len_mean          | 21.4        |
|    ep_rew_mean          | 52.3        |
| time/                   |             |
|    fps                  | 25          |
|    iterations           | 29          |
|    time_elapsed         | 2338        |
|    total_timesteps      | 59392       |
| train/                  |             |
|    approx_kl            | 0.009826757 |
|    clip_fraction        | 0.0934      |
|    clip_range           | 0.2         |
|    entropy_loss         | -4.11       |
|    explained_variance   | 0.992       |
|    learning_rate        | 0.0003      |
|    loss                 | 6.71        |
|    n_updates            | 280         |
|    policy_gradient_loss | -0.0033     |
|    std                  | 0.953       |
|    value_loss           | 27.1        |
-----------------------------------------
-----------------------------------------
| rollout/                |             |
|    ep_len_mean          | 33.1        |
|    ep_rew_mean          | 50.7        |
| time/                   |             |
|    fps                  | 25          |
|    iterations           | 30          |
|    time_elapsed         | 2428        |
|    total_timesteps      | 61440       |
| train/                  |             |
|    approx_kl            | 0.009958623 |
|    clip_fraction        | 0.162       |
|    clip_range           | 0.2         |
|    entropy_loss         | -4.1        |
|    explained_variance   | 0.991       |
|    learning_rate        | 0.0003      |
|    loss                 | 16          |
|    n_updates            | 290         |
|    policy_gradient_loss | -0.00984    |
|    std                  | 0.943       |
|    value_loss           | 76.8        |
-----------------------------------------
----------------------------------------
| rollout/                |            |
|    ep_len_mean          | 27.9       |
|    ep_rew_mean          | 53.2       |
| time/                   |            |
|    fps                  | 25         |
|    iterations           | 31         |
|    time_elapsed         | 2528       |
|    total_timesteps      | 63488      |
| train/                  |            |
|    approx_kl            | 0.01368524 |
|    clip_fraction        | 0.129      |
|    clip_range           | 0.2        |
|    entropy_loss         | -4.08      |
|    explained_variance   | 0.993      |
|    learning_rate        | 0.0003     |
|    loss                 | 9.55       |
|    n_updates            | 300        |
|    policy_gradient_loss | -0.00474   |
|    std                  | 0.943      |
|    value_loss           | 22.8       |
----------------------------------------
------------------------------------------
| rollout/                |              |
|    ep_len_mean          | 33.4         |
|    ep_rew_mean          | 59.1         |
| time/                   |              |
|    fps                  | 25           |
|    iterations           | 32           |
|    time_elapsed         | 2612         |
|    total_timesteps      | 65536        |
| train/                  |              |
|    approx_kl            | 0.0102836955 |
|    clip_fraction        | 0.129        |
|    clip_range           | 0.2          |
|    entropy_loss         | -4.07        |
|    explained_variance   | 0.991        |
|    learning_rate        | 0.0003       |
|    loss                 | 22.5         |
|    n_updates            | 310          |
|    policy_gradient_loss | -0.00667     |
|    std                  | 0.937        |
|    value_loss           | 47.9         |
------------------------------------------
-----------------------------------------
| rollout/                |             |
|    ep_len_mean          | 44.8        |
|    ep_rew_mean          | 66.2        |
| time/                   |             |
|    fps                  | 25          |
|    iterations           | 33          |
|    time_elapsed         | 2702        |
|    total_timesteps      | 67584       |
| train/                  |             |
|    approx_kl            | 0.008274373 |
|    clip_fraction        | 0.115       |
|    clip_range           | 0.2         |
|    entropy_loss         | -4.07       |
|    explained_variance   | 0.994       |
|    learning_rate        | 0.0003      |
|    loss                 | 6.34        |
|    n_updates            | 320         |
|    policy_gradient_loss | 0.000225    |
|    std                  | 0.942       |
|    value_loss           | 28.2        |
-----------------------------------------
------------------------------------------
| rollout/                |              |
|    ep_len_mean          | 25.9         |
|    ep_rew_mean          | 51.4         |
| time/                   |              |
|    fps                  | 24           |
|    iterations           | 34           |
|    time_elapsed         | 2810         |
|    total_timesteps      | 69632        |
| train/                  |              |
|    approx_kl            | 0.0070380266 |
|    clip_fraction        | 0.0788       |
|    clip_range           | 0.2          |
|    entropy_loss         | -4.07        |
|    explained_variance   | 0.985        |
|    learning_rate        | 0.0003       |
|    loss                 | 16.5         |
|    n_updates            | 330          |
|    policy_gradient_loss | -0.00242     |
|    std                  | 0.937        |
|    value_loss           | 82.8         |
------------------------------------------
-----------------------------------------
| rollout/                |             |
|    ep_len_mean          | 26          |
|    ep_rew_mean          | 55.9        |
| time/                   |             |
|    fps                  | 24          |
|    iterations           | 35          |
|    time_elapsed         | 2918        |
|    total_timesteps      | 71680       |
| train/                  |             |
|    approx_kl            | 0.013156791 |
|    clip_fraction        | 0.133       |
|    clip_range           | 0.2         |
|    entropy_loss         | -4.04       |
|    explained_variance   | 0.997       |
|    learning_rate        | 0.0003      |
|    loss                 | 8.7         |
|    n_updates            | 340         |
|    policy_gradient_loss | -0.00421    |
|    std                  | 0.923       |
|    value_loss           | 19.4        |
-----------------------------------------
----------------------------------------
| rollout/                |            |
|    ep_len_mean          | 27.9       |
|    ep_rew_mean          | 28.9       |
| time/                   |            |
|    fps                  | 24         |
|    iterations           | 36         |
|    time_elapsed         | 3019       |
|    total_timesteps      | 73728      |
| train/                  |            |
|    approx_kl            | 0.01100114 |
|    clip_fraction        | 0.132      |
|    clip_range           | 0.2        |
|    entropy_loss         | -4.01      |
|    explained_variance   | 0.992      |
|    learning_rate        | 0.0003     |
|    loss                 | 6.11       |
|    n_updates            | 350        |
|    policy_gradient_loss | -0.00275   |
|    std                  | 0.923      |
|    value_loss           | 57.1       |
----------------------------------------
-----------------------------------------
| rollout/                |             |
|    ep_len_mean          | 21.6        |
|    ep_rew_mean          | 35.9        |
| time/                   |             |
|    fps                  | 24          |
|    iterations           | 37          |
|    time_elapsed         | 3135        |
|    total_timesteps      | 75776       |
| train/                  |             |
|    approx_kl            | 0.011306576 |
|    clip_fraction        | 0.13        |
|    clip_range           | 0.2         |
|    entropy_loss         | -4.03       |
|    explained_variance   | 0.991       |
|    learning_rate        | 0.0003      |
|    loss                 | 7.26        |
|    n_updates            | 360         |
|    policy_gradient_loss | -0.00296    |
|    std                  | 0.931       |
|    value_loss           | 20.4        |
-----------------------------------------
-----------------------------------------
| rollout/                |             |
|    ep_len_mean          | 20.4        |
|    ep_rew_mean          | 48.6        |
| time/                   |             |
|    fps                  | 23          |
|    iterations           | 38          |
|    time_elapsed         | 3257        |
|    total_timesteps      | 77824       |
| train/                  |             |
|    approx_kl            | 0.011655523 |
|    clip_fraction        | 0.115       |
|    clip_range           | 0.2         |
|    entropy_loss         | -4.04       |
|    explained_variance   | 0.992       |
|    learning_rate        | 0.0003      |
|    loss                 | 8.71        |
|    n_updates            | 370         |
|    policy_gradient_loss | -0.00607    |
|    std                  | 0.93        |
|    value_loss           | 39          |
-----------------------------------------
-----------------------------------------
| rollout/                |             |
|    ep_len_mean          | 26.9        |
|    ep_rew_mean          | 69.6        |
| time/                   |             |
|    fps                  | 23          |
|    iterations           | 39          |
|    time_elapsed         | 3357        |
|    total_timesteps      | 79872       |
| train/                  |             |
|    approx_kl            | 0.005728975 |
|    clip_fraction        | 0.062       |
|    clip_range           | 0.2         |
|    entropy_loss         | -4.03       |
|    explained_variance   | 0.996       |
|    learning_rate        | 0.0003      |
|    loss                 | 6.77        |
|    n_updates            | 380         |
|    policy_gradient_loss | -0.00295    |
|    std                  | 0.928       |
|    value_loss           | 23.6        |
-----------------------------------------
-----------------------------------------
| rollout/                |             |
|    ep_len_mean          | 20.9        |
|    ep_rew_mean          | 41.1        |
| time/                   |             |
|    fps                  | 23          |
|    iterations           | 40          |
|    time_elapsed         | 3484        |
|    total_timesteps      | 81920       |
| train/                  |             |
|    approx_kl            | 0.008040024 |
|    clip_fraction        | 0.134       |
|    clip_range           | 0.2         |
|    entropy_loss         | -4.02       |
|    explained_variance   | 0.997       |
|    learning_rate        | 0.0003      |
|    loss                 | 18.6        |
|    n_updates            | 390         |
|    policy_gradient_loss | -0.00392    |
|    std                  | 0.924       |
|    value_loss           | 21.1        |
-----------------------------------------
-----------------------------------------
| rollout/                |             |
|    ep_len_mean          | 19.8        |
|    ep_rew_mean          | 31.2        |
| time/                   |             |
|    fps                  | 23          |
|    iterations           | 41          |
|    time_elapsed         | 3609        |
|    total_timesteps      | 83968       |
| train/                  |             |
|    approx_kl            | 0.016170308 |
|    clip_fraction        | 0.174       |
|    clip_range           | 0.2         |
|    entropy_loss         | -4.02       |
|    explained_variance   | 0.998       |
|    learning_rate        | 0.0003      |
|    loss                 | 3.66        |
|    n_updates            | 400         |
|    policy_gradient_loss | -0.0089     |
|    std                  | 0.928       |
|    value_loss           | 9.66        |
-----------------------------------------
-----------------------------------------
| rollout/                |             |
|    ep_len_mean          | 31.4        |
|    ep_rew_mean          | 39.5        |
| time/                   |             |
|    fps                  | 23          |
|    iterations           | 42          |
|    time_elapsed         | 3704        |
|    total_timesteps      | 86016       |
| train/                  |             |
|    approx_kl            | 0.011677616 |
|    clip_fraction        | 0.162       |
|    clip_range           | 0.2         |
|    entropy_loss         | -4.02       |
|    explained_variance   | 0.998       |
|    learning_rate        | 0.0003      |
|    loss                 | 2.51        |
|    n_updates            | 410         |
|    policy_gradient_loss | -0.00289    |
|    std                  | 0.921       |
|    value_loss           | 7           |
-----------------------------------------
-----------------------------------------
| rollout/                |             |
|    ep_len_mean          | 35.2        |
|    ep_rew_mean          | 65.2        |
| time/                   |             |
|    fps                  | 23          |
|    iterations           | 43          |
|    time_elapsed         | 3795        |
|    total_timesteps      | 88064       |
| train/                  |             |
|    approx_kl            | 0.012805029 |
|    clip_fraction        | 0.173       |
|    clip_range           | 0.2         |
|    entropy_loss         | -4          |
|    explained_variance   | 0.998       |
|    learning_rate        | 0.0003      |
|    loss                 | 1.56        |
|    n_updates            | 420         |
|    policy_gradient_loss | -0.000482   |
|    std                  | 0.919       |
|    value_loss           | 6.59        |
-----------------------------------------
-----------------------------------------
| rollout/                |             |
|    ep_len_mean          | 34.9        |
|    ep_rew_mean          | 76.3        |
| time/                   |             |
|    fps                  | 23          |
|    iterations           | 44          |
|    time_elapsed         | 3896        |
|    total_timesteps      | 90112       |
| train/                  |             |
|    approx_kl            | 0.007971153 |
|    clip_fraction        | 0.1         |
|    clip_range           | 0.2         |
|    entropy_loss         | -4          |
|    explained_variance   | 0.998       |
|    learning_rate        | 0.0003      |
|    loss                 | 4.6         |
|    n_updates            | 430         |
|    policy_gradient_loss | -0.00842    |
|    std                  | 0.917       |
|    value_loss           | 10.1        |
-----------------------------------------
-----------------------------------------
| rollout/                |             |
|    ep_len_mean          | 34.3        |
|    ep_rew_mean          | 75.2        |
| time/                   |             |
|    fps                  | 23          |
|    iterations           | 45          |
|    time_elapsed         | 3988        |
|    total_timesteps      | 92160       |
| train/                  |             |
|    approx_kl            | 0.007946401 |
|    clip_fraction        | 0.0796      |
|    clip_range           | 0.2         |
|    entropy_loss         | -3.99       |
|    explained_variance   | 0.998       |
|    learning_rate        | 0.0003      |
|    loss                 | 4.34        |
|    n_updates            | 440         |
|    policy_gradient_loss | -0.00524    |
|    std                  | 0.914       |
|    value_loss           | 10.4        |
-----------------------------------------
-----------------------------------------
| rollout/                |             |
|    ep_len_mean          | 36.2        |
|    ep_rew_mean          | 56.9        |
| time/                   |             |
|    fps                  | 23          |
|    iterations           | 46          |
|    time_elapsed         | 4088        |
|    total_timesteps      | 94208       |
| train/                  |             |
|    approx_kl            | 0.007404804 |
|    clip_fraction        | 0.114       |
|    clip_range           | 0.2         |
|    entropy_loss         | -3.98       |
|    explained_variance   | 0.998       |
|    learning_rate        | 0.0003      |
|    loss                 | 9.08        |
|    n_updates            | 450         |
|    policy_gradient_loss | -0.0047     |
|    std                  | 0.911       |
|    value_loss           | 11.3        |
-----------------------------------------
-----------------------------------------
| rollout/                |             |
|    ep_len_mean          | 17.8        |
|    ep_rew_mean          | 41.7        |
| time/                   |             |
|    fps                  | 22          |
|    iterations           | 47          |
|    time_elapsed         | 4229        |
|    total_timesteps      | 96256       |
| train/                  |             |
|    approx_kl            | 0.018000657 |
|    clip_fraction        | 0.219       |
|    clip_range           | 0.2         |
|    entropy_loss         | -3.95       |
|    explained_variance   | 0.999       |
|    learning_rate        | 0.0003      |
|    loss                 | 1.87        |
|    n_updates            | 460         |
|    policy_gradient_loss | 0.000894    |
|    std                  | 0.897       |
|    value_loss           | 6.75        |
-----------------------------------------
-----------------------------------------
| rollout/                |             |
|    ep_len_mean          | 27.5        |
|    ep_rew_mean          | 37.6        |
| time/                   |             |
|    fps                  | 22          |
|    iterations           | 48          |
|    time_elapsed         | 4313        |
|    total_timesteps      | 98304       |
| train/                  |             |
|    approx_kl            | 0.008561464 |
|    clip_fraction        | 0.139       |
|    clip_range           | 0.2         |
|    entropy_loss         | -3.92       |
|    explained_variance   | 0.999       |
|    learning_rate        | 0.0003      |
|    loss                 | 3.9         |
|    n_updates            | 470         |
|    policy_gradient_loss | -0.00698    |
|    std                  | 0.892       |
|    value_loss           | 7.39        |
-----------------------------------------
------------------------------------------
| rollout/                |              |
|    ep_len_mean          | 20.6         |
|    ep_rew_mean          | 28.8         |
| time/                   |              |
|    fps                  | 22           |
|    iterations           | 49           |
|    time_elapsed         | 4439         |
|    total_timesteps      | 100352       |
| train/                  |              |
|    approx_kl            | 0.0068919677 |
|    clip_fraction        | 0.124        |
|    clip_range           | 0.2          |
|    entropy_loss         | -3.91        |
|    explained_variance   | 0.996        |
|    learning_rate        | 0.0003       |
|    loss                 | 10.8         |
|    n_updates            | 480          |
|    policy_gradient_loss | -0.00368     |
|    std                  | 0.89         |
|    value_loss           | 12.8         |
------------------------------------------
-----------------------------------------
| rollout/                |             |
|    ep_len_mean          | 32.4        |
|    ep_rew_mean          | 36.6        |
| time/                   |             |
|    fps                  | 22          |
|    iterations           | 50          |
|    time_elapsed         | 4528        |
|    total_timesteps      | 102400      |
| train/                  |             |
|    approx_kl            | 0.012710892 |
|    clip_fraction        | 0.174       |
|    clip_range           | 0.2         |
|    entropy_loss         | -3.9        |
|    explained_variance   | 0.999       |
|    learning_rate        | 0.0003      |
|    loss                 | 3.53        |
|    n_updates            | 490         |
|    policy_gradient_loss | -0.00232    |
|    std                  | 0.888       |
|    value_loss           | 5.88        |
-----------------------------------------
-----------------------------------------
| rollout/                |             |
|    ep_len_mean          | 40.9        |
|    ep_rew_mean          | 46.1        |
| time/                   |             |
|    fps                  | 22          |
|    iterations           | 51          |
|    time_elapsed         | 4616        |
|    total_timesteps      | 104448      |
| train/                  |             |
|    approx_kl            | 0.025925288 |
|    clip_fraction        | 0.122       |
|    clip_range           | 0.2         |
|    entropy_loss         | -3.89       |
|    explained_variance   | 0.998       |
|    learning_rate        | 0.0003      |
|    loss                 | 4.66        |
|    n_updates            | 500         |
|    policy_gradient_loss | -0.00344    |
|    std                  | 0.884       |
|    value_loss           | 9.74        |
-----------------------------------------
-----------------------------------------
| rollout/                |             |
|    ep_len_mean          | 47          |
|    ep_rew_mean          | 59          |
| time/                   |             |
|    fps                  | 22          |
|    iterations           | 52          |
|    time_elapsed         | 4703        |
|    total_timesteps      | 106496      |
| train/                  |             |
|    approx_kl            | 0.015309221 |
|    clip_fraction        | 0.135       |
|    clip_range           | 0.2         |
|    entropy_loss         | -3.87       |
|    explained_variance   | 0.998       |
|    learning_rate        | 0.0003      |
|    loss                 | 2.18        |
|    n_updates            | 510         |
|    policy_gradient_loss | -0.00389    |
|    std                  | 0.877       |
|    value_loss           | 6.05        |
-----------------------------------------
-----------------------------------------
| rollout/                |             |
|    ep_len_mean          | 43.5        |
|    ep_rew_mean          | 57.9        |
| time/                   |             |
|    fps                  | 22          |
|    iterations           | 53          |
|    time_elapsed         | 4791        |
|    total_timesteps      | 108544      |
| train/                  |             |
|    approx_kl            | 0.014165089 |
|    clip_fraction        | 0.156       |
|    clip_range           | 0.2         |
|    entropy_loss         | -3.85       |
|    explained_variance   | 0.998       |
|    learning_rate        | 0.0003      |
|    loss                 | 2.17        |
|    n_updates            | 520         |
|    policy_gradient_loss | -0.00359    |
|    std                  | 0.87        |
|    value_loss           | 6.37        |
-----------------------------------------
-----------------------------------------
| rollout/                |             |
|    ep_len_mean          | 41          |
|    ep_rew_mean          | 57.4        |
| time/                   |             |
|    fps                  | 22          |
|    iterations           | 54          |
|    time_elapsed         | 4885        |
|    total_timesteps      | 110592      |
| train/                  |             |
|    approx_kl            | 0.010639943 |
|    clip_fraction        | 0.178       |
|    clip_range           | 0.2         |
|    entropy_loss         | -3.84       |
|    explained_variance   | 0.998       |
|    learning_rate        | 0.0003      |
|    loss                 | 2.59        |
|    n_updates            | 530         |
|    policy_gradient_loss | -0.004      |
|    std                  | 0.875       |
|    value_loss           | 5.1         |
-----------------------------------------
-----------------------------------------
| rollout/                |             |
|    ep_len_mean          | 34.7        |
|    ep_rew_mean          | 56.4        |
| time/                   |             |
|    fps                  | 22          |
|    iterations           | 55          |
|    time_elapsed         | 4978        |
|    total_timesteps      | 112640      |
| train/                  |             |
|    approx_kl            | 0.010024419 |
|    clip_fraction        | 0.152       |
|    clip_range           | 0.2         |
|    entropy_loss         | -3.87       |
|    explained_variance   | 0.999       |
|    learning_rate        | 0.0003      |
|    loss                 | 2.06        |
|    n_updates            | 540         |
|    policy_gradient_loss | -0.00782    |
|    std                  | 0.882       |
|    value_loss           | 5.44        |
-----------------------------------------
-----------------------------------------
| rollout/                |             |
|    ep_len_mean          | 38.8        |
|    ep_rew_mean          | 60          |
| time/                   |             |
|    fps                  | 22          |
|    iterations           | 56          |
|    time_elapsed         | 5070        |
|    total_timesteps      | 114688      |
| train/                  |             |
|    approx_kl            | 0.015537037 |
|    clip_fraction        | 0.165       |
|    clip_range           | 0.2         |
|    entropy_loss         | -3.86       |
|    explained_variance   | 0.999       |
|    learning_rate        | 0.0003      |
|    loss                 | 2.44        |
|    n_updates            | 550         |
|    policy_gradient_loss | -0.00903    |
|    std                  | 0.874       |
|    value_loss           | 5.58        |
-----------------------------------------
-----------------------------------------
| rollout/                |             |
|    ep_len_mean          | 20.2        |
|    ep_rew_mean          | 39.8        |
| time/                   |             |
|    fps                  | 22          |
|    iterations           | 57          |
|    time_elapsed         | 5197        |
|    total_timesteps      | 116736      |
| train/                  |             |
|    approx_kl            | 0.010923805 |
|    clip_fraction        | 0.154       |
|    clip_range           | 0.2         |
|    entropy_loss         | -3.85       |
|    explained_variance   | 0.999       |
|    learning_rate        | 0.0003      |
|    loss                 | 2.17        |
|    n_updates            | 560         |
|    policy_gradient_loss | -0.00948    |
|    std                  | 0.875       |
|    value_loss           | 4.94        |
-----------------------------------------
-----------------------------------------
| rollout/                |             |
|    ep_len_mean          | 32.2        |
|    ep_rew_mean          | 49.3        |
| time/                   |             |
|    fps                  | 22          |
|    iterations           | 58          |
|    time_elapsed         | 5281        |
|    total_timesteps      | 118784      |
| train/                  |             |
|    approx_kl            | 0.009701708 |
|    clip_fraction        | 0.119       |
|    clip_range           | 0.2         |
|    entropy_loss         | -3.84       |
|    explained_variance   | 0.999       |
|    learning_rate        | 0.0003      |
|    loss                 | 2.46        |
|    n_updates            | 570         |
|    policy_gradient_loss | -0.00519    |
|    std                  | 0.866       |
|    value_loss           | 6.6         |
-----------------------------------------
-----------------------------------------
| rollout/                |             |
|    ep_len_mean          | 17.9        |
|    ep_rew_mean          | 44.7        |
| time/                   |             |
|    fps                  | 22          |
|    iterations           | 59          |
|    time_elapsed         | 5423        |
|    total_timesteps      | 120832      |
| train/                  |             |
|    approx_kl            | 0.015389856 |
|    clip_fraction        | 0.164       |
|    clip_range           | 0.2         |
|    entropy_loss         | -3.84       |
|    explained_variance   | 0.999       |
|    learning_rate        | 0.0003      |
|    loss                 | 2.15        |
|    n_updates            | 580         |
|    policy_gradient_loss | -0.00332    |
|    std                  | 0.874       |
|    value_loss           | 5.12        |
-----------------------------------------
------------------------------------------
| rollout/                |              |
|    ep_len_mean          | 22.7         |
|    ep_rew_mean          | 40.1         |
| time/                   |              |
|    fps                  | 22           |
|    iterations           | 60           |
|    time_elapsed         | 5534         |
|    total_timesteps      | 122880       |
| train/                  |              |
|    approx_kl            | 0.0076711015 |
|    clip_fraction        | 0.0972       |
|    clip_range           | 0.2          |
|    entropy_loss         | -3.85        |
|    explained_variance   | 0.999        |
|    learning_rate        | 0.0003       |
|    loss                 | 2.18         |
|    n_updates            | 590          |
|    policy_gradient_loss | -0.0032      |
|    std                  | 0.872        |
|    value_loss           | 8.41         |
------------------------------------------
-----------------------------------------
| rollout/                |             |
|    ep_len_mean          | 25          |
|    ep_rew_mean          | 65.8        |
| time/                   |             |
|    fps                  | 22          |
|    iterations           | 61          |
|    time_elapsed         | 5650        |
|    total_timesteps      | 124928      |
| train/                  |             |
|    approx_kl            | 0.008394102 |
|    clip_fraction        | 0.144       |
|    clip_range           | 0.2         |
|    entropy_loss         | -3.82       |
|    explained_variance   | 0.999       |
|    learning_rate        | 0.0003      |
|    loss                 | 2.06        |
|    n_updates            | 600         |
|    policy_gradient_loss | -0.00472    |
|    std                  | 0.859       |
|    value_loss           | 5.33        |
-----------------------------------------
-----------------------------------------
| rollout/                |             |
|    ep_len_mean          | 36          |
|    ep_rew_mean          | 55.4        |
| time/                   |             |
|    fps                  | 22          |
|    iterations           | 62          |
|    time_elapsed         | 5735        |
|    total_timesteps      | 126976      |
| train/                  |             |
|    approx_kl            | 0.012404716 |
|    clip_fraction        | 0.16        |
|    clip_range           | 0.2         |
|    entropy_loss         | -3.79       |
|    explained_variance   | 0.998       |
|    learning_rate        | 0.0003      |
|    loss                 | 7.09        |
|    n_updates            | 610         |
|    policy_gradient_loss | -0.00655    |
|    std                  | 0.856       |
|    value_loss           | 11.1        |
-----------------------------------------
-----------------------------------------
| rollout/                |             |
|    ep_len_mean          | 30.4        |
|    ep_rew_mean          | 43          |
| time/                   |             |
|    fps                  | 22          |
|    iterations           | 63          |
|    time_elapsed         | 5841        |
|    total_timesteps      | 129024      |
| train/                  |             |
|    approx_kl            | 0.011418542 |
|    clip_fraction        | 0.156       |
|    clip_range           | 0.2         |
|    entropy_loss         | -3.8        |
|    explained_variance   | 0.998       |
|    learning_rate        | 0.0003      |
|    loss                 | 3.95        |
|    n_updates            | 620         |
|    policy_gradient_loss | 0.000253    |
|    std                  | 0.858       |
|    value_loss           | 5.59        |
-----------------------------------------
----------------------------------------
| rollout/                |            |
|    ep_len_mean          | 29.4       |
|    ep_rew_mean          | 49.6       |
| time/                   |            |
|    fps                  | 22         |
|    iterations           | 64         |
|    time_elapsed         | 5938       |
|    total_timesteps      | 131072     |
| train/                  |            |
|    approx_kl            | 0.01075999 |
|    clip_fraction        | 0.136      |
|    clip_range           | 0.2        |
|    entropy_loss         | -3.79      |
|    explained_variance   | 0.997      |
|    learning_rate        | 0.0003     |
|    loss                 | 2.23       |
|    n_updates            | 630        |
|    policy_gradient_loss | -0.00125   |
|    std                  | 0.857      |
|    value_loss           | 6.76       |
----------------------------------------
-----------------------------------------
| rollout/                |             |
|    ep_len_mean          | 23.8        |
|    ep_rew_mean          | 46          |
| time/                   |             |
|    fps                  | 21          |
|    iterations           | 65          |
|    time_elapsed         | 6054        |
|    total_timesteps      | 133120      |
| train/                  |             |
|    approx_kl            | 0.012917133 |
|    clip_fraction        | 0.118       |
|    clip_range           | 0.2         |
|    entropy_loss         | -3.78       |
|    explained_variance   | 0.998       |
|    learning_rate        | 0.0003      |
|    loss                 | 3.4         |
|    n_updates            | 640         |
|    policy_gradient_loss | -0.00619    |
|    std                  | 0.851       |
|    value_loss           | 8.98        |
-----------------------------------------
-----------------------------------------
| rollout/                |             |
|    ep_len_mean          | 31.6        |
|    ep_rew_mean          | 44          |
| time/                   |             |
|    fps                  | 22          |
|    iterations           | 66          |
|    time_elapsed         | 6137        |
|    total_timesteps      | 135168      |
| train/                  |             |
|    approx_kl            | 0.009996649 |
|    clip_fraction        | 0.161       |
|    clip_range           | 0.2         |
|    entropy_loss         | -3.76       |
|    explained_variance   | 0.999       |
|    learning_rate        | 0.0003      |
|    loss                 | 1.9         |
|    n_updates            | 650         |
|    policy_gradient_loss | -0.0046     |
|    std                  | 0.844       |
|    value_loss           | 5.14        |
-----------------------------------------
-----------------------------------------
| rollout/                |             |
|    ep_len_mean          | 22.6        |
|    ep_rew_mean          | 54.1        |
| time/                   |             |
|    fps                  | 21          |
|    iterations           | 67          |
|    time_elapsed         | 6259        |
|    total_timesteps      | 137216      |
| train/                  |             |
|    approx_kl            | 0.011752907 |
|    clip_fraction        | 0.159       |
|    clip_range           | 0.2         |
|    entropy_loss         | -3.75       |
|    explained_variance   | 0.982       |
|    learning_rate        | 0.0003      |
|    loss                 | 5.55        |
|    n_updates            | 660         |
|    policy_gradient_loss | -0.0012     |
|    std                  | 0.846       |
|    value_loss           | 32.5        |
-----------------------------------------
-----------------------------------------
| rollout/                |             |
|    ep_len_mean          | 25.8        |
|    ep_rew_mean          | 57.9        |
| time/                   |             |
|    fps                  | 21          |
|    iterations           | 68          |
|    time_elapsed         | 6361        |
|    total_timesteps      | 139264      |
| train/                  |             |
|    approx_kl            | 0.009729221 |
|    clip_fraction        | 0.107       |
|    clip_range           | 0.2         |
|    entropy_loss         | -3.75       |
|    explained_variance   | 0.998       |
|    learning_rate        | 0.0003      |
|    loss                 | 3.06        |
|    n_updates            | 670         |
|    policy_gradient_loss | -0.00303    |
|    std                  | 0.845       |
|    value_loss           | 6.93        |
-----------------------------------------
-----------------------------------------
| rollout/                |             |
|    ep_len_mean          | 38.7        |
|    ep_rew_mean          | 58.5        |
| time/                   |             |
|    fps                  | 21          |
|    iterations           | 69          |
|    time_elapsed         | 6442        |
|    total_timesteps      | 141312      |
| train/                  |             |
|    approx_kl            | 0.011040492 |
|    clip_fraction        | 0.122       |
|    clip_range           | 0.2         |
|    entropy_loss         | -3.74       |
|    explained_variance   | 0.994       |
|    learning_rate        | 0.0003      |
|    loss                 | 4.95        |
|    n_updates            | 680         |
|    policy_gradient_loss | -0.00404    |
|    std                  | 0.839       |
|    value_loss           | 30          |
-----------------------------------------
-----------------------------------------
| rollout/                |             |
|    ep_len_mean          | 21.2        |
|    ep_rew_mean          | 59.2        |
| time/                   |             |
|    fps                  | 21          |
|    iterations           | 70          |
|    time_elapsed         | 6566        |
|    total_timesteps      | 143360      |
| train/                  |             |
|    approx_kl            | 0.024384528 |
|    clip_fraction        | 0.143       |
|    clip_range           | 0.2         |
|    entropy_loss         | -3.72       |
|    explained_variance   | 0.998       |
|    learning_rate        | 0.0003      |
|    loss                 | 3.5         |
|    n_updates            | 690         |
|    policy_gradient_loss | -0.00309    |
|    std                  | 0.832       |
|    value_loss           | 5.95        |
-----------------------------------------
-----------------------------------------
| rollout/                |             |
|    ep_len_mean          | 21.3        |
|    ep_rew_mean          | 52.7        |
| time/                   |             |
|    fps                  | 21          |
|    iterations           | 71          |
|    time_elapsed         | 6692        |
|    total_timesteps      | 145408      |
| train/                  |             |
|    approx_kl            | 0.009760549 |
|    clip_fraction        | 0.121       |
|    clip_range           | 0.2         |
|    entropy_loss         | -3.71       |
|    explained_variance   | 0.999       |
|    learning_rate        | 0.0003      |
|    loss                 | 1.69        |
|    n_updates            | 700         |
|    policy_gradient_loss | -0.00489    |
|    std                  | 0.835       |
|    value_loss           | 7.05        |
-----------------------------------------
-----------------------------------------
| rollout/                |             |
|    ep_len_mean          | 21.3        |
|    ep_rew_mean          | 61.1        |
| time/                   |             |
|    fps                  | 21          |
|    iterations           | 72          |
|    time_elapsed         | 6808        |
|    total_timesteps      | 147456      |
| train/                  |             |
|    approx_kl            | 0.015187239 |
|    clip_fraction        | 0.145       |
|    clip_range           | 0.2         |
|    entropy_loss         | -3.72       |
|    explained_variance   | 0.999       |
|    learning_rate        | 0.0003      |
|    loss                 | 2.44        |
|    n_updates            | 710         |
|    policy_gradient_loss | -0.00476    |
|    std                  | 0.836       |
|    value_loss           | 5.8         |
-----------------------------------------
----------------------------------------
| rollout/                |            |
|    ep_len_mean          | 19.7       |
|    ep_rew_mean          | 38.9       |
| time/                   |            |
|    fps                  | 21         |
|    iterations           | 73         |
|    time_elapsed         | 6937       |
|    total_timesteps      | 149504     |
| train/                  |            |
|    approx_kl            | 0.01095348 |
|    clip_fraction        | 0.166      |
|    clip_range           | 0.2        |
|    entropy_loss         | -3.69      |
|    explained_variance   | 0.996      |
|    learning_rate        | 0.0003     |
|    loss                 | 2.42       |
|    n_updates            | 720        |
|    policy_gradient_loss | -0.00432   |
|    std                  | 0.824      |
|    value_loss           | 18         |
----------------------------------------
-----------------------------------------
| rollout/                |             |
|    ep_len_mean          | 23.5        |
|    ep_rew_mean          | 54.2        |
| time/                   |             |
|    fps                  | 21          |
|    iterations           | 74          |
|    time_elapsed         | 7047        |
|    total_timesteps      | 151552      |
| train/                  |             |
|    approx_kl            | 0.011744918 |
|    clip_fraction        | 0.164       |
|    clip_range           | 0.2         |
|    entropy_loss         | -3.68       |
|    explained_variance   | 0.999       |
|    learning_rate        | 0.0003      |
|    loss                 | 4.25        |
|    n_updates            | 730         |
|    policy_gradient_loss | -0.00315    |
|    std                  | 0.829       |
|    value_loss           | 6.12        |
-----------------------------------------
-----------------------------------------
| rollout/                |             |
|    ep_len_mean          | 26.8        |
|    ep_rew_mean          | 46.2        |
| time/                   |             |
|    fps                  | 21          |
|    iterations           | 75          |
|    time_elapsed         | 7160        |
|    total_timesteps      | 153600      |
| train/                  |             |
|    approx_kl            | 0.011939639 |
|    clip_fraction        | 0.16        |
|    clip_range           | 0.2         |
|    entropy_loss         | -3.68       |
|    explained_variance   | 0.999       |
|    learning_rate        | 0.0003      |
|    loss                 | 2.21        |
|    n_updates            | 740         |
|    policy_gradient_loss | -0.00574    |
|    std                  | 0.82        |
|    value_loss           | 4.34        |
-----------------------------------------
-----------------------------------------
| rollout/                |             |
|    ep_len_mean          | 22.5        |
|    ep_rew_mean          | 43.6        |
| time/                   |             |
|    fps                  | 21          |
|    iterations           | 76          |
|    time_elapsed         | 7280        |
|    total_timesteps      | 155648      |
| train/                  |             |
|    approx_kl            | 0.012989373 |
|    clip_fraction        | 0.171       |
|    clip_range           | 0.2         |
|    entropy_loss         | -3.66       |
|    explained_variance   | 0.999       |
|    learning_rate        | 0.0003      |
|    loss                 | 3.01        |
|    n_updates            | 750         |
|    policy_gradient_loss | -0.00876    |
|    std                  | 0.82        |
|    value_loss           | 5.21        |
-----------------------------------------
-----------------------------------------
| rollout/                |             |
|    ep_len_mean          | 23.6        |
|    ep_rew_mean          | 51.5        |
| time/                   |             |
|    fps                  | 21          |
|    iterations           | 77          |
|    time_elapsed         | 7397        |
|    total_timesteps      | 157696      |
| train/                  |             |
|    approx_kl            | 0.004495208 |
|    clip_fraction        | 0.0732      |
|    clip_range           | 0.2         |
|    entropy_loss         | -3.66       |
|    explained_variance   | 0.922       |
|    learning_rate        | 0.0003      |
|    loss                 | 18.3        |
|    n_updates            | 760         |
|    policy_gradient_loss | 0.000921    |
|    std                  | 0.819       |
|    value_loss           | 159         |
-----------------------------------------
------------------------------------------
| rollout/                |              |
|    ep_len_mean          | 24.2         |
|    ep_rew_mean          | 59.3         |
| time/                   |              |
|    fps                  | 21           |
|    iterations           | 78           |
|    time_elapsed         | 7509         |
|    total_timesteps      | 159744       |
| train/                  |              |
|    approx_kl            | 0.0119943805 |
|    clip_fraction        | 0.179        |
|    clip_range           | 0.2          |
|    entropy_loss         | -3.65        |
|    explained_variance   | 0.996        |
|    learning_rate        | 0.0003       |
|    loss                 | 1.33         |
|    n_updates            | 770          |
|    policy_gradient_loss | -0.00222     |
|    std                  | 0.816        |
|    value_loss           | 19           |
------------------------------------------
----------------------------------------
| rollout/                |            |
|    ep_len_mean          | 22.3       |
|    ep_rew_mean          | 53.8       |
| time/                   |            |
|    fps                  | 21         |
|    iterations           | 79         |
|    time_elapsed         | 7621       |
|    total_timesteps      | 161792     |
| train/                  |            |
|    approx_kl            | 0.01531193 |
|    clip_fraction        | 0.197      |
|    clip_range           | 0.2        |
|    entropy_loss         | -3.64      |
|    explained_variance   | 0.999      |
|    learning_rate        | 0.0003     |
|    loss                 | 2.3        |
|    n_updates            | 780        |
|    policy_gradient_loss | -0.00279   |
|    std                  | 0.812      |
|    value_loss           | 4.78       |
----------------------------------------
-----------------------------------------
| rollout/                |             |
|    ep_len_mean          | 23.6        |
|    ep_rew_mean          | 39.7        |
| time/                   |             |
|    fps                  | 21          |
|    iterations           | 80          |
|    time_elapsed         | 7742        |
|    total_timesteps      | 163840      |
| train/                  |             |
|    approx_kl            | 0.010830338 |
|    clip_fraction        | 0.203       |
|    clip_range           | 0.2         |
|    entropy_loss         | -3.62       |
|    explained_variance   | 0.999       |
|    learning_rate        | 0.0003      |
|    loss                 | 1.79        |
|    n_updates            | 790         |
|    policy_gradient_loss | -0.00669    |
|    std                  | 0.808       |
|    value_loss           | 5.51        |
-----------------------------------------
-----------------------------------------
| rollout/                |             |
|    ep_len_mean          | 18.7        |
|    ep_rew_mean          | 31.2        |
| time/                   |             |
|    fps                  | 21          |
|    iterations           | 81          |
|    time_elapsed         | 7870        |
|    total_timesteps      | 165888      |
| train/                  |             |
|    approx_kl            | 0.010792708 |
|    clip_fraction        | 0.151       |
|    clip_range           | 0.2         |
|    entropy_loss         | -3.62       |
|    explained_variance   | 0.999       |
|    learning_rate        | 0.0003      |
|    loss                 | 1.67        |
|    n_updates            | 800         |
|    policy_gradient_loss | -0.00601    |
|    std                  | 0.809       |
|    value_loss           | 4.3         |
-----------------------------------------
-----------------------------------------
| rollout/                |             |
|    ep_len_mean          | 24.1        |
|    ep_rew_mean          | 57.3        |
| time/                   |             |
|    fps                  | 21          |
|    iterations           | 82          |
|    time_elapsed         | 7974        |
|    total_timesteps      | 167936      |
| train/                  |             |
|    approx_kl            | 0.014870942 |
|    clip_fraction        | 0.177       |
|    clip_range           | 0.2         |
|    entropy_loss         | -3.62       |
|    explained_variance   | 0.999       |
|    learning_rate        | 0.0003      |
|    loss                 | 2.75        |
|    n_updates            | 810         |
|    policy_gradient_loss | -0.000386   |
|    std                  | 0.808       |
|    value_loss           | 4.85        |
-----------------------------------------
------------------------------------------
| rollout/                |              |
|    ep_len_mean          | 28.4         |
|    ep_rew_mean          | 44.9         |
| time/                   |              |
|    fps                  | 21           |
|    iterations           | 83           |
|    time_elapsed         | 8076         |
|    total_timesteps      | 169984       |
| train/                  |              |
|    approx_kl            | 0.0123290215 |
|    clip_fraction        | 0.117        |
|    clip_range           | 0.2          |
|    entropy_loss         | -3.64        |
|    explained_variance   | 0.999        |
|    learning_rate        | 0.0003       |
|    loss                 | 2.4          |
|    n_updates            | 820          |
|    policy_gradient_loss | -0.00624     |
|    std                  | 0.818        |
|    value_loss           | 5.46         |
------------------------------------------
-----------------------------------------
| rollout/                |             |
|    ep_len_mean          | 29.4        |
|    ep_rew_mean          | 62.8        |
| time/                   |             |
|    fps                  | 21          |
|    iterations           | 84          |
|    time_elapsed         | 8163        |
|    total_timesteps      | 172032      |
| train/                  |             |
|    approx_kl            | 0.011888218 |
|    clip_fraction        | 0.175       |
|    clip_range           | 0.2         |
|    entropy_loss         | -3.65       |
|    explained_variance   | 0.999       |
|    learning_rate        | 0.0003      |
|    loss                 | 0.523       |
|    n_updates            | 830         |
|    policy_gradient_loss | -0.00203    |
|    std                  | 0.817       |
|    value_loss           | 2.66        |
-----------------------------------------
---------------------------------------
| rollout/                |           |
|    ep_len_mean          | 41.1      |
|    ep_rew_mean          | 81.9      |
| time/                   |           |
|    fps                  | 21        |
|    iterations           | 85        |
|    time_elapsed         | 8253      |
|    total_timesteps      | 174080    |
| train/                  |           |
|    approx_kl            | 0.0140712 |
|    clip_fraction        | 0.158     |
|    clip_range           | 0.2       |
|    entropy_loss         | -3.64     |
|    explained_variance   | 0.999     |
|    learning_rate        | 0.0003    |
|    loss                 | 2.67      |
|    n_updates            | 840       |
|    policy_gradient_loss | -0.00844  |
|    std                  | 0.812     |
|    value_loss           | 5.5       |
---------------------------------------
-----------------------------------------
| rollout/                |             |
|    ep_len_mean          | 28.3        |
|    ep_rew_mean          | 52.9        |
| time/                   |             |
|    fps                  | 21          |
|    iterations           | 86          |
|    time_elapsed         | 8368        |
|    total_timesteps      | 176128      |
| train/                  |             |
|    approx_kl            | 0.013555648 |
|    clip_fraction        | 0.143       |
|    clip_range           | 0.2         |
|    entropy_loss         | -3.63       |
|    explained_variance   | 0.999       |
|    learning_rate        | 0.0003      |
|    loss                 | 1.77        |
|    n_updates            | 850         |
|    policy_gradient_loss | -0.00527    |
|    std                  | 0.812       |
|    value_loss           | 2.97        |
-----------------------------------------
-----------------------------------------
| rollout/                |             |
|    ep_len_mean          | 22.6        |
|    ep_rew_mean          | 51.7        |
| time/                   |             |
|    fps                  | 21          |
|    iterations           | 87          |
|    time_elapsed         | 8478        |
|    total_timesteps      | 178176      |
| train/                  |             |
|    approx_kl            | 0.008403533 |
|    clip_fraction        | 0.133       |
|    clip_range           | 0.2         |
|    entropy_loss         | -3.62       |
|    explained_variance   | 0.999       |
|    learning_rate        | 0.0003      |
|    loss                 | 2.45        |
|    n_updates            | 860         |
|    policy_gradient_loss | -0.0037     |
|    std                  | 0.807       |
|    value_loss           | 4.29        |
-----------------------------------------
-----------------------------------------
| rollout/                |             |
|    ep_len_mean          | 34.9        |
|    ep_rew_mean          | 55.8        |
| time/                   |             |
|    fps                  | 21          |
|    iterations           | 88          |
|    time_elapsed         | 8564        |
|    total_timesteps      | 180224      |
| train/                  |             |
|    approx_kl            | 0.011058411 |
|    clip_fraction        | 0.143       |
|    clip_range           | 0.2         |
|    entropy_loss         | -3.62       |
|    explained_variance   | 0.999       |
|    learning_rate        | 0.0003      |
|    loss                 | 1.34        |
|    n_updates            | 870         |
|    policy_gradient_loss | -0.00719    |
|    std                  | 0.81        |
|    value_loss           | 3.76        |
-----------------------------------------
-----------------------------------------
| rollout/                |             |
|    ep_len_mean          | 31.1        |
|    ep_rew_mean          | 58          |
| time/                   |             |
|    fps                  | 21          |
|    iterations           | 89          |
|    time_elapsed         | 8673        |
|    total_timesteps      | 182272      |
| train/                  |             |
|    approx_kl            | 0.017234886 |
|    clip_fraction        | 0.216       |
|    clip_range           | 0.2         |
|    entropy_loss         | -3.62       |
|    explained_variance   | 0.998       |
|    learning_rate        | 0.0003      |
|    loss                 | 2.51        |
|    n_updates            | 880         |
|    policy_gradient_loss | -0.00844    |
|    std                  | 0.809       |
|    value_loss           | 4.78        |
-----------------------------------------
-----------------------------------------
| rollout/                |             |
|    ep_len_mean          | 24.1        |
|    ep_rew_mean          | 49.6        |
| time/                   |             |
|    fps                  | 20          |
|    iterations           | 90          |
|    time_elapsed         | 8784        |
|    total_timesteps      | 184320      |
| train/                  |             |
|    approx_kl            | 0.011856138 |
|    clip_fraction        | 0.152       |
|    clip_range           | 0.2         |
|    entropy_loss         | -3.62       |
|    explained_variance   | 0.998       |
|    learning_rate        | 0.0003      |
|    loss                 | 1.91        |
|    n_updates            | 890         |
|    policy_gradient_loss | -0.00879    |
|    std                  | 0.809       |
|    value_loss           | 8.46        |
-----------------------------------------
----------------------------------------
| rollout/                |            |
|    ep_len_mean          | 25.6       |
|    ep_rew_mean          | 39.9       |
| time/                   |            |
|    fps                  | 20         |
|    iterations           | 91         |
|    time_elapsed         | 8897       |
|    total_timesteps      | 186368     |
| train/                  |            |
|    approx_kl            | 0.01686595 |
|    clip_fraction        | 0.16       |
|    clip_range           | 0.2        |
|    entropy_loss         | -3.61      |
|    explained_variance   | 0.999      |
|    learning_rate        | 0.0003     |
|    loss                 | 2.07       |
|    n_updates            | 900        |
|    policy_gradient_loss | -0.00846   |
|    std                  | 0.806      |
|    value_loss           | 4.3        |
----------------------------------------
-----------------------------------------
| rollout/                |             |
|    ep_len_mean          | 27.4        |
|    ep_rew_mean          | 40.3        |
| time/                   |             |
|    fps                  | 20          |
|    iterations           | 92          |
|    time_elapsed         | 9001        |
|    total_timesteps      | 188416      |
| train/                  |             |
|    approx_kl            | 0.013056099 |
|    clip_fraction        | 0.184       |
|    clip_range           | 0.2         |
|    entropy_loss         | -3.6        |
|    explained_variance   | 0.999       |
|    learning_rate        | 0.0003      |
|    loss                 | 1.82        |
|    n_updates            | 910         |
|    policy_gradient_loss | -0.00607    |
|    std                  | 0.802       |
|    value_loss           | 4.03        |
-----------------------------------------
-----------------------------------------
| rollout/                |             |
|    ep_len_mean          | 23.1        |
|    ep_rew_mean          | 44.7        |
| time/                   |             |
|    fps                  | 20          |
|    iterations           | 93          |
|    time_elapsed         | 9112        |
|    total_timesteps      | 190464      |
| train/                  |             |
|    approx_kl            | 0.009499887 |
|    clip_fraction        | 0.168       |
|    clip_range           | 0.2         |
|    entropy_loss         | -3.58       |
|    explained_variance   | 0.996       |
|    learning_rate        | 0.0003      |
|    loss                 | 1.82        |
|    n_updates            | 920         |
|    policy_gradient_loss | -0.00699    |
|    std                  | 0.798       |
|    value_loss           | 9.75        |
-----------------------------------------
-----------------------------------------
| rollout/                |             |
|    ep_len_mean          | 30.5        |
|    ep_rew_mean          | 44.3        |
| time/                   |             |
|    fps                  | 20          |
|    iterations           | 94          |
|    time_elapsed         | 9206        |
|    total_timesteps      | 192512      |
| train/                  |             |
|    approx_kl            | 0.022703653 |
|    clip_fraction        | 0.187       |
|    clip_range           | 0.2         |
|    entropy_loss         | -3.57       |
|    explained_variance   | 0.999       |
|    learning_rate        | 0.0003      |
|    loss                 | 1.14        |
|    n_updates            | 930         |
|    policy_gradient_loss | -0.00392    |
|    std                  | 0.795       |
|    value_loss           | 3.52        |
-----------------------------------------
-----------------------------------------
| rollout/                |             |
|    ep_len_mean          | 43.2        |
|    ep_rew_mean          | 47.5        |
| time/                   |             |
|    fps                  | 20          |
|    iterations           | 95          |
|    time_elapsed         | 9273        |
|    total_timesteps      | 194560      |
| train/                  |             |
|    approx_kl            | 0.013734862 |
|    clip_fraction        | 0.209       |
|    clip_range           | 0.2         |
|    entropy_loss         | -3.56       |
|    explained_variance   | 0.998       |
|    learning_rate        | 0.0003      |
|    loss                 | 2.18        |
|    n_updates            | 940         |
|    policy_gradient_loss | -0.00833    |
|    std                  | 0.792       |
|    value_loss           | 4.97        |
-----------------------------------------
-----------------------------------------
| rollout/                |             |
|    ep_len_mean          | 50.6        |
|    ep_rew_mean          | 31.6        |
| time/                   |             |
|    fps                  | 21          |
|    iterations           | 96          |
|    time_elapsed         | 9355        |
|    total_timesteps      | 196608      |
| train/                  |             |
|    approx_kl            | 0.019325377 |
|    clip_fraction        | 0.175       |
|    clip_range           | 0.2         |
|    entropy_loss         | -3.55       |
|    explained_variance   | 0.995       |
|    learning_rate        | 0.0003      |
|    loss                 | 2.32        |
|    n_updates            | 950         |
|    policy_gradient_loss | -0.00224    |
|    std                  | 0.788       |
|    value_loss           | 6.6         |
-----------------------------------------
----------------------------------------
| rollout/                |            |
|    ep_len_mean          | 61.8       |
|    ep_rew_mean          | 37.7       |
| time/                   |            |
|    fps                  | 21         |
|    iterations           | 97         |
|    time_elapsed         | 9436       |
|    total_timesteps      | 198656     |
| train/                  |            |
|    approx_kl            | 0.02656962 |
|    clip_fraction        | 0.233      |
|    clip_range           | 0.2        |
|    entropy_loss         | -3.51      |
|    explained_variance   | 0.996      |
|    learning_rate        | 0.0003     |
|    loss                 | 1.89       |
|    n_updates            | 960        |
|    policy_gradient_loss | -0.003     |
|    std                  | 0.776      |
|    value_loss           | 4.89       |
----------------------------------------
-----------------------------------------
| rollout/                |             |
|    ep_len_mean          | 59.4        |
|    ep_rew_mean          | 46.9        |
| time/                   |             |
|    fps                  | 21          |
|    iterations           | 98          |
|    time_elapsed         | 9515        |
|    total_timesteps      | 200704      |
| train/                  |             |
|    approx_kl            | 0.014958961 |
|    clip_fraction        | 0.175       |
|    clip_range           | 0.2         |
|    entropy_loss         | -3.48       |
|    explained_variance   | 0.997       |
|    learning_rate        | 0.0003      |
|    loss                 | 3           |
|    n_updates            | 970         |
|    policy_gradient_loss | -0.0118     |
|    std                  | 0.769       |
|    value_loss           | 5.09        |
-----------------------------------------
-----------------------------------------
| rollout/                |             |
|    ep_len_mean          | 55.8        |
|    ep_rew_mean          | 69.5        |
| time/                   |             |
|    fps                  | 21          |
|    iterations           | 99          |
|    time_elapsed         | 9596        |
|    total_timesteps      | 202752      |
| train/                  |             |
|    approx_kl            | 0.013507172 |
|    clip_fraction        | 0.157       |
|    clip_range           | 0.2         |
|    entropy_loss         | -3.47       |
|    explained_variance   | 0.995       |
|    learning_rate        | 0.0003      |
|    loss                 | 2.94        |
|    n_updates            | 980         |
|    policy_gradient_loss | -0.0109     |
|    std                  | 0.77        |
|    value_loss           | 7.31        |
-----------------------------------------
-----------------------------------------
| rollout/                |             |
|    ep_len_mean          | 59.6        |
|    ep_rew_mean          | 74.7        |
| time/                   |             |
|    fps                  | 21          |
|    iterations           | 100         |
|    time_elapsed         | 9668        |
|    total_timesteps      | 204800      |
| train/                  |             |
|    approx_kl            | 0.012065604 |
|    clip_fraction        | 0.162       |
|    clip_range           | 0.2         |
|    entropy_loss         | -3.46       |
|    explained_variance   | 0.997       |
|    learning_rate        | 0.0003      |
|    loss                 | 2.61        |
|    n_updates            | 990         |
|    policy_gradient_loss | -0.00691    |
|    std                  | 0.764       |
|    value_loss           | 7.2         |
-----------------------------------------
-----------------------------------------
| rollout/                |             |
|    ep_len_mean          | 62.4        |
|    ep_rew_mean          | 74.5        |
| time/                   |             |
|    fps                  | 21          |
|    iterations           | 101         |
|    time_elapsed         | 9741        |
|    total_timesteps      | 206848      |
| train/                  |             |
|    approx_kl            | 0.011029232 |
|    clip_fraction        | 0.159       |
|    clip_range           | 0.2         |
|    entropy_loss         | -3.44       |
|    explained_variance   | 0.998       |
|    learning_rate        | 0.0003      |
|    loss                 | 1.57        |
|    n_updates            | 1000        |
|    policy_gradient_loss | -0.00581    |
|    std                  | 0.763       |
|    value_loss           | 5.37        |
-----------------------------------------
----------------------------------------
| rollout/                |            |
|    ep_len_mean          | 64.8       |
|    ep_rew_mean          | 82.6       |
| time/                   |            |
|    fps                  | 21         |
|    iterations           | 102        |
|    time_elapsed         | 9821       |
|    total_timesteps      | 208896     |
| train/                  |            |
|    approx_kl            | 0.01544626 |
|    clip_fraction        | 0.182      |
|    clip_range           | 0.2        |
|    entropy_loss         | -3.44      |
|    explained_variance   | 0.998      |
|    learning_rate        | 0.0003     |
|    loss                 | 1.35       |
|    n_updates            | 1010       |
|    policy_gradient_loss | -0.00718   |
|    std                  | 0.76       |
|    value_loss           | 5.21       |
----------------------------------------
----------------------------------------
| rollout/                |            |
|    ep_len_mean          | 73         |
|    ep_rew_mean          | 75.7       |
| time/                   |            |
|    fps                  | 21         |
|    iterations           | 103        |
|    time_elapsed         | 9886       |
|    total_timesteps      | 210944     |
| train/                  |            |
|    approx_kl            | 0.01355065 |
|    clip_fraction        | 0.172      |
|    clip_range           | 0.2        |
|    entropy_loss         | -3.41      |
|    explained_variance   | 0.997      |
|    learning_rate        | 0.0003     |
|    loss                 | 3.01       |
|    n_updates            | 1020       |
|    policy_gradient_loss | -0.0107    |
|    std                  | 0.753      |
|    value_loss           | 7.12       |
----------------------------------------
----------------------------------------
| rollout/                |            |
|    ep_len_mean          | 72.7       |
|    ep_rew_mean          | 69         |
| time/                   |            |
|    fps                  | 21         |
|    iterations           | 104        |
|    time_elapsed         | 9955       |
|    total_timesteps      | 212992     |
| train/                  |            |
|    approx_kl            | 0.03013461 |
|    clip_fraction        | 0.2        |
|    clip_range           | 0.2        |
|    entropy_loss         | -3.4       |
|    explained_variance   | 0.996      |
|    learning_rate        | 0.0003     |
|    loss                 | 1.02       |
|    n_updates            | 1030       |
|    policy_gradient_loss | -0.00012   |
|    std                  | 0.754      |
|    value_loss           | 4.4        |
----------------------------------------
-----------------------------------------
| rollout/                |             |
|    ep_len_mean          | 84.2        |
|    ep_rew_mean          | 58.1        |
| time/                   |             |
|    fps                  | 21          |
|    iterations           | 105         |
|    time_elapsed         | 10018       |
|    total_timesteps      | 215040      |
| train/                  |             |
|    approx_kl            | 0.019008815 |
|    clip_fraction        | 0.237       |
|    clip_range           | 0.2         |
|    entropy_loss         | -3.42       |
|    explained_variance   | 0.99        |
|    learning_rate        | 0.0003      |
|    loss                 | 2.2         |
|    n_updates            | 1040        |
|    policy_gradient_loss | -0.00439    |
|    std                  | 0.761       |
|    value_loss           | 6.14        |
-----------------------------------------
-----------------------------------------
| rollout/                |             |
|    ep_len_mean          | 95.9        |
|    ep_rew_mean          | 57.3        |
| time/                   |             |
|    fps                  | 21          |
|    iterations           | 106         |
|    time_elapsed         | 10084       |
|    total_timesteps      | 217088      |
| train/                  |             |
|    approx_kl            | 0.009860203 |
|    clip_fraction        | 0.0936      |
|    clip_range           | 0.2         |
|    entropy_loss         | -3.43       |
|    explained_variance   | 0.975       |
|    learning_rate        | 0.0003      |
|    loss                 | 2.23        |
|    n_updates            | 1050        |
|    policy_gradient_loss | -0.00131    |
|    std                  | 0.759       |
|    value_loss           | 9.53        |
-----------------------------------------
-----------------------------------------
| rollout/                |             |
|    ep_len_mean          | 105         |
|    ep_rew_mean          | 45.9        |
| time/                   |             |
|    fps                  | 21          |
|    iterations           | 107         |
|    time_elapsed         | 10148       |
|    total_timesteps      | 219136      |
| train/                  |             |
|    approx_kl            | 0.011531461 |
|    clip_fraction        | 0.164       |
|    clip_range           | 0.2         |
|    entropy_loss         | -3.43       |
|    explained_variance   | 0.833       |
|    learning_rate        | 0.0003      |
|    loss                 | 8.89        |
|    n_updates            | 1060        |
|    policy_gradient_loss | -0.00238    |
|    std                  | 0.76        |
|    value_loss           | 60.8        |
-----------------------------------------
-----------------------------------------
| rollout/                |             |
|    ep_len_mean          | 119         |
|    ep_rew_mean          | 39.4        |
| time/                   |             |
|    fps                  | 21          |
|    iterations           | 108         |
|    time_elapsed         | 10202       |
|    total_timesteps      | 221184      |
| train/                  |             |
|    approx_kl            | 0.017246002 |
|    clip_fraction        | 0.203       |
|    clip_range           | 0.2         |
|    entropy_loss         | -3.44       |
|    explained_variance   | 0.886       |
|    learning_rate        | 0.0003      |
|    loss                 | 1.72        |
|    n_updates            | 1070        |
|    policy_gradient_loss | -0.00287    |
|    std                  | 0.764       |
|    value_loss           | 36.2        |
-----------------------------------------
-----------------------------------------
| rollout/                |             |
|    ep_len_mean          | 123         |
|    ep_rew_mean          | 50.1        |
| time/                   |             |
|    fps                  | 21          |
|    iterations           | 109         |
|    time_elapsed         | 10269       |
|    total_timesteps      | 223232      |
| train/                  |             |
|    approx_kl            | 0.021361146 |
|    clip_fraction        | 0.194       |
|    clip_range           | 0.2         |
|    entropy_loss         | -3.44       |
|    explained_variance   | 0.974       |
|    learning_rate        | 0.0003      |
|    loss                 | 2.11        |
|    n_updates            | 1080        |
|    policy_gradient_loss | -0.00382    |
|    std                  | 0.761       |
|    value_loss           | 4.89        |
-----------------------------------------
-----------------------------------------
| rollout/                |             |
|    ep_len_mean          | 135         |
|    ep_rew_mean          | 48          |
| time/                   |             |
|    fps                  | 21          |
|    iterations           | 110         |
|    time_elapsed         | 10326       |
|    total_timesteps      | 225280      |
| train/                  |             |
|    approx_kl            | 0.009601283 |
|    clip_fraction        | 0.132       |
|    clip_range           | 0.2         |
|    entropy_loss         | -3.43       |
|    explained_variance   | 0.967       |
|    learning_rate        | 0.0003      |
|    loss                 | 4.76        |
|    n_updates            | 1090        |
|    policy_gradient_loss | -0.00704    |
|    std                  | 0.761       |
|    value_loss           | 75.6        |
-----------------------------------------
-----------------------------------------
| rollout/                |             |
|    ep_len_mean          | 132         |
|    ep_rew_mean          | 54.3        |
| time/                   |             |
|    fps                  | 21          |
|    iterations           | 111         |
|    time_elapsed         | 10391       |
|    total_timesteps      | 227328      |
| train/                  |             |
|    approx_kl            | 0.016412333 |
|    clip_fraction        | 0.178       |
|    clip_range           | 0.2         |
|    entropy_loss         | -3.41       |
|    explained_variance   | 0.992       |
|    learning_rate        | 0.0003      |
|    loss                 | 1.52        |
|    n_updates            | 1100        |
|    policy_gradient_loss | -0.00359    |
|    std                  | 0.748       |
|    value_loss           | 3.68        |
-----------------------------------------
----------------------------------------
| rollout/                |            |
|    ep_len_mean          | 146        |
|    ep_rew_mean          | 45.3       |
| time/                   |            |
|    fps                  | 21         |
|    iterations           | 112        |
|    time_elapsed         | 10452      |
|    total_timesteps      | 229376     |
| train/                  |            |
|    approx_kl            | 0.01818141 |
|    clip_fraction        | 0.187      |
|    clip_range           | 0.2        |
|    entropy_loss         | -3.38      |
|    explained_variance   | 0.993      |
|    learning_rate        | 0.0003     |
|    loss                 | 2.18       |
|    n_updates            | 1110       |
|    policy_gradient_loss | -0.0125    |
|    std                  | 0.745      |
|    value_loss           | 8.95       |
----------------------------------------
-----------------------------------------
| rollout/                |             |
|    ep_len_mean          | 156         |
|    ep_rew_mean          | 42.4        |
| time/                   |             |
|    fps                  | 22          |
|    iterations           | 113         |
|    time_elapsed         | 10509       |
|    total_timesteps      | 231424      |
| train/                  |             |
|    approx_kl            | 0.011263366 |
|    clip_fraction        | 0.131       |
|    clip_range           | 0.2         |
|    entropy_loss         | -3.37       |
|    explained_variance   | 0.946       |
|    learning_rate        | 0.0003      |
|    loss                 | 2.54        |
|    n_updates            | 1120        |
|    policy_gradient_loss | -0.00249    |
|    std                  | 0.743       |
|    value_loss           | 7.43        |
-----------------------------------------
-----------------------------------------
| rollout/                |             |
|    ep_len_mean          | 165         |
|    ep_rew_mean          | 48.9        |
| time/                   |             |
|    fps                  | 22          |
|    iterations           | 114         |
|    time_elapsed         | 10567       |
|    total_timesteps      | 233472      |
| train/                  |             |
|    approx_kl            | 0.010307321 |
|    clip_fraction        | 0.148       |
|    clip_range           | 0.2         |
|    entropy_loss         | -3.35       |
|    explained_variance   | 0.986       |
|    learning_rate        | 0.0003      |
|    loss                 | 4.5         |
|    n_updates            | 1130        |
|    policy_gradient_loss | -0.00208    |
|    std                  | 0.738       |
|    value_loss           | 8.4         |
-----------------------------------------
-----------------------------------------
| rollout/                |             |
|    ep_len_mean          | 177         |
|    ep_rew_mean          | 48.6        |
| time/                   |             |
|    fps                  | 22          |
|    iterations           | 115         |
|    time_elapsed         | 10625       |
|    total_timesteps      | 235520      |
| train/                  |             |
|    approx_kl            | 0.019275464 |
|    clip_fraction        | 0.201       |
|    clip_range           | 0.2         |
|    entropy_loss         | -3.33       |
|    explained_variance   | 0.991       |
|    learning_rate        | 0.0003      |
|    loss                 | 1.65        |
|    n_updates            | 1140        |
|    policy_gradient_loss | -0.00753    |
|    std                  | 0.735       |
|    value_loss           | 4.14        |
-----------------------------------------
------------------------------------------
| rollout/                |              |
|    ep_len_mean          | 186          |
|    ep_rew_mean          | 52.9         |
| time/                   |              |
|    fps                  | 22           |
|    iterations           | 116          |
|    time_elapsed         | 10680        |
|    total_timesteps      | 237568       |
| train/                  |              |
|    approx_kl            | 0.0058029173 |
|    clip_fraction        | 0.123        |
|    clip_range           | 0.2          |
|    entropy_loss         | -3.33        |
|    explained_variance   | 0.677        |
|    learning_rate        | 0.0003       |
|    loss                 | 7.98         |
|    n_updates            | 1150         |
|    policy_gradient_loss | 0.000529     |
|    std                  | 0.735        |
|    value_loss           | 90.4         |
------------------------------------------
-----------------------------------------
| rollout/                |             |
|    ep_len_mean          | 184         |
|    ep_rew_mean          | 56.1        |
| time/                   |             |
|    fps                  | 22          |
|    iterations           | 117         |
|    time_elapsed         | 10738       |
|    total_timesteps      | 239616      |
| train/                  |             |
|    approx_kl            | 0.014645844 |
|    clip_fraction        | 0.155       |
|    clip_range           | 0.2         |
|    entropy_loss         | -3.33       |
|    explained_variance   | 0.947       |
|    learning_rate        | 0.0003      |
|    loss                 | 5.81        |
|    n_updates            | 1160        |
|    policy_gradient_loss | -0.00656    |
|    std                  | 0.735       |
|    value_loss           | 12.3        |
-----------------------------------------
-----------------------------------------
| rollout/                |             |
|    ep_len_mean          | 198         |
|    ep_rew_mean          | 47.3        |
| time/                   |             |
|    fps                  | 22          |
|    iterations           | 118         |
|    time_elapsed         | 10795       |
|    total_timesteps      | 241664      |
| train/                  |             |
|    approx_kl            | 0.009423273 |
|    clip_fraction        | 0.111       |
|    clip_range           | 0.2         |
|    entropy_loss         | -3.32       |
|    explained_variance   | 0.943       |
|    learning_rate        | 0.0003      |
|    loss                 | 3.71        |
|    n_updates            | 1170        |
|    policy_gradient_loss | -0.00213    |
|    std                  | 0.732       |
|    value_loss           | 12.2        |
-----------------------------------------
-----------------------------------------
| rollout/                |             |
|    ep_len_mean          | 213         |
|    ep_rew_mean          | 48.8        |
| time/                   |             |
|    fps                  | 22          |
|    iterations           | 119         |
|    time_elapsed         | 10850       |
|    total_timesteps      | 243712      |
| train/                  |             |
|    approx_kl            | 0.013218994 |
|    clip_fraction        | 0.16        |
|    clip_range           | 0.2         |
|    entropy_loss         | -3.31       |
|    explained_variance   | 0.71        |
|    learning_rate        | 0.0003      |
|    loss                 | 4.31        |
|    n_updates            | 1180        |
|    policy_gradient_loss | -0.00725    |
|    std                  | 0.732       |
|    value_loss           | 32.7        |
-----------------------------------------
-----------------------------------------
| rollout/                |             |
|    ep_len_mean          | 204         |
|    ep_rew_mean          | 50.3        |
| time/                   |             |
|    fps                  | 22          |
|    iterations           | 120         |
|    time_elapsed         | 10909       |
|    total_timesteps      | 245760      |
| train/                  |             |
|    approx_kl            | 0.009655958 |
|    clip_fraction        | 0.121       |
|    clip_range           | 0.2         |
|    entropy_loss         | -3.31       |
|    explained_variance   | 0.814       |
|    learning_rate        | 0.0003      |
|    loss                 | 3.79        |
|    n_updates            | 1190        |
|    policy_gradient_loss | -0.00285    |
|    std                  | 0.73        |
|    value_loss           | 65          |
-----------------------------------------
------------------------------------------
| rollout/                |              |
|    ep_len_mean          | 221          |
|    ep_rew_mean          | 40.9         |
| time/                   |              |
|    fps                  | 22           |
|    iterations           | 121          |
|    time_elapsed         | 10969        |
|    total_timesteps      | 247808       |
| train/                  |              |
|    approx_kl            | 0.0110851675 |
|    clip_fraction        | 0.158        |
|    clip_range           | 0.2          |
|    entropy_loss         | -3.31        |
|    explained_variance   | 0.968        |
|    learning_rate        | 0.0003       |
|    loss                 | 5.09         |
|    n_updates            | 1200         |
|    policy_gradient_loss | -0.00859     |
|    std                  | 0.734        |
|    value_loss           | 11.8         |
------------------------------------------
------------------------------------------
| rollout/                |              |
|    ep_len_mean          | 219          |
|    ep_rew_mean          | 46.4         |
| time/                   |              |
|    fps                  | 22           |
|    iterations           | 122          |
|    time_elapsed         | 11027        |
|    total_timesteps      | 249856       |
| train/                  |              |
|    approx_kl            | 0.0117781535 |
|    clip_fraction        | 0.171        |
|    clip_range           | 0.2          |
|    entropy_loss         | -3.31        |
|    explained_variance   | 0.949        |
|    learning_rate        | 0.0003       |
|    loss                 | 12           |
|    n_updates            | 1210         |
|    policy_gradient_loss | -0.00878     |
|    std                  | 0.727        |
|    value_loss           | 13.2         |
------------------------------------------
----------------------------------------
| rollout/                |            |
|    ep_len_mean          | 230        |
|    ep_rew_mean          | 58.2       |
| time/                   |            |
|    fps                  | 22         |
|    iterations           | 123        |
|    time_elapsed         | 11084      |
|    total_timesteps      | 251904     |
| train/                  |            |
|    approx_kl            | 0.01203864 |
|    clip_fraction        | 0.134      |
|    clip_range           | 0.2        |
|    entropy_loss         | -3.3       |
|    explained_variance   | 0.983      |
|    learning_rate        | 0.0003     |
|    loss                 | 4.73       |
|    n_updates            | 1220       |
|    policy_gradient_loss | -0.00355   |
|    std                  | 0.729      |
|    value_loss           | 15.9       |
----------------------------------------
------------------------------------------
| rollout/                |              |
|    ep_len_mean          | 248          |
|    ep_rew_mean          | 57.8         |
| time/                   |              |
|    fps                  | 22           |
|    iterations           | 124          |
|    time_elapsed         | 11138        |
|    total_timesteps      | 253952       |
| train/                  |              |
|    approx_kl            | 0.0035497318 |
|    clip_fraction        | 0.033        |
|    clip_range           | 0.2          |
|    entropy_loss         | -3.3         |
|    explained_variance   | 0.874        |
|    learning_rate        | 0.0003       |
|    loss                 | 34.3         |
|    n_updates            | 1230         |
|    policy_gradient_loss | -0.00259     |
|    std                  | 0.729        |
|    value_loss           | 65.5         |
------------------------------------------
-----------------------------------------
| rollout/                |             |
|    ep_len_mean          | 264         |
|    ep_rew_mean          | 56.3        |
| time/                   |             |
|    fps                  | 22          |
|    iterations           | 125         |
|    time_elapsed         | 11191       |
|    total_timesteps      | 256000      |
| train/                  |             |
|    approx_kl            | 0.015336741 |
|    clip_fraction        | 0.243       |
|    clip_range           | 0.2         |
|    entropy_loss         | -3.29       |
|    explained_variance   | 0.988       |
|    learning_rate        | 0.0003      |
|    loss                 | 1.53        |
|    n_updates            | 1240        |
|    policy_gradient_loss | -0.00178    |
|    std                  | 0.72        |
|    value_loss           | 4.27        |
-----------------------------------------
-----------------------------------------
| rollout/                |             |
|    ep_len_mean          | 276         |
|    ep_rew_mean          | 59.5        |
| time/                   |             |
|    fps                  | 22          |
|    iterations           | 126         |
|    time_elapsed         | 11246       |
|    total_timesteps      | 258048      |
| train/                  |             |
|    approx_kl            | 0.011011926 |
|    clip_fraction        | 0.14        |
|    clip_range           | 0.2         |
|    entropy_loss         | -3.28       |
|    explained_variance   | 0.964       |
|    learning_rate        | 0.0003      |
|    loss                 | 3.04        |
|    n_updates            | 1250        |
|    policy_gradient_loss | -0.00243    |
|    std                  | 0.725       |
|    value_loss           | 13.1        |
-----------------------------------------
-----------------------------------------
| rollout/                |             |
|    ep_len_mean          | 284         |
|    ep_rew_mean          | 56.5        |
| time/                   |             |
|    fps                  | 23          |
|    iterations           | 127         |
|    time_elapsed         | 11300       |
|    total_timesteps      | 260096      |
| train/                  |             |
|    approx_kl            | 0.009422058 |
|    clip_fraction        | 0.151       |
|    clip_range           | 0.2         |
|    entropy_loss         | -3.28       |
|    explained_variance   | 0.978       |
|    learning_rate        | 0.0003      |
|    loss                 | 4.77        |
|    n_updates            | 1260        |
|    policy_gradient_loss | -0.00444    |
|    std                  | 0.721       |
|    value_loss           | 9.44        |
-----------------------------------------
-----------------------------------------
| rollout/                |             |
|    ep_len_mean          | 289         |
|    ep_rew_mean          | 54.9        |
| time/                   |             |
|    fps                  | 23          |
|    iterations           | 128         |
|    time_elapsed         | 11356       |
|    total_timesteps      | 262144      |
| train/                  |             |
|    approx_kl            | 0.014709027 |
|    clip_fraction        | 0.135       |
|    clip_range           | 0.2         |
|    entropy_loss         | -3.26       |
|    explained_variance   | 0.971       |
|    learning_rate        | 0.0003      |
|    loss                 | 6.47        |
|    n_updates            | 1270        |
|    policy_gradient_loss | -0.0063     |
|    std                  | 0.717       |
|    value_loss           | 10.6        |
-----------------------------------------
------------------------------------------
| rollout/                |              |
|    ep_len_mean          | 300          |
|    ep_rew_mean          | 59.2         |
| time/                   |              |
|    fps                  | 23           |
|    iterations           | 129          |
|    time_elapsed         | 11410        |
|    total_timesteps      | 264192       |
| train/                  |              |
|    approx_kl            | 0.0060825213 |
|    clip_fraction        | 0.063        |
|    clip_range           | 0.2          |
|    entropy_loss         | -3.25        |
|    explained_variance   | 0.869        |
|    learning_rate        | 0.0003       |
|    loss                 | 3.43         |
|    n_updates            | 1280         |
|    policy_gradient_loss | -0.00351     |
|    std                  | 0.716        |
|    value_loss           | 37           |
------------------------------------------
-----------------------------------------
| rollout/                |             |
|    ep_len_mean          | 316         |
|    ep_rew_mean          | 55.2        |
| time/                   |             |
|    fps                  | 23          |
|    iterations           | 130         |
|    time_elapsed         | 11464       |
|    total_timesteps      | 266240      |
| train/                  |             |
|    approx_kl            | 0.013184449 |
|    clip_fraction        | 0.131       |
|    clip_range           | 0.2         |
|    entropy_loss         | -3.26       |
|    explained_variance   | 0.965       |
|    learning_rate        | 0.0003      |
|    loss                 | 5.8         |
|    n_updates            | 1290        |
|    policy_gradient_loss | -0.00282    |
|    std                  | 0.72        |
|    value_loss           | 17.7        |
-----------------------------------------
-----------------------------------------
| rollout/                |             |
|    ep_len_mean          | 325         |
|    ep_rew_mean          | 51.1        |
| time/                   |             |
|    fps                  | 23          |
|    iterations           | 131         |
|    time_elapsed         | 11519       |
|    total_timesteps      | 268288      |
| train/                  |             |
|    approx_kl            | 0.008536363 |
|    clip_fraction        | 0.069       |
|    clip_range           | 0.2         |
|    entropy_loss         | -3.26       |
|    explained_variance   | 0.486       |
|    learning_rate        | 0.0003      |
|    loss                 | 12.4        |
|    n_updates            | 1300        |
|    policy_gradient_loss | -0.00604    |
|    std                  | 0.719       |
|    value_loss           | 44.1        |
-----------------------------------------
-----------------------------------------
| rollout/                |             |
|    ep_len_mean          | 328         |
|    ep_rew_mean          | 48.5        |
| time/                   |             |
|    fps                  | 23          |
|    iterations           | 132         |
|    time_elapsed         | 11574       |
|    total_timesteps      | 270336      |
| train/                  |             |
|    approx_kl            | 0.013709035 |
|    clip_fraction        | 0.154       |
|    clip_range           | 0.2         |
|    entropy_loss         | -3.26       |
|    explained_variance   | 0.97        |
|    learning_rate        | 0.0003      |
|    loss                 | 8.08        |
|    n_updates            | 1310        |
|    policy_gradient_loss | -0.00392    |
|    std                  | 0.72        |
|    value_loss           | 14          |
-----------------------------------------
-----------------------------------------
| rollout/                |             |
|    ep_len_mean          | 337         |
|    ep_rew_mean          | 50.6        |
| time/                   |             |
|    fps                  | 23          |
|    iterations           | 133         |
|    time_elapsed         | 11627       |
|    total_timesteps      | 272384      |
| train/                  |             |
|    approx_kl            | 0.011769871 |
|    clip_fraction        | 0.129       |
|    clip_range           | 0.2         |
|    entropy_loss         | -3.26       |
|    explained_variance   | 0.93        |
|    learning_rate        | 0.0003      |
|    loss                 | 10.1        |
|    n_updates            | 1320        |
|    policy_gradient_loss | -0.00226    |
|    std                  | 0.721       |
|    value_loss           | 16.5        |
-----------------------------------------
-----------------------------------------
| rollout/                |             |
|    ep_len_mean          | 356         |
|    ep_rew_mean          | 46.3        |
| time/                   |             |
|    fps                  | 23          |
|    iterations           | 134         |
|    time_elapsed         | 11680       |
|    total_timesteps      | 274432      |
| train/                  |             |
|    approx_kl            | 0.018907208 |
|    clip_fraction        | 0.202       |
|    clip_range           | 0.2         |
|    entropy_loss         | -3.26       |
|    explained_variance   | 0.982       |
|    learning_rate        | 0.0003      |
|    loss                 | 6.33        |
|    n_updates            | 1330        |
|    policy_gradient_loss | -0.00653    |
|    std                  | 0.719       |
|    value_loss           | 13.8        |
-----------------------------------------
-----------------------------------------
| rollout/                |             |
|    ep_len_mean          | 359         |
|    ep_rew_mean          | 50.6        |
| time/                   |             |
|    fps                  | 23          |
|    iterations           | 135         |
|    time_elapsed         | 11735       |
|    total_timesteps      | 276480      |
| train/                  |             |
|    approx_kl            | 0.015061752 |
|    clip_fraction        | 0.169       |
|    clip_range           | 0.2         |
|    entropy_loss         | -3.25       |
|    explained_variance   | 0.881       |
|    learning_rate        | 0.0003      |
|    loss                 | 2.58        |
|    n_updates            | 1340        |
|    policy_gradient_loss | -0.00383    |
|    std                  | 0.712       |
|    value_loss           | 13.3        |
-----------------------------------------
-----------------------------------------
| rollout/                |             |
|    ep_len_mean          | 360         |
|    ep_rew_mean          | 48          |
| time/                   |             |
|    fps                  | 23          |
|    iterations           | 136         |
|    time_elapsed         | 11792       |
|    total_timesteps      | 278528      |
| train/                  |             |
|    approx_kl            | 0.012419349 |
|    clip_fraction        | 0.138       |
|    clip_range           | 0.2         |
|    entropy_loss         | -3.23       |
|    explained_variance   | 0.974       |
|    learning_rate        | 0.0003      |
|    loss                 | 4.33        |
|    n_updates            | 1350        |
|    policy_gradient_loss | -0.00603    |
|    std                  | 0.712       |
|    value_loss           | 10.8        |
-----------------------------------------
-----------------------------------------
| rollout/                |             |
|    ep_len_mean          | 360         |
|    ep_rew_mean          | 46.2        |
| time/                   |             |
|    fps                  | 23          |
|    iterations           | 137         |
|    time_elapsed         | 11845       |
|    total_timesteps      | 280576      |
| train/                  |             |
|    approx_kl            | 0.006540535 |
|    clip_fraction        | 0.0991      |
|    clip_range           | 0.2         |
|    entropy_loss         | -3.23       |
|    explained_variance   | 0.85        |
|    learning_rate        | 0.0003      |
|    loss                 | 8.24        |
|    n_updates            | 1360        |
|    policy_gradient_loss | -0.00356    |
|    std                  | 0.712       |
|    value_loss           | 41.2        |
-----------------------------------------
----------------------------------------
| rollout/                |            |
|    ep_len_mean          | 382        |
|    ep_rew_mean          | 44.4       |
| time/                   |            |
|    fps                  | 23         |
|    iterations           | 138        |
|    time_elapsed         | 11899      |
|    total_timesteps      | 282624     |
| train/                  |            |
|    approx_kl            | 0.00945229 |
|    clip_fraction        | 0.121      |
|    clip_range           | 0.2        |
|    entropy_loss         | -3.23      |
|    explained_variance   | 0.644      |
|    learning_rate        | 0.0003     |
|    loss                 | 8.22       |
|    n_updates            | 1370       |
|    policy_gradient_loss | -0.00395   |
|    std                  | 0.708      |
|    value_loss           | 19.5       |
----------------------------------------
-----------------------------------------
| rollout/                |             |
|    ep_len_mean          | 396         |
|    ep_rew_mean          | 45.4        |
| time/                   |             |
|    fps                  | 23          |
|    iterations           | 139         |
|    time_elapsed         | 11954       |
|    total_timesteps      | 284672      |
| train/                  |             |
|    approx_kl            | 0.013845148 |
|    clip_fraction        | 0.176       |
|    clip_range           | 0.2         |
|    entropy_loss         | -3.2        |
|    explained_variance   | 0.725       |
|    learning_rate        | 0.0003      |
|    loss                 | 4.33        |
|    n_updates            | 1380        |
|    policy_gradient_loss | -0.0059     |
|    std                  | 0.702       |
|    value_loss           | 12.1        |
-----------------------------------------
-----------------------------------------
| rollout/                |             |
|    ep_len_mean          | 399         |
|    ep_rew_mean          | 40.2        |
| time/                   |             |
|    fps                  | 23          |
|    iterations           | 140         |
|    time_elapsed         | 12009       |
|    total_timesteps      | 286720      |
| train/                  |             |
|    approx_kl            | 0.018310815 |
|    clip_fraction        | 0.199       |
|    clip_range           | 0.2         |
|    entropy_loss         | -3.18       |
|    explained_variance   | 0.959       |
|    learning_rate        | 0.0003      |
|    loss                 | 3.42        |
|    n_updates            | 1390        |
|    policy_gradient_loss | -0.00843    |
|    std                  | 0.697       |
|    value_loss           | 8.03        |
-----------------------------------------
------------------------------------------
| rollout/                |              |
|    ep_len_mean          | 406          |
|    ep_rew_mean          | 44.3         |
| time/                   |              |
|    fps                  | 23           |
|    iterations           | 141          |
|    time_elapsed         | 12065        |
|    total_timesteps      | 288768       |
| train/                  |              |
|    approx_kl            | 0.0144918095 |
|    clip_fraction        | 0.133        |
|    clip_range           | 0.2          |
|    entropy_loss         | -3.18        |
|    explained_variance   | 0.719        |
|    learning_rate        | 0.0003       |
|    loss                 | 3.96         |
|    n_updates            | 1400         |
|    policy_gradient_loss | -0.00266     |
|    std                  | 0.702        |
|    value_loss           | 12.3         |
------------------------------------------
-----------------------------------------
| rollout/                |             |
|    ep_len_mean          | 422         |
|    ep_rew_mean          | 39.4        |
| time/                   |             |
|    fps                  | 23          |
|    iterations           | 142         |
|    time_elapsed         | 12119       |
|    total_timesteps      | 290816      |
| train/                  |             |
|    approx_kl            | 0.022858834 |
|    clip_fraction        | 0.132       |
|    clip_range           | 0.2         |
|    entropy_loss         | -3.19       |
|    explained_variance   | 0.228       |
|    learning_rate        | 0.0003      |
|    loss                 | 15.2        |
|    n_updates            | 1410        |
|    policy_gradient_loss | -0.00492    |
|    std                  | 0.702       |
|    value_loss           | 154         |
-----------------------------------------
-----------------------------------------
| rollout/                |             |
|    ep_len_mean          | 433         |
|    ep_rew_mean          | 34.7        |
| time/                   |             |
|    fps                  | 24          |
|    iterations           | 143         |
|    time_elapsed         | 12174       |
|    total_timesteps      | 292864      |
| train/                  |             |
|    approx_kl            | 0.009599524 |
|    clip_fraction        | 0.139       |
|    clip_range           | 0.2         |
|    entropy_loss         | -3.18       |
|    explained_variance   | 0.669       |
|    learning_rate        | 0.0003      |
|    loss                 | 5.6         |
|    n_updates            | 1420        |
|    policy_gradient_loss | -0.00692    |
|    std                  | 0.697       |
|    value_loss           | 26.9        |
-----------------------------------------
----------------------------------------
| rollout/                |            |
|    ep_len_mean          | 441        |
|    ep_rew_mean          | 32.7       |
| time/                   |            |
|    fps                  | 24         |
|    iterations           | 144        |
|    time_elapsed         | 12227      |
|    total_timesteps      | 294912     |
| train/                  |            |
|    approx_kl            | 0.02087067 |
|    clip_fraction        | 0.177      |
|    clip_range           | 0.2        |
|    entropy_loss         | -3.18      |
|    explained_variance   | 0.803      |
|    learning_rate        | 0.0003     |
|    loss                 | 5.32       |
|    n_updates            | 1430       |
|    policy_gradient_loss | -0.00495   |
|    std                  | 0.7        |
|    value_loss           | 12.8       |
----------------------------------------
-----------------------------------------
| rollout/                |             |
|    ep_len_mean          | 441         |
|    ep_rew_mean          | 32.2        |
| time/                   |             |
|    fps                  | 24          |
|    iterations           | 145         |
|    time_elapsed         | 12283       |
|    total_timesteps      | 296960      |
| train/                  |             |
|    approx_kl            | 0.010544351 |
|    clip_fraction        | 0.139       |
|    clip_range           | 0.2         |
|    entropy_loss         | -3.18       |
|    explained_variance   | 0.785       |
|    learning_rate        | 0.0003      |
|    loss                 | 5.77        |
|    n_updates            | 1440        |
|    policy_gradient_loss | -0.00395    |
|    std                  | 0.697       |
|    value_loss           | 16.5        |
-----------------------------------------
-----------------------------------------
| rollout/                |             |
|    ep_len_mean          | 450         |
|    ep_rew_mean          | 30.3        |
| time/                   |             |
|    fps                  | 24          |
|    iterations           | 146         |
|    time_elapsed         | 12337       |
|    total_timesteps      | 299008      |
| train/                  |             |
|    approx_kl            | 0.013477132 |
|    clip_fraction        | 0.133       |
|    clip_range           | 0.2         |
|    entropy_loss         | -3.17       |
|    explained_variance   | 0.942       |
|    learning_rate        | 0.0003      |
|    loss                 | 6.41        |
|    n_updates            | 1450        |
|    policy_gradient_loss | -0.00878    |
|    std                  | 0.7         |
|    value_loss           | 15.6        |
-----------------------------------------
-----------------------------------------
| rollout/                |             |
|    ep_len_mean          | 445         |
|    ep_rew_mean          | 37.5        |
| time/                   |             |
|    fps                  | 24          |
|    iterations           | 147         |
|    time_elapsed         | 12391       |
|    total_timesteps      | 301056      |
| train/                  |             |
|    approx_kl            | 0.007236323 |
|    clip_fraction        | 0.111       |
|    clip_range           | 0.2         |
|    entropy_loss         | -3.17       |
|    explained_variance   | 0.947       |
|    learning_rate        | 0.0003      |
|    loss                 | 4.95        |
|    n_updates            | 1460        |
|    policy_gradient_loss | -0.00471    |
|    std                  | 0.693       |
|    value_loss           | 13.8        |
-----------------------------------------
-----------------------------------------
| rollout/                |             |
|    ep_len_mean          | 430         |
|    ep_rew_mean          | 41.5        |
| time/                   |             |
|    fps                  | 24          |
|    iterations           | 148         |
|    time_elapsed         | 12448       |
|    total_timesteps      | 303104      |
| train/                  |             |
|    approx_kl            | 0.016046256 |
|    clip_fraction        | 0.169       |
|    clip_range           | 0.2         |
|    entropy_loss         | -3.14       |
|    explained_variance   | 0.95        |
|    learning_rate        | 0.0003      |
|    loss                 | 6.68        |
|    n_updates            | 1470        |
|    policy_gradient_loss | -0.00736    |
|    std                  | 0.687       |
|    value_loss           | 20.2        |
-----------------------------------------
-----------------------------------------
| rollout/                |             |
|    ep_len_mean          | 426         |
|    ep_rew_mean          | 39          |
| time/                   |             |
|    fps                  | 24          |
|    iterations           | 149         |
|    time_elapsed         | 12505       |
|    total_timesteps      | 305152      |
| train/                  |             |
|    approx_kl            | 0.009801699 |
|    clip_fraction        | 0.119       |
|    clip_range           | 0.2         |
|    entropy_loss         | -3.12       |
|    explained_variance   | 0.796       |
|    learning_rate        | 0.0003      |
|    loss                 | 17.8        |
|    n_updates            | 1480        |
|    policy_gradient_loss | -0.0103     |
|    std                  | 0.684       |
|    value_loss           | 46.9        |
-----------------------------------------
-----------------------------------------
| rollout/                |             |
|    ep_len_mean          | 424         |
|    ep_rew_mean          | 40.1        |
| time/                   |             |
|    fps                  | 24          |
|    iterations           | 150         |
|    time_elapsed         | 12559       |
|    total_timesteps      | 307200      |
| train/                  |             |
|    approx_kl            | 0.009582752 |
|    clip_fraction        | 0.123       |
|    clip_range           | 0.2         |
|    entropy_loss         | -3.11       |
|    explained_variance   | 0.711       |
|    learning_rate        | 0.0003      |
|    loss                 | 7.98        |
|    n_updates            | 1490        |
|    policy_gradient_loss | -0.0095     |
|    std                  | 0.682       |
|    value_loss           | 35.7        |
-----------------------------------------
-----------------------------------------
| rollout/                |             |
|    ep_len_mean          | 410         |
|    ep_rew_mean          | 51.6        |
| time/                   |             |
|    fps                  | 24          |
|    iterations           | 151         |
|    time_elapsed         | 12615       |
|    total_timesteps      | 309248      |
| train/                  |             |
|    approx_kl            | 0.029501678 |
|    clip_fraction        | 0.185       |
|    clip_range           | 0.2         |
|    entropy_loss         | -3.1        |
|    explained_variance   | 0.964       |
|    learning_rate        | 0.0003      |
|    loss                 | 2           |
|    n_updates            | 1500        |
|    policy_gradient_loss | 0.00197     |
|    std                  | 0.679       |
|    value_loss           | 9.09        |
-----------------------------------------

[train_ppo] interrupted -> saving current policy to runs/ppo_v4_low_ent/checkpoints/ppo_drone_interrupted.zip
[train_ppo] saved model to runs/ppo_v4_low_ent/checkpoints/ppo_drone_interrupted.zip
  16% ━━━                    310,722/2,000,000  [ 3:30:58 < 13:19:46 , 35 it/s ]

[train.sh] cleanup...
