[train.sh] sim_launch.py baslatiliyor...
[train.sh] /scan'in publish edilmesi bekleniyor...
[train.sh] sim hazir (2. denemede)
[train.sh] PPO egitimi basliyor (config=configs/ppo.yaml)...
[train_ppo] resuming from ./runs/ppo_v3_floors/checkpoints/ppo_drone_310000_steps.zip
[train_ppo] target=2000000, current=310000, training 1690000 more steps
Logging to runs/ppo_v3_floors/tb/PPO_0
---------------------------------
| rollout/           |          |
|    ep_len_mean     | 614      |
|    ep_rew_mean     | 48.9     |
| time/              |          |
|    fps             | 41       |
|    iterations      | 1        |
|    time_elapsed    | 49       |
|    total_timesteps | 312048   |
---------------------------------
----------------------------------------
| rollout/                |            |
|    ep_len_mean          | 613        |
|    ep_rew_mean          | 51.6       |
| time/                   |            |
|    fps                  | 40         |
|    iterations           | 2          |
|    time_elapsed         | 101        |
|    total_timesteps      | 314096     |
| train/                  |            |
|    approx_kl            | 0.00925287 |
|    clip_fraction        | 0.0999     |
|    clip_range           | 0.2        |
|    entropy_loss         | -5.69      |
|    explained_variance   | 0.893      |
|    learning_rate        | 0.0003     |
|    loss                 | 0.984      |
|    n_updates            | 1520       |
|    policy_gradient_loss | -0.00597   |
|    std                  | 1.65       |
|    value_loss           | 2.99       |
----------------------------------------
-----------------------------------------
| rollout/                |             |
|    ep_len_mean          | 613         |
|    ep_rew_mean          | 53.3        |
| time/                   |             |
|    fps                  | 40          |
|    iterations           | 3           |
|    time_elapsed         | 152         |
|    total_timesteps      | 316144      |
| train/                  |             |
|    approx_kl            | 0.011593259 |
|    clip_fraction        | 0.1         |
|    clip_range           | 0.2         |
|    entropy_loss         | -5.7        |
|    explained_variance   | 0.807       |
|    learning_rate        | 0.0003      |
|    loss                 | 1.62        |
|    n_updates            | 1530        |
|    policy_gradient_loss | -0.0109     |
|    std                  | 1.64        |
|    value_loss           | 6.48        |
-----------------------------------------
------------------------------------------
| rollout/                |              |
|    ep_len_mean          | 601          |
|    ep_rew_mean          | 53           |
| time/                   |              |
|    fps                  | 39           |
|    iterations           | 4            |
|    time_elapsed         | 205          |
|    total_timesteps      | 318192       |
| train/                  |              |
|    approx_kl            | 0.0123222815 |
|    clip_fraction        | 0.106        |
|    clip_range           | 0.2          |
|    entropy_loss         | -5.7         |
|    explained_variance   | 0.859        |
|    learning_rate        | 0.0003       |
|    loss                 | 0.724        |
|    n_updates            | 1540         |
|    policy_gradient_loss | -0.00768     |
|    std                  | 1.64         |
|    value_loss           | 2.59         |
------------------------------------------
-----------------------------------------
| rollout/                |             |
|    ep_len_mean          | 592         |
|    ep_rew_mean          | 50.1        |
| time/                   |             |
|    fps                  | 39          |
|    iterations           | 5           |
|    time_elapsed         | 257         |
|    total_timesteps      | 320240      |
| train/                  |             |
|    approx_kl            | 0.011322741 |
|    clip_fraction        | 0.102       |
|    clip_range           | 0.2         |
|    entropy_loss         | -5.71       |
|    explained_variance   | 0.765       |
|    learning_rate        | 0.0003      |
|    loss                 | 1.61        |
|    n_updates            | 1550        |
|    policy_gradient_loss | -0.00871    |
|    std                  | 1.65        |
|    value_loss           | 7.54        |
-----------------------------------------
------------------------------------------
| rollout/                |              |
|    ep_len_mean          | 597          |
|    ep_rew_mean          | 53.1         |
| time/                   |              |
|    fps                  | 39           |
|    iterations           | 6            |
|    time_elapsed         | 309          |
|    total_timesteps      | 322288       |
| train/                  |              |
|    approx_kl            | 0.0061275354 |
|    clip_fraction        | 0.103        |
|    clip_range           | 0.2          |
|    entropy_loss         | -5.71        |
|    explained_variance   | 0.85         |
|    learning_rate        | 0.0003       |
|    loss                 | 1.27         |
|    n_updates            | 1560         |
|    policy_gradient_loss | -0.00638     |
|    std                  | 1.64         |
|    value_loss           | 3.86         |
------------------------------------------
-----------------------------------------
| rollout/                |             |
|    ep_len_mean          | 572         |
|    ep_rew_mean          | 52.4        |
| time/                   |             |
|    fps                  | 39          |
|    iterations           | 7           |
|    time_elapsed         | 363         |
|    total_timesteps      | 324336      |
| train/                  |             |
|    approx_kl            | 0.012112628 |
|    clip_fraction        | 0.126       |
|    clip_range           | 0.2         |
|    entropy_loss         | -5.71       |
|    explained_variance   | 0.8         |
|    learning_rate        | 0.0003      |
|    loss                 | 1.57        |
|    n_updates            | 1570        |
|    policy_gradient_loss | -0.0101     |
|    std                  | 1.65        |
|    value_loss           | 6.85        |
-----------------------------------------
-----------------------------------------
| rollout/                |             |
|    ep_len_mean          | 568         |
|    ep_rew_mean          | 54.9        |
| time/                   |             |
|    fps                  | 39          |
|    iterations           | 8           |
|    time_elapsed         | 415         |
|    total_timesteps      | 326384      |
| train/                  |             |
|    approx_kl            | 0.007941006 |
|    clip_fraction        | 0.0728      |
|    clip_range           | 0.2         |
|    entropy_loss         | -5.72       |
|    explained_variance   | 0.794       |
|    learning_rate        | 0.0003      |
|    loss                 | 1.88        |
|    n_updates            | 1580        |
|    policy_gradient_loss | -0.00714    |
|    std                  | 1.66        |
|    value_loss           | 6.77        |
-----------------------------------------
-----------------------------------------
| rollout/                |             |
|    ep_len_mean          | 564         |
|    ep_rew_mean          | 55.9        |
| time/                   |             |
|    fps                  | 39          |
|    iterations           | 9           |
|    time_elapsed         | 468         |
|    total_timesteps      | 328432      |
| train/                  |             |
|    approx_kl            | 0.009846352 |
|    clip_fraction        | 0.116       |
|    clip_range           | 0.2         |
|    entropy_loss         | -5.73       |
|    explained_variance   | 0.861       |
|    learning_rate        | 0.0003      |
|    loss                 | 2.14        |
|    n_updates            | 1590        |
|    policy_gradient_loss | -0.00601    |
|    std                  | 1.66        |
|    value_loss           | 5.28        |
-----------------------------------------
-----------------------------------------
| rollout/                |             |
|    ep_len_mean          | 557         |
|    ep_rew_mean          | 57          |
| time/                   |             |
|    fps                  | 39          |
|    iterations           | 10          |
|    time_elapsed         | 522         |
|    total_timesteps      | 330480      |
| train/                  |             |
|    approx_kl            | 0.013508521 |
|    clip_fraction        | 0.133       |
|    clip_range           | 0.2         |
|    entropy_loss         | -5.73       |
|    explained_variance   | 0.925       |
|    learning_rate        | 0.0003      |
|    loss                 | 1.66        |
|    n_updates            | 1600        |
|    policy_gradient_loss | -0.0126     |
|    std                  | 1.65        |
|    value_loss           | 3.84        |
-----------------------------------------
-----------------------------------------
| rollout/                |             |
|    ep_len_mean          | 565         |
|    ep_rew_mean          | 57.8        |
| time/                   |             |
|    fps                  | 39          |
|    iterations           | 11          |
|    time_elapsed         | 576         |
|    total_timesteps      | 332528      |
| train/                  |             |
|    approx_kl            | 0.011778997 |
|    clip_fraction        | 0.0967      |
|    clip_range           | 0.2         |
|    entropy_loss         | -5.73       |
|    explained_variance   | 0.893       |
|    learning_rate        | 0.0003      |
|    loss                 | 1.52        |
|    n_updates            | 1610        |
|    policy_gradient_loss | -0.00729    |
|    std                  | 1.66        |
|    value_loss           | 3.79        |
-----------------------------------------
-----------------------------------------
| rollout/                |             |
|    ep_len_mean          | 568         |
|    ep_rew_mean          | 59.4        |
| time/                   |             |
|    fps                  | 38          |
|    iterations           | 12          |
|    time_elapsed         | 631         |
|    total_timesteps      | 334576      |
| train/                  |             |
|    approx_kl            | 0.010717792 |
|    clip_fraction        | 0.144       |
|    clip_range           | 0.2         |
|    entropy_loss         | -5.73       |
|    explained_variance   | 0.906       |
|    learning_rate        | 0.0003      |
|    loss                 | 1.07        |
|    n_updates            | 1620        |
|    policy_gradient_loss | -0.012      |
|    std                  | 1.66        |
|    value_loss           | 4.67        |
-----------------------------------------
----------------------------------------
| rollout/                |            |
|    ep_len_mean          | 568        |
|    ep_rew_mean          | 62.6       |
| time/                   |            |
|    fps                  | 38         |
|    iterations           | 13         |
|    time_elapsed         | 685        |
|    total_timesteps      | 336624     |
| train/                  |            |
|    approx_kl            | 0.01083078 |
|    clip_fraction        | 0.129      |
|    clip_range           | 0.2        |
|    entropy_loss         | -5.73      |
|    explained_variance   | 0.893      |
|    learning_rate        | 0.0003     |
|    loss                 | 1.49       |
|    n_updates            | 1630       |
|    policy_gradient_loss | -0.00573   |
|    std                  | 1.66       |
|    value_loss           | 2.96       |
----------------------------------------
-----------------------------------------
| rollout/                |             |
|    ep_len_mean          | 569         |
|    ep_rew_mean          | 60.6        |
| time/                   |             |
|    fps                  | 38          |
|    iterations           | 14          |
|    time_elapsed         | 738         |
|    total_timesteps      | 338672      |
| train/                  |             |
|    approx_kl            | 0.008852769 |
|    clip_fraction        | 0.119       |
|    clip_range           | 0.2         |
|    entropy_loss         | -5.72       |
|    explained_variance   | 0.674       |
|    learning_rate        | 0.0003      |
|    loss                 | 0.682       |
|    n_updates            | 1640        |
|    policy_gradient_loss | -0.00575    |
|    std                  | 1.66        |
|    value_loss           | 27.5        |
-----------------------------------------
----------------------------------------
| rollout/                |            |
|    ep_len_mean          | 572        |
|    ep_rew_mean          | 62.8       |
| time/                   |            |
|    fps                  | 38         |
|    iterations           | 15         |
|    time_elapsed         | 791        |
|    total_timesteps      | 340720     |
| train/                  |            |
|    approx_kl            | 0.01193567 |
|    clip_fraction        | 0.144      |
|    clip_range           | 0.2        |
|    entropy_loss         | -5.71      |
|    explained_variance   | 0.872      |
|    learning_rate        | 0.0003     |
|    loss                 | 1.01       |
|    n_updates            | 1650       |
|    policy_gradient_loss | -0.00801   |
|    std                  | 1.65       |
|    value_loss           | 3.36       |
----------------------------------------
-----------------------------------------
| rollout/                |             |
|    ep_len_mean          | 573         |
|    ep_rew_mean          | 65.5        |
| time/                   |             |
|    fps                  | 38          |
|    iterations           | 16          |
|    time_elapsed         | 846         |
|    total_timesteps      | 342768      |
| train/                  |             |
|    approx_kl            | 0.011260159 |
|    clip_fraction        | 0.134       |
|    clip_range           | 0.2         |
|    entropy_loss         | -5.72       |
|    explained_variance   | 0.855       |
|    learning_rate        | 0.0003      |
|    loss                 | 2.51        |
|    n_updates            | 1660        |
|    policy_gradient_loss | -0.00355    |
|    std                  | 1.67        |
|    value_loss           | 4.43        |
-----------------------------------------
-----------------------------------------
| rollout/                |             |
|    ep_len_mean          | 583         |
|    ep_rew_mean          | 67.1        |
| time/                   |             |
|    fps                  | 38          |
|    iterations           | 17          |
|    time_elapsed         | 898         |
|    total_timesteps      | 344816      |
| train/                  |             |
|    approx_kl            | 0.010378578 |
|    clip_fraction        | 0.121       |
|    clip_range           | 0.2         |
|    entropy_loss         | -5.75       |
|    explained_variance   | 0.839       |
|    learning_rate        | 0.0003      |
|    loss                 | 0.838       |
|    n_updates            | 1670        |
|    policy_gradient_loss | -0.00469    |
|    std                  | 1.68        |
|    value_loss           | 2.55        |
-----------------------------------------
-----------------------------------------
| rollout/                |             |
|    ep_len_mean          | 600         |
|    ep_rew_mean          | 70.9        |
| time/                   |             |
|    fps                  | 38          |
|    iterations           | 18          |
|    time_elapsed         | 951         |
|    total_timesteps      | 346864      |
| train/                  |             |
|    approx_kl            | 0.011777228 |
|    clip_fraction        | 0.102       |
|    clip_range           | 0.2         |
|    entropy_loss         | -5.76       |
|    explained_variance   | 0.937       |
|    learning_rate        | 0.0003      |
|    loss                 | 0.821       |
|    n_updates            | 1680        |
|    policy_gradient_loss | -0.00526    |
|    std                  | 1.67        |
|    value_loss           | 2.42        |
-----------------------------------------
-----------------------------------------
| rollout/                |             |
|    ep_len_mean          | 592         |
|    ep_rew_mean          | 71.6        |
| time/                   |             |
|    fps                  | 38          |
|    iterations           | 19          |
|    time_elapsed         | 1003        |
|    total_timesteps      | 348912      |
| train/                  |             |
|    approx_kl            | 0.018666662 |
|    clip_fraction        | 0.116       |
|    clip_range           | 0.2         |
|    entropy_loss         | -5.74       |
|    explained_variance   | 0.832       |
|    learning_rate        | 0.0003      |
|    loss                 | 1.66        |
|    n_updates            | 1690        |
|    policy_gradient_loss | -0.00912    |
|    std                  | 1.66        |
|    value_loss           | 6.38        |
-----------------------------------------
-----------------------------------------
| rollout/                |             |
|    ep_len_mean          | 596         |
|    ep_rew_mean          | 71.7        |
| time/                   |             |
|    fps                  | 38          |
|    iterations           | 20          |
|    time_elapsed         | 1055        |
|    total_timesteps      | 350960      |
| train/                  |             |
|    approx_kl            | 0.009001581 |
|    clip_fraction        | 0.11        |
|    clip_range           | 0.2         |
|    entropy_loss         | -5.74       |
|    explained_variance   | 0.851       |
|    learning_rate        | 0.0003      |
|    loss                 | 1.66        |
|    n_updates            | 1700        |
|    policy_gradient_loss | -0.00516    |
|    std                  | 1.67        |
|    value_loss           | 4.73        |
-----------------------------------------
-----------------------------------------
| rollout/                |             |
|    ep_len_mean          | 594         |
|    ep_rew_mean          | 72.4        |
| time/                   |             |
|    fps                  | 38          |
|    iterations           | 21          |
|    time_elapsed         | 1107        |
|    total_timesteps      | 353008      |
| train/                  |             |
|    approx_kl            | 0.008547092 |
|    clip_fraction        | 0.142       |
|    clip_range           | 0.2         |
|    entropy_loss         | -5.75       |
|    explained_variance   | 0.908       |
|    learning_rate        | 0.0003      |
|    loss                 | 1.26        |
|    n_updates            | 1710        |
|    policy_gradient_loss | -0.0104     |
|    std                  | 1.67        |
|    value_loss           | 4.02        |
-----------------------------------------
-----------------------------------------
| rollout/                |             |
|    ep_len_mean          | 606         |
|    ep_rew_mean          | 73.9        |
| time/                   |             |
|    fps                  | 38          |
|    iterations           | 22          |
|    time_elapsed         | 1158        |
|    total_timesteps      | 355056      |
| train/                  |             |
|    approx_kl            | 0.008409283 |
|    clip_fraction        | 0.102       |
|    clip_range           | 0.2         |
|    entropy_loss         | -5.76       |
|    explained_variance   | 0.899       |
|    learning_rate        | 0.0003      |
|    loss                 | 2.58        |
|    n_updates            | 1720        |
|    policy_gradient_loss | -0.00623    |
|    std                  | 1.69        |
|    value_loss           | 3.94        |
-----------------------------------------
-----------------------------------------
| rollout/                |             |
|    ep_len_mean          | 589         |
|    ep_rew_mean          | 72.9        |
| time/                   |             |
|    fps                  | 38          |
|    iterations           | 23          |
|    time_elapsed         | 1212        |
|    total_timesteps      | 357104      |
| train/                  |             |
|    approx_kl            | 0.013132674 |
|    clip_fraction        | 0.147       |
|    clip_range           | 0.2         |
|    entropy_loss         | -5.78       |
|    explained_variance   | 0.926       |
|    learning_rate        | 0.0003      |
|    loss                 | 1.08        |
|    n_updates            | 1730        |
|    policy_gradient_loss | -0.0122     |
|    std                  | 1.7         |
|    value_loss           | 2.43        |
-----------------------------------------
-----------------------------------------
| rollout/                |             |
|    ep_len_mean          | 599         |
|    ep_rew_mean          | 74.7        |
| time/                   |             |
|    fps                  | 38          |
|    iterations           | 24          |
|    time_elapsed         | 1264        |
|    total_timesteps      | 359152      |
| train/                  |             |
|    approx_kl            | 0.013137762 |
|    clip_fraction        | 0.135       |
|    clip_range           | 0.2         |
|    entropy_loss         | -5.8        |
|    explained_variance   | 0.859       |
|    learning_rate        | 0.0003      |
|    loss                 | 1.43        |
|    n_updates            | 1740        |
|    policy_gradient_loss | -0.018      |
|    std                  | 1.72        |
|    value_loss           | 4.75        |
-----------------------------------------
------------------------------------------
| rollout/                |              |
|    ep_len_mean          | 606          |
|    ep_rew_mean          | 73.5         |
| time/                   |              |
|    fps                  | 38           |
|    iterations           | 25           |
|    time_elapsed         | 1316         |
|    total_timesteps      | 361200       |
| train/                  |              |
|    approx_kl            | 0.0075308755 |
|    clip_fraction        | 0.0983       |
|    clip_range           | 0.2          |
|    entropy_loss         | -5.82        |
|    explained_variance   | 0.931        |
|    learning_rate        | 0.0003       |
|    loss                 | 0.467        |
|    n_updates            | 1750         |
|    policy_gradient_loss | -0.00609     |
|    std                  | 1.72         |
|    value_loss           | 3.01         |
------------------------------------------
-----------------------------------------
| rollout/                |             |
|    ep_len_mean          | 607         |
|    ep_rew_mean          | 73.8        |
| time/                   |             |
|    fps                  | 38          |
|    iterations           | 26          |
|    time_elapsed         | 1368        |
|    total_timesteps      | 363248      |
| train/                  |             |
|    approx_kl            | 0.010740884 |
|    clip_fraction        | 0.122       |
|    clip_range           | 0.2         |
|    entropy_loss         | -5.81       |
|    explained_variance   | 0.883       |
|    learning_rate        | 0.0003      |
|    loss                 | 3.77        |
|    n_updates            | 1760        |
|    policy_gradient_loss | -0.0063     |
|    std                  | 1.72        |
|    value_loss           | 4.79        |
-----------------------------------------
-----------------------------------------
| rollout/                |             |
|    ep_len_mean          | 599         |
|    ep_rew_mean          | 76          |
| time/                   |             |
|    fps                  | 38          |
|    iterations           | 27          |
|    time_elapsed         | 1420        |
|    total_timesteps      | 365296      |
| train/                  |             |
|    approx_kl            | 0.010647787 |
|    clip_fraction        | 0.115       |
|    clip_range           | 0.2         |
|    entropy_loss         | -5.83       |
|    explained_variance   | 0.865       |
|    learning_rate        | 0.0003      |
|    loss                 | 0.307       |
|    n_updates            | 1770        |
|    policy_gradient_loss | -0.00402    |
|    std                  | 1.73        |
|    value_loss           | 1.53        |
-----------------------------------------
-----------------------------------------
| rollout/                |             |
|    ep_len_mean          | 608         |
|    ep_rew_mean          | 80.5        |
| time/                   |             |
|    fps                  | 38          |
|    iterations           | 28          |
|    time_elapsed         | 1472        |
|    total_timesteps      | 367344      |
| train/                  |             |
|    approx_kl            | 0.011085445 |
|    clip_fraction        | 0.114       |
|    clip_range           | 0.2         |
|    entropy_loss         | -5.85       |
|    explained_variance   | 0.463       |
|    learning_rate        | 0.0003      |
|    loss                 | 19          |
|    n_updates            | 1780        |
|    policy_gradient_loss | -0.00366    |
|    std                  | 1.74        |
|    value_loss           | 191         |
-----------------------------------------
-----------------------------------------
| rollout/                |             |
|    ep_len_mean          | 608         |
|    ep_rew_mean          | 79.6        |
| time/                   |             |
|    fps                  | 38          |
|    iterations           | 29          |
|    time_elapsed         | 1524        |
|    total_timesteps      | 369392      |
| train/                  |             |
|    approx_kl            | 0.011461575 |
|    clip_fraction        | 0.108       |
|    clip_range           | 0.2         |
|    entropy_loss         | -5.85       |
|    explained_variance   | 0.599       |
|    learning_rate        | 0.0003      |
|    loss                 | 4.03        |
|    n_updates            | 1790        |
|    policy_gradient_loss | -0.00427    |
|    std                  | 1.74        |
|    value_loss           | 157         |
-----------------------------------------
----------------------------------------
| rollout/                |            |
|    ep_len_mean          | 617        |
|    ep_rew_mean          | 78.2       |
| time/                   |            |
|    fps                  | 38         |
|    iterations           | 30         |
|    time_elapsed         | 1576       |
|    total_timesteps      | 371440     |
| train/                  |            |
|    approx_kl            | 0.01036592 |
|    clip_fraction        | 0.107      |
|    clip_range           | 0.2        |
|    entropy_loss         | -5.85      |
|    explained_variance   | 0.947      |
|    learning_rate        | 0.0003     |
|    loss                 | 0.752      |
|    n_updates            | 1800       |
|    policy_gradient_loss | -0.00489   |
|    std                  | 1.74       |
|    value_loss           | 6.3        |
----------------------------------------
-----------------------------------------
| rollout/                |             |
|    ep_len_mean          | 619         |
|    ep_rew_mean          | 77.6        |
| time/                   |             |
|    fps                  | 38          |
|    iterations           | 31          |
|    time_elapsed         | 1627        |
|    total_timesteps      | 373488      |
| train/                  |             |
|    approx_kl            | 0.009977812 |
|    clip_fraction        | 0.115       |
|    clip_range           | 0.2         |
|    entropy_loss         | -5.85       |
|    explained_variance   | 0.845       |
|    learning_rate        | 0.0003      |
|    loss                 | 2.39        |
|    n_updates            | 1810        |
|    policy_gradient_loss | -0.00633    |
|    std                  | 1.74        |
|    value_loss           | 6.44        |
-----------------------------------------
------------------------------------------
| rollout/                |              |
|    ep_len_mean          | 625          |
|    ep_rew_mean          | 77.6         |
| time/                   |              |
|    fps                  | 39           |
|    iterations           | 32           |
|    time_elapsed         | 1679         |
|    total_timesteps      | 375536       |
| train/                  |              |
|    approx_kl            | 0.0070896503 |
|    clip_fraction        | 0.107        |
|    clip_range           | 0.2          |
|    entropy_loss         | -5.85        |
|    explained_variance   | 0.875        |
|    learning_rate        | 0.0003       |
|    loss                 | 1.23         |
|    n_updates            | 1820         |
|    policy_gradient_loss | -0.00524     |
|    std                  | 1.74         |
|    value_loss           | 7.21         |
------------------------------------------
-----------------------------------------
| rollout/                |             |
|    ep_len_mean          | 638         |
|    ep_rew_mean          | 78.3        |
| time/                   |             |
|    fps                  | 39          |
|    iterations           | 33          |
|    time_elapsed         | 1730        |
|    total_timesteps      | 377584      |
| train/                  |             |
|    approx_kl            | 0.009275798 |
|    clip_fraction        | 0.142       |
|    clip_range           | 0.2         |
|    entropy_loss         | -5.86       |
|    explained_variance   | 0.948       |
|    learning_rate        | 0.0003      |
|    loss                 | 0.651       |
|    n_updates            | 1830        |
|    policy_gradient_loss | -0.00383    |
|    std                  | 1.74        |
|    value_loss           | 2.59        |
-----------------------------------------
-----------------------------------------
| rollout/                |             |
|    ep_len_mean          | 649         |
|    ep_rew_mean          | 80.5        |
| time/                   |             |
|    fps                  | 39          |
|    iterations           | 34          |
|    time_elapsed         | 1782        |
|    total_timesteps      | 379632      |
| train/                  |             |
|    approx_kl            | 0.009818416 |
|    clip_fraction        | 0.153       |
|    clip_range           | 0.2         |
|    entropy_loss         | -5.86       |
|    explained_variance   | 0.896       |
|    learning_rate        | 0.0003      |
|    loss                 | 1.19        |
|    n_updates            | 1840        |
|    policy_gradient_loss | -0.00469    |
|    std                  | 1.75        |
|    value_loss           | 2.42        |
-----------------------------------------
-----------------------------------------
| rollout/                |             |
|    ep_len_mean          | 646         |
|    ep_rew_mean          | 81.7        |
| time/                   |             |
|    fps                  | 39          |
|    iterations           | 35          |
|    time_elapsed         | 1834        |
|    total_timesteps      | 381680      |
| train/                  |             |
|    approx_kl            | 0.008080844 |
|    clip_fraction        | 0.119       |
|    clip_range           | 0.2         |
|    entropy_loss         | -5.87       |
|    explained_variance   | 0.829       |
|    learning_rate        | 0.0003      |
|    loss                 | 1.61        |
|    n_updates            | 1850        |
|    policy_gradient_loss | -0.00368    |
|    std                  | 1.76        |
|    value_loss           | 8.28        |
-----------------------------------------
-----------------------------------------
| rollout/                |             |
|    ep_len_mean          | 646         |
|    ep_rew_mean          | 83.9        |
| time/                   |             |
|    fps                  | 39          |
|    iterations           | 36          |
|    time_elapsed         | 1887        |
|    total_timesteps      | 383728      |
| train/                  |             |
|    approx_kl            | 0.007950316 |
|    clip_fraction        | 0.101       |
|    clip_range           | 0.2         |
|    entropy_loss         | -5.9        |
|    explained_variance   | 0.786       |
|    learning_rate        | 0.0003      |
|    loss                 | 0.974       |
|    n_updates            | 1860        |
|    policy_gradient_loss | -0.0108     |
|    std                  | 1.79        |
|    value_loss           | 9.51        |
-----------------------------------------
-----------------------------------------
| rollout/                |             |
|    ep_len_mean          | 652         |
|    ep_rew_mean          | 85.2        |
| time/                   |             |
|    fps                  | 39          |
|    iterations           | 37          |
|    time_elapsed         | 1939        |
|    total_timesteps      | 385776      |
| train/                  |             |
|    approx_kl            | 0.008183761 |
|    clip_fraction        | 0.055       |
|    clip_range           | 0.2         |
|    entropy_loss         | -5.92       |
|    explained_variance   | 0.458       |
|    learning_rate        | 0.0003      |
|    loss                 | 11.9        |
|    n_updates            | 1870        |
|    policy_gradient_loss | -0.00815    |
|    std                  | 1.79        |
|    value_loss           | 215         |
-----------------------------------------
-----------------------------------------
| rollout/                |             |
|    ep_len_mean          | 652         |
|    ep_rew_mean          | 85.5        |
| time/                   |             |
|    fps                  | 39          |
|    iterations           | 38          |
|    time_elapsed         | 1992        |
|    total_timesteps      | 387824      |
| train/                  |             |
|    approx_kl            | 0.010336051 |
|    clip_fraction        | 0.0934      |
|    clip_range           | 0.2         |
|    entropy_loss         | -5.93       |
|    explained_variance   | 0.867       |
|    learning_rate        | 0.0003      |
|    loss                 | 0.979       |
|    n_updates            | 1880        |
|    policy_gradient_loss | -0.00646    |
|    std                  | 1.79        |
|    value_loss           | 4.36        |
-----------------------------------------
-----------------------------------------
| rollout/                |             |
|    ep_len_mean          | 659         |
|    ep_rew_mean          | 84.7        |
| time/                   |             |
|    fps                  | 39          |
|    iterations           | 39          |
|    time_elapsed         | 2044        |
|    total_timesteps      | 389872      |
| train/                  |             |
|    approx_kl            | 0.010474612 |
|    clip_fraction        | 0.14        |
|    clip_range           | 0.2         |
|    entropy_loss         | -5.93       |
|    explained_variance   | 0.831       |
|    learning_rate        | 0.0003      |
|    loss                 | 1.9         |
|    n_updates            | 1890        |
|    policy_gradient_loss | -0.00981    |
|    std                  | 1.79        |
|    value_loss           | 9.64        |
-----------------------------------------
-----------------------------------------
| rollout/                |             |
|    ep_len_mean          | 646         |
|    ep_rew_mean          | 83.3        |
| time/                   |             |
|    fps                  | 39          |
|    iterations           | 40          |
|    time_elapsed         | 2098        |
|    total_timesteps      | 391920      |
| train/                  |             |
|    approx_kl            | 0.012714103 |
|    clip_fraction        | 0.15        |
|    clip_range           | 0.2         |
|    entropy_loss         | -5.95       |
|    explained_variance   | 0.859       |
|    learning_rate        | 0.0003      |
|    loss                 | 0.759       |
|    n_updates            | 1900        |
|    policy_gradient_loss | -0.0102     |
|    std                  | 1.81        |
|    value_loss           | 4.89        |
-----------------------------------------
-----------------------------------------
| rollout/                |             |
|    ep_len_mean          | 649         |
|    ep_rew_mean          | 82.8        |
| time/                   |             |
|    fps                  | 39          |
|    iterations           | 41          |
|    time_elapsed         | 2150        |
|    total_timesteps      | 393968      |
| train/                  |             |
|    approx_kl            | 0.008966086 |
|    clip_fraction        | 0.111       |
|    clip_range           | 0.2         |
|    entropy_loss         | -5.97       |
|    explained_variance   | 0.856       |
|    learning_rate        | 0.0003      |
|    loss                 | 1.05        |
|    n_updates            | 1910        |
|    policy_gradient_loss | -0.0097     |
|    std                  | 1.81        |
|    value_loss           | 6.65        |
-----------------------------------------
-----------------------------------------
| rollout/                |             |
|    ep_len_mean          | 649         |
|    ep_rew_mean          | 86.4        |
| time/                   |             |
|    fps                  | 39          |
|    iterations           | 42          |
|    time_elapsed         | 2202        |
|    total_timesteps      | 396016      |
| train/                  |             |
|    approx_kl            | 0.021937884 |
|    clip_fraction        | 0.151       |
|    clip_range           | 0.2         |
|    entropy_loss         | -5.99       |
|    explained_variance   | 0.961       |
|    learning_rate        | 0.0003      |
|    loss                 | 1.22        |
|    n_updates            | 1920        |
|    policy_gradient_loss | -0.00502    |
|    std                  | 1.83        |
|    value_loss           | 2.88        |
-----------------------------------------
-----------------------------------------
| rollout/                |             |
|    ep_len_mean          | 648         |
|    ep_rew_mean          | 90.2        |
| time/                   |             |
|    fps                  | 39          |
|    iterations           | 43          |
|    time_elapsed         | 2255        |
|    total_timesteps      | 398064      |
| train/                  |             |
|    approx_kl            | 0.007195309 |
|    clip_fraction        | 0.0652      |
|    clip_range           | 0.2         |
|    entropy_loss         | -6.01       |
|    explained_variance   | 0.447       |
|    learning_rate        | 0.0003      |
|    loss                 | 10.6        |
|    n_updates            | 1930        |
|    policy_gradient_loss | -0.000579   |
|    std                  | 1.83        |
|    value_loss           | 198         |
-----------------------------------------
-----------------------------------------
| rollout/                |             |
|    ep_len_mean          | 655         |
|    ep_rew_mean          | 89          |
| time/                   |             |
|    fps                  | 39          |
|    iterations           | 44          |
|    time_elapsed         | 2307        |
|    total_timesteps      | 400112      |
| train/                  |             |
|    approx_kl            | 0.010505328 |
|    clip_fraction        | 0.136       |
|    clip_range           | 0.2         |
|    entropy_loss         | -6.02       |
|    explained_variance   | 0.545       |
|    learning_rate        | 0.0003      |
|    loss                 | 2.8         |
|    n_updates            | 1940        |
|    policy_gradient_loss | -0.0082     |
|    std                  | 1.84        |
|    value_loss           | 37.9        |
-----------------------------------------
-----------------------------------------
| rollout/                |             |
|    ep_len_mean          | 654         |
|    ep_rew_mean          | 88.7        |
| time/                   |             |
|    fps                  | 39          |
|    iterations           | 45          |
|    time_elapsed         | 2358        |
|    total_timesteps      | 402160      |
| train/                  |             |
|    approx_kl            | 0.010957314 |
|    clip_fraction        | 0.134       |
|    clip_range           | 0.2         |
|    entropy_loss         | -6.04       |
|    explained_variance   | 0.898       |
|    learning_rate        | 0.0003      |
|    loss                 | 0.72        |
|    n_updates            | 1950        |
|    policy_gradient_loss | -0.00701    |
|    std                  | 1.85        |
|    value_loss           | 2.3         |
-----------------------------------------
-----------------------------------------
| rollout/                |             |
|    ep_len_mean          | 657         |
|    ep_rew_mean          | 89.3        |
| time/                   |             |
|    fps                  | 39          |
|    iterations           | 46          |
|    time_elapsed         | 2412        |
|    total_timesteps      | 404208      |
| train/                  |             |
|    approx_kl            | 0.008947012 |
|    clip_fraction        | 0.115       |
|    clip_range           | 0.2         |
|    entropy_loss         | -6.06       |
|    explained_variance   | 0.856       |
|    learning_rate        | 0.0003      |
|    loss                 | 9.35        |
|    n_updates            | 1960        |
|    policy_gradient_loss | -0.00522    |
|    std                  | 1.87        |
|    value_loss           | 7.12        |
-----------------------------------------
----------------------------------------
| rollout/                |            |
|    ep_len_mean          | 656        |
|    ep_rew_mean          | 87.5       |
| time/                   |            |
|    fps                  | 38         |
|    iterations           | 47         |
|    time_elapsed         | 2470       |
|    total_timesteps      | 406256     |
| train/                  |            |
|    approx_kl            | 0.01060908 |
|    clip_fraction        | 0.112      |
|    clip_range           | 0.2        |
|    entropy_loss         | -6.07      |
|    explained_variance   | 0.862      |
|    learning_rate        | 0.0003     |
|    loss                 | 0.847      |
|    n_updates            | 1970       |
|    policy_gradient_loss | -0.0079    |
|    std                  | 1.87       |
|    value_loss           | 6.67       |
----------------------------------------
-----------------------------------------
| rollout/                |             |
|    ep_len_mean          | 664         |
|    ep_rew_mean          | 89.4        |
| time/                   |             |
|    fps                  | 38          |
|    iterations           | 48          |
|    time_elapsed         | 2528        |
|    total_timesteps      | 408304      |
| train/                  |             |
|    approx_kl            | 0.010990762 |
|    clip_fraction        | 0.13        |
|    clip_range           | 0.2         |
|    entropy_loss         | -6.08       |
|    explained_variance   | 0.696       |
|    learning_rate        | 0.0003      |
|    loss                 | 3.24        |
|    n_updates            | 1980        |
|    policy_gradient_loss | -0.00413    |
|    std                  | 1.89        |
|    value_loss           | 8.14        |
-----------------------------------------
------------------------------------------
| rollout/                |              |
|    ep_len_mean          | 664          |
|    ep_rew_mean          | 85.6         |
| time/                   |              |
|    fps                  | 38           |
|    iterations           | 49           |
|    time_elapsed         | 2586         |
|    total_timesteps      | 410352       |
| train/                  |              |
|    approx_kl            | 0.0052795606 |
|    clip_fraction        | 0.0633       |
|    clip_range           | 0.2          |
|    entropy_loss         | -6.1         |
|    explained_variance   | 0.432        |
|    learning_rate        | 0.0003       |
|    loss                 | 1.34         |
|    n_updates            | 1990         |
|    policy_gradient_loss | -0.00509     |
|    std                  | 1.89         |
|    value_loss           | 148          |
------------------------------------------
-----------------------------------------
| rollout/                |             |
|    ep_len_mean          | 664         |
|    ep_rew_mean          | 83.9        |
| time/                   |             |
|    fps                  | 38          |
|    iterations           | 50          |
|    time_elapsed         | 2644        |
|    total_timesteps      | 412400      |
| train/                  |             |
|    approx_kl            | 0.010089823 |
|    clip_fraction        | 0.0846      |
|    clip_range           | 0.2         |
|    entropy_loss         | -6.1        |
|    explained_variance   | 0.729       |
|    learning_rate        | 0.0003      |
|    loss                 | 1.9         |
|    n_updates            | 2000        |
|    policy_gradient_loss | -0.00635    |
|    std                  | 1.9         |
|    value_loss           | 21.5        |
-----------------------------------------
-----------------------------------------
| rollout/                |             |
|    ep_len_mean          | 675         |
|    ep_rew_mean          | 91.7        |
| time/                   |             |
|    fps                  | 38          |
|    iterations           | 51          |
|    time_elapsed         | 2702        |
|    total_timesteps      | 414448      |
| train/                  |             |
|    approx_kl            | 0.008913491 |
|    clip_fraction        | 0.121       |
|    clip_range           | 0.2         |
|    entropy_loss         | -6.11       |
|    explained_variance   | 0.445       |
|    learning_rate        | 0.0003      |
|    loss                 | 2.38        |
|    n_updates            | 2010        |
|    policy_gradient_loss | -0.00498    |
|    std                  | 1.9         |
|    value_loss           | 121         |
-----------------------------------------
-----------------------------------------
| rollout/                |             |
|    ep_len_mean          | 672         |
|    ep_rew_mean          | 90.3        |
| time/                   |             |
|    fps                  | 38          |
|    iterations           | 52          |
|    time_elapsed         | 2759        |
|    total_timesteps      | 416496      |
| train/                  |             |
|    approx_kl            | 0.007969648 |
|    clip_fraction        | 0.0551      |
|    clip_range           | 0.2         |
|    entropy_loss         | -6.11       |
|    explained_variance   | 0.779       |
|    learning_rate        | 0.0003      |
|    loss                 | 114         |
|    n_updates            | 2020        |
|    policy_gradient_loss | -0.00459    |
|    std                  | 1.9         |
|    value_loss           | 221         |
-----------------------------------------
-----------------------------------------
| rollout/                |             |
|    ep_len_mean          | 675         |
|    ep_rew_mean          | 91          |
| time/                   |             |
|    fps                  | 38          |
|    iterations           | 53          |
|    time_elapsed         | 2816        |
|    total_timesteps      | 418544      |
| train/                  |             |
|    approx_kl            | 0.011698948 |
|    clip_fraction        | 0.114       |
|    clip_range           | 0.2         |
|    entropy_loss         | -6.12       |
|    explained_variance   | 0.624       |
|    learning_rate        | 0.0003      |
|    loss                 | 2.03        |
|    n_updates            | 2030        |
|    policy_gradient_loss | -0.00814    |
|    std                  | 1.91        |
|    value_loss           | 13.3        |
-----------------------------------------
-----------------------------------------
| rollout/                |             |
|    ep_len_mean          | 668         |
|    ep_rew_mean          | 88.6        |
| time/                   |             |
|    fps                  | 38          |
|    iterations           | 54          |
|    time_elapsed         | 2873        |
|    total_timesteps      | 420592      |
| train/                  |             |
|    approx_kl            | 0.016604941 |
|    clip_fraction        | 0.131       |
|    clip_range           | 0.2         |
|    entropy_loss         | -6.13       |
|    explained_variance   | 0.801       |
|    learning_rate        | 0.0003      |
|    loss                 | 1.38        |
|    n_updates            | 2040        |
|    policy_gradient_loss | -0.00547    |
|    std                  | 1.91        |
|    value_loss           | 9.39        |
-----------------------------------------
-----------------------------------------
| rollout/                |             |
|    ep_len_mean          | 675         |
|    ep_rew_mean          | 90.1        |
| time/                   |             |
|    fps                  | 38          |
|    iterations           | 55          |
|    time_elapsed         | 2931        |
|    total_timesteps      | 422640      |
| train/                  |             |
|    approx_kl            | 0.011044377 |
|    clip_fraction        | 0.148       |
|    clip_range           | 0.2         |
|    entropy_loss         | -6.13       |
|    explained_variance   | 0.914       |
|    learning_rate        | 0.0003      |
|    loss                 | 0.392       |
|    n_updates            | 2050        |
|    policy_gradient_loss | -0.00426    |
|    std                  | 1.91        |
|    value_loss           | 3.58        |
-----------------------------------------
-----------------------------------------
| rollout/                |             |
|    ep_len_mean          | 670         |
|    ep_rew_mean          | 89.7        |
| time/                   |             |
|    fps                  | 38          |
|    iterations           | 56          |
|    time_elapsed         | 2989        |
|    total_timesteps      | 424688      |
| train/                  |             |
|    approx_kl            | 0.017031148 |
|    clip_fraction        | 0.158       |
|    clip_range           | 0.2         |
|    entropy_loss         | -6.13       |
|    explained_variance   | 0.605       |
|    learning_rate        | 0.0003      |
|    loss                 | 1.27        |
|    n_updates            | 2060        |
|    policy_gradient_loss | -0.00755    |
|    std                  | 1.9         |
|    value_loss           | 93.7        |
-----------------------------------------
-----------------------------------------
| rollout/                |             |
|    ep_len_mean          | 696         |
|    ep_rew_mean          | 89.8        |
| time/                   |             |
|    fps                  | 38          |
|    iterations           | 57          |
|    time_elapsed         | 3047        |
|    total_timesteps      | 426736      |
| train/                  |             |
|    approx_kl            | 0.011071691 |
|    clip_fraction        | 0.0883      |
|    clip_range           | 0.2         |
|    entropy_loss         | -6.13       |
|    explained_variance   | 0.93        |
|    learning_rate        | 0.0003      |
|    loss                 | 1.88        |
|    n_updates            | 2070        |
|    policy_gradient_loss | -0.0103     |
|    std                  | 1.91        |
|    value_loss           | 11.7        |
-----------------------------------------
-----------------------------------------
| rollout/                |             |
|    ep_len_mean          | 702         |
|    ep_rew_mean          | 92          |
| time/                   |             |
|    fps                  | 38          |
|    iterations           | 58          |
|    time_elapsed         | 3104        |
|    total_timesteps      | 428784      |
| train/                  |             |
|    approx_kl            | 0.011231345 |
|    clip_fraction        | 0.116       |
|    clip_range           | 0.2         |
|    entropy_loss         | -6.17       |
|    explained_variance   | 0.931       |
|    learning_rate        | 0.0003      |
|    loss                 | 1.28        |
|    n_updates            | 2080        |
|    policy_gradient_loss | -0.00797    |
|    std                  | 1.95        |
|    value_loss           | 14.9        |
-----------------------------------------
-----------------------------------------
| rollout/                |             |
|    ep_len_mean          | 706         |
|    ep_rew_mean          | 96.9        |
| time/                   |             |
|    fps                  | 38          |
|    iterations           | 59          |
|    time_elapsed         | 3163        |
|    total_timesteps      | 430832      |
| train/                  |             |
|    approx_kl            | 0.009049988 |
|    clip_fraction        | 0.0884      |
|    clip_range           | 0.2         |
|    entropy_loss         | -6.19       |
|    explained_variance   | 0.688       |
|    learning_rate        | 0.0003      |
|    loss                 | 88.2        |
|    n_updates            | 2090        |
|    policy_gradient_loss | -0.00286    |
|    std                  | 1.94        |
|    value_loss           | 107         |
-----------------------------------------
-----------------------------------------
| rollout/                |             |
|    ep_len_mean          | 698         |
|    ep_rew_mean          | 97.3        |
| time/                   |             |
|    fps                  | 38          |
|    iterations           | 60          |
|    time_elapsed         | 3221        |
|    total_timesteps      | 432880      |
| train/                  |             |
|    approx_kl            | 0.009610112 |
|    clip_fraction        | 0.104       |
|    clip_range           | 0.2         |
|    entropy_loss         | -6.19       |
|    explained_variance   | 0.823       |
|    learning_rate        | 0.0003      |
|    loss                 | 72          |
|    n_updates            | 2100        |
|    policy_gradient_loss | -0.00427    |
|    std                  | 1.95        |
|    value_loss           | 131         |
-----------------------------------------
------------------------------------------
| rollout/                |              |
|    ep_len_mean          | 684          |
|    ep_rew_mean          | 88.9         |
| time/                   |              |
|    fps                  | 38           |
|    iterations           | 61           |
|    time_elapsed         | 3280         |
|    total_timesteps      | 434928       |
| train/                  |              |
|    approx_kl            | 0.0071203173 |
|    clip_fraction        | 0.0485       |
|    clip_range           | 0.2          |
|    entropy_loss         | -6.19        |
|    explained_variance   | 0.886        |
|    learning_rate        | 0.0003       |
|    loss                 | 10.4         |
|    n_updates            | 2110         |
|    policy_gradient_loss | -0.0019      |
|    std                  | 1.95         |
|    value_loss           | 104          |
------------------------------------------
------------------------------------------
| rollout/                |              |
|    ep_len_mean          | 684          |
|    ep_rew_mean          | 85.6         |
| time/                   |              |
|    fps                  | 38           |
|    iterations           | 62           |
|    time_elapsed         | 3338         |
|    total_timesteps      | 436976       |
| train/                  |              |
|    approx_kl            | 0.0056700334 |
|    clip_fraction        | 0.0698       |
|    clip_range           | 0.2          |
|    entropy_loss         | -6.2         |
|    explained_variance   | 0.877        |
|    learning_rate        | 0.0003       |
|    loss                 | 56.7         |
|    n_updates            | 2120         |
|    policy_gradient_loss | -0.00713     |
|    std                  | 1.96         |
|    value_loss           | 52.7         |
------------------------------------------
------------------------------------------
| rollout/                |              |
|    ep_len_mean          | 693          |
|    ep_rew_mean          | 84.7         |
| time/                   |              |
|    fps                  | 37           |
|    iterations           | 63           |
|    time_elapsed         | 3395         |
|    total_timesteps      | 439024       |
| train/                  |              |
|    approx_kl            | 0.0126350485 |
|    clip_fraction        | 0.101        |
|    clip_range           | 0.2          |
|    entropy_loss         | -6.23        |
|    explained_variance   | 0.944        |
|    learning_rate        | 0.0003       |
|    loss                 | 1.18         |
|    n_updates            | 2130         |
|    policy_gradient_loss | -0.00204     |
|    std                  | 1.99         |
|    value_loss           | 7.18         |
------------------------------------------
-----------------------------------------
| rollout/                |             |
|    ep_len_mean          | 695         |
|    ep_rew_mean          | 82.8        |
| time/                   |             |
|    fps                  | 37          |
|    iterations           | 64          |
|    time_elapsed         | 3453        |
|    total_timesteps      | 441072      |
| train/                  |             |
|    approx_kl            | 0.008799123 |
|    clip_fraction        | 0.127       |
|    clip_range           | 0.2         |
|    entropy_loss         | -6.26       |
|    explained_variance   | 0.901       |
|    learning_rate        | 0.0003      |
|    loss                 | 0.91        |
|    n_updates            | 2140        |
|    policy_gradient_loss | -0.00406    |
|    std                  | 1.99        |
|    value_loss           | 7.02        |
-----------------------------------------
-----------------------------------------
| rollout/                |             |
|    ep_len_mean          | 698         |
|    ep_rew_mean          | 81.8        |
| time/                   |             |
|    fps                  | 37          |
|    iterations           | 65          |
|    time_elapsed         | 3510        |
|    total_timesteps      | 443120      |
| train/                  |             |
|    approx_kl            | 0.011351554 |
|    clip_fraction        | 0.119       |
|    clip_range           | 0.2         |
|    entropy_loss         | -6.26       |
|    explained_variance   | 0.93        |
|    learning_rate        | 0.0003      |
|    loss                 | 0.809       |
|    n_updates            | 2150        |
|    policy_gradient_loss | -0.00185    |
|    std                  | 2           |
|    value_loss           | 4.47        |
-----------------------------------------
-----------------------------------------
| rollout/                |             |
|    ep_len_mean          | 660         |
|    ep_rew_mean          | 77.7        |
| time/                   |             |
|    fps                  | 37          |
|    iterations           | 66          |
|    time_elapsed         | 3570        |
|    total_timesteps      | 445168      |
| train/                  |             |
|    approx_kl            | 0.009219667 |
|    clip_fraction        | 0.13        |
|    clip_range           | 0.2         |
|    entropy_loss         | -6.29       |
|    explained_variance   | 0.969       |
|    learning_rate        | 0.0003      |
|    loss                 | 0.434       |
|    n_updates            | 2160        |
|    policy_gradient_loss | -0.00102    |
|    std                  | 2.03        |
|    value_loss           | 1.94        |
-----------------------------------------
------------------------------------------
| rollout/                |              |
|    ep_len_mean          | 669          |
|    ep_rew_mean          | 76.6         |
| time/                   |              |
|    fps                  | 37           |
|    iterations           | 67           |
|    time_elapsed         | 3627         |
|    total_timesteps      | 447216       |
| train/                  |              |
|    approx_kl            | 0.0066647795 |
|    clip_fraction        | 0.0832       |
|    clip_range           | 0.2          |
|    entropy_loss         | -6.31        |
|    explained_variance   | 0.709        |
|    learning_rate        | 0.0003       |
|    loss                 | 8.33         |
|    n_updates            | 2170         |
|    policy_gradient_loss | -0.00372     |
|    std                  | 2.03         |
|    value_loss           | 48.9         |
------------------------------------------
-----------------------------------------
| rollout/                |             |
|    ep_len_mean          | 668         |
|    ep_rew_mean          | 75.8        |
| time/                   |             |
|    fps                  | 37          |
|    iterations           | 68          |
|    time_elapsed         | 3685        |
|    total_timesteps      | 449264      |
| train/                  |             |
|    approx_kl            | 0.008461869 |
|    clip_fraction        | 0.101       |
|    clip_range           | 0.2         |
|    entropy_loss         | -6.34       |
|    explained_variance   | 0.941       |
|    learning_rate        | 0.0003      |
|    loss                 | 0.706       |
|    n_updates            | 2180        |
|    policy_gradient_loss | -0.0053     |
|    std                  | 2.06        |
|    value_loss           | 2.35        |
-----------------------------------------
----------------------------------------
| rollout/                |            |
|    ep_len_mean          | 685        |
|    ep_rew_mean          | 77.2       |
| time/                   |            |
|    fps                  | 37         |
|    iterations           | 69         |
|    time_elapsed         | 3742       |
|    total_timesteps      | 451312     |
| train/                  |            |
|    approx_kl            | 0.00855317 |
|    clip_fraction        | 0.0917     |
|    clip_range           | 0.2        |
|    entropy_loss         | -6.36      |
|    explained_variance   | 0.909      |
|    learning_rate        | 0.0003     |
|    loss                 | 0.76       |
|    n_updates            | 2190       |
|    policy_gradient_loss | -0.0072    |
|    std                  | 2.05       |
|    value_loss           | 3.25       |
----------------------------------------
-----------------------------------------
| rollout/                |             |
|    ep_len_mean          | 695         |
|    ep_rew_mean          | 76.6        |
| time/                   |             |
|    fps                  | 37          |
|    iterations           | 70          |
|    time_elapsed         | 3800        |
|    total_timesteps      | 453360      |
| train/                  |             |
|    approx_kl            | 0.007395023 |
|    clip_fraction        | 0.114       |
|    clip_range           | 0.2         |
|    entropy_loss         | -6.36       |
|    explained_variance   | 0.476       |
|    learning_rate        | 0.0003      |
|    loss                 | 4.99        |
|    n_updates            | 2200        |
|    policy_gradient_loss | -0.00613    |
|    std                  | 2.06        |
|    value_loss           | 106         |
-----------------------------------------
------------------------------------------
| rollout/                |              |
|    ep_len_mean          | 690          |
|    ep_rew_mean          | 74.6         |
| time/                   |              |
|    fps                  | 37           |
|    iterations           | 71           |
|    time_elapsed         | 3857         |
|    total_timesteps      | 455408       |
| train/                  |              |
|    approx_kl            | 0.0052124094 |
|    clip_fraction        | 0.0482       |
|    clip_range           | 0.2          |
|    entropy_loss         | -6.36        |
|    explained_variance   | 0.811        |
|    learning_rate        | 0.0003       |
|    loss                 | 1.96         |
|    n_updates            | 2210         |
|    policy_gradient_loss | -0.00614     |
|    std                  | 2.06         |
|    value_loss           | 11.6         |
------------------------------------------
-----------------------------------------
| rollout/                |             |
|    ep_len_mean          | 694         |
|    ep_rew_mean          | 74.1        |
| time/                   |             |
|    fps                  | 37          |
|    iterations           | 72          |
|    time_elapsed         | 3916        |
|    total_timesteps      | 457456      |
| train/                  |             |
|    approx_kl            | 0.007436464 |
|    clip_fraction        | 0.0608      |
|    clip_range           | 0.2         |
|    entropy_loss         | -6.38       |
|    explained_variance   | 0.887       |
|    learning_rate        | 0.0003      |
|    loss                 | 13.3        |
|    n_updates            | 2220        |
|    policy_gradient_loss | -0.00659    |
|    std                  | 2.09        |
|    value_loss           | 20.4        |
-----------------------------------------
------------------------------------------
| rollout/                |              |
|    ep_len_mean          | 696          |
|    ep_rew_mean          | 73.1         |
| time/                   |              |
|    fps                  | 37           |
|    iterations           | 73           |
|    time_elapsed         | 3974         |
|    total_timesteps      | 459504       |
| train/                  |              |
|    approx_kl            | 0.0073691383 |
|    clip_fraction        | 0.0662       |
|    clip_range           | 0.2          |
|    entropy_loss         | -6.4         |
|    explained_variance   | 0.833        |
|    learning_rate        | 0.0003       |
|    loss                 | 10.4         |
|    n_updates            | 2230         |
|    policy_gradient_loss | -0.00521     |
|    std                  | 2.09         |
|    value_loss           | 23.4         |
------------------------------------------
-----------------------------------------
| rollout/                |             |
|    ep_len_mean          | 705         |
|    ep_rew_mean          | 73.7        |
| time/                   |             |
|    fps                  | 37          |
|    iterations           | 74          |
|    time_elapsed         | 4032        |
|    total_timesteps      | 461552      |
| train/                  |             |
|    approx_kl            | 0.008647812 |
|    clip_fraction        | 0.115       |
|    clip_range           | 0.2         |
|    entropy_loss         | -6.42       |
|    explained_variance   | 0.485       |
|    learning_rate        | 0.0003      |
|    loss                 | 1.92        |
|    n_updates            | 2240        |
|    policy_gradient_loss | -0.00593    |
|    std                  | 2.11        |
|    value_loss           | 6.95        |
-----------------------------------------
------------------------------------------
| rollout/                |              |
|    ep_len_mean          | 718          |
|    ep_rew_mean          | 74.8         |
| time/                   |              |
|    fps                  | 37           |
|    iterations           | 75           |
|    time_elapsed         | 4090         |
|    total_timesteps      | 463600       |
| train/                  |              |
|    approx_kl            | 0.0074252584 |
|    clip_fraction        | 0.0737       |
|    clip_range           | 0.2          |
|    entropy_loss         | -6.44        |
|    explained_variance   | 0.426        |
|    learning_rate        | 0.0003       |
|    loss                 | 3.17         |
|    n_updates            | 2250         |
|    policy_gradient_loss | -0.00378     |
|    std                  | 2.12         |
|    value_loss           | 96.1         |
------------------------------------------
-----------------------------------------
| rollout/                |             |
|    ep_len_mean          | 723         |
|    ep_rew_mean          | 74.1        |
| time/                   |             |
|    fps                  | 37          |
|    iterations           | 76          |
|    time_elapsed         | 4147        |
|    total_timesteps      | 465648      |
| train/                  |             |
|    approx_kl            | 0.008995596 |
|    clip_fraction        | 0.0953      |
|    clip_range           | 0.2         |
|    entropy_loss         | -6.46       |
|    explained_variance   | 0.82        |
|    learning_rate        | 0.0003      |
|    loss                 | 2.45        |
|    n_updates            | 2260        |
|    policy_gradient_loss | -0.00766    |
|    std                  | 2.14        |
|    value_loss           | 12.4        |
-----------------------------------------
-----------------------------------------
| rollout/                |             |
|    ep_len_mean          | 724         |
|    ep_rew_mean          | 70          |
| time/                   |             |
|    fps                  | 37          |
|    iterations           | 77          |
|    time_elapsed         | 4205        |
|    total_timesteps      | 467696      |
| train/                  |             |
|    approx_kl            | 0.015363323 |
|    clip_fraction        | 0.185       |
|    clip_range           | 0.2         |
|    entropy_loss         | -6.49       |
|    explained_variance   | -0.395      |
|    learning_rate        | 0.0003      |
|    loss                 | 0.7         |
|    n_updates            | 2270        |
|    policy_gradient_loss | -0.00979    |
|    std                  | 2.17        |
|    value_loss           | 6.73        |
-----------------------------------------
----------------------------------------
| rollout/                |            |
|    ep_len_mean          | 724        |
|    ep_rew_mean          | 66.9       |
| time/                   |            |
|    fps                  | 37         |
|    iterations           | 78         |
|    time_elapsed         | 4263       |
|    total_timesteps      | 469744     |
| train/                  |            |
|    approx_kl            | 0.01036648 |
|    clip_fraction        | 0.115      |
|    clip_range           | 0.2        |
|    entropy_loss         | -6.5       |
|    explained_variance   | 0.92       |
|    learning_rate        | 0.0003     |
|    loss                 | 1.36       |
|    n_updates            | 2280       |
|    policy_gradient_loss | -0.00777   |
|    std                  | 2.16       |
|    value_loss           | 3.77       |
----------------------------------------
-----------------------------------------
| rollout/                |             |
|    ep_len_mean          | 709         |
|    ep_rew_mean          | 66.1        |
| time/                   |             |
|    fps                  | 37          |
|    iterations           | 79          |
|    time_elapsed         | 4321        |
|    total_timesteps      | 471792      |
| train/                  |             |
|    approx_kl            | 0.009112485 |
|    clip_fraction        | 0.113       |
|    clip_range           | 0.2         |
|    entropy_loss         | -6.51       |
|    explained_variance   | 0.85        |
|    learning_rate        | 0.0003      |
|    loss                 | 0.899       |
|    n_updates            | 2290        |
|    policy_gradient_loss | -0.00804    |
|    std                  | 2.18        |
|    value_loss           | 5.74        |
-----------------------------------------
-----------------------------------------
| rollout/                |             |
|    ep_len_mean          | 714         |
|    ep_rew_mean          | 69          |
| time/                   |             |
|    fps                  | 37          |
|    iterations           | 80          |
|    time_elapsed         | 4379        |
|    total_timesteps      | 473840      |
| train/                  |             |
|    approx_kl            | 0.010563452 |
|    clip_fraction        | 0.0744      |
|    clip_range           | 0.2         |
|    entropy_loss         | -6.53       |
|    explained_variance   | 0.45        |
|    learning_rate        | 0.0003      |
|    loss                 | 57.2        |
|    n_updates            | 2300        |
|    policy_gradient_loss | -0.00578    |
|    std                  | 2.18        |
|    value_loss           | 171         |
-----------------------------------------
-----------------------------------------
| rollout/                |             |
|    ep_len_mean          | 712         |
|    ep_rew_mean          | 69.7        |
| time/                   |             |
|    fps                  | 37          |
|    iterations           | 81          |
|    time_elapsed         | 4436        |
|    total_timesteps      | 475888      |
| train/                  |             |
|    approx_kl            | 0.010081911 |
|    clip_fraction        | 0.107       |
|    clip_range           | 0.2         |
|    entropy_loss         | -6.52       |
|    explained_variance   | 0.855       |
|    learning_rate        | 0.0003      |
|    loss                 | 1.48        |
|    n_updates            | 2310        |
|    policy_gradient_loss | -0.00681    |
|    std                  | 2.17        |
|    value_loss           | 5.53        |
-----------------------------------------
------------------------------------------
| rollout/                |              |
|    ep_len_mean          | 686          |
|    ep_rew_mean          | 65.4         |
| time/                   |              |
|    fps                  | 37           |
|    iterations           | 82           |
|    time_elapsed         | 4495         |
|    total_timesteps      | 477936       |
| train/                  |              |
|    approx_kl            | 0.0031876848 |
|    clip_fraction        | 0.0638       |
|    clip_range           | 0.2          |
|    entropy_loss         | -6.53        |
|    explained_variance   | 0.612        |
|    learning_rate        | 0.0003       |
|    loss                 | 22.8         |
|    n_updates            | 2320         |
|    policy_gradient_loss | -0.00275     |
|    std                  | 2.17         |
|    value_loss           | 110          |
------------------------------------------
-----------------------------------------
| rollout/                |             |
|    ep_len_mean          | 696         |
|    ep_rew_mean          | 67.2        |
| time/                   |             |
|    fps                  | 37          |
|    iterations           | 83          |
|    time_elapsed         | 4553        |
|    total_timesteps      | 479984      |
| train/                  |             |
|    approx_kl            | 0.010366406 |
|    clip_fraction        | 0.0597      |
|    clip_range           | 0.2         |
|    entropy_loss         | -6.54       |
|    explained_variance   | 0.615       |
|    learning_rate        | 0.0003      |
|    loss                 | 2.9         |
|    n_updates            | 2330        |
|    policy_gradient_loss | -0.00439    |
|    std                  | 2.19        |
|    value_loss           | 13.8        |
-----------------------------------------
-----------------------------------------
| rollout/                |             |
|    ep_len_mean          | 696         |
|    ep_rew_mean          | 65.4        |
| time/                   |             |
|    fps                  | 37          |
|    iterations           | 84          |
|    time_elapsed         | 4610        |
|    total_timesteps      | 482032      |
| train/                  |             |
|    approx_kl            | 0.010736271 |
|    clip_fraction        | 0.114       |
|    clip_range           | 0.2         |
|    entropy_loss         | -6.56       |
|    explained_variance   | 0.816       |
|    learning_rate        | 0.0003      |
|    loss                 | 1.32        |
|    n_updates            | 2340        |
|    policy_gradient_loss | -0.00655    |
|    std                  | 2.2         |
|    value_loss           | 4.54        |
-----------------------------------------
-----------------------------------------
| rollout/                |             |
|    ep_len_mean          | 696         |
|    ep_rew_mean          | 59.7        |
| time/                   |             |
|    fps                  | 37          |
|    iterations           | 85          |
|    time_elapsed         | 4667        |
|    total_timesteps      | 484080      |
| train/                  |             |
|    approx_kl            | 0.010268987 |
|    clip_fraction        | 0.123       |
|    clip_range           | 0.2         |
|    entropy_loss         | -6.58       |
|    explained_variance   | 0.778       |
|    learning_rate        | 0.0003      |
|    loss                 | 0.785       |
|    n_updates            | 2350        |
|    policy_gradient_loss | -0.00646    |
|    std                  | 2.22        |
|    value_loss           | 5.25        |
-----------------------------------------
-----------------------------------------
| rollout/                |             |
|    ep_len_mean          | 687         |
|    ep_rew_mean          | 56          |
| time/                   |             |
|    fps                  | 37          |
|    iterations           | 86          |
|    time_elapsed         | 4725        |
|    total_timesteps      | 486128      |
| train/                  |             |
|    approx_kl            | 0.011145763 |
|    clip_fraction        | 0.131       |
|    clip_range           | 0.2         |
|    entropy_loss         | -6.58       |
|    explained_variance   | 0.761       |
|    learning_rate        | 0.0003      |
|    loss                 | 0.63        |
|    n_updates            | 2360        |
|    policy_gradient_loss | -0.00499    |
|    std                  | 2.21        |
|    value_loss           | 3.02        |
-----------------------------------------
------------------------------------------
| rollout/                |              |
|    ep_len_mean          | 691          |
|    ep_rew_mean          | 53.5         |
| time/                   |              |
|    fps                  | 37           |
|    iterations           | 87           |
|    time_elapsed         | 4783         |
|    total_timesteps      | 488176       |
| train/                  |              |
|    approx_kl            | 0.0065173144 |
|    clip_fraction        | 0.0692       |
|    clip_range           | 0.2          |
|    entropy_loss         | -6.6         |
|    explained_variance   | 0.669        |
|    learning_rate        | 0.0003       |
|    loss                 | 5.85         |
|    n_updates            | 2370         |
|    policy_gradient_loss | -0.00887     |
|    std                  | 2.24         |
|    value_loss           | 24.8         |
------------------------------------------
----------------------------------------
| rollout/                |            |
|    ep_len_mean          | 697        |
|    ep_rew_mean          | 55.3       |
| time/                   |            |
|    fps                  | 37         |
|    iterations           | 88         |
|    time_elapsed         | 4840       |
|    total_timesteps      | 490224     |
| train/                  |            |
|    approx_kl            | 0.00914462 |
|    clip_fraction        | 0.118      |
|    clip_range           | 0.2        |
|    entropy_loss         | -6.63      |
|    explained_variance   | 0.628      |
|    learning_rate        | 0.0003     |
|    loss                 | 0.851      |
|    n_updates            | 2380       |
|    policy_gradient_loss | -0.00721   |
|    std                  | 2.25       |
|    value_loss           | 4.29       |
----------------------------------------
----------------------------------------
| rollout/                |            |
|    ep_len_mean          | 689        |
|    ep_rew_mean          | 53.9       |
| time/                   |            |
|    fps                  | 37         |
|    iterations           | 89         |
|    time_elapsed         | 4897       |
|    total_timesteps      | 492272     |
| train/                  |            |
|    approx_kl            | 0.00784457 |
|    clip_fraction        | 0.0917     |
|    clip_range           | 0.2        |
|    entropy_loss         | -6.66      |
|    explained_variance   | 0.806      |
|    learning_rate        | 0.0003     |
|    loss                 | 0.529      |
|    n_updates            | 2390       |
|    policy_gradient_loss | -0.00645   |
|    std                  | 2.28       |
|    value_loss           | 2.69       |
----------------------------------------
------------------------------------------
| rollout/                |              |
|    ep_len_mean          | 698          |
|    ep_rew_mean          | 56.4         |
| time/                   |              |
|    fps                  | 37           |
|    iterations           | 90           |
|    time_elapsed         | 4953         |
|    total_timesteps      | 494320       |
| train/                  |              |
|    approx_kl            | 0.0033758292 |
|    clip_fraction        | 0.0847       |
|    clip_range           | 0.2          |
|    entropy_loss         | -6.68        |
|    explained_variance   | 0.384        |
|    learning_rate        | 0.0003       |
|    loss                 | 325          |
|    n_updates            | 2400         |
|    policy_gradient_loss | -0.00447     |
|    std                  | 2.28         |
|    value_loss           | 333          |
------------------------------------------
-----------------------------------------
| rollout/                |             |
|    ep_len_mean          | 698         |
|    ep_rew_mean          | 58.1        |
| time/                   |             |
|    fps                  | 37          |
|    iterations           | 91          |
|    time_elapsed         | 5005        |
|    total_timesteps      | 496368      |
| train/                  |             |
|    approx_kl            | 0.012011087 |
|    clip_fraction        | 0.118       |
|    clip_range           | 0.2         |
|    entropy_loss         | -6.69       |
|    explained_variance   | 0.837       |
|    learning_rate        | 0.0003      |
|    loss                 | 0.609       |
|    n_updates            | 2410        |
|    policy_gradient_loss | -0.00996    |
|    std                  | 2.31        |
|    value_loss           | 3.08        |
-----------------------------------------
-----------------------------------------
| rollout/                |             |
|    ep_len_mean          | 702         |
|    ep_rew_mean          | 61.9        |
| time/                   |             |
|    fps                  | 37          |
|    iterations           | 92          |
|    time_elapsed         | 5060        |
|    total_timesteps      | 498416      |
| train/                  |             |
|    approx_kl            | 0.013149073 |
|    clip_fraction        | 0.119       |
|    clip_range           | 0.2         |
|    entropy_loss         | -6.73       |
|    explained_variance   | 0.774       |
|    learning_rate        | 0.0003      |
|    loss                 | 0.736       |
|    n_updates            | 2420        |
|    policy_gradient_loss | -0.0107     |
|    std                  | 2.34        |
|    value_loss           | 2.43        |
-----------------------------------------
-----------------------------------------
| rollout/                |             |
|    ep_len_mean          | 690         |
|    ep_rew_mean          | 54.2        |
| time/                   |             |
|    fps                  | 37          |
|    iterations           | 93          |
|    time_elapsed         | 5119        |
|    total_timesteps      | 500464      |
| train/                  |             |
|    approx_kl            | 0.011333574 |
|    clip_fraction        | 0.0511      |
|    clip_range           | 0.2         |
|    entropy_loss         | -6.74       |
|    explained_variance   | 0.523       |
|    learning_rate        | 0.0003      |
|    loss                 | 2.52        |
|    n_updates            | 2430        |
|    policy_gradient_loss | -0.00309    |
|    std                  | 2.34        |
|    value_loss           | 93.5        |
-----------------------------------------
------------------------------------------
| rollout/                |              |
|    ep_len_mean          | 690          |
|    ep_rew_mean          | 50.1         |
| time/                   |              |
|    fps                  | 37           |
|    iterations           | 94           |
|    time_elapsed         | 5178         |
|    total_timesteps      | 502512       |
| train/                  |              |
|    approx_kl            | 0.0042254906 |
|    clip_fraction        | 0.0205       |
|    clip_range           | 0.2          |
|    entropy_loss         | -6.75        |
|    explained_variance   | 0.677        |
|    learning_rate        | 0.0003       |
|    loss                 | 57.1         |
|    n_updates            | 2440         |
|    policy_gradient_loss | -0.00242     |
|    std                  | 2.35         |
|    value_loss           | 193          |
------------------------------------------
------------------------------------------
| rollout/                |              |
|    ep_len_mean          | 699          |
|    ep_rew_mean          | 49.8         |
| time/                   |              |
|    fps                  | 37           |
|    iterations           | 95           |
|    time_elapsed         | 5234         |
|    total_timesteps      | 504560       |
| train/                  |              |
|    approx_kl            | 0.0057874126 |
|    clip_fraction        | 0.033        |
|    clip_range           | 0.2          |
|    entropy_loss         | -6.75        |
|    explained_variance   | 0.813        |
|    learning_rate        | 0.0003       |
|    loss                 | 12.1         |
|    n_updates            | 2450         |
|    policy_gradient_loss | -0.00593     |
|    std                  | 2.34         |
|    value_loss           | 48.4         |
------------------------------------------
-----------------------------------------
| rollout/                |             |
|    ep_len_mean          | 681         |
|    ep_rew_mean          | 52.5        |
| time/                   |             |
|    fps                  | 37          |
|    iterations           | 96          |
|    time_elapsed         | 5291        |
|    total_timesteps      | 506608      |
| train/                  |             |
|    approx_kl            | 0.016410723 |
|    clip_fraction        | 0.117       |
|    clip_range           | 0.2         |
|    entropy_loss         | -6.75       |
|    explained_variance   | 0.842       |
|    learning_rate        | 0.0003      |
|    loss                 | 0.994       |
|    n_updates            | 2460        |
|    policy_gradient_loss | -0.00855    |
|    std                  | 2.36        |
|    value_loss           | 4.35        |
-----------------------------------------
-----------------------------------------
| rollout/                |             |
|    ep_len_mean          | 672         |
|    ep_rew_mean          | 52.1        |
| time/                   |             |
|    fps                  | 37          |
|    iterations           | 97          |
|    time_elapsed         | 5349        |
|    total_timesteps      | 508656      |
| train/                  |             |
|    approx_kl            | 0.006883366 |
|    clip_fraction        | 0.0729      |
|    clip_range           | 0.2         |
|    entropy_loss         | -6.76       |
|    explained_variance   | 0.687       |
|    learning_rate        | 0.0003      |
|    loss                 | 3.06        |
|    n_updates            | 2470        |
|    policy_gradient_loss | -0.00579    |
|    std                  | 2.36        |
|    value_loss           | 11.3        |
-----------------------------------------
-----------------------------------------
| rollout/                |             |
|    ep_len_mean          | 676         |
|    ep_rew_mean          | 50.2        |
| time/                   |             |
|    fps                  | 37          |
|    iterations           | 98          |
|    time_elapsed         | 5408        |
|    total_timesteps      | 510704      |
| train/                  |             |
|    approx_kl            | 0.011217031 |
|    clip_fraction        | 0.115       |
|    clip_range           | 0.2         |
|    entropy_loss         | -6.77       |
|    explained_variance   | 0.842       |
|    learning_rate        | 0.0003      |
|    loss                 | 1.2         |
|    n_updates            | 2480        |
|    policy_gradient_loss | -0.00595    |
|    std                  | 2.36        |
|    value_loss           | 4.26        |
-----------------------------------------
-----------------------------------------
| rollout/                |             |
|    ep_len_mean          | 672         |
|    ep_rew_mean          | 49.1        |
| time/                   |             |
|    fps                  | 37          |
|    iterations           | 99          |
|    time_elapsed         | 5473        |
|    total_timesteps      | 512752      |
| train/                  |             |
|    approx_kl            | 0.011087475 |
|    clip_fraction        | 0.136       |
|    clip_range           | 0.2         |
|    entropy_loss         | -6.76       |
|    explained_variance   | 0.904       |
|    learning_rate        | 0.0003      |
|    loss                 | 0.625       |
|    n_updates            | 2490        |
|    policy_gradient_loss | -0.00566    |
|    std                  | 2.35        |
|    value_loss           | 1.76        |
-----------------------------------------
----------------------------------------
| rollout/                |            |
|    ep_len_mean          | 672        |
|    ep_rew_mean          | 48.6       |
| time/                   |            |
|    fps                  | 36         |
|    iterations           | 100        |
|    time_elapsed         | 5535       |
|    total_timesteps      | 514800     |
| train/                  |            |
|    approx_kl            | 0.01200139 |
|    clip_fraction        | 0.135      |
|    clip_range           | 0.2        |
|    entropy_loss         | -6.74      |
|    explained_variance   | 0.865      |
|    learning_rate        | 0.0003     |
|    loss                 | 0.668      |
|    n_updates            | 2500       |
|    policy_gradient_loss | -0.014     |
|    std                  | 2.33       |
|    value_loss           | 2.65       |
----------------------------------------
-----------------------------------------
| rollout/                |             |
|    ep_len_mean          | 677         |
|    ep_rew_mean          | 48          |
| time/                   |             |
|    fps                  | 36          |
|    iterations           | 101         |
|    time_elapsed         | 5592        |
|    total_timesteps      | 516848      |
| train/                  |             |
|    approx_kl            | 0.009805257 |
|    clip_fraction        | 0.0828      |
|    clip_range           | 0.2         |
|    entropy_loss         | -6.75       |
|    explained_variance   | 0.628       |
|    learning_rate        | 0.0003      |
|    loss                 | 0.984       |
|    n_updates            | 2510        |
|    policy_gradient_loss | -0.00743    |
|    std                  | 2.36        |
|    value_loss           | 3.94        |
-----------------------------------------
-----------------------------------------
| rollout/                |             |
|    ep_len_mean          | 672         |
|    ep_rew_mean          | 42.8        |
| time/                   |             |
|    fps                  | 36          |
|    iterations           | 102         |
|    time_elapsed         | 5650        |
|    total_timesteps      | 518896      |
| train/                  |             |
|    approx_kl            | 0.010826608 |
|    clip_fraction        | 0.125       |
|    clip_range           | 0.2         |
|    entropy_loss         | -6.76       |
|    explained_variance   | 0.893       |
|    learning_rate        | 0.0003      |
|    loss                 | 0.353       |
|    n_updates            | 2520        |
|    policy_gradient_loss | -0.00537    |
|    std                  | 2.34        |
|    value_loss           | 1.66        |
-----------------------------------------
-----------------------------------------
| rollout/                |             |
|    ep_len_mean          | 666         |
|    ep_rew_mean          | 42.7        |
| time/                   |             |
|    fps                  | 36          |
|    iterations           | 103         |
|    time_elapsed         | 5708        |
|    total_timesteps      | 520944      |
| train/                  |             |
|    approx_kl            | 0.008704267 |
|    clip_fraction        | 0.111       |
|    clip_range           | 0.2         |
|    entropy_loss         | -6.74       |
|    explained_variance   | 0.644       |
|    learning_rate        | 0.0003      |
|    loss                 | 2.14        |
|    n_updates            | 2530        |
|    policy_gradient_loss | -0.0139     |
|    std                  | 2.34        |
|    value_loss           | 6.86        |
-----------------------------------------
--------------------------------------
| rollout/                |          |
|    ep_len_mean          | 668      |
|    ep_rew_mean          | 41.4     |
| time/                   |          |
|    fps                  | 36       |
|    iterations           | 104      |
|    time_elapsed         | 5765     |
|    total_timesteps      | 522992   |
| train/                  |          |
|    approx_kl            | 0.009337 |
|    clip_fraction        | 0.125    |
|    clip_range           | 0.2      |
|    entropy_loss         | -6.74    |
|    explained_variance   | 0.758    |
|    learning_rate        | 0.0003   |
|    loss                 | 0.71     |
|    n_updates            | 2540     |
|    policy_gradient_loss | -0.0088  |
|    std                  | 2.34     |
|    value_loss           | 2.88     |
--------------------------------------
-----------------------------------------
| rollout/                |             |
|    ep_len_mean          | 679         |
|    ep_rew_mean          | 41.8        |
| time/                   |             |
|    fps                  | 36          |
|    iterations           | 105         |
|    time_elapsed         | 5823        |
|    total_timesteps      | 525040      |
| train/                  |             |
|    approx_kl            | 0.007847516 |
|    clip_fraction        | 0.1         |
|    clip_range           | 0.2         |
|    entropy_loss         | -6.75       |
|    explained_variance   | 0.877       |
|    learning_rate        | 0.0003      |
|    loss                 | 0.79        |
|    n_updates            | 2550        |
|    policy_gradient_loss | -0.00868    |
|    std                  | 2.36        |
|    value_loss           | 2.35        |
-----------------------------------------
-----------------------------------------
| rollout/                |             |
|    ep_len_mean          | 681         |
|    ep_rew_mean          | 41.1        |
| time/                   |             |
|    fps                  | 36          |
|    iterations           | 106         |
|    time_elapsed         | 5880        |
|    total_timesteps      | 527088      |
| train/                  |             |
|    approx_kl            | 0.007061881 |
|    clip_fraction        | 0.087       |
|    clip_range           | 0.2         |
|    entropy_loss         | -6.77       |
|    explained_variance   | 0.4         |
|    learning_rate        | 0.0003      |
|    loss                 | 0.413       |
|    n_updates            | 2560        |
|    policy_gradient_loss | -0.00924    |
|    std                  | 2.38        |
|    value_loss           | 2.55        |
-----------------------------------------
-----------------------------------------
| rollout/                |             |
|    ep_len_mean          | 669         |
|    ep_rew_mean          | 40.1        |
| time/                   |             |
|    fps                  | 36          |
|    iterations           | 107         |
|    time_elapsed         | 5939        |
|    total_timesteps      | 529136      |
| train/                  |             |
|    approx_kl            | 0.011092581 |
|    clip_fraction        | 0.0873      |
|    clip_range           | 0.2         |
|    entropy_loss         | -6.79       |
|    explained_variance   | 0.875       |
|    learning_rate        | 0.0003      |
|    loss                 | 0.961       |
|    n_updates            | 2570        |
|    policy_gradient_loss | -0.00708    |
|    std                  | 2.38        |
|    value_loss           | 3.61        |
-----------------------------------------
-----------------------------------------
| rollout/                |             |
|    ep_len_mean          | 675         |
|    ep_rew_mean          | 42.4        |
| time/                   |             |
|    fps                  | 36          |
|    iterations           | 108         |
|    time_elapsed         | 5997        |
|    total_timesteps      | 531184      |
| train/                  |             |
|    approx_kl            | 0.009292335 |
|    clip_fraction        | 0.105       |
|    clip_range           | 0.2         |
|    entropy_loss         | -6.79       |
|    explained_variance   | 0.682       |
|    learning_rate        | 0.0003      |
|    loss                 | 1.15        |
|    n_updates            | 2580        |
|    policy_gradient_loss | -0.0126     |
|    std                  | 2.39        |
|    value_loss           | 3.7         |
-----------------------------------------
-----------------------------------------
| rollout/                |             |
|    ep_len_mean          | 675         |
|    ep_rew_mean          | 42.6        |
| time/                   |             |
|    fps                  | 36          |
|    iterations           | 109         |
|    time_elapsed         | 6054        |
|    total_timesteps      | 533232      |
| train/                  |             |
|    approx_kl            | 0.010304224 |
|    clip_fraction        | 0.0876      |
|    clip_range           | 0.2         |
|    entropy_loss         | -6.8        |
|    explained_variance   | 0.535       |
|    learning_rate        | 0.0003      |
|    loss                 | 1.72        |
|    n_updates            | 2590        |
|    policy_gradient_loss | -0.00546    |
|    std                  | 2.4         |
|    value_loss           | 67.8        |
-----------------------------------------
-----------------------------------------
| rollout/                |             |
|    ep_len_mean          | 675         |
|    ep_rew_mean          | 42.4        |
| time/                   |             |
|    fps                  | 36          |
|    iterations           | 110         |
|    time_elapsed         | 6112        |
|    total_timesteps      | 535280      |
| train/                  |             |
|    approx_kl            | 0.005259622 |
|    clip_fraction        | 0.0301      |
|    clip_range           | 0.2         |
|    entropy_loss         | -6.81       |
|    explained_variance   | 0.818       |
|    learning_rate        | 0.0003      |
|    loss                 | 3.92        |
|    n_updates            | 2600        |
|    policy_gradient_loss | -0.00397    |
|    std                  | 2.41        |
|    value_loss           | 12.7        |
-----------------------------------------
----------------------------------------
| rollout/                |            |
|    ep_len_mean          | 667        |
|    ep_rew_mean          | 38.5       |
| time/                   |            |
|    fps                  | 36         |
|    iterations           | 111        |
|    time_elapsed         | 6168       |
|    total_timesteps      | 537328     |
| train/                  |            |
|    approx_kl            | 0.01017686 |
|    clip_fraction        | 0.11       |
|    clip_range           | 0.2        |
|    entropy_loss         | -6.81      |
|    explained_variance   | 0.657      |
|    learning_rate        | 0.0003     |
|    loss                 | 0.443      |
|    n_updates            | 2610       |
|    policy_gradient_loss | -0.0071    |
|    std                  | 2.41       |
|    value_loss           | 2.48       |
----------------------------------------
-----------------------------------------
| rollout/                |             |
|    ep_len_mean          | 674         |
|    ep_rew_mean          | 39          |
| time/                   |             |
|    fps                  | 36          |
|    iterations           | 112         |
|    time_elapsed         | 6225        |
|    total_timesteps      | 539376      |
| train/                  |             |
|    approx_kl            | 0.004270342 |
|    clip_fraction        | 0.0368      |
|    clip_range           | 0.2         |
|    entropy_loss         | -6.82       |
|    explained_variance   | 0.556       |
|    learning_rate        | 0.0003      |
|    loss                 | 1.66        |
|    n_updates            | 2620        |
|    policy_gradient_loss | -0.00734    |
|    std                  | 2.42        |
|    value_loss           | 13.3        |
-----------------------------------------
-----------------------------------------
| rollout/                |             |
|    ep_len_mean          | 650         |
|    ep_rew_mean          | 31.5        |
| time/                   |             |
|    fps                  | 36          |
|    iterations           | 113         |
|    time_elapsed         | 6284        |
|    total_timesteps      | 541424      |
| train/                  |             |
|    approx_kl            | 0.010858869 |
|    clip_fraction        | 0.105       |
|    clip_range           | 0.2         |
|    entropy_loss         | -6.84       |
|    explained_variance   | 0.818       |
|    learning_rate        | 0.0003      |
|    loss                 | 0.629       |
|    n_updates            | 2630        |
|    policy_gradient_loss | -0.00433    |
|    std                  | 2.44        |
|    value_loss           | 1.96        |
-----------------------------------------
-----------------------------------------
| rollout/                |             |
|    ep_len_mean          | 666         |
|    ep_rew_mean          | 35.4        |
| time/                   |             |
|    fps                  | 36          |
|    iterations           | 114         |
|    time_elapsed         | 6341        |
|    total_timesteps      | 543472      |
| train/                  |             |
|    approx_kl            | 0.007027803 |
|    clip_fraction        | 0.07        |
|    clip_range           | 0.2         |
|    entropy_loss         | -6.84       |
|    explained_variance   | 0.685       |
|    learning_rate        | 0.0003      |
|    loss                 | 2.55        |
|    n_updates            | 2640        |
|    policy_gradient_loss | -0.00261    |
|    std                  | 2.43        |
|    value_loss           | 7.93        |
-----------------------------------------
-----------------------------------------
| rollout/                |             |
|    ep_len_mean          | 678         |
|    ep_rew_mean          | 36.1        |
| time/                   |             |
|    fps                  | 36          |
|    iterations           | 115         |
|    time_elapsed         | 6398        |
|    total_timesteps      | 545520      |
| train/                  |             |
|    approx_kl            | 0.005288734 |
|    clip_fraction        | 0.0604      |
|    clip_range           | 0.2         |
|    entropy_loss         | -6.84       |
|    explained_variance   | 0.574       |
|    learning_rate        | 0.0003      |
|    loss                 | 11.1        |
|    n_updates            | 2650        |
|    policy_gradient_loss | -0.00707    |
|    std                  | 2.42        |
|    value_loss           | 84.3        |
-----------------------------------------
------------------------------------------
| rollout/                |              |
|    ep_len_mean          | 668          |
|    ep_rew_mean          | 36           |
| time/                   |              |
|    fps                  | 36           |
|    iterations           | 116          |
|    time_elapsed         | 6456         |
|    total_timesteps      | 547568       |
| train/                  |              |
|    approx_kl            | 0.0069048763 |
|    clip_fraction        | 0.0643       |
|    clip_range           | 0.2          |
|    entropy_loss         | -6.84        |
|    explained_variance   | 0.864        |
|    learning_rate        | 0.0003       |
|    loss                 | 0.931        |
|    n_updates            | 2660         |
|    policy_gradient_loss | -0.00756     |
|    std                  | 2.43         |
|    value_loss           | 5.59         |
------------------------------------------
----------------------------------------
| rollout/                |            |
|    ep_len_mean          | 677        |
|    ep_rew_mean          | 36.7       |
| time/                   |            |
|    fps                  | 36         |
|    iterations           | 117        |
|    time_elapsed         | 6512       |
|    total_timesteps      | 549616     |
| train/                  |            |
|    approx_kl            | 0.01309367 |
|    clip_fraction        | 0.116      |
|    clip_range           | 0.2        |
|    entropy_loss         | -6.86      |
|    explained_variance   | 0.597      |
|    learning_rate        | 0.0003     |
|    loss                 | 1.79       |
|    n_updates            | 2670       |
|    policy_gradient_loss | -0.00561   |
|    std                  | 2.45       |
|    value_loss           | 6.18       |
----------------------------------------
-----------------------------------------
| rollout/                |             |
|    ep_len_mean          | 676         |
|    ep_rew_mean          | 37          |
| time/                   |             |
|    fps                  | 36          |
|    iterations           | 118         |
|    time_elapsed         | 6570        |
|    total_timesteps      | 551664      |
| train/                  |             |
|    approx_kl            | 0.005745869 |
|    clip_fraction        | 0.0727      |
|    clip_range           | 0.2         |
|    entropy_loss         | -6.88       |
|    explained_variance   | 0.894       |
|    learning_rate        | 0.0003      |
|    loss                 | 1.36        |
|    n_updates            | 2680        |
|    policy_gradient_loss | -0.00808    |
|    std                  | 2.47        |
|    value_loss           | 5.05        |
-----------------------------------------
-----------------------------------------
| rollout/                |             |
|    ep_len_mean          | 658         |
|    ep_rew_mean          | 42.6        |
| time/                   |             |
|    fps                  | 36          |
|    iterations           | 119         |
|    time_elapsed         | 6629        |
|    total_timesteps      | 553712      |
| train/                  |             |
|    approx_kl            | 0.009083002 |
|    clip_fraction        | 0.11        |
|    clip_range           | 0.2         |
|    entropy_loss         | -6.89       |
|    explained_variance   | 0.937       |
|    learning_rate        | 0.0003      |
|    loss                 | 0.34        |
|    n_updates            | 2690        |
|    policy_gradient_loss | -0.006      |
|    std                  | 2.47        |
|    value_loss           | 2.18        |
-----------------------------------------
------------------------------------------
| rollout/                |              |
|    ep_len_mean          | 654          |
|    ep_rew_mean          | 46.1         |
| time/                   |              |
|    fps                  | 36           |
|    iterations           | 120          |
|    time_elapsed         | 6687         |
|    total_timesteps      | 555760       |
| train/                  |              |
|    approx_kl            | 0.0069576437 |
|    clip_fraction        | 0.0571       |
|    clip_range           | 0.2          |
|    entropy_loss         | -6.89        |
|    explained_variance   | 0.608        |
|    learning_rate        | 0.0003       |
|    loss                 | 13.2         |
|    n_updates            | 2700         |
|    policy_gradient_loss | -0.00747     |
|    std                  | 2.48         |
|    value_loss           | 127          |
------------------------------------------
------------------------------------------
| rollout/                |              |
|    ep_len_mean          | 662          |
|    ep_rew_mean          | 43.5         |
| time/                   |              |
|    fps                  | 36           |
|    iterations           | 121          |
|    time_elapsed         | 6744         |
|    total_timesteps      | 557808       |
| train/                  |              |
|    approx_kl            | 0.0029753263 |
|    clip_fraction        | 0.0167       |
|    clip_range           | 0.2          |
|    entropy_loss         | -6.9         |
|    explained_variance   | 0.796        |
|    learning_rate        | 0.0003       |
|    loss                 | 35.2         |
|    n_updates            | 2710         |
|    policy_gradient_loss | -0.0059      |
|    std                  | 2.49         |
|    value_loss           | 77.9         |
------------------------------------------
------------------------------------------
| rollout/                |              |
|    ep_len_mean          | 647          |
|    ep_rew_mean          | 43           |
| time/                   |              |
|    fps                  | 36           |
|    iterations           | 122          |
|    time_elapsed         | 6801         |
|    total_timesteps      | 559856       |
| train/                  |              |
|    approx_kl            | 0.0110369595 |
|    clip_fraction        | 0.0939       |
|    clip_range           | 0.2          |
|    entropy_loss         | -6.94        |
|    explained_variance   | 0.845        |
|    learning_rate        | 0.0003       |
|    loss                 | 1.94         |
|    n_updates            | 2720         |
|    policy_gradient_loss | -0.00426     |
|    std                  | 2.54         |
|    value_loss           | 8.57         |
------------------------------------------
-----------------------------------------
| rollout/                |             |
|    ep_len_mean          | 630         |
|    ep_rew_mean          | 39.9        |
| time/                   |             |
|    fps                  | 36          |
|    iterations           | 123         |
|    time_elapsed         | 6860        |
|    total_timesteps      | 561904      |
| train/                  |             |
|    approx_kl            | 0.004127848 |
|    clip_fraction        | 0.0417      |
|    clip_range           | 0.2         |
|    entropy_loss         | -6.96       |
|    explained_variance   | 0.731       |
|    learning_rate        | 0.0003      |
|    loss                 | 2.34        |
|    n_updates            | 2730        |
|    policy_gradient_loss | -0.00282    |
|    std                  | 2.53        |
|    value_loss           | 82.9        |
-----------------------------------------
-----------------------------------------
| rollout/                |             |
|    ep_len_mean          | 639         |
|    ep_rew_mean          | 37.6        |
| time/                   |             |
|    fps                  | 36          |
|    iterations           | 124         |
|    time_elapsed         | 6916        |
|    total_timesteps      | 563952      |
| train/                  |             |
|    approx_kl            | 0.008891025 |
|    clip_fraction        | 0.101       |
|    clip_range           | 0.2         |
|    entropy_loss         | -6.96       |
|    explained_variance   | 0.357       |
|    learning_rate        | 0.0003      |
|    loss                 | 1.93        |
|    n_updates            | 2740        |
|    policy_gradient_loss | -0.00684    |
|    std                  | 2.53        |
|    value_loss           | 10.6        |
-----------------------------------------
------------------------------------------
| rollout/                |              |
|    ep_len_mean          | 639          |
|    ep_rew_mean          | 39.9         |
| time/                   |              |
|    fps                  | 36           |
|    iterations           | 125          |
|    time_elapsed         | 6974         |
|    total_timesteps      | 566000       |
| train/                  |              |
|    approx_kl            | 0.0122614475 |
|    clip_fraction        | 0.148        |
|    clip_range           | 0.2          |
|    entropy_loss         | -6.99        |
|    explained_variance   | 0.95         |
|    learning_rate        | 0.0003       |
|    loss                 | 0.759        |
|    n_updates            | 2750         |
|    policy_gradient_loss | -0.00491     |
|    std                  | 2.57         |
|    value_loss           | 1.86         |
------------------------------------------
------------------------------------------
| rollout/                |              |
|    ep_len_mean          | 638          |
|    ep_rew_mean          | 41.9         |
| time/                   |              |
|    fps                  | 36           |
|    iterations           | 126          |
|    time_elapsed         | 7031         |
|    total_timesteps      | 568048       |
| train/                  |              |
|    approx_kl            | 0.0124713965 |
|    clip_fraction        | 0.135        |
|    clip_range           | 0.2          |
|    entropy_loss         | -7.01        |
|    explained_variance   | 0.818        |
|    learning_rate        | 0.0003       |
|    loss                 | 0.662        |
|    n_updates            | 2760         |
|    policy_gradient_loss | -0.0136      |
|    std                  | 2.58         |
|    value_loss           | 2.75         |
------------------------------------------
-----------------------------------------
| rollout/                |             |
|    ep_len_mean          | 628         |
|    ep_rew_mean          | 42.6        |
| time/                   |             |
|    fps                  | 36          |
|    iterations           | 127         |
|    time_elapsed         | 7090        |
|    total_timesteps      | 570096      |
| train/                  |             |
|    approx_kl            | 0.007382185 |
|    clip_fraction        | 0.0863      |
|    clip_range           | 0.2         |
|    entropy_loss         | -7.01       |
|    explained_variance   | 0.815       |
|    learning_rate        | 0.0003      |
|    loss                 | 0.625       |
|    n_updates            | 2770        |
|    policy_gradient_loss | -0.00597    |
|    std                  | 2.58        |
|    value_loss           | 29.3        |
-----------------------------------------
------------------------------------------
| rollout/                |              |
|    ep_len_mean          | 609          |
|    ep_rew_mean          | 42.1         |
| time/                   |              |
|    fps                  | 36           |
|    iterations           | 128          |
|    time_elapsed         | 7148         |
|    total_timesteps      | 572144       |
| train/                  |              |
|    approx_kl            | 0.0074061053 |
|    clip_fraction        | 0.0816       |
|    clip_range           | 0.2          |
|    entropy_loss         | -7.01        |
|    explained_variance   | 0.795        |
|    learning_rate        | 0.0003       |
|    loss                 | 1.57         |
|    n_updates            | 2780         |
|    policy_gradient_loss | -0.00344     |
|    std                  | 2.57         |
|    value_loss           | 5.06         |
------------------------------------------
------------------------------------------
| rollout/                |              |
|    ep_len_mean          | 604          |
|    ep_rew_mean          | 45           |
| time/                   |              |
|    fps                  | 36           |
|    iterations           | 129          |
|    time_elapsed         | 7207         |
|    total_timesteps      | 574192       |
| train/                  |              |
|    approx_kl            | 0.0088742655 |
|    clip_fraction        | 0.116        |
|    clip_range           | 0.2          |
|    entropy_loss         | -7.01        |
|    explained_variance   | 0.805        |
|    learning_rate        | 0.0003       |
|    loss                 | 0.789        |
|    n_updates            | 2790         |
|    policy_gradient_loss | -0.00709     |
|    std                  | 2.59         |
|    value_loss           | 2.98         |
------------------------------------------
-----------------------------------------
| rollout/                |             |
|    ep_len_mean          | 605         |
|    ep_rew_mean          | 46.2        |
| time/                   |             |
|    fps                  | 36          |
|    iterations           | 130         |
|    time_elapsed         | 7264        |
|    total_timesteps      | 576240      |
| train/                  |             |
|    approx_kl            | 0.005102312 |
|    clip_fraction        | 0.0481      |
|    clip_range           | 0.2         |
|    entropy_loss         | -7.03       |
|    explained_variance   | 0.589       |
|    learning_rate        | 0.0003      |
|    loss                 | 9.36        |
|    n_updates            | 2800        |
|    policy_gradient_loss | -0.0043     |
|    std                  | 2.59        |
|    value_loss           | 114         |
-----------------------------------------
------------------------------------------
| rollout/                |              |
|    ep_len_mean          | 608          |
|    ep_rew_mean          | 48           |
| time/                   |              |
|    fps                  | 36           |
|    iterations           | 131          |
|    time_elapsed         | 7321         |
|    total_timesteps      | 578288       |
| train/                  |              |
|    approx_kl            | 0.0077234423 |
|    clip_fraction        | 0.0803       |
|    clip_range           | 0.2          |
|    entropy_loss         | -7.04        |
|    explained_variance   | 0.775        |
|    learning_rate        | 0.0003       |
|    loss                 | 1.15         |
|    n_updates            | 2810         |
|    policy_gradient_loss | -0.00543     |
|    std                  | 2.61         |
|    value_loss           | 3.64         |
------------------------------------------
----------------------------------------
| rollout/                |            |
|    ep_len_mean          | 614        |
|    ep_rew_mean          | 48.8       |
| time/                   |            |
|    fps                  | 36         |
|    iterations           | 132        |
|    time_elapsed         | 7379       |
|    total_timesteps      | 580336     |
| train/                  |            |
|    approx_kl            | 0.01255429 |
|    clip_fraction        | 0.124      |
|    clip_range           | 0.2        |
|    entropy_loss         | -7.08      |
|    explained_variance   | 0.898      |
|    learning_rate        | 0.0003     |
|    loss                 | 0.28       |
|    n_updates            | 2820       |
|    policy_gradient_loss | -0.00817   |
|    std                  | 2.66       |
|    value_loss           | 1.62       |
----------------------------------------
-----------------------------------------
| rollout/                |             |
|    ep_len_mean          | 611         |
|    ep_rew_mean          | 52.8        |
| time/                   |             |
|    fps                  | 36          |
|    iterations           | 133         |
|    time_elapsed         | 7437        |
|    total_timesteps      | 582384      |
| train/                  |             |
|    approx_kl            | 0.009755003 |
|    clip_fraction        | 0.103       |
|    clip_range           | 0.2         |
|    entropy_loss         | -7.09       |
|    explained_variance   | 0.927       |
|    learning_rate        | 0.0003      |
|    loss                 | 0.708       |
|    n_updates            | 2830        |
|    policy_gradient_loss | -0.0127     |
|    std                  | 2.65        |
|    value_loss           | 2.82        |
-----------------------------------------
-----------------------------------------
| rollout/                |             |
|    ep_len_mean          | 603         |
|    ep_rew_mean          | 56.6        |
| time/                   |             |
|    fps                  | 36          |
|    iterations           | 134         |
|    time_elapsed         | 7495        |
|    total_timesteps      | 584432      |
| train/                  |             |
|    approx_kl            | 0.011647442 |
|    clip_fraction        | 0.131       |
|    clip_range           | 0.2         |
|    entropy_loss         | -7.1        |
|    explained_variance   | 0.521       |
|    learning_rate        | 0.0003      |
|    loss                 | 2.76        |
|    n_updates            | 2840        |
|    policy_gradient_loss | -0.00986    |
|    std                  | 2.66        |
|    value_loss           | 28.5        |
-----------------------------------------
-----------------------------------------
| rollout/                |             |
|    ep_len_mean          | 591         |
|    ep_rew_mean          | 59.5        |
| time/                   |             |
|    fps                  | 36          |
|    iterations           | 135         |
|    time_elapsed         | 7552        |
|    total_timesteps      | 586480      |
| train/                  |             |
|    approx_kl            | 0.013026537 |
|    clip_fraction        | 0.121       |
|    clip_range           | 0.2         |
|    entropy_loss         | -7.1        |
|    explained_variance   | 0.182       |
|    learning_rate        | 0.0003      |
|    loss                 | 0.548       |
|    n_updates            | 2850        |
|    policy_gradient_loss | -0.00837    |
|    std                  | 2.65        |
|    value_loss           | 31.1        |
-----------------------------------------
-----------------------------------------
| rollout/                |             |
|    ep_len_mean          | 611         |
|    ep_rew_mean          | 62.1        |
| time/                   |             |
|    fps                  | 36          |
|    iterations           | 136         |
|    time_elapsed         | 7610        |
|    total_timesteps      | 588528      |
| train/                  |             |
|    approx_kl            | 0.008592047 |
|    clip_fraction        | 0.0864      |
|    clip_range           | 0.2         |
|    entropy_loss         | -7.08       |
|    explained_variance   | 0.333       |
|    learning_rate        | 0.0003      |
|    loss                 | 0.621       |
|    n_updates            | 2860        |
|    policy_gradient_loss | -0.00962    |
|    std                  | 2.63        |
|    value_loss           | 28.1        |
-----------------------------------------
------------------------------------------
| rollout/                |              |
|    ep_len_mean          | 614          |
|    ep_rew_mean          | 63.1         |
| time/                   |              |
|    fps                  | 36           |
|    iterations           | 137          |
|    time_elapsed         | 7667         |
|    total_timesteps      | 590576       |
| train/                  |              |
|    approx_kl            | 0.0066907946 |
|    clip_fraction        | 0.0883       |
|    clip_range           | 0.2          |
|    entropy_loss         | -7.07        |
|    explained_variance   | 0.856        |
|    learning_rate        | 0.0003       |
|    loss                 | 0.536        |
|    n_updates            | 2870         |
|    policy_gradient_loss | -0.00856     |
|    std                  | 2.63         |
|    value_loss           | 1.94         |
------------------------------------------
-----------------------------------------
| rollout/                |             |
|    ep_len_mean          | 607         |
|    ep_rew_mean          | 60.3        |
| time/                   |             |
|    fps                  | 36          |
|    iterations           | 138         |
|    time_elapsed         | 7724        |
|    total_timesteps      | 592624      |
| train/                  |             |
|    approx_kl            | 0.010673647 |
|    clip_fraction        | 0.114       |
|    clip_range           | 0.2         |
|    entropy_loss         | -7.06       |
|    explained_variance   | 0.708       |
|    learning_rate        | 0.0003      |
|    loss                 | 0.657       |
|    n_updates            | 2880        |
|    policy_gradient_loss | -0.00775    |
|    std                  | 2.61        |
|    value_loss           | 1.83        |
-----------------------------------------
----------------------------------------
| rollout/                |            |
|    ep_len_mean          | 612        |
|    ep_rew_mean          | 62.1       |
| time/                   |            |
|    fps                  | 36         |
|    iterations           | 139        |
|    time_elapsed         | 7782       |
|    total_timesteps      | 594672     |
| train/                  |            |
|    approx_kl            | 0.01271946 |
|    clip_fraction        | 0.115      |
|    clip_range           | 0.2        |
|    entropy_loss         | -7.06      |
|    explained_variance   | 0.87       |
|    learning_rate        | 0.0003     |
|    loss                 | 0.487      |
|    n_updates            | 2890       |
|    policy_gradient_loss | -0.00862   |
|    std                  | 2.63       |
|    value_loss           | 1.88       |
----------------------------------------
-----------------------------------------
| rollout/                |             |
|    ep_len_mean          | 614         |
|    ep_rew_mean          | 62.9        |
| time/                   |             |
|    fps                  | 36          |
|    iterations           | 140         |
|    time_elapsed         | 7839        |
|    total_timesteps      | 596720      |
| train/                  |             |
|    approx_kl            | 0.007827122 |
|    clip_fraction        | 0.0724      |
|    clip_range           | 0.2         |
|    entropy_loss         | -7.07       |
|    explained_variance   | 0.772       |
|    learning_rate        | 0.0003      |
|    loss                 | 0.668       |
|    n_updates            | 2900        |
|    policy_gradient_loss | -0.00783    |
|    std                  | 2.63        |
|    value_loss           | 2.3         |
-----------------------------------------
----------------------------------------
| rollout/                |            |
|    ep_len_mean          | 599        |
|    ep_rew_mean          | 61.7       |
| time/                   |            |
|    fps                  | 36         |
|    iterations           | 141        |
|    time_elapsed         | 7897       |
|    total_timesteps      | 598768     |
| train/                  |            |
|    approx_kl            | 0.00829551 |
|    clip_fraction        | 0.11       |
|    clip_range           | 0.2        |
|    entropy_loss         | -7.06      |
|    explained_variance   | 0.916      |
|    learning_rate        | 0.0003     |
|    loss                 | 0.44       |
|    n_updates            | 2910       |
|    policy_gradient_loss | -0.00957   |
|    std                  | 2.63       |
|    value_loss           | 1.65       |
----------------------------------------
-----------------------------------------
| rollout/                |             |
|    ep_len_mean          | 602         |
|    ep_rew_mean          | 62.1        |
| time/                   |             |
|    fps                  | 36          |
|    iterations           | 142         |
|    time_elapsed         | 7955        |
|    total_timesteps      | 600816      |
| train/                  |             |
|    approx_kl            | 0.009129706 |
|    clip_fraction        | 0.1         |
|    clip_range           | 0.2         |
|    entropy_loss         | -7.06       |
|    explained_variance   | 0.736       |
|    learning_rate        | 0.0003      |
|    loss                 | 0.617       |
|    n_updates            | 2920        |
|    policy_gradient_loss | -0.0121     |
|    std                  | 2.64        |
|    value_loss           | 3.08        |
-----------------------------------------
-----------------------------------------
| rollout/                |             |
|    ep_len_mean          | 576         |
|    ep_rew_mean          | 58.1        |
| time/                   |             |
|    fps                  | 36          |
|    iterations           | 143         |
|    time_elapsed         | 8014        |
|    total_timesteps      | 602864      |
| train/                  |             |
|    approx_kl            | 0.007881339 |
|    clip_fraction        | 0.0791      |
|    clip_range           | 0.2         |
|    entropy_loss         | -7.09       |
|    explained_variance   | 0.826       |
|    learning_rate        | 0.0003      |
|    loss                 | 1.04        |
|    n_updates            | 2930        |
|    policy_gradient_loss | -0.00752    |
|    std                  | 2.67        |
|    value_loss           | 2.02        |
-----------------------------------------
-----------------------------------------
| rollout/                |             |
|    ep_len_mean          | 575         |
|    ep_rew_mean          | 58.7        |
| time/                   |             |
|    fps                  | 36          |
|    iterations           | 144         |
|    time_elapsed         | 8071        |
|    total_timesteps      | 604912      |
| train/                  |             |
|    approx_kl            | 0.011390127 |
|    clip_fraction        | 0.114       |
|    clip_range           | 0.2         |
|    entropy_loss         | -7.1        |
|    explained_variance   | 0.602       |
|    learning_rate        | 0.0003      |
|    loss                 | 0.498       |
|    n_updates            | 2940        |
|    policy_gradient_loss | -0.0114     |
|    std                  | 2.68        |
|    value_loss           | 3.22        |
-----------------------------------------
-----------------------------------------
| rollout/                |             |
|    ep_len_mean          | 572         |
|    ep_rew_mean          | 58.3        |
| time/                   |             |
|    fps                  | 36          |
|    iterations           | 145         |
|    time_elapsed         | 8129        |
|    total_timesteps      | 606960      |
| train/                  |             |
|    approx_kl            | 0.009317307 |
|    clip_fraction        | 0.11        |
|    clip_range           | 0.2         |
|    entropy_loss         | -7.12       |
|    explained_variance   | 0.739       |
|    learning_rate        | 0.0003      |
|    loss                 | 1.23        |
|    n_updates            | 2950        |
|    policy_gradient_loss | -0.011      |
|    std                  | 2.69        |
|    value_loss           | 3.77        |
-----------------------------------------
-----------------------------------------
| rollout/                |             |
|    ep_len_mean          | 556         |
|    ep_rew_mean          | 56.5        |
| time/                   |             |
|    fps                  | 36          |
|    iterations           | 146         |
|    time_elapsed         | 8187        |
|    total_timesteps      | 609008      |
| train/                  |             |
|    approx_kl            | 0.012106465 |
|    clip_fraction        | 0.122       |
|    clip_range           | 0.2         |
|    entropy_loss         | -7.15       |
|    explained_variance   | 0.894       |
|    learning_rate        | 0.0003      |
|    loss                 | 0.935       |
|    n_updates            | 2960        |
|    policy_gradient_loss | -0.0116     |
|    std                  | 2.72        |
|    value_loss           | 3.29        |
-----------------------------------------
-----------------------------------------
| rollout/                |             |
|    ep_len_mean          | 570         |
|    ep_rew_mean          | 58.5        |
| time/                   |             |
|    fps                  | 36          |
|    iterations           | 147         |
|    time_elapsed         | 8245        |
|    total_timesteps      | 611056      |
| train/                  |             |
|    approx_kl            | 0.009535991 |
|    clip_fraction        | 0.127       |
|    clip_range           | 0.2         |
|    entropy_loss         | -7.15       |
|    explained_variance   | 0.455       |
|    learning_rate        | 0.0003      |
|    loss                 | 1.08        |
|    n_updates            | 2970        |
|    policy_gradient_loss | -0.0118     |
|    std                  | 2.71        |
|    value_loss           | 30.4        |
-----------------------------------------
-----------------------------------------
| rollout/                |             |
|    ep_len_mean          | 562         |
|    ep_rew_mean          | 56          |
| time/                   |             |
|    fps                  | 36          |
|    iterations           | 148         |
|    time_elapsed         | 8303        |
|    total_timesteps      | 613104      |
| train/                  |             |
|    approx_kl            | 0.012600932 |
|    clip_fraction        | 0.116       |
|    clip_range           | 0.2         |
|    entropy_loss         | -7.17       |
|    explained_variance   | 0.822       |
|    learning_rate        | 0.0003      |
|    loss                 | 0.604       |
|    n_updates            | 2980        |
|    policy_gradient_loss | -0.00921    |
|    std                  | 2.74        |
|    value_loss           | 2.47        |
-----------------------------------------
-----------------------------------------
| rollout/                |             |
|    ep_len_mean          | 563         |
|    ep_rew_mean          | 56.4        |
| time/                   |             |
|    fps                  | 36          |
|    iterations           | 149         |
|    time_elapsed         | 8360        |
|    total_timesteps      | 615152      |
| train/                  |             |
|    approx_kl            | 0.008505451 |
|    clip_fraction        | 0.112       |
|    clip_range           | 0.2         |
|    entropy_loss         | -7.19       |
|    explained_variance   | 0.825       |
|    learning_rate        | 0.0003      |
|    loss                 | 0.951       |
|    n_updates            | 2990        |
|    policy_gradient_loss | -0.0114     |
|    std                  | 2.75        |
|    value_loss           | 2.31        |
-----------------------------------------
-----------------------------------------
| rollout/                |             |
|    ep_len_mean          | 563         |
|    ep_rew_mean          | 53.8        |
| time/                   |             |
|    fps                  | 36          |
|    iterations           | 150         |
|    time_elapsed         | 8417        |
|    total_timesteps      | 617200      |
| train/                  |             |
|    approx_kl            | 0.006400867 |
|    clip_fraction        | 0.0926      |
|    clip_range           | 0.2         |
|    entropy_loss         | -7.2        |
|    explained_variance   | 0.869       |
|    learning_rate        | 0.0003      |
|    loss                 | 0.274       |
|    n_updates            | 3000        |
|    policy_gradient_loss | -0.00672    |
|    std                  | 2.75        |
|    value_loss           | 1.47        |
-----------------------------------------
-----------------------------------------
| rollout/                |             |
|    ep_len_mean          | 575         |
|    ep_rew_mean          | 55.2        |
| time/                   |             |
|    fps                  | 36          |
|    iterations           | 151         |
|    time_elapsed         | 8474        |
|    total_timesteps      | 619248      |
| train/                  |             |
|    approx_kl            | 0.010475105 |
|    clip_fraction        | 0.114       |
|    clip_range           | 0.2         |
|    entropy_loss         | -7.19       |
|    explained_variance   | 0.601       |
|    learning_rate        | 0.0003      |
|    loss                 | 0.64        |
|    n_updates            | 3010        |
|    policy_gradient_loss | -0.0104     |
|    std                  | 2.75        |
|    value_loss           | 2.02        |
-----------------------------------------
----------------------------------------
| rollout/                |            |
|    ep_len_mean          | 565        |
|    ep_rew_mean          | 58.4       |
| time/                   |            |
|    fps                  | 36         |
|    iterations           | 152        |
|    time_elapsed         | 8533       |
|    total_timesteps      | 621296     |
| train/                  |            |
|    approx_kl            | 0.00999825 |
|    clip_fraction        | 0.0925     |
|    clip_range           | 0.2        |
|    entropy_loss         | -7.2       |
|    explained_variance   | 0.798      |
|    learning_rate        | 0.0003     |
|    loss                 | 0.605      |
|    n_updates            | 3020       |
|    policy_gradient_loss | -0.00802   |
|    std                  | 2.76       |
|    value_loss           | 1.93       |
----------------------------------------
-----------------------------------------
| rollout/                |             |
|    ep_len_mean          | 555         |
|    ep_rew_mean          | 56.5        |
| time/                   |             |
|    fps                  | 36          |
|    iterations           | 153         |
|    time_elapsed         | 8590        |
|    total_timesteps      | 623344      |
| train/                  |             |
|    approx_kl            | 0.008499749 |
|    clip_fraction        | 0.0915      |
|    clip_range           | 0.2         |
|    entropy_loss         | -7.22       |
|    explained_variance   | 0.37        |
|    learning_rate        | 0.0003      |
|    loss                 | 0.486       |
|    n_updates            | 3030        |
|    policy_gradient_loss | -0.00703    |
|    std                  | 2.78        |
|    value_loss           | 28.5        |
-----------------------------------------
------------------------------------------
| rollout/                |              |
|    ep_len_mean          | 567          |
|    ep_rew_mean          | 58.2         |
| time/                   |              |
|    fps                  | 36           |
|    iterations           | 154          |
|    time_elapsed         | 8648         |
|    total_timesteps      | 625392       |
| train/                  |              |
|    approx_kl            | 0.0063887592 |
|    clip_fraction        | 0.0934       |
|    clip_range           | 0.2          |
|    entropy_loss         | -7.24        |
|    explained_variance   | 0.853        |
|    learning_rate        | 0.0003       |
|    loss                 | 1.05         |
|    n_updates            | 3040         |
|    policy_gradient_loss | -0.00726     |
|    std                  | 2.8          |
|    value_loss           | 2.06         |
------------------------------------------
-----------------------------------------
| rollout/                |             |
|    ep_len_mean          | 557         |
|    ep_rew_mean          | 57.5        |
| time/                   |             |
|    fps                  | 36          |
|    iterations           | 155         |
|    time_elapsed         | 8706        |
|    total_timesteps      | 627440      |
| train/                  |             |
|    approx_kl            | 0.009074068 |
|    clip_fraction        | 0.102       |
|    clip_range           | 0.2         |
|    entropy_loss         | -7.25       |
|    explained_variance   | 0.827       |
|    learning_rate        | 0.0003      |
|    loss                 | 0.773       |
|    n_updates            | 3050        |
|    policy_gradient_loss | -0.00926    |
|    std                  | 2.81        |
|    value_loss           | 2.15        |
-----------------------------------------
-----------------------------------------
| rollout/                |             |
|    ep_len_mean          | 560         |
|    ep_rew_mean          | 55.9        |
| time/                   |             |
|    fps                  | 36          |
|    iterations           | 156         |
|    time_elapsed         | 8765        |
|    total_timesteps      | 629488      |
| train/                  |             |
|    approx_kl            | 0.010520451 |
|    clip_fraction        | 0.105       |
|    clip_range           | 0.2         |
|    entropy_loss         | -7.25       |
|    explained_variance   | 0.767       |
|    learning_rate        | 0.0003      |
|    loss                 | 0.498       |
|    n_updates            | 3060        |
|    policy_gradient_loss | -0.00759    |
|    std                  | 2.81        |
|    value_loss           | 2.33        |
-----------------------------------------
------------------------------------------
| rollout/                |              |
|    ep_len_mean          | 570          |
|    ep_rew_mean          | 57.2         |
| time/                   |              |
|    fps                  | 36           |
|    iterations           | 157          |
|    time_elapsed         | 8823         |
|    total_timesteps      | 631536       |
| train/                  |              |
|    approx_kl            | 0.0092513785 |
|    clip_fraction        | 0.0911       |
|    clip_range           | 0.2          |
|    entropy_loss         | -7.26        |
|    explained_variance   | 0.784        |
|    learning_rate        | 0.0003       |
|    loss                 | 0.634        |
|    n_updates            | 3070         |
|    policy_gradient_loss | -0.0101      |
|    std                  | 2.82         |
|    value_loss           | 3.39         |
------------------------------------------
------------------------------------------
| rollout/                |              |
|    ep_len_mean          | 569          |
|    ep_rew_mean          | 56.2         |
| time/                   |              |
|    fps                  | 36           |
|    iterations           | 158          |
|    time_elapsed         | 8879         |
|    total_timesteps      | 633584       |
| train/                  |              |
|    approx_kl            | 0.0115174735 |
|    clip_fraction        | 0.124        |
|    clip_range           | 0.2          |
|    entropy_loss         | -7.27        |
|    explained_variance   | 0.801        |
|    learning_rate        | 0.0003       |
|    loss                 | 0.688        |
|    n_updates            | 3080         |
|    policy_gradient_loss | -0.0113      |
|    std                  | 2.82         |
|    value_loss           | 2.02         |
------------------------------------------
-----------------------------------------
| rollout/                |             |
|    ep_len_mean          | 573         |
|    ep_rew_mean          | 56.9        |
| time/                   |             |
|    fps                  | 36          |
|    iterations           | 159         |
|    time_elapsed         | 8937        |
|    total_timesteps      | 635632      |
| train/                  |             |
|    approx_kl            | 0.010117982 |
|    clip_fraction        | 0.122       |
|    clip_range           | 0.2         |
|    entropy_loss         | -7.28       |
|    explained_variance   | 0.873       |
|    learning_rate        | 0.0003      |
|    loss                 | 0.235       |
|    n_updates            | 3090        |
|    policy_gradient_loss | -0.00981    |
|    std                  | 2.85        |
|    value_loss           | 1.42        |
-----------------------------------------
-----------------------------------------
| rollout/                |             |
|    ep_len_mean          | 573         |
|    ep_rew_mean          | 58          |
| time/                   |             |
|    fps                  | 36          |
|    iterations           | 160         |
|    time_elapsed         | 8994        |
|    total_timesteps      | 637680      |
| train/                  |             |
|    approx_kl            | 0.008095667 |
|    clip_fraction        | 0.0861      |
|    clip_range           | 0.2         |
|    entropy_loss         | -7.26       |
|    explained_variance   | 0.88        |
|    learning_rate        | 0.0003      |
|    loss                 | 2.1         |
|    n_updates            | 3100        |
|    policy_gradient_loss | -0.00843    |
|    std                  | 2.8         |
|    value_loss           | 1.91        |
-----------------------------------------
-----------------------------------------
| rollout/                |             |
|    ep_len_mean          | 573         |
|    ep_rew_mean          | 55.5        |
| time/                   |             |
|    fps                  | 36          |
|    iterations           | 161         |
|    time_elapsed         | 9051        |
|    total_timesteps      | 639728      |
| train/                  |             |
|    approx_kl            | 0.007818246 |
|    clip_fraction        | 0.104       |
|    clip_range           | 0.2         |
|    entropy_loss         | -7.24       |
|    explained_variance   | 0.279       |
|    learning_rate        | 0.0003      |
|    loss                 | 0.616       |
|    n_updates            | 3110        |
|    policy_gradient_loss | -0.00729    |
|    std                  | 2.81        |
|    value_loss           | 28.9        |
-----------------------------------------
------------------------------------------
| rollout/                |              |
|    ep_len_mean          | 573          |
|    ep_rew_mean          | 53.2         |
| time/                   |              |
|    fps                  | 36           |
|    iterations           | 162          |
|    time_elapsed         | 9108         |
|    total_timesteps      | 641776       |
| train/                  |              |
|    approx_kl            | 0.0089888405 |
|    clip_fraction        | 0.0918       |
|    clip_range           | 0.2          |
|    entropy_loss         | -7.26        |
|    explained_variance   | 0.866        |
|    learning_rate        | 0.0003       |
|    loss                 | 0.541        |
|    n_updates            | 3120         |
|    policy_gradient_loss | -0.00724     |
|    std                  | 2.84         |
|    value_loss           | 1.64         |
------------------------------------------
-----------------------------------------
| rollout/                |             |
|    ep_len_mean          | 591         |
|    ep_rew_mean          | 52.1        |
| time/                   |             |
|    fps                  | 36          |
|    iterations           | 163         |
|    time_elapsed         | 9165        |
|    total_timesteps      | 643824      |
| train/                  |             |
|    approx_kl            | 0.010041959 |
|    clip_fraction        | 0.119       |
|    clip_range           | 0.2         |
|    entropy_loss         | -7.28       |
|    explained_variance   | 0.961       |
|    learning_rate        | 0.0003      |
|    loss                 | 1.66        |
|    n_updates            | 3130        |
|    policy_gradient_loss | -0.0109     |
|    std                  | 2.85        |
|    value_loss           | 0.989       |
-----------------------------------------
-----------------------------------------
| rollout/                |             |
|    ep_len_mean          | 589         |
|    ep_rew_mean          | 51.4        |
| time/                   |             |
|    fps                  | 36          |
|    iterations           | 164         |
|    time_elapsed         | 9222        |
|    total_timesteps      | 645872      |
| train/                  |             |
|    approx_kl            | 0.006356271 |
|    clip_fraction        | 0.0864      |
|    clip_range           | 0.2         |
|    entropy_loss         | -7.28       |
|    explained_variance   | 0.833       |
|    learning_rate        | 0.0003      |
|    loss                 | 0.465       |
|    n_updates            | 3140        |
|    policy_gradient_loss | -0.00674    |
|    std                  | 2.84        |
|    value_loss           | 1.81        |
-----------------------------------------
-----------------------------------------
| rollout/                |             |
|    ep_len_mean          | 589         |
|    ep_rew_mean          | 50.5        |
| time/                   |             |
|    fps                  | 36          |
|    iterations           | 165         |
|    time_elapsed         | 9279        |
|    total_timesteps      | 647920      |
| train/                  |             |
|    approx_kl            | 0.008442998 |
|    clip_fraction        | 0.0772      |
|    clip_range           | 0.2         |
|    entropy_loss         | -7.27       |
|    explained_variance   | 0.771       |
|    learning_rate        | 0.0003      |
|    loss                 | 2.42        |
|    n_updates            | 3150        |
|    policy_gradient_loss | -0.00465    |
|    std                  | 2.85        |
|    value_loss           | 7.94        |
-----------------------------------------
----------------------------------------
| rollout/                |            |
|    ep_len_mean          | 575        |
|    ep_rew_mean          | 49.8       |
| time/                   |            |
|    fps                  | 36         |
|    iterations           | 166        |
|    time_elapsed         | 9337       |
|    total_timesteps      | 649968     |
| train/                  |            |
|    approx_kl            | 0.01005341 |
|    clip_fraction        | 0.0803     |
|    clip_range           | 0.2        |
|    entropy_loss         | -7.28      |
|    explained_variance   | 0.947      |
|    learning_rate        | 0.0003     |
|    loss                 | 0.489      |
|    n_updates            | 3160       |
|    policy_gradient_loss | -0.00445   |
|    std                  | 2.85       |
|    value_loss           | 1.68       |
----------------------------------------
-----------------------------------------
| rollout/                |             |
|    ep_len_mean          | 574         |
|    ep_rew_mean          | 49          |
| time/                   |             |
|    fps                  | 36          |
|    iterations           | 167         |
|    time_elapsed         | 9394        |
|    total_timesteps      | 652016      |
| train/                  |             |
|    approx_kl            | 0.009029775 |
|    clip_fraction        | 0.107       |
|    clip_range           | 0.2         |
|    entropy_loss         | -7.29       |
|    explained_variance   | 0.737       |
|    learning_rate        | 0.0003      |
|    loss                 | 1.49        |
|    n_updates            | 3170        |
|    policy_gradient_loss | -0.00993    |
|    std                  | 2.86        |
|    value_loss           | 4.5         |
-----------------------------------------
-----------------------------------------
| rollout/                |             |
|    ep_len_mean          | 573         |
|    ep_rew_mean          | 49          |
| time/                   |             |
|    fps                  | 36          |
|    iterations           | 168         |
|    time_elapsed         | 9451        |
|    total_timesteps      | 654064      |
| train/                  |             |
|    approx_kl            | 0.008429631 |
|    clip_fraction        | 0.107       |
|    clip_range           | 0.2         |
|    entropy_loss         | -7.29       |
|    explained_variance   | 0.89        |
|    learning_rate        | 0.0003      |
|    loss                 | 0.628       |
|    n_updates            | 3180        |
|    policy_gradient_loss | -0.0111     |
|    std                  | 2.85        |
|    value_loss           | 1.91        |
-----------------------------------------
-----------------------------------------
| rollout/                |             |
|    ep_len_mean          | 579         |
|    ep_rew_mean          | 49.8        |
| time/                   |             |
|    fps                  | 36          |
|    iterations           | 169         |
|    time_elapsed         | 9509        |
|    total_timesteps      | 656112      |
| train/                  |             |
|    approx_kl            | 0.007168598 |
|    clip_fraction        | 0.0833      |
|    clip_range           | 0.2         |
|    entropy_loss         | -7.28       |
|    explained_variance   | 0.886       |
|    learning_rate        | 0.0003      |
|    loss                 | 0.563       |
|    n_updates            | 3190        |
|    policy_gradient_loss | -0.00804    |
|    std                  | 2.84        |
|    value_loss           | 2.17        |
-----------------------------------------
-----------------------------------------
| rollout/                |             |
|    ep_len_mean          | 588         |
|    ep_rew_mean          | 53.1        |
| time/                   |             |
|    fps                  | 36          |
|    iterations           | 170         |
|    time_elapsed         | 9567        |
|    total_timesteps      | 658160      |
| train/                  |             |
|    approx_kl            | 0.011365943 |
|    clip_fraction        | 0.104       |
|    clip_range           | 0.2         |
|    entropy_loss         | -7.25       |
|    explained_variance   | 0.879       |
|    learning_rate        | 0.0003      |
|    loss                 | 0.766       |
|    n_updates            | 3200        |
|    policy_gradient_loss | -0.00883    |
|    std                  | 2.81        |
|    value_loss           | 2.07        |
-----------------------------------------
-----------------------------------------
| rollout/                |             |
|    ep_len_mean          | 585         |
|    ep_rew_mean          | 53.3        |
| time/                   |             |
|    fps                  | 36          |
|    iterations           | 171         |
|    time_elapsed         | 9624        |
|    total_timesteps      | 660208      |
| train/                  |             |
|    approx_kl            | 0.005002931 |
|    clip_fraction        | 0.0542      |
|    clip_range           | 0.2         |
|    entropy_loss         | -7.23       |
|    explained_variance   | 0.297       |
|    learning_rate        | 0.0003      |
|    loss                 | 22.8        |
|    n_updates            | 3210        |
|    policy_gradient_loss | -0.00111    |
|    std                  | 2.81        |
|    value_loss           | 140         |
-----------------------------------------
----------------------------------------
| rollout/                |            |
|    ep_len_mean          | 600        |
|    ep_rew_mean          | 54.4       |
| time/                   |            |
|    fps                  | 36         |
|    iterations           | 172        |
|    time_elapsed         | 9681       |
|    total_timesteps      | 662256     |
| train/                  |            |
|    approx_kl            | 0.00784998 |
|    clip_fraction        | 0.0813     |
|    clip_range           | 0.2        |
|    entropy_loss         | -7.23      |
|    explained_variance   | 0.318      |
|    learning_rate        | 0.0003     |
|    loss                 | 0.84       |
|    n_updates            | 3220       |
|    policy_gradient_loss | -0.00446   |
|    std                  | 2.8        |
|    value_loss           | 14         |
----------------------------------------
------------------------------------------
| rollout/                |              |
|    ep_len_mean          | 599          |
|    ep_rew_mean          | 54.2         |
| time/                   |              |
|    fps                  | 36           |
|    iterations           | 173          |
|    time_elapsed         | 9738         |
|    total_timesteps      | 664304       |
| train/                  |              |
|    approx_kl            | 0.0070624985 |
|    clip_fraction        | 0.0995       |
|    clip_range           | 0.2          |
|    entropy_loss         | -7.23        |
|    explained_variance   | 0.929        |
|    learning_rate        | 0.0003       |
|    loss                 | 1.24         |
|    n_updates            | 3230         |
|    policy_gradient_loss | -0.00824     |
|    std                  | 2.82         |
|    value_loss           | 2.5          |
------------------------------------------
-----------------------------------------
| rollout/                |             |
|    ep_len_mean          | 595         |
|    ep_rew_mean          | 53.4        |
| time/                   |             |
|    fps                  | 36          |
|    iterations           | 174         |
|    time_elapsed         | 9796        |
|    total_timesteps      | 666352      |
| train/                  |             |
|    approx_kl            | 0.008836433 |
|    clip_fraction        | 0.114       |
|    clip_range           | 0.2         |
|    entropy_loss         | -7.25       |
|    explained_variance   | 0.904       |
|    learning_rate        | 0.0003      |
|    loss                 | 0.481       |
|    n_updates            | 3240        |
|    policy_gradient_loss | -0.00463    |
|    std                  | 2.83        |
|    value_loss           | 1.89        |
-----------------------------------------
----------------------------------------
| rollout/                |            |
|    ep_len_mean          | 597        |
|    ep_rew_mean          | 51.4       |
| time/                   |            |
|    fps                  | 36         |
|    iterations           | 175        |
|    time_elapsed         | 9853       |
|    total_timesteps      | 668400     |
| train/                  |            |
|    approx_kl            | 0.01190839 |
|    clip_fraction        | 0.101      |
|    clip_range           | 0.2        |
|    entropy_loss         | -7.26      |
|    explained_variance   | 0.942      |
|    learning_rate        | 0.0003     |
|    loss                 | 0.823      |
|    n_updates            | 3250       |
|    policy_gradient_loss | -0.00844   |
|    std                  | 2.84       |
|    value_loss           | 3.06       |
----------------------------------------
-----------------------------------------
| rollout/                |             |
|    ep_len_mean          | 617         |
|    ep_rew_mean          | 53.5        |
| time/                   |             |
|    fps                  | 36          |
|    iterations           | 176         |
|    time_elapsed         | 9910        |
|    total_timesteps      | 670448      |
| train/                  |             |
|    approx_kl            | 0.009980144 |
|    clip_fraction        | 0.0922      |
|    clip_range           | 0.2         |
|    entropy_loss         | -7.27       |
|    explained_variance   | 0.885       |
|    learning_rate        | 0.0003      |
|    loss                 | 0.945       |
|    n_updates            | 3260        |
|    policy_gradient_loss | -0.0118     |
|    std                  | 2.87        |
|    value_loss           | 2.45        |
-----------------------------------------
-----------------------------------------
| rollout/                |             |
|    ep_len_mean          | 605         |
|    ep_rew_mean          | 52          |
| time/                   |             |
|    fps                  | 36          |
|    iterations           | 177         |
|    time_elapsed         | 9968        |
|    total_timesteps      | 672496      |
| train/                  |             |
|    approx_kl            | 0.009648737 |
|    clip_fraction        | 0.0852      |
|    clip_range           | 0.2         |
|    entropy_loss         | -7.29       |
|    explained_variance   | 0.935       |
|    learning_rate        | 0.0003      |
|    loss                 | 0.639       |
|    n_updates            | 3270        |
|    policy_gradient_loss | -0.00737    |
|    std                  | 2.88        |
|    value_loss           | 2.52        |
-----------------------------------------
------------------------------------------
| rollout/                |              |
|    ep_len_mean          | 614          |
|    ep_rew_mean          | 52.9         |
| time/                   |              |
|    fps                  | 36           |
|    iterations           | 178          |
|    time_elapsed         | 10024        |
|    total_timesteps      | 674544       |
| train/                  |              |
|    approx_kl            | 0.0079422705 |
|    clip_fraction        | 0.0732       |
|    clip_range           | 0.2          |
|    entropy_loss         | -7.3         |
|    explained_variance   | 0.874        |
|    learning_rate        | 0.0003       |
|    loss                 | 1.23         |
|    n_updates            | 3280         |
|    policy_gradient_loss | -0.00765     |
|    std                  | 2.91         |
|    value_loss           | 3.37         |
------------------------------------------
-----------------------------------------
| rollout/                |             |
|    ep_len_mean          | 615         |
|    ep_rew_mean          | 52.5        |
| time/                   |             |
|    fps                  | 36          |
|    iterations           | 179         |
|    time_elapsed         | 10082       |
|    total_timesteps      | 676592      |
| train/                  |             |
|    approx_kl            | 0.009787352 |
|    clip_fraction        | 0.114       |
|    clip_range           | 0.2         |
|    entropy_loss         | -7.34       |
|    explained_variance   | 0.938       |
|    learning_rate        | 0.0003      |
|    loss                 | 0.272       |
|    n_updates            | 3290        |
|    policy_gradient_loss | -0.005      |
|    std                  | 2.96        |
|    value_loss           | 1.46        |
-----------------------------------------
-----------------------------------------
| rollout/                |             |
|    ep_len_mean          | 614         |
|    ep_rew_mean          | 54.6        |
| time/                   |             |
|    fps                  | 36          |
|    iterations           | 180         |
|    time_elapsed         | 10139       |
|    total_timesteps      | 678640      |
| train/                  |             |
|    approx_kl            | 0.011158268 |
|    clip_fraction        | 0.126       |
|    clip_range           | 0.2         |
|    entropy_loss         | -7.37       |
|    explained_variance   | 0.915       |
|    learning_rate        | 0.0003      |
|    loss                 | 0.745       |
|    n_updates            | 3300        |
|    policy_gradient_loss | -0.015      |
|    std                  | 2.97        |
|    value_loss           | 2.31        |
-----------------------------------------
-----------------------------------------
| rollout/                |             |
|    ep_len_mean          | 615         |
|    ep_rew_mean          | 55          |
| time/                   |             |
|    fps                  | 36          |
|    iterations           | 181         |
|    time_elapsed         | 10196       |
|    total_timesteps      | 680688      |
| train/                  |             |
|    approx_kl            | 0.011041993 |
|    clip_fraction        | 0.0936      |
|    clip_range           | 0.2         |
|    entropy_loss         | -7.39       |
|    explained_variance   | 0.681       |
|    learning_rate        | 0.0003      |
|    loss                 | 0.559       |
|    n_updates            | 3310        |
|    policy_gradient_loss | -0.0103     |
|    std                  | 3           |
|    value_loss           | 28.2        |
-----------------------------------------
-----------------------------------------
| rollout/                |             |
|    ep_len_mean          | 616         |
|    ep_rew_mean          | 55          |
| time/                   |             |
|    fps                  | 36          |
|    iterations           | 182         |
|    time_elapsed         | 10253       |
|    total_timesteps      | 682736      |
| train/                  |             |
|    approx_kl            | 0.012025567 |
|    clip_fraction        | 0.118       |
|    clip_range           | 0.2         |
|    entropy_loss         | -7.41       |
|    explained_variance   | 0.904       |
|    learning_rate        | 0.0003      |
|    loss                 | 0.803       |
|    n_updates            | 3320        |
|    policy_gradient_loss | -0.0115     |
|    std                  | 3.02        |
|    value_loss           | 1.88        |
-----------------------------------------
-----------------------------------------
| rollout/                |             |
|    ep_len_mean          | 606         |
|    ep_rew_mean          | 54          |
| time/                   |             |
|    fps                  | 36          |
|    iterations           | 183         |
|    time_elapsed         | 10311       |
|    total_timesteps      | 684784      |
| train/                  |             |
|    approx_kl            | 0.011140088 |
|    clip_fraction        | 0.1         |
|    clip_range           | 0.2         |
|    entropy_loss         | -7.41       |
|    explained_variance   | 0.632       |
|    learning_rate        | 0.0003      |
|    loss                 | 0.291       |
|    n_updates            | 3330        |
|    policy_gradient_loss | -0.0042     |
|    std                  | 3.01        |
|    value_loss           | 26.1        |
-----------------------------------------
-----------------------------------------
| rollout/                |             |
|    ep_len_mean          | 624         |
|    ep_rew_mean          | 55.7        |
| time/                   |             |
|    fps                  | 36          |
|    iterations           | 184         |
|    time_elapsed         | 10368       |
|    total_timesteps      | 686832      |
| train/                  |             |
|    approx_kl            | 0.007997553 |
|    clip_fraction        | 0.0878      |
|    clip_range           | 0.2         |
|    entropy_loss         | -7.4        |
|    explained_variance   | 0.754       |
|    learning_rate        | 0.0003      |
|    loss                 | 0.68        |
|    n_updates            | 3340        |
|    policy_gradient_loss | -0.00907    |
|    std                  | 3.02        |
|    value_loss           | 3.02        |
-----------------------------------------
-----------------------------------------
| rollout/                |             |
|    ep_len_mean          | 625         |
|    ep_rew_mean          | 56.1        |
| time/                   |             |
|    fps                  | 36          |
|    iterations           | 185         |
|    time_elapsed         | 10425       |
|    total_timesteps      | 688880      |
| train/                  |             |
|    approx_kl            | 0.011968257 |
|    clip_fraction        | 0.112       |
|    clip_range           | 0.2         |
|    entropy_loss         | -7.41       |
|    explained_variance   | 0.926       |
|    learning_rate        | 0.0003      |
|    loss                 | 0.36        |
|    n_updates            | 3350        |
|    policy_gradient_loss | -0.00824    |
|    std                  | 3.02        |
|    value_loss           | 1.61        |
-----------------------------------------
-----------------------------------------
| rollout/                |             |
|    ep_len_mean          | 615         |
|    ep_rew_mean          | 54.8        |
| time/                   |             |
|    fps                  | 36          |
|    iterations           | 186         |
|    time_elapsed         | 10484       |
|    total_timesteps      | 690928      |
| train/                  |             |
|    approx_kl            | 0.008215915 |
|    clip_fraction        | 0.104       |
|    clip_range           | 0.2         |
|    entropy_loss         | -7.44       |
|    explained_variance   | 0.811       |
|    learning_rate        | 0.0003      |
|    loss                 | 0.351       |
|    n_updates            | 3360        |
|    policy_gradient_loss | -0.0107     |
|    std                  | 3.06        |
|    value_loss           | 2           |
-----------------------------------------
-----------------------------------------
| rollout/                |             |
|    ep_len_mean          | 624         |
|    ep_rew_mean          | 55.1        |
| time/                   |             |
|    fps                  | 36          |
|    iterations           | 187         |
|    time_elapsed         | 10542       |
|    total_timesteps      | 692976      |
| train/                  |             |
|    approx_kl            | 0.009254513 |
|    clip_fraction        | 0.112       |
|    clip_range           | 0.2         |
|    entropy_loss         | -7.47       |
|    explained_variance   | 0.871       |
|    learning_rate        | 0.0003      |
|    loss                 | 0.55        |
|    n_updates            | 3370        |
|    policy_gradient_loss | -0.0103     |
|    std                  | 3.09        |
|    value_loss           | 2.44        |
-----------------------------------------
----------------------------------------
| rollout/                |            |
|    ep_len_mean          | 619        |
|    ep_rew_mean          | 58.2       |
| time/                   |            |
|    fps                  | 36         |
|    iterations           | 188        |
|    time_elapsed         | 10599      |
|    total_timesteps      | 695024     |
| train/                  |            |
|    approx_kl            | 0.00970885 |
|    clip_fraction        | 0.0965     |
|    clip_range           | 0.2        |
|    entropy_loss         | -7.47      |
|    explained_variance   | 0.774      |
|    learning_rate        | 0.0003     |
|    loss                 | 0.457      |
|    n_updates            | 3380       |
|    policy_gradient_loss | -0.0111    |
|    std                  | 3.07       |
|    value_loss           | 1.93       |
----------------------------------------
-----------------------------------------
| rollout/                |             |
|    ep_len_mean          | 605         |
|    ep_rew_mean          | 56.5        |
| time/                   |             |
|    fps                  | 36          |
|    iterations           | 189         |
|    time_elapsed         | 10657       |
|    total_timesteps      | 697072      |
| train/                  |             |
|    approx_kl            | 0.009210594 |
|    clip_fraction        | 0.0979      |
|    clip_range           | 0.2         |
|    entropy_loss         | -7.47       |
|    explained_variance   | 0.325       |
|    learning_rate        | 0.0003      |
|    loss                 | 0.45        |
|    n_updates            | 3390        |
|    policy_gradient_loss | -0.00635    |
|    std                  | 3.09        |
|    value_loss           | 27.6        |
-----------------------------------------
-----------------------------------------
| rollout/                |             |
|    ep_len_mean          | 615         |
|    ep_rew_mean          | 55.6        |
| time/                   |             |
|    fps                  | 36          |
|    iterations           | 190         |
|    time_elapsed         | 10714       |
|    total_timesteps      | 699120      |
| train/                  |             |
|    approx_kl            | 0.010520164 |
|    clip_fraction        | 0.0867      |
|    clip_range           | 0.2         |
|    entropy_loss         | -7.48       |
|    explained_variance   | 0.846       |
|    learning_rate        | 0.0003      |
|    loss                 | 0.396       |
|    n_updates            | 3400        |
|    policy_gradient_loss | -0.0072     |
|    std                  | 3.1         |
|    value_loss           | 2.53        |
-----------------------------------------
-----------------------------------------
| rollout/                |             |
|    ep_len_mean          | 621         |
|    ep_rew_mean          | 54.9        |
| time/                   |             |
|    fps                  | 36          |
|    iterations           | 191         |
|    time_elapsed         | 10771       |
|    total_timesteps      | 701168      |
| train/                  |             |
|    approx_kl            | 0.009569737 |
|    clip_fraction        | 0.113       |
|    clip_range           | 0.2         |
|    entropy_loss         | -7.47       |
|    explained_variance   | 0.909       |
|    learning_rate        | 0.0003      |
|    loss                 | 0.496       |
|    n_updates            | 3410        |
|    policy_gradient_loss | -0.0106     |
|    std                  | 3.08        |
|    value_loss           | 1.54        |
-----------------------------------------
----------------------------------------
| rollout/                |            |
|    ep_len_mean          | 614        |
|    ep_rew_mean          | 55.4       |
| time/                   |            |
|    fps                  | 36         |
|    iterations           | 192        |
|    time_elapsed         | 10828      |
|    total_timesteps      | 703216     |
| train/                  |            |
|    approx_kl            | 0.00921623 |
|    clip_fraction        | 0.113      |
|    clip_range           | 0.2        |
|    entropy_loss         | -7.47      |
|    explained_variance   | 0.858      |
|    learning_rate        | 0.0003     |
|    loss                 | 1.81       |
|    n_updates            | 3420       |
|    policy_gradient_loss | -0.0118    |
|    std                  | 3.1        |
|    value_loss           | 2.07       |
----------------------------------------
-----------------------------------------
| rollout/                |             |
|    ep_len_mean          | 611         |
|    ep_rew_mean          | 54.5        |
| time/                   |             |
|    fps                  | 36          |
|    iterations           | 193         |
|    time_elapsed         | 10885       |
|    total_timesteps      | 705264      |
| train/                  |             |
|    approx_kl            | 0.008514624 |
|    clip_fraction        | 0.0986      |
|    clip_range           | 0.2         |
|    entropy_loss         | -7.48       |
|    explained_variance   | 0.844       |
|    learning_rate        | 0.0003      |
|    loss                 | 1.79        |
|    n_updates            | 3430        |
|    policy_gradient_loss | -0.00962    |
|    std                  | 3.11        |
|    value_loss           | 2.2         |
-----------------------------------------
-----------------------------------------
| rollout/                |             |
|    ep_len_mean          | 601         |
|    ep_rew_mean          | 54.3        |
| time/                   |             |
|    fps                  | 36          |
|    iterations           | 194         |
|    time_elapsed         | 10942       |
|    total_timesteps      | 707312      |
| train/                  |             |
|    approx_kl            | 0.007877978 |
|    clip_fraction        | 0.0809      |
|    clip_range           | 0.2         |
|    entropy_loss         | -7.49       |
|    explained_variance   | 0.921       |
|    learning_rate        | 0.0003      |
|    loss                 | 0.349       |
|    n_updates            | 3440        |
|    policy_gradient_loss | -0.00534    |
|    std                  | 3.12        |
|    value_loss           | 1.43        |
-----------------------------------------
-----------------------------------------
| rollout/                |             |
|    ep_len_mean          | 603         |
|    ep_rew_mean          | 54.2        |
| time/                   |             |
|    fps                  | 36          |
|    iterations           | 195         |
|    time_elapsed         | 10999       |
|    total_timesteps      | 709360      |
| train/                  |             |
|    approx_kl            | 0.010972433 |
|    clip_fraction        | 0.123       |
|    clip_range           | 0.2         |
|    entropy_loss         | -7.5        |
|    explained_variance   | 0.895       |
|    learning_rate        | 0.0003      |
|    loss                 | 0.894       |
|    n_updates            | 3450        |
|    policy_gradient_loss | -0.0121     |
|    std                  | 3.15        |
|    value_loss           | 2.48        |
-----------------------------------------
-----------------------------------------
| rollout/                |             |
|    ep_len_mean          | 615         |
|    ep_rew_mean          | 55.2        |
| time/                   |             |
|    fps                  | 36          |
|    iterations           | 196         |
|    time_elapsed         | 11056       |
|    total_timesteps      | 711408      |
| train/                  |             |
|    approx_kl            | 0.008748186 |
|    clip_fraction        | 0.091       |
|    clip_range           | 0.2         |
|    entropy_loss         | -7.51       |
|    explained_variance   | 0.837       |
|    learning_rate        | 0.0003      |
|    loss                 | 1.01        |
|    n_updates            | 3460        |
|    policy_gradient_loss | -0.00817    |
|    std                  | 3.14        |
|    value_loss           | 3.06        |
-----------------------------------------
-----------------------------------------
| rollout/                |             |
|    ep_len_mean          | 617         |
|    ep_rew_mean          | 57.9        |
| time/                   |             |
|    fps                  | 36          |
|    iterations           | 197         |
|    time_elapsed         | 11113       |
|    total_timesteps      | 713456      |
| train/                  |             |
|    approx_kl            | 0.010974802 |
|    clip_fraction        | 0.0888      |
|    clip_range           | 0.2         |
|    entropy_loss         | -7.51       |
|    explained_variance   | 0.866       |
|    learning_rate        | 0.0003      |
|    loss                 | 0.456       |
|    n_updates            | 3470        |
|    policy_gradient_loss | -0.00769    |
|    std                  | 3.15        |
|    value_loss           | 2.29        |
-----------------------------------------
------------------------------------------
| rollout/                |              |
|    ep_len_mean          | 618          |
|    ep_rew_mean          | 57.3         |
| time/                   |              |
|    fps                  | 36           |
|    iterations           | 198          |
|    time_elapsed         | 11170        |
|    total_timesteps      | 715504       |
| train/                  |              |
|    approx_kl            | 0.0067269923 |
|    clip_fraction        | 0.0875       |
|    clip_range           | 0.2          |
|    entropy_loss         | -7.51        |
|    explained_variance   | 0.468        |
|    learning_rate        | 0.0003       |
|    loss                 | 0.58         |
|    n_updates            | 3480         |
|    policy_gradient_loss | -0.00798     |
|    std                  | 3.15         |
|    value_loss           | 29.6         |
------------------------------------------
-----------------------------------------
| rollout/                |             |
|    ep_len_mean          | 612         |
|    ep_rew_mean          | 55.9        |
| time/                   |             |
|    fps                  | 36          |
|    iterations           | 199         |
|    time_elapsed         | 11228       |
|    total_timesteps      | 717552      |
| train/                  |             |
|    approx_kl            | 0.010022304 |
|    clip_fraction        | 0.114       |
|    clip_range           | 0.2         |
|    entropy_loss         | -7.52       |
|    explained_variance   | 0.685       |
|    learning_rate        | 0.0003      |
|    loss                 | 0.626       |
|    n_updates            | 3490        |
|    policy_gradient_loss | -0.00805    |
|    std                  | 3.17        |
|    value_loss           | 3.57        |
-----------------------------------------
-----------------------------------------
| rollout/                |             |
|    ep_len_mean          | 619         |
|    ep_rew_mean          | 54.5        |
| time/                   |             |
|    fps                  | 36          |
|    iterations           | 200         |
|    time_elapsed         | 11285       |
|    total_timesteps      | 719600      |
| train/                  |             |
|    approx_kl            | 0.006442507 |
|    clip_fraction        | 0.0814      |
|    clip_range           | 0.2         |
|    entropy_loss         | -7.56       |
|    explained_variance   | 0.828       |
|    learning_rate        | 0.0003      |
|    loss                 | 0.561       |
|    n_updates            | 3500        |
|    policy_gradient_loss | -0.00885    |
|    std                  | 3.2         |
|    value_loss           | 2.5         |
-----------------------------------------
-----------------------------------------
| rollout/                |             |
|    ep_len_mean          | 613         |
|    ep_rew_mean          | 53.3        |
| time/                   |             |
|    fps                  | 36          |
|    iterations           | 201         |
|    time_elapsed         | 11342       |
|    total_timesteps      | 721648      |
| train/                  |             |
|    approx_kl            | 0.011835717 |
|    clip_fraction        | 0.109       |
|    clip_range           | 0.2         |
|    entropy_loss         | -7.57       |
|    explained_variance   | 0.898       |
|    learning_rate        | 0.0003      |
|    loss                 | 0.552       |
|    n_updates            | 3510        |
|    policy_gradient_loss | -0.0124     |
|    std                  | 3.21        |
|    value_loss           | 1.45        |
-----------------------------------------
------------------------------------------
| rollout/                |              |
|    ep_len_mean          | 599          |
|    ep_rew_mean          | 52.1         |
| time/                   |              |
|    fps                  | 36           |
|    iterations           | 202          |
|    time_elapsed         | 11401        |
|    total_timesteps      | 723696       |
| train/                  |              |
|    approx_kl            | 0.0069595715 |
|    clip_fraction        | 0.0884       |
|    clip_range           | 0.2          |
|    entropy_loss         | -7.59        |
|    explained_variance   | 0.863        |
|    learning_rate        | 0.0003       |
|    loss                 | 0.567        |
|    n_updates            | 3520         |
|    policy_gradient_loss | -0.0102      |
|    std                  | 3.25         |
|    value_loss           | 2.04         |
------------------------------------------
------------------------------------------
| rollout/                |              |
|    ep_len_mean          | 610          |
|    ep_rew_mean          | 53.4         |
| time/                   |              |
|    fps                  | 36           |
|    iterations           | 203          |
|    time_elapsed         | 11458        |
|    total_timesteps      | 725744       |
| train/                  |              |
|    approx_kl            | 0.0068778107 |
|    clip_fraction        | 0.0792       |
|    clip_range           | 0.2          |
|    entropy_loss         | -7.61        |
|    explained_variance   | 0.907        |
|    learning_rate        | 0.0003       |
|    loss                 | 0.683        |
|    n_updates            | 3530         |
|    policy_gradient_loss | -0.00692     |
|    std                  | 3.27         |
|    value_loss           | 2.85         |
------------------------------------------
-----------------------------------------
| rollout/                |             |
|    ep_len_mean          | 610         |
|    ep_rew_mean          | 56.7        |
| time/                   |             |
|    fps                  | 36          |
|    iterations           | 204         |
|    time_elapsed         | 11514       |
|    total_timesteps      | 727792      |
| train/                  |             |
|    approx_kl            | 0.010566078 |
|    clip_fraction        | 0.125       |
|    clip_range           | 0.2         |
|    entropy_loss         | -7.64       |
|    explained_variance   | 0.835       |
|    learning_rate        | 0.0003      |
|    loss                 | 0.688       |
|    n_updates            | 3540        |
|    policy_gradient_loss | -0.0104     |
|    std                  | 3.31        |
|    value_loss           | 2.67        |
-----------------------------------------
------------------------------------------
| rollout/                |              |
|    ep_len_mean          | 600          |
|    ep_rew_mean          | 54.8         |
| time/                   |              |
|    fps                  | 36           |
|    iterations           | 205          |
|    time_elapsed         | 11572        |
|    total_timesteps      | 729840       |
| train/                  |              |
|    approx_kl            | 0.0074453126 |
|    clip_fraction        | 0.0975       |
|    clip_range           | 0.2          |
|    entropy_loss         | -7.67        |
|    explained_variance   | 0.695        |
|    learning_rate        | 0.0003       |
|    loss                 | 0.55         |
|    n_updates            | 3550         |
|    policy_gradient_loss | -0.0085      |
|    std                  | 3.32         |
|    value_loss           | 28.7         |
------------------------------------------
----------------------------------------
| rollout/                |            |
|    ep_len_mean          | 614        |
|    ep_rew_mean          | 55.6       |
| time/                   |            |
|    fps                  | 36         |
|    iterations           | 206        |
|    time_elapsed         | 11629      |
|    total_timesteps      | 731888     |
| train/                  |            |
|    approx_kl            | 0.00947127 |
|    clip_fraction        | 0.111      |
|    clip_range           | 0.2        |
|    entropy_loss         | -7.68      |
|    explained_variance   | 0.877      |
|    learning_rate        | 0.0003     |
|    loss                 | 0.414      |
|    n_updates            | 3560       |
|    policy_gradient_loss | -0.0114    |
|    std                  | 3.34       |
|    value_loss           | 1.56       |
----------------------------------------
-----------------------------------------
| rollout/                |             |
|    ep_len_mean          | 586         |
|    ep_rew_mean          | 55.4        |
| time/                   |             |
|    fps                  | 36          |
|    iterations           | 207         |
|    time_elapsed         | 11687       |
|    total_timesteps      | 733936      |
| train/                  |             |
|    approx_kl            | 0.008391544 |
|    clip_fraction        | 0.0922      |
|    clip_range           | 0.2         |
|    entropy_loss         | -7.68       |
|    explained_variance   | 0.833       |
|    learning_rate        | 0.0003      |
|    loss                 | 0.778       |
|    n_updates            | 3570        |
|    policy_gradient_loss | -0.00957    |
|    std                  | 3.34        |
|    value_loss           | 1.7         |
-----------------------------------------
-----------------------------------------
| rollout/                |             |
|    ep_len_mean          | 578         |
|    ep_rew_mean          | 52.1        |
| time/                   |             |
|    fps                  | 36          |
|    iterations           | 208         |
|    time_elapsed         | 11745       |
|    total_timesteps      | 735984      |
| train/                  |             |
|    approx_kl            | 0.012026952 |
|    clip_fraction        | 0.108       |
|    clip_range           | 0.2         |
|    entropy_loss         | -7.69       |
|    explained_variance   | 0.518       |
|    learning_rate        | 0.0003      |
|    loss                 | 0.444       |
|    n_updates            | 3580        |
|    policy_gradient_loss | -0.0125     |
|    std                  | 3.37        |
|    value_loss           | 27.3        |
-----------------------------------------
-----------------------------------------
| rollout/                |             |
|    ep_len_mean          | 583         |
|    ep_rew_mean          | 52.1        |
| time/                   |             |
|    fps                  | 36          |
|    iterations           | 209         |
|    time_elapsed         | 11802       |
|    total_timesteps      | 738032      |
| train/                  |             |
|    approx_kl            | 0.010776738 |
|    clip_fraction        | 0.127       |
|    clip_range           | 0.2         |
|    entropy_loss         | -7.71       |
|    explained_variance   | 0.791       |
|    learning_rate        | 0.0003      |
|    loss                 | 1.17        |
|    n_updates            | 3590        |
|    policy_gradient_loss | -0.0102     |
|    std                  | 3.39        |
|    value_loss           | 2.69        |
-----------------------------------------
-----------------------------------------
| rollout/                |             |
|    ep_len_mean          | 579         |
|    ep_rew_mean          | 51.1        |
| time/                   |             |
|    fps                  | 36          |
|    iterations           | 210         |
|    time_elapsed         | 11859       |
|    total_timesteps      | 740080      |
| train/                  |             |
|    approx_kl            | 0.009924749 |
|    clip_fraction        | 0.103       |
|    clip_range           | 0.2         |
|    entropy_loss         | -7.73       |
|    explained_variance   | 0.818       |
|    learning_rate        | 0.0003      |
|    loss                 | 0.486       |
|    n_updates            | 3600        |
|    policy_gradient_loss | -0.00804    |
|    std                  | 3.39        |
|    value_loss           | 1.8         |
-----------------------------------------
-----------------------------------------
| rollout/                |             |
|    ep_len_mean          | 584         |
|    ep_rew_mean          | 49.7        |
| time/                   |             |
|    fps                  | 36          |
|    iterations           | 211         |
|    time_elapsed         | 11915       |
|    total_timesteps      | 742128      |
| train/                  |             |
|    approx_kl            | 0.007926733 |
|    clip_fraction        | 0.0884      |
|    clip_range           | 0.2         |
|    entropy_loss         | -7.73       |
|    explained_variance   | 0.503       |
|    learning_rate        | 0.0003      |
|    loss                 | 0.632       |
|    n_updates            | 3610        |
|    policy_gradient_loss | -0.0075     |
|    std                  | 3.4         |
|    value_loss           | 26.2        |
-----------------------------------------
------------------------------------------
| rollout/                |              |
|    ep_len_mean          | 603          |
|    ep_rew_mean          | 53.7         |
| time/                   |              |
|    fps                  | 36           |
|    iterations           | 212          |
|    time_elapsed         | 11972        |
|    total_timesteps      | 744176       |
| train/                  |              |
|    approx_kl            | 0.0053691473 |
|    clip_fraction        | 0.0323       |
|    clip_range           | 0.2          |
|    entropy_loss         | -7.73        |
|    explained_variance   | 0.322        |
|    learning_rate        | 0.0003       |
|    loss                 | 16.8         |
|    n_updates            | 3620         |
|    policy_gradient_loss | -0.00378     |
|    std                  | 3.41         |
|    value_loss           | 116          |
------------------------------------------
------------------------------------------
| rollout/                |              |
|    ep_len_mean          | 603          |
|    ep_rew_mean          | 53.6         |
| time/                   |              |
|    fps                  | 36           |
|    iterations           | 213          |
|    time_elapsed         | 12028        |
|    total_timesteps      | 746224       |
| train/                  |              |
|    approx_kl            | 0.0077137416 |
|    clip_fraction        | 0.0778       |
|    clip_range           | 0.2          |
|    entropy_loss         | -7.74        |
|    explained_variance   | 0.682        |
|    learning_rate        | 0.0003       |
|    loss                 | 0.819        |
|    n_updates            | 3630         |
|    policy_gradient_loss | -0.00799     |
|    std                  | 3.43         |
|    value_loss           | 4.6          |
------------------------------------------
-----------------------------------------
| rollout/                |             |
|    ep_len_mean          | 604         |
|    ep_rew_mean          | 52.7        |
| time/                   |             |
|    fps                  | 36          |
|    iterations           | 214         |
|    time_elapsed         | 12085       |
|    total_timesteps      | 748272      |
| train/                  |             |
|    approx_kl            | 0.009339629 |
|    clip_fraction        | 0.0892      |
|    clip_range           | 0.2         |
|    entropy_loss         | -7.75       |
|    explained_variance   | 0.789       |
|    learning_rate        | 0.0003      |
|    loss                 | 0.665       |
|    n_updates            | 3640        |
|    policy_gradient_loss | -0.00666    |
|    std                  | 3.43        |
|    value_loss           | 2.62        |
-----------------------------------------
-----------------------------------------
| rollout/                |             |
|    ep_len_mean          | 606         |
|    ep_rew_mean          | 53.1        |
| time/                   |             |
|    fps                  | 36          |
|    iterations           | 215         |
|    time_elapsed         | 12142       |
|    total_timesteps      | 750320      |
| train/                  |             |
|    approx_kl            | 0.008631766 |
|    clip_fraction        | 0.0831      |
|    clip_range           | 0.2         |
|    entropy_loss         | -7.75       |
|    explained_variance   | 0.768       |
|    learning_rate        | 0.0003      |
|    loss                 | 1.19        |
|    n_updates            | 3650        |
|    policy_gradient_loss | -0.00529    |
|    std                  | 3.44        |
|    value_loss           | 5.64        |
-----------------------------------------
----------------------------------------
| rollout/                |            |
|    ep_len_mean          | 617        |
|    ep_rew_mean          | 54.3       |
| time/                   |            |
|    fps                  | 36         |
|    iterations           | 216        |
|    time_elapsed         | 12199      |
|    total_timesteps      | 752368     |
| train/                  |            |
|    approx_kl            | 0.00903213 |
|    clip_fraction        | 0.114      |
|    clip_range           | 0.2        |
|    entropy_loss         | -7.75      |
|    explained_variance   | 0.777      |
|    learning_rate        | 0.0003     |
|    loss                 | 1.28       |
|    n_updates            | 3660       |
|    policy_gradient_loss | -0.00834   |
|    std                  | 3.44       |
|    value_loss           | 5.35       |
----------------------------------------
------------------------------------------
| rollout/                |              |
|    ep_len_mean          | 621          |
|    ep_rew_mean          | 52.8         |
| time/                   |              |
|    fps                  | 36           |
|    iterations           | 217          |
|    time_elapsed         | 12256        |
|    total_timesteps      | 754416       |
| train/                  |              |
|    approx_kl            | 0.0071112006 |
|    clip_fraction        | 0.0579       |
|    clip_range           | 0.2          |
|    entropy_loss         | -7.77        |
|    explained_variance   | 0.691        |
|    learning_rate        | 0.0003       |
|    loss                 | 0.913        |
|    n_updates            | 3670         |
|    policy_gradient_loss | -0.00709     |
|    std                  | 3.49         |
|    value_loss           | 4.9          |
------------------------------------------
------------------------------------------
| rollout/                |              |
|    ep_len_mean          | 619          |
|    ep_rew_mean          | 50.1         |
| time/                   |              |
|    fps                  | 36           |
|    iterations           | 218          |
|    time_elapsed         | 12313        |
|    total_timesteps      | 756464       |
| train/                  |              |
|    approx_kl            | 0.0092208255 |
|    clip_fraction        | 0.0936       |
|    clip_range           | 0.2          |
|    entropy_loss         | -7.81        |
|    explained_variance   | 0.834        |
|    learning_rate        | 0.0003       |
|    loss                 | 1.29         |
|    n_updates            | 3680         |
|    policy_gradient_loss | -0.00515     |
|    std                  | 3.52         |
|    value_loss           | 3.16         |
------------------------------------------
------------------------------------------
| rollout/                |              |
|    ep_len_mean          | 607          |
|    ep_rew_mean          | 49.1         |
| time/                   |              |
|    fps                  | 36           |
|    iterations           | 219          |
|    time_elapsed         | 12372        |
|    total_timesteps      | 758512       |
| train/                  |              |
|    approx_kl            | 0.0090000015 |
|    clip_fraction        | 0.094        |
|    clip_range           | 0.2          |
|    entropy_loss         | -7.83        |
|    explained_variance   | 0.833        |
|    learning_rate        | 0.0003       |
|    loss                 | 1.62         |
|    n_updates            | 3690         |
|    policy_gradient_loss | -0.0062      |
|    std                  | 3.56         |
|    value_loss           | 2.96         |
------------------------------------------
-----------------------------------------
| rollout/                |             |
|    ep_len_mean          | 607         |
|    ep_rew_mean          | 50.1        |
| time/                   |             |
|    fps                  | 36          |
|    iterations           | 220         |
|    time_elapsed         | 12429       |
|    total_timesteps      | 760560      |
| train/                  |             |
|    approx_kl            | 0.009834958 |
|    clip_fraction        | 0.131       |
|    clip_range           | 0.2         |
|    entropy_loss         | -7.85       |
|    explained_variance   | 0.757       |
|    learning_rate        | 0.0003      |
|    loss                 | 1.62        |
|    n_updates            | 3700        |
|    policy_gradient_loss | -0.0129     |
|    std                  | 3.56        |
|    value_loss           | 3.31        |
-----------------------------------------
-----------------------------------------
| rollout/                |             |
|    ep_len_mean          | 606         |
|    ep_rew_mean          | 50.4        |
| time/                   |             |
|    fps                  | 36          |
|    iterations           | 221         |
|    time_elapsed         | 12485       |
|    total_timesteps      | 762608      |
| train/                  |             |
|    approx_kl            | 0.004350308 |
|    clip_fraction        | 0.0406      |
|    clip_range           | 0.2         |
|    entropy_loss         | -7.85       |
|    explained_variance   | 0.425       |
|    learning_rate        | 0.0003      |
|    loss                 | 5.33        |
|    n_updates            | 3710        |
|    policy_gradient_loss | -0.00294    |
|    std                  | 3.57        |
|    value_loss           | 146         |
-----------------------------------------
-----------------------------------------
| rollout/                |             |
|    ep_len_mean          | 608         |
|    ep_rew_mean          | 51.2        |
| time/                   |             |
|    fps                  | 36          |
|    iterations           | 222         |
|    time_elapsed         | 12542       |
|    total_timesteps      | 764656      |
| train/                  |             |
|    approx_kl            | 0.006792048 |
|    clip_fraction        | 0.0787      |
|    clip_range           | 0.2         |
|    entropy_loss         | -7.86       |
|    explained_variance   | 0.793       |
|    learning_rate        | 0.0003      |
|    loss                 | 1.71        |
|    n_updates            | 3720        |
|    policy_gradient_loss | -0.00877    |
|    std                  | 3.59        |
|    value_loss           | 6.62        |
-----------------------------------------
-----------------------------------------
| rollout/                |             |
|    ep_len_mean          | 612         |
|    ep_rew_mean          | 52.3        |
| time/                   |             |
|    fps                  | 36          |
|    iterations           | 223         |
|    time_elapsed         | 12599       |
|    total_timesteps      | 766704      |
| train/                  |             |
|    approx_kl            | 0.009818755 |
|    clip_fraction        | 0.115       |
|    clip_range           | 0.2         |
|    entropy_loss         | -7.87       |
|    explained_variance   | 0.882       |
|    learning_rate        | 0.0003      |
|    loss                 | 0.757       |
|    n_updates            | 3730        |
|    policy_gradient_loss | -0.00926    |
|    std                  | 3.61        |
|    value_loss           | 2.64        |
-----------------------------------------
------------------------------------------
| rollout/                |              |
|    ep_len_mean          | 589          |
|    ep_rew_mean          | 50.5         |
| time/                   |              |
|    fps                  | 36           |
|    iterations           | 224          |
|    time_elapsed         | 12658        |
|    total_timesteps      | 768752       |
| train/                  |              |
|    approx_kl            | 0.0074596414 |
|    clip_fraction        | 0.0985       |
|    clip_range           | 0.2          |
|    entropy_loss         | -7.87        |
|    explained_variance   | 0.917        |
|    learning_rate        | 0.0003       |
|    loss                 | 0.635        |
|    n_updates            | 3740         |
|    policy_gradient_loss | -0.00515     |
|    std                  | 3.6          |
|    value_loss           | 1.99         |
------------------------------------------
------------------------------------------
| rollout/                |              |
|    ep_len_mean          | 593          |
|    ep_rew_mean          | 47.5         |
| time/                   |              |
|    fps                  | 36           |
|    iterations           | 225          |
|    time_elapsed         | 12714        |
|    total_timesteps      | 770800       |
| train/                  |              |
|    approx_kl            | 0.0065085962 |
|    clip_fraction        | 0.0837       |
|    clip_range           | 0.2          |
|    entropy_loss         | -7.87        |
|    explained_variance   | 0.643        |
|    learning_rate        | 0.0003       |
|    loss                 | 1.6          |
|    n_updates            | 3750         |
|    policy_gradient_loss | -0.00785     |
|    std                  | 3.63         |
|    value_loss           | 5.93         |
------------------------------------------
------------------------------------------
| rollout/                |              |
|    ep_len_mean          | 584          |
|    ep_rew_mean          | 47           |
| time/                   |              |
|    fps                  | 36           |
|    iterations           | 226          |
|    time_elapsed         | 12771        |
|    total_timesteps      | 772848       |
| train/                  |              |
|    approx_kl            | 0.0074844044 |
|    clip_fraction        | 0.0903       |
|    clip_range           | 0.2          |
|    entropy_loss         | -7.89        |
|    explained_variance   | 0.9          |
|    learning_rate        | 0.0003       |
|    loss                 | 0.542        |
|    n_updates            | 3760         |
|    policy_gradient_loss | -0.00815     |
|    std                  | 3.63         |
|    value_loss           | 2.81         |
------------------------------------------
------------------------------------------
| rollout/                |              |
|    ep_len_mean          | 601          |
|    ep_rew_mean          | 48.9         |
| time/                   |              |
|    fps                  | 36           |
|    iterations           | 227          |
|    time_elapsed         | 12827        |
|    total_timesteps      | 774896       |
| train/                  |              |
|    approx_kl            | 0.0091289235 |
|    clip_fraction        | 0.0812       |
|    clip_range           | 0.2          |
|    entropy_loss         | -7.89        |
|    explained_variance   | 0.899        |
|    learning_rate        | 0.0003       |
|    loss                 | 0.583        |
|    n_updates            | 3770         |
|    policy_gradient_loss | -0.00599     |
|    std                  | 3.64         |
|    value_loss           | 2.25         |
------------------------------------------
-----------------------------------------
| rollout/                |             |
|    ep_len_mean          | 610         |
|    ep_rew_mean          | 50          |
| time/                   |             |
|    fps                  | 36          |
|    iterations           | 228         |
|    time_elapsed         | 12883       |
|    total_timesteps      | 776944      |
| train/                  |             |
|    approx_kl            | 0.009489679 |
|    clip_fraction        | 0.11        |
|    clip_range           | 0.2         |
|    entropy_loss         | -7.88       |
|    explained_variance   | 0.86        |
|    learning_rate        | 0.0003      |
|    loss                 | 0.465       |
|    n_updates            | 3780        |
|    policy_gradient_loss | -0.011      |
|    std                  | 3.63        |
|    value_loss           | 1.88        |
-----------------------------------------
-----------------------------------------
| rollout/                |             |
|    ep_len_mean          | 604         |
|    ep_rew_mean          | 50.1        |
| time/                   |             |
|    fps                  | 36          |
|    iterations           | 229         |
|    time_elapsed         | 12941       |
|    total_timesteps      | 778992      |
| train/                  |             |
|    approx_kl            | 0.009521021 |
|    clip_fraction        | 0.116       |
|    clip_range           | 0.2         |
|    entropy_loss         | -7.89       |
|    explained_variance   | 0.899       |
|    learning_rate        | 0.0003      |
|    loss                 | 0.474       |
|    n_updates            | 3790        |
|    policy_gradient_loss | -0.0119     |
|    std                  | 3.64        |
|    value_loss           | 1.8         |
-----------------------------------------
-----------------------------------------
| rollout/                |             |
|    ep_len_mean          | 605         |
|    ep_rew_mean          | 50.5        |
| time/                   |             |
|    fps                  | 36          |
|    iterations           | 230         |
|    time_elapsed         | 12997       |
|    total_timesteps      | 781040      |
| train/                  |             |
|    approx_kl            | 0.010604916 |
|    clip_fraction        | 0.096       |
|    clip_range           | 0.2         |
|    entropy_loss         | -7.9        |
|    explained_variance   | 0.865       |
|    learning_rate        | 0.0003      |
|    loss                 | 0.319       |
|    n_updates            | 3800        |
|    policy_gradient_loss | -0.01       |
|    std                  | 3.66        |
|    value_loss           | 3.31        |
-----------------------------------------
------------------------------------------
| rollout/                |              |
|    ep_len_mean          | 623          |
|    ep_rew_mean          | 51.9         |
| time/                   |              |
|    fps                  | 36           |
|    iterations           | 231          |
|    time_elapsed         | 13053        |
|    total_timesteps      | 783088       |
| train/                  |              |
|    approx_kl            | 0.0095194075 |
|    clip_fraction        | 0.107        |
|    clip_range           | 0.2          |
|    entropy_loss         | -7.91        |
|    explained_variance   | 0.894        |
|    learning_rate        | 0.0003       |
|    loss                 | 0.722        |
|    n_updates            | 3810         |
|    policy_gradient_loss | -0.00846     |
|    std                  | 3.69         |
|    value_loss           | 2.41         |
------------------------------------------
-----------------------------------------
| rollout/                |             |
|    ep_len_mean          | 623         |
|    ep_rew_mean          | 51.6        |
| time/                   |             |
|    fps                  | 36          |
|    iterations           | 232         |
|    time_elapsed         | 13109       |
|    total_timesteps      | 785136      |
| train/                  |             |
|    approx_kl            | 0.008704161 |
|    clip_fraction        | 0.0993      |
|    clip_range           | 0.2         |
|    entropy_loss         | -7.91       |
|    explained_variance   | 0.936       |
|    learning_rate        | 0.0003      |
|    loss                 | 0.62        |
|    n_updates            | 3820        |
|    policy_gradient_loss | -0.00801    |
|    std                  | 3.68        |
|    value_loss           | 2.04        |
-----------------------------------------
-----------------------------------------
| rollout/                |             |
|    ep_len_mean          | 627         |
|    ep_rew_mean          | 49.5        |
| time/                   |             |
|    fps                  | 36          |
|    iterations           | 233         |
|    time_elapsed         | 13167       |
|    total_timesteps      | 787184      |
| train/                  |             |
|    approx_kl            | 0.008162624 |
|    clip_fraction        | 0.0964      |
|    clip_range           | 0.2         |
|    entropy_loss         | -7.94       |
|    explained_variance   | 0.89        |
|    learning_rate        | 0.0003      |
|    loss                 | 0.578       |
|    n_updates            | 3830        |
|    policy_gradient_loss | -0.0117     |
|    std                  | 3.72        |
|    value_loss           | 2.96        |
-----------------------------------------
-----------------------------------------
| rollout/                |             |
|    ep_len_mean          | 611         |
|    ep_rew_mean          | 45.4        |
| time/                   |             |
|    fps                  | 36          |
|    iterations           | 234         |
|    time_elapsed         | 13225       |
|    total_timesteps      | 789232      |
| train/                  |             |
|    approx_kl            | 0.008011246 |
|    clip_fraction        | 0.078       |
|    clip_range           | 0.2         |
|    entropy_loss         | -7.97       |
|    explained_variance   | 0.781       |
|    learning_rate        | 0.0003      |
|    loss                 | 2           |
|    n_updates            | 3840        |
|    policy_gradient_loss | -0.0101     |
|    std                  | 3.75        |
|    value_loss           | 4.38        |
-----------------------------------------
-----------------------------------------
| rollout/                |             |
|    ep_len_mean          | 620         |
|    ep_rew_mean          | 47          |
| time/                   |             |
|    fps                  | 36          |
|    iterations           | 235         |
|    time_elapsed         | 13281       |
|    total_timesteps      | 791280      |
| train/                  |             |
|    approx_kl            | 0.009780732 |
|    clip_fraction        | 0.127       |
|    clip_range           | 0.2         |
|    entropy_loss         | -7.98       |
|    explained_variance   | 0.703       |
|    learning_rate        | 0.0003      |
|    loss                 | 0.521       |
|    n_updates            | 3850        |
|    policy_gradient_loss | -0.00843    |
|    std                  | 3.76        |
|    value_loss           | 2.3         |
-----------------------------------------
-----------------------------------------
| rollout/                |             |
|    ep_len_mean          | 631         |
|    ep_rew_mean          | 46.4        |
| time/                   |             |
|    fps                  | 36          |
|    iterations           | 236         |
|    time_elapsed         | 13337       |
|    total_timesteps      | 793328      |
| train/                  |             |
|    approx_kl            | 0.008782983 |
|    clip_fraction        | 0.112       |
|    clip_range           | 0.2         |
|    entropy_loss         | -8          |
|    explained_variance   | 0.831       |
|    learning_rate        | 0.0003      |
|    loss                 | 0.425       |
|    n_updates            | 3860        |
|    policy_gradient_loss | -0.00901    |
|    std                  | 3.8         |
|    value_loss           | 1.5         |
-----------------------------------------
-----------------------------------------
| rollout/                |             |
|    ep_len_mean          | 635         |
|    ep_rew_mean          | 45.1        |
| time/                   |             |
|    fps                  | 36          |
|    iterations           | 237         |
|    time_elapsed         | 13394       |
|    total_timesteps      | 795376      |
| train/                  |             |
|    approx_kl            | 0.008377774 |
|    clip_fraction        | 0.099       |
|    clip_range           | 0.2         |
|    entropy_loss         | -8.02       |
|    explained_variance   | 0.907       |
|    learning_rate        | 0.0003      |
|    loss                 | 0.101       |
|    n_updates            | 3870        |
|    policy_gradient_loss | -0.00649    |
|    std                  | 3.82        |
|    value_loss           | 1.49        |
-----------------------------------------
-----------------------------------------
| rollout/                |             |
|    ep_len_mean          | 652         |
|    ep_rew_mean          | 44.9        |
| time/                   |             |
|    fps                  | 36          |
|    iterations           | 238         |
|    time_elapsed         | 13450       |
|    total_timesteps      | 797424      |
| train/                  |             |
|    approx_kl            | 0.009949438 |
|    clip_fraction        | 0.112       |
|    clip_range           | 0.2         |
|    entropy_loss         | -8.02       |
|    explained_variance   | 0.858       |
|    learning_rate        | 0.0003      |
|    loss                 | 0.601       |
|    n_updates            | 3880        |
|    policy_gradient_loss | -0.0116     |
|    std                  | 3.79        |
|    value_loss           | 1.74        |
-----------------------------------------
-----------------------------------------
| rollout/                |             |
|    ep_len_mean          | 649         |
|    ep_rew_mean          | 44.4        |
| time/                   |             |
|    fps                  | 36          |
|    iterations           | 239         |
|    time_elapsed         | 13507       |
|    total_timesteps      | 799472      |
| train/                  |             |
|    approx_kl            | 0.010072336 |
|    clip_fraction        | 0.105       |
|    clip_range           | 0.2         |
|    entropy_loss         | -8.04       |
|    explained_variance   | 0.603       |
|    learning_rate        | 0.0003      |
|    loss                 | 0.261       |
|    n_updates            | 3890        |
|    policy_gradient_loss | -0.0074     |
|    std                  | 3.85        |
|    value_loss           | 1.43        |
-----------------------------------------
-----------------------------------------
| rollout/                |             |
|    ep_len_mean          | 661         |
|    ep_rew_mean          | 46          |
| time/                   |             |
|    fps                  | 36          |
|    iterations           | 240         |
|    time_elapsed         | 13564       |
|    total_timesteps      | 801520      |
| train/                  |             |
|    approx_kl            | 0.008669932 |
|    clip_fraction        | 0.0844      |
|    clip_range           | 0.2         |
|    entropy_loss         | -8.06       |
|    explained_variance   | 0.701       |
|    learning_rate        | 0.0003      |
|    loss                 | 0.949       |
|    n_updates            | 3900        |
|    policy_gradient_loss | -0.0103     |
|    std                  | 3.84        |
|    value_loss           | 3.49        |
-----------------------------------------
-----------------------------------------
| rollout/                |             |
|    ep_len_mean          | 665         |
|    ep_rew_mean          | 45.6        |
| time/                   |             |
|    fps                  | 36          |
|    iterations           | 241         |
|    time_elapsed         | 13620       |
|    total_timesteps      | 803568      |
| train/                  |             |
|    approx_kl            | 0.008057146 |
|    clip_fraction        | 0.102       |
|    clip_range           | 0.2         |
|    entropy_loss         | -8.06       |
|    explained_variance   | 0.819       |
|    learning_rate        | 0.0003      |
|    loss                 | 0.299       |
|    n_updates            | 3910        |
|    policy_gradient_loss | -0.00895    |
|    std                  | 3.86        |
|    value_loss           | 1.79        |
-----------------------------------------
-----------------------------------------
| rollout/                |             |
|    ep_len_mean          | 652         |
|    ep_rew_mean          | 42.4        |
| time/                   |             |
|    fps                  | 36          |
|    iterations           | 242         |
|    time_elapsed         | 13678       |
|    total_timesteps      | 805616      |
| train/                  |             |
|    approx_kl            | 0.009943856 |
|    clip_fraction        | 0.119       |
|    clip_range           | 0.2         |
|    entropy_loss         | -8.08       |
|    explained_variance   | 0.895       |
|    learning_rate        | 0.0003      |
|    loss                 | 0.512       |
|    n_updates            | 3920        |
|    policy_gradient_loss | -0.0123     |
|    std                  | 3.89        |
|    value_loss           | 1.49        |
-----------------------------------------
-----------------------------------------
| rollout/                |             |
|    ep_len_mean          | 649         |
|    ep_rew_mean          | 40.2        |
| time/                   |             |
|    fps                  | 36          |
|    iterations           | 243         |
|    time_elapsed         | 13735       |
|    total_timesteps      | 807664      |
| train/                  |             |
|    approx_kl            | 0.009478705 |
|    clip_fraction        | 0.113       |
|    clip_range           | 0.2         |
|    entropy_loss         | -8.08       |
|    explained_variance   | 0.772       |
|    learning_rate        | 0.0003      |
|    loss                 | 0.675       |
|    n_updates            | 3930        |
|    policy_gradient_loss | -0.0144     |
|    std                  | 3.86        |
|    value_loss           | 2.35        |
-----------------------------------------
-----------------------------------------
| rollout/                |             |
|    ep_len_mean          | 655         |
|    ep_rew_mean          | 41.9        |
| time/                   |             |
|    fps                  | 36          |
|    iterations           | 244         |
|    time_elapsed         | 13790       |
|    total_timesteps      | 809712      |
| train/                  |             |
|    approx_kl            | 0.008613771 |
|    clip_fraction        | 0.103       |
|    clip_range           | 0.2         |
|    entropy_loss         | -8.09       |
|    explained_variance   | 0.949       |
|    learning_rate        | 0.0003      |
|    loss                 | 0.363       |
|    n_updates            | 3940        |
|    policy_gradient_loss | -0.0124     |
|    std                  | 3.9         |
|    value_loss           | 1.62        |
-----------------------------------------
------------------------------------------
| rollout/                |              |
|    ep_len_mean          | 655          |
|    ep_rew_mean          | 45.3         |
| time/                   |              |
|    fps                  | 36           |
|    iterations           | 245          |
|    time_elapsed         | 13847        |
|    total_timesteps      | 811760       |
| train/                  |              |
|    approx_kl            | 0.0031508757 |
|    clip_fraction        | 0.0364       |
|    clip_range           | 0.2          |
|    entropy_loss         | -8.1         |
|    explained_variance   | 0.303        |
|    learning_rate        | 0.0003       |
|    loss                 | 4.69         |
|    n_updates            | 3950         |
|    policy_gradient_loss | -0.00424     |
|    std                  | 3.9          |
|    value_loss           | 129          |
------------------------------------------
-----------------------------------------
| rollout/                |             |
|    ep_len_mean          | 653         |
|    ep_rew_mean          | 45.7        |
| time/                   |             |
|    fps                  | 36          |
|    iterations           | 246         |
|    time_elapsed         | 13904       |
|    total_timesteps      | 813808      |
| train/                  |             |
|    approx_kl            | 0.010061152 |
|    clip_fraction        | 0.115       |
|    clip_range           | 0.2         |
|    entropy_loss         | -8.1        |
|    explained_variance   | 0.857       |
|    learning_rate        | 0.0003      |
|    loss                 | 0.569       |
|    n_updates            | 3960        |
|    policy_gradient_loss | -0.0107     |
|    std                  | 3.89        |
|    value_loss           | 1.85        |
-----------------------------------------
-----------------------------------------
| rollout/                |             |
|    ep_len_mean          | 645         |
|    ep_rew_mean          | 46.7        |
| time/                   |             |
|    fps                  | 36          |
|    iterations           | 247         |
|    time_elapsed         | 13960       |
|    total_timesteps      | 815856      |
| train/                  |             |
|    approx_kl            | 0.008538364 |
|    clip_fraction        | 0.105       |
|    clip_range           | 0.2         |
|    entropy_loss         | -8.1        |
|    explained_variance   | 0.757       |
|    learning_rate        | 0.0003      |
|    loss                 | 0.448       |
|    n_updates            | 3970        |
|    policy_gradient_loss | -0.0095     |
|    std                  | 3.89        |
|    value_loss           | 2.57        |
-----------------------------------------
------------------------------------------
| rollout/                |              |
|    ep_len_mean          | 664          |
|    ep_rew_mean          | 48.7         |
| time/                   |              |
|    fps                  | 36           |
|    iterations           | 248          |
|    time_elapsed         | 14016        |
|    total_timesteps      | 817904       |
| train/                  |              |
|    approx_kl            | 0.0076868464 |
|    clip_fraction        | 0.0928       |
|    clip_range           | 0.2          |
|    entropy_loss         | -8.11        |
|    explained_variance   | 0.329        |
|    learning_rate        | 0.0003       |
|    loss                 | 0.614        |
|    n_updates            | 3980         |
|    policy_gradient_loss | -0.00922     |
|    std                  | 3.91         |
|    value_loss           | 32.8         |
------------------------------------------
------------------------------------------
| rollout/                |              |
|    ep_len_mean          | 666          |
|    ep_rew_mean          | 46.7         |
| time/                   |              |
|    fps                  | 36           |
|    iterations           | 249          |
|    time_elapsed         | 14072        |
|    total_timesteps      | 819952       |
| train/                  |              |
|    approx_kl            | 0.0045642885 |
|    clip_fraction        | 0.0382       |
|    clip_range           | 0.2          |
|    entropy_loss         | -8.12        |
|    explained_variance   | 0.806        |
|    learning_rate        | 0.0003       |
|    loss                 | 2.36         |
|    n_updates            | 3990         |
|    policy_gradient_loss | -0.00428     |
|    std                  | 3.92         |
|    value_loss           | 11           |
------------------------------------------
-----------------------------------------
| rollout/                |             |
|    ep_len_mean          | 659         |
|    ep_rew_mean          | 51.9        |
| time/                   |             |
|    fps                  | 36          |
|    iterations           | 250         |
|    time_elapsed         | 14129       |
|    total_timesteps      | 822000      |
| train/                  |             |
|    approx_kl            | 0.008791488 |
|    clip_fraction        | 0.0953      |
|    clip_range           | 0.2         |
|    entropy_loss         | -8.14       |
|    explained_variance   | 0.938       |
|    learning_rate        | 0.0003      |
|    loss                 | 0.462       |
|    n_updates            | 4000        |
|    policy_gradient_loss | -0.00611    |
|    std                  | 3.93        |
|    value_loss           | 1.56        |
-----------------------------------------
------------------------------------------
| rollout/                |              |
|    ep_len_mean          | 675          |
|    ep_rew_mean          | 55.9         |
| time/                   |              |
|    fps                  | 36           |
|    iterations           | 251          |
|    time_elapsed         | 14186        |
|    total_timesteps      | 824048       |
| train/                  |              |
|    approx_kl            | 0.0060574654 |
|    clip_fraction        | 0.0794       |
|    clip_range           | 0.2          |
|    entropy_loss         | -8.13        |
|    explained_variance   | 0.351        |
|    learning_rate        | 0.0003       |
|    loss                 | 1.03         |
|    n_updates            | 4010         |
|    policy_gradient_loss | -0.00855     |
|    std                  | 3.9          |
|    value_loss           | 32.1         |
------------------------------------------
-----------------------------------------
| rollout/                |             |
|    ep_len_mean          | 683         |
|    ep_rew_mean          | 59.1        |
| time/                   |             |
|    fps                  | 36          |
|    iterations           | 252         |
|    time_elapsed         | 14242       |
|    total_timesteps      | 826096      |
| train/                  |             |
|    approx_kl            | 0.012451858 |
|    clip_fraction        | 0.117       |
|    clip_range           | 0.2         |
|    entropy_loss         | -8.12       |
|    explained_variance   | 0.243       |
|    learning_rate        | 0.0003      |
|    loss                 | 0.62        |
|    n_updates            | 4020        |
|    policy_gradient_loss | -0.00775    |
|    std                  | 3.9         |
|    value_loss           | 30.4        |
-----------------------------------------
-----------------------------------------
| rollout/                |             |
|    ep_len_mean          | 686         |
|    ep_rew_mean          | 62.2        |
| time/                   |             |
|    fps                  | 36          |
|    iterations           | 253         |
|    time_elapsed         | 14299       |
|    total_timesteps      | 828144      |
| train/                  |             |
|    approx_kl            | 0.007849202 |
|    clip_fraction        | 0.0938      |
|    clip_range           | 0.2         |
|    entropy_loss         | -8.14       |
|    explained_variance   | 0.412       |
|    learning_rate        | 0.0003      |
|    loss                 | 0.358       |
|    n_updates            | 4030        |
|    policy_gradient_loss | -0.00641    |
|    std                  | 3.95        |
|    value_loss           | 28.9        |
-----------------------------------------
-----------------------------------------
| rollout/                |             |
|    ep_len_mean          | 694         |
|    ep_rew_mean          | 60.2        |
| time/                   |             |
|    fps                  | 36          |
|    iterations           | 254         |
|    time_elapsed         | 14356       |
|    total_timesteps      | 830192      |
| train/                  |             |
|    approx_kl            | 0.008591739 |
|    clip_fraction        | 0.112       |
|    clip_range           | 0.2         |
|    entropy_loss         | -8.18       |
|    explained_variance   | 0.889       |
|    learning_rate        | 0.0003      |
|    loss                 | 0.273       |
|    n_updates            | 4040        |
|    policy_gradient_loss | -0.00991    |
|    std                  | 4.03        |
|    value_loss           | 1.54        |
-----------------------------------------
-----------------------------------------
| rollout/                |             |
|    ep_len_mean          | 686         |
|    ep_rew_mean          | 59.9        |
| time/                   |             |
|    fps                  | 36          |
|    iterations           | 255         |
|    time_elapsed         | 14413       |
|    total_timesteps      | 832240      |
| train/                  |             |
|    approx_kl            | 0.008933127 |
|    clip_fraction        | 0.075       |
|    clip_range           | 0.2         |
|    entropy_loss         | -8.21       |
|    explained_variance   | 0.531       |
|    learning_rate        | 0.0003      |
|    loss                 | 0.5         |
|    n_updates            | 4050        |
|    policy_gradient_loss | -0.0062     |
|    std                  | 4.06        |
|    value_loss           | 2.3         |
-----------------------------------------
-----------------------------------------
| rollout/                |             |
|    ep_len_mean          | 675         |
|    ep_rew_mean          | 58.7        |
| time/                   |             |
|    fps                  | 36          |
|    iterations           | 256         |
|    time_elapsed         | 14470       |
|    total_timesteps      | 834288      |
| train/                  |             |
|    approx_kl            | 0.010200548 |
|    clip_fraction        | 0.0981      |
|    clip_range           | 0.2         |
|    entropy_loss         | -8.24       |
|    explained_variance   | 0.786       |
|    learning_rate        | 0.0003      |
|    loss                 | 0.408       |
|    n_updates            | 4060        |
|    policy_gradient_loss | -0.0143     |
|    std                  | 4.11        |
|    value_loss           | 1.64        |
-----------------------------------------
-----------------------------------------
| rollout/                |             |
|    ep_len_mean          | 690         |
|    ep_rew_mean          | 58.6        |
| time/                   |             |
|    fps                  | 36          |
|    iterations           | 257         |
|    time_elapsed         | 14526       |
|    total_timesteps      | 836336      |
| train/                  |             |
|    approx_kl            | 0.008229776 |
|    clip_fraction        | 0.094       |
|    clip_range           | 0.2         |
|    entropy_loss         | -8.25       |
|    explained_variance   | 0.817       |
|    learning_rate        | 0.0003      |
|    loss                 | 0.537       |
|    n_updates            | 4070        |
|    policy_gradient_loss | -0.0115     |
|    std                  | 4.13        |
|    value_loss           | 1.79        |
-----------------------------------------
-----------------------------------------
| rollout/                |             |
|    ep_len_mean          | 698         |
|    ep_rew_mean          | 58.9        |
| time/                   |             |
|    fps                  | 36          |
|    iterations           | 258         |
|    time_elapsed         | 14582       |
|    total_timesteps      | 838384      |
| train/                  |             |
|    approx_kl            | 0.010573069 |
|    clip_fraction        | 0.11        |
|    clip_range           | 0.2         |
|    entropy_loss         | -8.26       |
|    explained_variance   | 0.671       |
|    learning_rate        | 0.0003      |
|    loss                 | 0.197       |
|    n_updates            | 4080        |
|    policy_gradient_loss | -0.011      |
|    std                  | 4.14        |
|    value_loss           | 1.12        |
-----------------------------------------
----------------------------------------
| rollout/                |            |
|    ep_len_mean          | 717        |
|    ep_rew_mean          | 61.2       |
| time/                   |            |
|    fps                  | 36         |
|    iterations           | 259        |
|    time_elapsed         | 14639      |
|    total_timesteps      | 840432     |
| train/                  |            |
|    approx_kl            | 0.01094549 |
|    clip_fraction        | 0.125      |
|    clip_range           | 0.2        |
|    entropy_loss         | -8.28      |
|    explained_variance   | 0.795      |
|    learning_rate        | 0.0003     |
|    loss                 | 0.621      |
|    n_updates            | 4090       |
|    policy_gradient_loss | -0.00715   |
|    std                  | 4.16       |
|    value_loss           | 1.71       |
----------------------------------------
-----------------------------------------
| rollout/                |             |
|    ep_len_mean          | 716         |
|    ep_rew_mean          | 61          |
| time/                   |             |
|    fps                  | 36          |
|    iterations           | 260         |
|    time_elapsed         | 14695       |
|    total_timesteps      | 842480      |
| train/                  |             |
|    approx_kl            | 0.007776998 |
|    clip_fraction        | 0.103       |
|    clip_range           | 0.2         |
|    entropy_loss         | -8.28       |
|    explained_variance   | 0.876       |
|    learning_rate        | 0.0003      |
|    loss                 | 0.627       |
|    n_updates            | 4100        |
|    policy_gradient_loss | -0.0114     |
|    std                  | 4.16        |
|    value_loss           | 1.6         |
-----------------------------------------
-----------------------------------------
| rollout/                |             |
|    ep_len_mean          | 711         |
|    ep_rew_mean          | 60.1        |
| time/                   |             |
|    fps                  | 36          |
|    iterations           | 261         |
|    time_elapsed         | 14751       |
|    total_timesteps      | 844528      |
| train/                  |             |
|    approx_kl            | 0.009309372 |
|    clip_fraction        | 0.0898      |
|    clip_range           | 0.2         |
|    entropy_loss         | -8.27       |
|    explained_variance   | 0.769       |
|    learning_rate        | 0.0003      |
|    loss                 | 0.593       |
|    n_updates            | 4110        |
|    policy_gradient_loss | -0.0113     |
|    std                  | 4.18        |
|    value_loss           | 2.27        |
-----------------------------------------
----------------------------------------
| rollout/                |            |
|    ep_len_mean          | 702        |
|    ep_rew_mean          | 58.8       |
| time/                   |            |
|    fps                  | 36         |
|    iterations           | 262        |
|    time_elapsed         | 14807      |
|    total_timesteps      | 846576     |
| train/                  |            |
|    approx_kl            | 0.01039993 |
|    clip_fraction        | 0.115      |
|    clip_range           | 0.2        |
|    entropy_loss         | -8.29      |
|    explained_variance   | 0.818      |
|    learning_rate        | 0.0003     |
|    loss                 | 0.35       |
|    n_updates            | 4120       |
|    policy_gradient_loss | -0.0125    |
|    std                  | 4.22       |
|    value_loss           | 1.8        |
----------------------------------------
-----------------------------------------
| rollout/                |             |
|    ep_len_mean          | 702         |
|    ep_rew_mean          | 57.5        |
| time/                   |             |
|    fps                  | 36          |
|    iterations           | 263         |
|    time_elapsed         | 14864       |
|    total_timesteps      | 848624      |
| train/                  |             |
|    approx_kl            | 0.008150766 |
|    clip_fraction        | 0.0781      |
|    clip_range           | 0.2         |
|    entropy_loss         | -8.3        |
|    explained_variance   | 0.759       |
|    learning_rate        | 0.0003      |
|    loss                 | 0.575       |
|    n_updates            | 4130        |
|    policy_gradient_loss | -0.0097     |
|    std                  | 4.23        |
|    value_loss           | 1.75        |
-----------------------------------------
-----------------------------------------
| rollout/                |             |
|    ep_len_mean          | 708         |
|    ep_rew_mean          | 57.4        |
| time/                   |             |
|    fps                  | 36          |
|    iterations           | 264         |
|    time_elapsed         | 14920       |
|    total_timesteps      | 850672      |
| train/                  |             |
|    approx_kl            | 0.011641452 |
|    clip_fraction        | 0.1         |
|    clip_range           | 0.2         |
|    entropy_loss         | -8.31       |
|    explained_variance   | 0.57        |
|    learning_rate        | 0.0003      |
|    loss                 | 0.599       |
|    n_updates            | 4140        |
|    policy_gradient_loss | -0.0104     |
|    std                  | 4.27        |
|    value_loss           | 3.75        |
-----------------------------------------
-----------------------------------------
| rollout/                |             |
|    ep_len_mean          | 717         |
|    ep_rew_mean          | 56.6        |
| time/                   |             |
|    fps                  | 36          |
|    iterations           | 265         |
|    time_elapsed         | 14976       |
|    total_timesteps      | 852720      |
| train/                  |             |
|    approx_kl            | 0.008653301 |
|    clip_fraction        | 0.114       |
|    clip_range           | 0.2         |
|    entropy_loss         | -8.33       |
|    explained_variance   | 0.905       |
|    learning_rate        | 0.0003      |
|    loss                 | 0.435       |
|    n_updates            | 4150        |
|    policy_gradient_loss | -0.00879    |
|    std                  | 4.28        |
|    value_loss           | 1.68        |
-----------------------------------------
-----------------------------------------
| rollout/                |             |
|    ep_len_mean          | 717         |
|    ep_rew_mean          | 56.7        |
| time/                   |             |
|    fps                  | 36          |
|    iterations           | 266         |
|    time_elapsed         | 15032       |
|    total_timesteps      | 854768      |
| train/                  |             |
|    approx_kl            | 0.008355144 |
|    clip_fraction        | 0.109       |
|    clip_range           | 0.2         |
|    entropy_loss         | -8.35       |
|    explained_variance   | 0.824       |
|    learning_rate        | 0.0003      |
|    loss                 | 0.655       |
|    n_updates            | 4160        |
|    policy_gradient_loss | -0.00643    |
|    std                  | 4.31        |
|    value_loss           | 3.32        |
-----------------------------------------
-----------------------------------------
| rollout/                |             |
|    ep_len_mean          | 716         |
|    ep_rew_mean          | 61.7        |
| time/                   |             |
|    fps                  | 36          |
|    iterations           | 267         |
|    time_elapsed         | 15089       |
|    total_timesteps      | 856816      |
| train/                  |             |
|    approx_kl            | 0.008830421 |
|    clip_fraction        | 0.0771      |
|    clip_range           | 0.2         |
|    entropy_loss         | -8.37       |
|    explained_variance   | 0.868       |
|    learning_rate        | 0.0003      |
|    loss                 | 0.651       |
|    n_updates            | 4170        |
|    policy_gradient_loss | -0.00773    |
|    std                  | 4.36        |
|    value_loss           | 1.42        |
-----------------------------------------
-----------------------------------------
| rollout/                |             |
|    ep_len_mean          | 716         |
|    ep_rew_mean          | 61.7        |
| time/                   |             |
|    fps                  | 36          |
|    iterations           | 268         |
|    time_elapsed         | 15145       |
|    total_timesteps      | 858864      |
| train/                  |             |
|    approx_kl            | 0.008018583 |
|    clip_fraction        | 0.108       |
|    clip_range           | 0.2         |
|    entropy_loss         | -8.4        |
|    explained_variance   | 0.395       |
|    learning_rate        | 0.0003      |
|    loss                 | 0.346       |
|    n_updates            | 4180        |
|    policy_gradient_loss | -0.0095     |
|    std                  | 4.41        |
|    value_loss           | 28.2        |
-----------------------------------------
-----------------------------------------
| rollout/                |             |
|    ep_len_mean          | 736         |
|    ep_rew_mean          | 64          |
| time/                   |             |
|    fps                  | 36          |
|    iterations           | 269         |
|    time_elapsed         | 15202       |
|    total_timesteps      | 860912      |
| train/                  |             |
|    approx_kl            | 0.008568289 |
|    clip_fraction        | 0.0777      |
|    clip_range           | 0.2         |
|    entropy_loss         | -8.42       |
|    explained_variance   | 0.725       |
|    learning_rate        | 0.0003      |
|    loss                 | 0.538       |
|    n_updates            | 4190        |
|    policy_gradient_loss | -0.0099     |
|    std                  | 4.43        |
|    value_loss           | 2.49        |
-----------------------------------------
-----------------------------------------
| rollout/                |             |
|    ep_len_mean          | 745         |
|    ep_rew_mean          | 63.4        |
| time/                   |             |
|    fps                  | 36          |
|    iterations           | 270         |
|    time_elapsed         | 15258       |
|    total_timesteps      | 862960      |
| train/                  |             |
|    approx_kl            | 0.009658059 |
|    clip_fraction        | 0.0969      |
|    clip_range           | 0.2         |
|    entropy_loss         | -8.44       |
|    explained_variance   | 0.799       |
|    learning_rate        | 0.0003      |
|    loss                 | 0.64        |
|    n_updates            | 4200        |
|    policy_gradient_loss | -0.0121     |
|    std                  | 4.46        |
|    value_loss           | 1.95        |
-----------------------------------------
------------------------------------------
| rollout/                |              |
|    ep_len_mean          | 719          |
|    ep_rew_mean          | 63.4         |
| time/                   |              |
|    fps                  | 36           |
|    iterations           | 271          |
|    time_elapsed         | 15314        |
|    total_timesteps      | 865008       |
| train/                  |              |
|    approx_kl            | 0.0065289224 |
|    clip_fraction        | 0.0937       |
|    clip_range           | 0.2          |
|    entropy_loss         | -8.43        |
|    explained_variance   | 0.859        |
|    learning_rate        | 0.0003       |
|    loss                 | 0.861        |
|    n_updates            | 4210         |
|    policy_gradient_loss | -0.00449     |
|    std                  | 4.43         |
|    value_loss           | 0.948        |
------------------------------------------
------------------------------------------
| rollout/                |              |
|    ep_len_mean          | 727          |
|    ep_rew_mean          | 64.2         |
| time/                   |              |
|    fps                  | 36           |
|    iterations           | 272          |
|    time_elapsed         | 15371        |
|    total_timesteps      | 867056       |
| train/                  |              |
|    approx_kl            | 0.0071062483 |
|    clip_fraction        | 0.0582       |
|    clip_range           | 0.2          |
|    entropy_loss         | -8.43        |
|    explained_variance   | 0.841        |
|    learning_rate        | 0.0003       |
|    loss                 | 1.27         |
|    n_updates            | 4220         |
|    policy_gradient_loss | -0.00697     |
|    std                  | 4.47         |
|    value_loss           | 4.09         |
------------------------------------------
-----------------------------------------
| rollout/                |             |
|    ep_len_mean          | 710         |
|    ep_rew_mean          | 64.5        |
| time/                   |             |
|    fps                  | 36          |
|    iterations           | 273         |
|    time_elapsed         | 15427       |
|    total_timesteps      | 869104      |
| train/                  |             |
|    approx_kl            | 0.010307575 |
|    clip_fraction        | 0.0976      |
|    clip_range           | 0.2         |
|    entropy_loss         | -8.46       |
|    explained_variance   | 0.904       |
|    learning_rate        | 0.0003      |
|    loss                 | 0.698       |
|    n_updates            | 4230        |
|    policy_gradient_loss | -0.00994    |
|    std                  | 4.53        |
|    value_loss           | 1.95        |
-----------------------------------------
-----------------------------------------
| rollout/                |             |
|    ep_len_mean          | 713         |
|    ep_rew_mean          | 64.3        |
| time/                   |             |
|    fps                  | 36          |
|    iterations           | 274         |
|    time_elapsed         | 15485       |
|    total_timesteps      | 871152      |
| train/                  |             |
|    approx_kl            | 0.009440697 |
|    clip_fraction        | 0.11        |
|    clip_range           | 0.2         |
|    entropy_loss         | -8.5        |
|    explained_variance   | 0.9         |
|    learning_rate        | 0.0003      |
|    loss                 | 0.501       |
|    n_updates            | 4240        |
|    policy_gradient_loss | -0.0118     |
|    std                  | 4.61        |
|    value_loss           | 1.7         |
-----------------------------------------
------------------------------------------
| rollout/                |              |
|    ep_len_mean          | 709          |
|    ep_rew_mean          | 63.5         |
| time/                   |              |
|    fps                  | 36           |
|    iterations           | 275          |
|    time_elapsed         | 15541        |
|    total_timesteps      | 873200       |
| train/                  |              |
|    approx_kl            | 0.0069143167 |
|    clip_fraction        | 0.0838       |
|    clip_range           | 0.2          |
|    entropy_loss         | -8.54        |
|    explained_variance   | 0.843        |
|    learning_rate        | 0.0003       |
|    loss                 | 0.842        |
|    n_updates            | 4250         |
|    policy_gradient_loss | -0.0103      |
|    std                  | 4.67         |
|    value_loss           | 2.69         |
------------------------------------------
----------------------------------------
| rollout/                |            |
|    ep_len_mean          | 714        |
|    ep_rew_mean          | 65.3       |
| time/                   |            |
|    fps                  | 36         |
|    iterations           | 276        |
|    time_elapsed         | 15598      |
|    total_timesteps      | 875248     |
| train/                  |            |
|    approx_kl            | 0.00897285 |
|    clip_fraction        | 0.0916     |
|    clip_range           | 0.2        |
|    entropy_loss         | -8.56      |
|    explained_variance   | 0.898      |
|    learning_rate        | 0.0003     |
|    loss                 | 0.359      |
|    n_updates            | 4260       |
|    policy_gradient_loss | -0.00963   |
|    std                  | 4.7        |
|    value_loss           | 1.63       |
----------------------------------------
-----------------------------------------
| rollout/                |             |
|    ep_len_mean          | 716         |
|    ep_rew_mean          | 64.9        |
| time/                   |             |
|    fps                  | 36          |
|    iterations           | 277         |
|    time_elapsed         | 15654       |
|    total_timesteps      | 877296      |
| train/                  |             |
|    approx_kl            | 0.011509184 |
|    clip_fraction        | 0.117       |
|    clip_range           | 0.2         |
|    entropy_loss         | -8.57       |
|    explained_variance   | 0.911       |
|    learning_rate        | 0.0003      |
|    loss                 | 0.612       |
|    n_updates            | 4270        |
|    policy_gradient_loss | -0.0104     |
|    std                  | 4.7         |
|    value_loss           | 1.46        |
-----------------------------------------
-----------------------------------------
| rollout/                |             |
|    ep_len_mean          | 716         |
|    ep_rew_mean          | 66.3        |
| time/                   |             |
|    fps                  | 36          |
|    iterations           | 278         |
|    time_elapsed         | 15711       |
|    total_timesteps      | 879344      |
| train/                  |             |
|    approx_kl            | 0.008884354 |
|    clip_fraction        | 0.0878      |
|    clip_range           | 0.2         |
|    entropy_loss         | -8.59       |
|    explained_variance   | 0.895       |
|    learning_rate        | 0.0003      |
|    loss                 | 0.65        |
|    n_updates            | 4280        |
|    policy_gradient_loss | -0.00701    |
|    std                  | 4.76        |
|    value_loss           | 1.43        |
-----------------------------------------
----------------------------------------
| rollout/                |            |
|    ep_len_mean          | 717        |
|    ep_rew_mean          | 65.9       |
| time/                   |            |
|    fps                  | 36         |
|    iterations           | 279        |
|    time_elapsed         | 15767      |
|    total_timesteps      | 881392     |
| train/                  |            |
|    approx_kl            | 0.00936578 |
|    clip_fraction        | 0.102      |
|    clip_range           | 0.2        |
|    entropy_loss         | -8.59      |
|    explained_variance   | 0.734      |
|    learning_rate        | 0.0003     |
|    loss                 | 0.638      |
|    n_updates            | 4290       |
|    policy_gradient_loss | -0.0117    |
|    std                  | 4.73       |
|    value_loss           | 2.23       |
----------------------------------------
-----------------------------------------
| rollout/                |             |
|    ep_len_mean          | 707         |
|    ep_rew_mean          | 61.5        |
| time/                   |             |
|    fps                  | 36          |
|    iterations           | 280         |
|    time_elapsed         | 15823       |
|    total_timesteps      | 883440      |
| train/                  |             |
|    approx_kl            | 0.011559093 |
|    clip_fraction        | 0.102       |
|    clip_range           | 0.2         |
|    entropy_loss         | -8.57       |
|    explained_variance   | 0.932       |
|    learning_rate        | 0.0003      |
|    loss                 | 0.447       |
|    n_updates            | 4300        |
|    policy_gradient_loss | -0.0103     |
|    std                  | 4.68        |
|    value_loss           | 1.43        |
-----------------------------------------
------------------------------------------
| rollout/                |              |
|    ep_len_mean          | 708          |
|    ep_rew_mean          | 59.4         |
| time/                   |              |
|    fps                  | 36           |
|    iterations           | 281          |
|    time_elapsed         | 15881        |
|    total_timesteps      | 885488       |
| train/                  |              |
|    approx_kl            | 0.0086545795 |
|    clip_fraction        | 0.0832       |
|    clip_range           | 0.2          |
|    entropy_loss         | -8.56        |
|    explained_variance   | 0.884        |
|    learning_rate        | 0.0003       |
|    loss                 | 0.416        |
|    n_updates            | 4310         |
|    policy_gradient_loss | -0.00775     |
|    std                  | 4.69         |
|    value_loss           | 1.51         |
------------------------------------------
-----------------------------------------
| rollout/                |             |
|    ep_len_mean          | 699         |
|    ep_rew_mean          | 58.5        |
| time/                   |             |
|    fps                  | 36          |
|    iterations           | 282         |
|    time_elapsed         | 15938       |
|    total_timesteps      | 887536      |
| train/                  |             |
|    approx_kl            | 0.008382031 |
|    clip_fraction        | 0.111       |
|    clip_range           | 0.2         |
|    entropy_loss         | -8.53       |
|    explained_variance   | 0.783       |
|    learning_rate        | 0.0003      |
|    loss                 | 2.14        |
|    n_updates            | 4320        |
|    policy_gradient_loss | -0.00923    |
|    std                  | 4.63        |
|    value_loss           | 6.47        |
-----------------------------------------
-----------------------------------------
| rollout/                |             |
|    ep_len_mean          | 699         |
|    ep_rew_mean          | 58.4        |
| time/                   |             |
|    fps                  | 36          |
|    iterations           | 283         |
|    time_elapsed         | 15994       |
|    total_timesteps      | 889584      |
| train/                  |             |
|    approx_kl            | 0.006617442 |
|    clip_fraction        | 0.0659      |
|    clip_range           | 0.2         |
|    entropy_loss         | -8.53       |
|    explained_variance   | 0.703       |
|    learning_rate        | 0.0003      |
|    loss                 | 4.41        |
|    n_updates            | 4330        |
|    policy_gradient_loss | -0.00575    |
|    std                  | 4.67        |
|    value_loss           | 7.78        |
-----------------------------------------
-----------------------------------------
| rollout/                |             |
|    ep_len_mean          | 706         |
|    ep_rew_mean          | 56.5        |
| time/                   |             |
|    fps                  | 36          |
|    iterations           | 284         |
|    time_elapsed         | 16050       |
|    total_timesteps      | 891632      |
| train/                  |             |
|    approx_kl            | 0.009462067 |
|    clip_fraction        | 0.0911      |
|    clip_range           | 0.2         |
|    entropy_loss         | -8.54       |
|    explained_variance   | 0.937       |
|    learning_rate        | 0.0003      |
|    loss                 | 0.484       |
|    n_updates            | 4340        |
|    policy_gradient_loss | -0.00713    |
|    std                  | 4.67        |
|    value_loss           | 2.27        |
-----------------------------------------
------------------------------------------
| rollout/                |              |
|    ep_len_mean          | 717          |
|    ep_rew_mean          | 54.8         |
| time/                   |              |
|    fps                  | 36           |
|    iterations           | 285          |
|    time_elapsed         | 16106        |
|    total_timesteps      | 893680       |
| train/                  |              |
|    approx_kl            | 0.0121295545 |
|    clip_fraction        | 0.121        |
|    clip_range           | 0.2          |
|    entropy_loss         | -8.54        |
|    explained_variance   | 0.827        |
|    learning_rate        | 0.0003       |
|    loss                 | 0.408        |
|    n_updates            | 4350         |
|    policy_gradient_loss | -0.0105      |
|    std                  | 4.71         |
|    value_loss           | 1.92         |
------------------------------------------
-----------------------------------------
| rollout/                |             |
|    ep_len_mean          | 716         |
|    ep_rew_mean          | 52.1        |
| time/                   |             |
|    fps                  | 36          |
|    iterations           | 286         |
|    time_elapsed         | 16163       |
|    total_timesteps      | 895728      |
| train/                  |             |
|    approx_kl            | 0.010503977 |
|    clip_fraction        | 0.125       |
|    clip_range           | 0.2         |
|    entropy_loss         | -8.57       |
|    explained_variance   | 0.871       |
|    learning_rate        | 0.0003      |
|    loss                 | 0.455       |
|    n_updates            | 4360        |
|    policy_gradient_loss | -0.00934    |
|    std                  | 4.74        |
|    value_loss           | 1.27        |
-----------------------------------------
-----------------------------------------
| rollout/                |             |
|    ep_len_mean          | 689         |
|    ep_rew_mean          | 47.2        |
| time/                   |             |
|    fps                  | 36          |
|    iterations           | 287         |
|    time_elapsed         | 16222       |
|    total_timesteps      | 897776      |
| train/                  |             |
|    approx_kl            | 0.009313541 |
|    clip_fraction        | 0.101       |
|    clip_range           | 0.2         |
|    entropy_loss         | -8.57       |
|    explained_variance   | 0.897       |
|    learning_rate        | 0.0003      |
|    loss                 | 0.195       |
|    n_updates            | 4370        |
|    policy_gradient_loss | -0.00939    |
|    std                  | 4.73        |
|    value_loss           | 1.36        |
-----------------------------------------
------------------------------------------
| rollout/                |              |
|    ep_len_mean          | 689          |
|    ep_rew_mean          | 46.6         |
| time/                   |              |
|    fps                  | 36           |
|    iterations           | 288          |
|    time_elapsed         | 16277        |
|    total_timesteps      | 899824       |
| train/                  |              |
|    approx_kl            | 0.0064815157 |
|    clip_fraction        | 0.0693       |
|    clip_range           | 0.2          |
|    entropy_loss         | -8.57        |
|    explained_variance   | 0.83         |
|    learning_rate        | 0.0003       |
|    loss                 | 2.29         |
|    n_updates            | 4380         |
|    policy_gradient_loss | -0.00654     |
|    std                  | 4.75         |
|    value_loss           | 5.69         |
------------------------------------------
------------------------------------------
| rollout/                |              |
|    ep_len_mean          | 690          |
|    ep_rew_mean          | 46.6         |
| time/                   |              |
|    fps                  | 36           |
|    iterations           | 289          |
|    time_elapsed         | 16335        |
|    total_timesteps      | 901872       |
| train/                  |              |
|    approx_kl            | 0.0079731215 |
|    clip_fraction        | 0.0926       |
|    clip_range           | 0.2          |
|    entropy_loss         | -8.56        |
|    explained_variance   | 0.783        |
|    learning_rate        | 0.0003       |
|    loss                 | 0.328        |
|    n_updates            | 4390         |
|    policy_gradient_loss | -0.00831     |
|    std                  | 4.7          |
|    value_loss           | 1.65         |
------------------------------------------
-----------------------------------------
| rollout/                |             |
|    ep_len_mean          | 688         |
|    ep_rew_mean          | 46.8        |
| time/                   |             |
|    fps                  | 36          |
|    iterations           | 290         |
|    time_elapsed         | 16391       |
|    total_timesteps      | 903920      |
| train/                  |             |
|    approx_kl            | 0.010253634 |
|    clip_fraction        | 0.0935      |
|    clip_range           | 0.2         |
|    entropy_loss         | -8.55       |
|    explained_variance   | 0.797       |
|    learning_rate        | 0.0003      |
|    loss                 | 1.06        |
|    n_updates            | 4400        |
|    policy_gradient_loss | -0.0103     |
|    std                  | 4.75        |
|    value_loss           | 1.95        |
-----------------------------------------
-----------------------------------------
| rollout/                |             |
|    ep_len_mean          | 695         |
|    ep_rew_mean          | 45.6        |
| time/                   |             |
|    fps                  | 36          |
|    iterations           | 291         |
|    time_elapsed         | 16448       |
|    total_timesteps      | 905968      |
| train/                  |             |
|    approx_kl            | 0.009093012 |
|    clip_fraction        | 0.092       |
|    clip_range           | 0.2         |
|    entropy_loss         | -8.56       |
|    explained_variance   | 0.675       |
|    learning_rate        | 0.0003      |
|    loss                 | 0.472       |
|    n_updates            | 4410        |
|    policy_gradient_loss | -0.00888    |
|    std                  | 4.76        |
|    value_loss           | 3.39        |
-----------------------------------------
-----------------------------------------
| rollout/                |             |
|    ep_len_mean          | 688         |
|    ep_rew_mean          | 44.1        |
| time/                   |             |
|    fps                  | 36          |
|    iterations           | 292         |
|    time_elapsed         | 16504       |
|    total_timesteps      | 908016      |
| train/                  |             |
|    approx_kl            | 0.010115117 |
|    clip_fraction        | 0.108       |
|    clip_range           | 0.2         |
|    entropy_loss         | -8.59       |
|    explained_variance   | 0.872       |
|    learning_rate        | 0.0003      |
|    loss                 | 0.464       |
|    n_updates            | 4420        |
|    policy_gradient_loss | -0.00765    |
|    std                  | 4.85        |
|    value_loss           | 2.62        |
-----------------------------------------
-----------------------------------------
| rollout/                |             |
|    ep_len_mean          | 696         |
|    ep_rew_mean          | 44.8        |
| time/                   |             |
|    fps                  | 36          |
|    iterations           | 293         |
|    time_elapsed         | 16560       |
|    total_timesteps      | 910064      |
| train/                  |             |
|    approx_kl            | 0.007560811 |
|    clip_fraction        | 0.0893      |
|    clip_range           | 0.2         |
|    entropy_loss         | -8.62       |
|    explained_variance   | 0.896       |
|    learning_rate        | 0.0003      |
|    loss                 | 0.3         |
|    n_updates            | 4430        |
|    policy_gradient_loss | -0.00754    |
|    std                  | 4.89        |
|    value_loss           | 1.66        |
-----------------------------------------
-----------------------------------------
| rollout/                |             |
|    ep_len_mean          | 696         |
|    ep_rew_mean          | 43.6        |
| time/                   |             |
|    fps                  | 36          |
|    iterations           | 294         |
|    time_elapsed         | 16616       |
|    total_timesteps      | 912112      |
| train/                  |             |
|    approx_kl            | 0.008101744 |
|    clip_fraction        | 0.0848      |
|    clip_range           | 0.2         |
|    entropy_loss         | -8.64       |
|    explained_variance   | 0.912       |
|    learning_rate        | 0.0003      |
|    loss                 | 0.429       |
|    n_updates            | 4440        |
|    policy_gradient_loss | -0.0101     |
|    std                  | 4.92        |
|    value_loss           | 1.5         |
-----------------------------------------
----------------------------------------
| rollout/                |            |
|    ep_len_mean          | 701        |
|    ep_rew_mean          | 43.2       |
| time/                   |            |
|    fps                  | 36         |
|    iterations           | 295        |
|    time_elapsed         | 16672      |
|    total_timesteps      | 914160     |
| train/                  |            |
|    approx_kl            | 0.01004607 |
|    clip_fraction        | 0.125      |
|    clip_range           | 0.2        |
|    entropy_loss         | -8.66      |
|    explained_variance   | 0.725      |
|    learning_rate        | 0.0003     |
|    loss                 | 0.255      |
|    n_updates            | 4450       |
|    policy_gradient_loss | -0.00653   |
|    std                  | 4.95       |
|    value_loss           | 0.865      |
----------------------------------------
-----------------------------------------
| rollout/                |             |
|    ep_len_mean          | 701         |
|    ep_rew_mean          | 43.4        |
| time/                   |             |
|    fps                  | 36          |
|    iterations           | 296         |
|    time_elapsed         | 16728       |
|    total_timesteps      | 916208      |
| train/                  |             |
|    approx_kl            | 0.009359263 |
|    clip_fraction        | 0.124       |
|    clip_range           | 0.2         |
|    entropy_loss         | -8.66       |
|    explained_variance   | 0.94        |
|    learning_rate        | 0.0003      |
|    loss                 | 0.211       |
|    n_updates            | 4460        |
|    policy_gradient_loss | -0.0098     |
|    std                  | 4.94        |
|    value_loss           | 1.08        |
-----------------------------------------
-----------------------------------------
| rollout/                |             |
|    ep_len_mean          | 710         |
|    ep_rew_mean          | 43.6        |
| time/                   |             |
|    fps                  | 36          |
|    iterations           | 297         |
|    time_elapsed         | 16784       |
|    total_timesteps      | 918256      |
| train/                  |             |
|    approx_kl            | 0.008774543 |
|    clip_fraction        | 0.0978      |
|    clip_range           | 0.2         |
|    entropy_loss         | -8.69       |
|    explained_variance   | 0.875       |
|    learning_rate        | 0.0003      |
|    loss                 | 0.361       |
|    n_updates            | 4470        |
|    policy_gradient_loss | -0.0105     |
|    std                  | 5           |
|    value_loss           | 1.42        |
-----------------------------------------
-----------------------------------------
| rollout/                |             |
|    ep_len_mean          | 715         |
|    ep_rew_mean          | 42.5        |
| time/                   |             |
|    fps                  | 36          |
|    iterations           | 298         |
|    time_elapsed         | 16840       |
|    total_timesteps      | 920304      |
| train/                  |             |
|    approx_kl            | 0.012025713 |
|    clip_fraction        | 0.109       |
|    clip_range           | 0.2         |
|    entropy_loss         | -8.7        |
|    explained_variance   | 0.667       |
|    learning_rate        | 0.0003      |
|    loss                 | 0.182       |
|    n_updates            | 4480        |
|    policy_gradient_loss | -0.00778    |
|    std                  | 4.98        |
|    value_loss           | 0.923       |
-----------------------------------------
-----------------------------------------
| rollout/                |             |
|    ep_len_mean          | 715         |
|    ep_rew_mean          | 40.8        |
| time/                   |             |
|    fps                  | 36          |
|    iterations           | 299         |
|    time_elapsed         | 16896       |
|    total_timesteps      | 922352      |
| train/                  |             |
|    approx_kl            | 0.010398296 |
|    clip_fraction        | 0.118       |
|    clip_range           | 0.2         |
|    entropy_loss         | -8.71       |
|    explained_variance   | 0.907       |
|    learning_rate        | 0.0003      |
|    loss                 | 0.729       |
|    n_updates            | 4490        |
|    policy_gradient_loss | -0.00997    |
|    std                  | 5.03        |
|    value_loss           | 1.88        |
-----------------------------------------
-----------------------------------------
| rollout/                |             |
|    ep_len_mean          | 707         |
|    ep_rew_mean          | 41.4        |
| time/                   |             |
|    fps                  | 36          |
|    iterations           | 300         |
|    time_elapsed         | 16952       |
|    total_timesteps      | 924400      |
| train/                  |             |
|    approx_kl            | 0.008273848 |
|    clip_fraction        | 0.0818      |
|    clip_range           | 0.2         |
|    entropy_loss         | -8.75       |
|    explained_variance   | 0.731       |
|    learning_rate        | 0.0003      |
|    loss                 | 0.0884      |
|    n_updates            | 4500        |
|    policy_gradient_loss | -0.00509    |
|    std                  | 5.08        |
|    value_loss           | 0.904       |
-----------------------------------------
-----------------------------------------
| rollout/                |             |
|    ep_len_mean          | 697         |
|    ep_rew_mean          | 38.2        |
| time/                   |             |
|    fps                  | 36          |
|    iterations           | 301         |
|    time_elapsed         | 17009       |
|    total_timesteps      | 926448      |
| train/                  |             |
|    approx_kl            | 0.009007428 |
|    clip_fraction        | 0.0984      |
|    clip_range           | 0.2         |
|    entropy_loss         | -8.77       |
|    explained_variance   | 0.655       |
|    learning_rate        | 0.0003      |
|    loss                 | 1.04        |
|    n_updates            | 4510        |
|    policy_gradient_loss | -0.00867    |
|    std                  | 5.13        |
|    value_loss           | 2.74        |
-----------------------------------------
------------------------------------------
| rollout/                |              |
|    ep_len_mean          | 698          |
|    ep_rew_mean          | 38.8         |
| time/                   |              |
|    fps                  | 36           |
|    iterations           | 302          |
|    time_elapsed         | 17066        |
|    total_timesteps      | 928496       |
| train/                  |              |
|    approx_kl            | 0.0076152906 |
|    clip_fraction        | 0.0907       |
|    clip_range           | 0.2          |
|    entropy_loss         | -8.78        |
|    explained_variance   | 0.745        |
|    learning_rate        | 0.0003       |
|    loss                 | 10.4         |
|    n_updates            | 4520         |
|    policy_gradient_loss | -0.0083      |
|    std                  | 5.15         |
|    value_loss           | 3.08         |
------------------------------------------
----------------------------------------
| rollout/                |            |
|    ep_len_mean          | 699        |
|    ep_rew_mean          | 38.3       |
| time/                   |            |
|    fps                  | 36         |
|    iterations           | 303        |
|    time_elapsed         | 17122      |
|    total_timesteps      | 930544     |
| train/                  |            |
|    approx_kl            | 0.00913575 |
|    clip_fraction        | 0.0815     |
|    clip_range           | 0.2        |
|    entropy_loss         | -8.79      |
|    explained_variance   | 0.765      |
|    learning_rate        | 0.0003     |
|    loss                 | 0.403      |
|    n_updates            | 4530       |
|    policy_gradient_loss | -0.00755   |
|    std                  | 5.16       |
|    value_loss           | 2.58       |
----------------------------------------
------------------------------------------
| rollout/                |              |
|    ep_len_mean          | 697          |
|    ep_rew_mean          | 40           |
| time/                   |              |
|    fps                  | 36           |
|    iterations           | 304          |
|    time_elapsed         | 17178        |
|    total_timesteps      | 932592       |
| train/                  |              |
|    approx_kl            | 0.0073677422 |
|    clip_fraction        | 0.071        |
|    clip_range           | 0.2          |
|    entropy_loss         | -8.79        |
|    explained_variance   | 0.89         |
|    learning_rate        | 0.0003       |
|    loss                 | 0.342        |
|    n_updates            | 4540         |
|    policy_gradient_loss | -0.00863     |
|    std                  | 5.19         |
|    value_loss           | 1.41         |
------------------------------------------
------------------------------------------
| rollout/                |              |
|    ep_len_mean          | 697          |
|    ep_rew_mean          | 37.4         |
| time/                   |              |
|    fps                  | 36           |
|    iterations           | 305          |
|    time_elapsed         | 17236        |
|    total_timesteps      | 934640       |
| train/                  |              |
|    approx_kl            | 0.0074532502 |
|    clip_fraction        | 0.0946       |
|    clip_range           | 0.2          |
|    entropy_loss         | -8.81        |
|    explained_variance   | 0.891        |
|    learning_rate        | 0.0003       |
|    loss                 | 0.342        |
|    n_updates            | 4550         |
|    policy_gradient_loss | -0.011       |
|    std                  | 5.22         |
|    value_loss           | 1.38         |
------------------------------------------
-----------------------------------------
| rollout/                |             |
|    ep_len_mean          | 696         |
|    ep_rew_mean          | 37.8        |
| time/                   |             |
|    fps                  | 36          |
|    iterations           | 306         |
|    time_elapsed         | 17292       |
|    total_timesteps      | 936688      |
| train/                  |             |
|    approx_kl            | 0.010379355 |
|    clip_fraction        | 0.0926      |
|    clip_range           | 0.2         |
|    entropy_loss         | -8.83       |
|    explained_variance   | 0.848       |
|    learning_rate        | 0.0003      |
|    loss                 | 0.223       |
|    n_updates            | 4560        |
|    policy_gradient_loss | -0.00922    |
|    std                  | 5.28        |
|    value_loss           | 1.64        |
-----------------------------------------
-----------------------------------------
| rollout/                |             |
|    ep_len_mean          | 699         |
|    ep_rew_mean          | 37.4        |
| time/                   |             |
|    fps                  | 36          |
|    iterations           | 307         |
|    time_elapsed         | 17349       |
|    total_timesteps      | 938736      |
| train/                  |             |
|    approx_kl            | 0.010254526 |
|    clip_fraction        | 0.0889      |
|    clip_range           | 0.2         |
|    entropy_loss         | -8.85       |
|    explained_variance   | 0.908       |
|    learning_rate        | 0.0003      |
|    loss                 | 0.362       |
|    n_updates            | 4570        |
|    policy_gradient_loss | -0.0085     |
|    std                  | 5.29        |
|    value_loss           | 1.53        |
-----------------------------------------
-----------------------------------------
| rollout/                |             |
|    ep_len_mean          | 703         |
|    ep_rew_mean          | 39.4        |
| time/                   |             |
|    fps                  | 36          |
|    iterations           | 308         |
|    time_elapsed         | 17406       |
|    total_timesteps      | 940784      |
| train/                  |             |
|    approx_kl            | 0.008618807 |
|    clip_fraction        | 0.0927      |
|    clip_range           | 0.2         |
|    entropy_loss         | -8.87       |
|    explained_variance   | 0.848       |
|    learning_rate        | 0.0003      |
|    loss                 | 0.984       |
|    n_updates            | 4580        |
|    policy_gradient_loss | -0.00997    |
|    std                  | 5.31        |
|    value_loss           | 2.56        |
-----------------------------------------
-----------------------------------------
| rollout/                |             |
|    ep_len_mean          | 691         |
|    ep_rew_mean          | 37.2        |
| time/                   |             |
|    fps                  | 36          |
|    iterations           | 309         |
|    time_elapsed         | 17464       |
|    total_timesteps      | 942832      |
| train/                  |             |
|    approx_kl            | 0.007256167 |
|    clip_fraction        | 0.0845      |
|    clip_range           | 0.2         |
|    entropy_loss         | -8.87       |
|    explained_variance   | 0.912       |
|    learning_rate        | 0.0003      |
|    loss                 | 0.462       |
|    n_updates            | 4590        |
|    policy_gradient_loss | -0.0104     |
|    std                  | 5.31        |
|    value_loss           | 1.41        |
-----------------------------------------
-----------------------------------------
| rollout/                |             |
|    ep_len_mean          | 676         |
|    ep_rew_mean          | 36.8        |
| time/                   |             |
|    fps                  | 36          |
|    iterations           | 310         |
|    time_elapsed         | 17521       |
|    total_timesteps      | 944880      |
| train/                  |             |
|    approx_kl            | 0.007888852 |
|    clip_fraction        | 0.0765      |
|    clip_range           | 0.2         |
|    entropy_loss         | -8.86       |
|    explained_variance   | 0.89        |
|    learning_rate        | 0.0003      |
|    loss                 | 1.37        |
|    n_updates            | 4600        |
|    policy_gradient_loss | -0.0106     |
|    std                  | 5.29        |
|    value_loss           | 2.11        |
-----------------------------------------
-----------------------------------------
| rollout/                |             |
|    ep_len_mean          | 682         |
|    ep_rew_mean          | 37.5        |
| time/                   |             |
|    fps                  | 36          |
|    iterations           | 311         |
|    time_elapsed         | 17578       |
|    total_timesteps      | 946928      |
| train/                  |             |
|    approx_kl            | 0.006786966 |
|    clip_fraction        | 0.0814      |
|    clip_range           | 0.2         |
|    entropy_loss         | -8.85       |
|    explained_variance   | 0.763       |
|    learning_rate        | 0.0003      |
|    loss                 | 0.575       |
|    n_updates            | 4610        |
|    policy_gradient_loss | -0.00934    |
|    std                  | 5.27        |
|    value_loss           | 4.9         |
-----------------------------------------
-----------------------------------------
| rollout/                |             |
|    ep_len_mean          | 684         |
|    ep_rew_mean          | 37.2        |
| time/                   |             |
|    fps                  | 36          |
|    iterations           | 312         |
|    time_elapsed         | 17634       |
|    total_timesteps      | 948976      |
| train/                  |             |
|    approx_kl            | 0.009069204 |
|    clip_fraction        | 0.108       |
|    clip_range           | 0.2         |
|    entropy_loss         | -8.85       |
|    explained_variance   | 0.876       |
|    learning_rate        | 0.0003      |
|    loss                 | 0.483       |
|    n_updates            | 4620        |
|    policy_gradient_loss | -0.00844    |
|    std                  | 5.29        |
|    value_loss           | 2.32        |
-----------------------------------------
-----------------------------------------
| rollout/                |             |
|    ep_len_mean          | 687         |
|    ep_rew_mean          | 37          |
| time/                   |             |
|    fps                  | 36          |
|    iterations           | 313         |
|    time_elapsed         | 17690       |
|    total_timesteps      | 951024      |
| train/                  |             |
|    approx_kl            | 0.012180982 |
|    clip_fraction        | 0.122       |
|    clip_range           | 0.2         |
|    entropy_loss         | -8.86       |
|    explained_variance   | 0.803       |
|    learning_rate        | 0.0003      |
|    loss                 | 0.442       |
|    n_updates            | 4630        |
|    policy_gradient_loss | -0.0146     |
|    std                  | 5.31        |
|    value_loss           | 2.23        |
-----------------------------------------
-----------------------------------------
| rollout/                |             |
|    ep_len_mean          | 681         |
|    ep_rew_mean          | 36.7        |
| time/                   |             |
|    fps                  | 36          |
|    iterations           | 314         |
|    time_elapsed         | 17748       |
|    total_timesteps      | 953072      |
| train/                  |             |
|    approx_kl            | 0.009923352 |
|    clip_fraction        | 0.0968      |
|    clip_range           | 0.2         |
|    entropy_loss         | -8.88       |
|    explained_variance   | 0.952       |
|    learning_rate        | 0.0003      |
|    loss                 | 0.658       |
|    n_updates            | 4640        |
|    policy_gradient_loss | -0.00858    |
|    std                  | 5.36        |
|    value_loss           | 1.53        |
-----------------------------------------
-----------------------------------------
| rollout/                |             |
|    ep_len_mean          | 684         |
|    ep_rew_mean          | 35.3        |
| time/                   |             |
|    fps                  | 36          |
|    iterations           | 315         |
|    time_elapsed         | 17805       |
|    total_timesteps      | 955120      |
| train/                  |             |
|    approx_kl            | 0.009100903 |
|    clip_fraction        | 0.0779      |
|    clip_range           | 0.2         |
|    entropy_loss         | -8.89       |
|    explained_variance   | 0.89        |
|    learning_rate        | 0.0003      |
|    loss                 | 3.63        |
|    n_updates            | 4650        |
|    policy_gradient_loss | -0.00989    |
|    std                  | 5.34        |
|    value_loss           | 4.22        |
-----------------------------------------
------------------------------------------
| rollout/                |              |
|    ep_len_mean          | 682          |
|    ep_rew_mean          | 37.8         |
| time/                   |              |
|    fps                  | 36           |
|    iterations           | 316          |
|    time_elapsed         | 17861        |
|    total_timesteps      | 957168       |
| train/                  |              |
|    approx_kl            | 0.0105500575 |
|    clip_fraction        | 0.0883       |
|    clip_range           | 0.2          |
|    entropy_loss         | -8.89        |
|    explained_variance   | 0.764        |
|    learning_rate        | 0.0003       |
|    loss                 | 0.139        |
|    n_updates            | 4660         |
|    policy_gradient_loss | -0.00404     |
|    std                  | 5.33         |
|    value_loss           | 1.05         |
------------------------------------------
------------------------------------------
| rollout/                |              |
|    ep_len_mean          | 684          |
|    ep_rew_mean          | 36.3         |
| time/                   |              |
|    fps                  | 36           |
|    iterations           | 317          |
|    time_elapsed         | 17917        |
|    total_timesteps      | 959216       |
| train/                  |              |
|    approx_kl            | 0.0071638008 |
|    clip_fraction        | 0.11         |
|    clip_range           | 0.2          |
|    entropy_loss         | -8.87        |
|    explained_variance   | 0.809        |
|    learning_rate        | 0.0003       |
|    loss                 | 0.35         |
|    n_updates            | 4670         |
|    policy_gradient_loss | -0.00976     |
|    std                  | 5.3          |
|    value_loss           | 2.93         |
------------------------------------------
------------------------------------------
| rollout/                |              |
|    ep_len_mean          | 668          |
|    ep_rew_mean          | 34.1         |
| time/                   |              |
|    fps                  | 36           |
|    iterations           | 318          |
|    time_elapsed         | 17975        |
|    total_timesteps      | 961264       |
| train/                  |              |
|    approx_kl            | 0.0073118145 |
|    clip_fraction        | 0.109        |
|    clip_range           | 0.2          |
|    entropy_loss         | -8.87        |
|    explained_variance   | 0.893        |
|    learning_rate        | 0.0003       |
|    loss                 | 0.63         |
|    n_updates            | 4680         |
|    policy_gradient_loss | -0.00842     |
|    std                  | 5.3          |
|    value_loss           | 1.72         |
------------------------------------------
-----------------------------------------
| rollout/                |             |
|    ep_len_mean          | 674         |
|    ep_rew_mean          | 35.8        |
| time/                   |             |
|    fps                  | 36          |
|    iterations           | 319         |
|    time_elapsed         | 18031       |
|    total_timesteps      | 963312      |
| train/                  |             |
|    approx_kl            | 0.008185195 |
|    clip_fraction        | 0.0689      |
|    clip_range           | 0.2         |
|    entropy_loss         | -8.87       |
|    explained_variance   | 0.812       |
|    learning_rate        | 0.0003      |
|    loss                 | 9.24        |
|    n_updates            | 4690        |
|    policy_gradient_loss | -0.00622    |
|    std                  | 5.33        |
|    value_loss           | 4.95        |
-----------------------------------------
----------------------------------------
| rollout/                |            |
|    ep_len_mean          | 683        |
|    ep_rew_mean          | 38.8       |
| time/                   |            |
|    fps                  | 36         |
|    iterations           | 320        |
|    time_elapsed         | 18089      |
|    total_timesteps      | 965360     |
| train/                  |            |
|    approx_kl            | 0.01201199 |
|    clip_fraction        | 0.11       |
|    clip_range           | 0.2        |
|    entropy_loss         | -8.88      |
|    explained_variance   | 0.921      |
|    learning_rate        | 0.0003     |
|    loss                 | 0.175      |
|    n_updates            | 4700       |
|    policy_gradient_loss | -0.0102    |
|    std                  | 5.33       |
|    value_loss           | 1.31       |
----------------------------------------
-----------------------------------------
| rollout/                |             |
|    ep_len_mean          | 683         |
|    ep_rew_mean          | 39.4        |
| time/                   |             |
|    fps                  | 36          |
|    iterations           | 321         |
|    time_elapsed         | 18145       |
|    total_timesteps      | 967408      |
| train/                  |             |
|    approx_kl            | 0.008209289 |
|    clip_fraction        | 0.0875      |
|    clip_range           | 0.2         |
|    entropy_loss         | -8.91       |
|    explained_variance   | 0.878       |
|    learning_rate        | 0.0003      |
|    loss                 | 0.505       |
|    n_updates            | 4710        |
|    policy_gradient_loss | -0.00997    |
|    std                  | 5.4         |
|    value_loss           | 2.28        |
-----------------------------------------
-----------------------------------------
| rollout/                |             |
|    ep_len_mean          | 691         |
|    ep_rew_mean          | 40          |
| time/                   |             |
|    fps                  | 36          |
|    iterations           | 322         |
|    time_elapsed         | 18202       |
|    total_timesteps      | 969456      |
| train/                  |             |
|    approx_kl            | 0.011349279 |
|    clip_fraction        | 0.14        |
|    clip_range           | 0.2         |
|    entropy_loss         | -8.91       |
|    explained_variance   | 0.765       |
|    learning_rate        | 0.0003      |
|    loss                 | 0.42        |
|    n_updates            | 4720        |
|    policy_gradient_loss | -0.0104     |
|    std                  | 5.4         |
|    value_loss           | 1.53        |
-----------------------------------------
-----------------------------------------
| rollout/                |             |
|    ep_len_mean          | 695         |
|    ep_rew_mean          | 40.8        |
| time/                   |             |
|    fps                  | 36          |
|    iterations           | 323         |
|    time_elapsed         | 18257       |
|    total_timesteps      | 971504      |
| train/                  |             |
|    approx_kl            | 0.010480998 |
|    clip_fraction        | 0.0888      |
|    clip_range           | 0.2         |
|    entropy_loss         | -8.92       |
|    explained_variance   | 0.67        |
|    learning_rate        | 0.0003      |
|    loss                 | 0.764       |
|    n_updates            | 4730        |
|    policy_gradient_loss | -0.0115     |
|    std                  | 5.4         |
|    value_loss           | 2           |
-----------------------------------------
-----------------------------------------
| rollout/                |             |
|    ep_len_mean          | 705         |
|    ep_rew_mean          | 39.8        |
| time/                   |             |
|    fps                  | 36          |
|    iterations           | 324         |
|    time_elapsed         | 18313       |
|    total_timesteps      | 973552      |
| train/                  |             |
|    approx_kl            | 0.011004239 |
|    clip_fraction        | 0.115       |
|    clip_range           | 0.2         |
|    entropy_loss         | -8.93       |
|    explained_variance   | 0.914       |
|    learning_rate        | 0.0003      |
|    loss                 | 0.385       |
|    n_updates            | 4740        |
|    policy_gradient_loss | -0.0108     |
|    std                  | 5.46        |
|    value_loss           | 1.34        |
-----------------------------------------
-----------------------------------------
| rollout/                |             |
|    ep_len_mean          | 685         |
|    ep_rew_mean          | 43          |
| time/                   |             |
|    fps                  | 36          |
|    iterations           | 325         |
|    time_elapsed         | 18370       |
|    total_timesteps      | 975600      |
| train/                  |             |
|    approx_kl            | 0.009230103 |
|    clip_fraction        | 0.104       |
|    clip_range           | 0.2         |
|    entropy_loss         | -8.94       |
|    explained_variance   | 0.95        |
|    learning_rate        | 0.0003      |
|    loss                 | 2.06        |
|    n_updates            | 4750        |
|    policy_gradient_loss | -0.00807    |
|    std                  | 5.46        |
|    value_loss           | 0.955       |
-----------------------------------------
------------------------------------------
| rollout/                |              |
|    ep_len_mean          | 686          |
|    ep_rew_mean          | 43.3         |
| time/                   |              |
|    fps                  | 36           |
|    iterations           | 326          |
|    time_elapsed         | 18426        |
|    total_timesteps      | 977648       |
| train/                  |              |
|    approx_kl            | 0.0071626096 |
|    clip_fraction        | 0.0903       |
|    clip_range           | 0.2          |
|    entropy_loss         | -8.93        |
|    explained_variance   | 0.73         |
|    learning_rate        | 0.0003       |
|    loss                 | 1.51         |
|    n_updates            | 4760         |
|    policy_gradient_loss | -0.00731     |
|    std                  | 5.44         |
|    value_loss           | 3.35         |
------------------------------------------
-----------------------------------------
| rollout/                |             |
|    ep_len_mean          | 676         |
|    ep_rew_mean          | 44.3        |
| time/                   |             |
|    fps                  | 36          |
|    iterations           | 327         |
|    time_elapsed         | 18483       |
|    total_timesteps      | 979696      |
| train/                  |             |
|    approx_kl            | 0.009452017 |
|    clip_fraction        | 0.106       |
|    clip_range           | 0.2         |
|    entropy_loss         | -8.94       |
|    explained_variance   | 0.917       |
|    learning_rate        | 0.0003      |
|    loss                 | 0.806       |
|    n_updates            | 4770        |
|    policy_gradient_loss | -0.011      |
|    std                  | 5.5         |
|    value_loss           | 1.5         |
-----------------------------------------
-----------------------------------------
| rollout/                |             |
|    ep_len_mean          | 668         |
|    ep_rew_mean          | 44.7        |
| time/                   |             |
|    fps                  | 36          |
|    iterations           | 328         |
|    time_elapsed         | 18538       |
|    total_timesteps      | 981744      |
| train/                  |             |
|    approx_kl            | 0.011090927 |
|    clip_fraction        | 0.119       |
|    clip_range           | 0.2         |
|    entropy_loss         | -8.95       |
|    explained_variance   | 0.876       |
|    learning_rate        | 0.0003      |
|    loss                 | 0.509       |
|    n_updates            | 4780        |
|    policy_gradient_loss | -0.0114     |
|    std                  | 5.51        |
|    value_loss           | 1.29        |
-----------------------------------------
-----------------------------------------
| rollout/                |             |
|    ep_len_mean          | 676         |
|    ep_rew_mean          | 45.6        |
| time/                   |             |
|    fps                  | 36          |
|    iterations           | 329         |
|    time_elapsed         | 18595       |
|    total_timesteps      | 983792      |
| train/                  |             |
|    approx_kl            | 0.008748652 |
|    clip_fraction        | 0.0791      |
|    clip_range           | 0.2         |
|    entropy_loss         | -8.97       |
|    explained_variance   | 0.755       |
|    learning_rate        | 0.0003      |
|    loss                 | 0.278       |
|    n_updates            | 4790        |
|    policy_gradient_loss | -0.011      |
|    std                  | 5.55        |
|    value_loss           | 1.78        |
-----------------------------------------
-----------------------------------------
| rollout/                |             |
|    ep_len_mean          | 669         |
|    ep_rew_mean          | 46.1        |
| time/                   |             |
|    fps                  | 36          |
|    iterations           | 330         |
|    time_elapsed         | 18650       |
|    total_timesteps      | 985840      |
| train/                  |             |
|    approx_kl            | 0.012015261 |
|    clip_fraction        | 0.0832      |
|    clip_range           | 0.2         |
|    entropy_loss         | -8.96       |
|    explained_variance   | 0.842       |
|    learning_rate        | 0.0003      |
|    loss                 | 0.406       |
|    n_updates            | 4800        |
|    policy_gradient_loss | -0.0112     |
|    std                  | 5.46        |
|    value_loss           | 1.69        |
-----------------------------------------
----------------------------------------
| rollout/                |            |
|    ep_len_mean          | 668        |
|    ep_rew_mean          | 50.2       |
| time/                   |            |
|    fps                  | 36         |
|    iterations           | 331        |
|    time_elapsed         | 18706      |
|    total_timesteps      | 987888     |
| train/                  |            |
|    approx_kl            | 0.01237325 |
|    clip_fraction        | 0.112      |
|    clip_range           | 0.2        |
|    entropy_loss         | -8.95      |
|    explained_variance   | 0.922      |
|    learning_rate        | 0.0003     |
|    loss                 | 0.395      |
|    n_updates            | 4810       |
|    policy_gradient_loss | -0.00877   |
|    std                  | 5.51       |
|    value_loss           | 1.36       |
----------------------------------------
-----------------------------------------
| rollout/                |             |
|    ep_len_mean          | 650         |
|    ep_rew_mean          | 51.5        |
| time/                   |             |
|    fps                  | 36          |
|    iterations           | 332         |
|    time_elapsed         | 18764       |
|    total_timesteps      | 989936      |
| train/                  |             |
|    approx_kl            | 0.007932683 |
|    clip_fraction        | 0.0684      |
|    clip_range           | 0.2         |
|    entropy_loss         | -8.97       |
|    explained_variance   | 0.66        |
|    learning_rate        | 0.0003      |
|    loss                 | 0.284       |
|    n_updates            | 4820        |
|    policy_gradient_loss | -0.00654    |
|    std                  | 5.57        |
|    value_loss           | 27.2        |
-----------------------------------------
------------------------------------------
| rollout/                |              |
|    ep_len_mean          | 665          |
|    ep_rew_mean          | 49.9         |
| time/                   |              |
|    fps                  | 36           |
|    iterations           | 333          |
|    time_elapsed         | 18821        |
|    total_timesteps      | 991984       |
| train/                  |              |
|    approx_kl            | 0.0070490064 |
|    clip_fraction        | 0.0831       |
|    clip_range           | 0.2          |
|    entropy_loss         | -8.98        |
|    explained_variance   | 0.597        |
|    learning_rate        | 0.0003       |
|    loss                 | 7.55         |
|    n_updates            | 4830         |
|    policy_gradient_loss | -0.0103      |
|    std                  | 5.57         |
|    value_loss           | 4.87         |
------------------------------------------
-----------------------------------------
| rollout/                |             |
|    ep_len_mean          | 665         |
|    ep_rew_mean          | 50.1        |
| time/                   |             |
|    fps                  | 36          |
|    iterations           | 334         |
|    time_elapsed         | 18877       |
|    total_timesteps      | 994032      |
| train/                  |             |
|    approx_kl            | 0.008074494 |
|    clip_fraction        | 0.0838      |
|    clip_range           | 0.2         |
|    entropy_loss         | -9          |
|    explained_variance   | 0.825       |
|    learning_rate        | 0.0003      |
|    loss                 | 0.308       |
|    n_updates            | 4840        |
|    policy_gradient_loss | -0.00769    |
|    std                  | 5.65        |
|    value_loss           | 2.28        |
-----------------------------------------
-----------------------------------------
| rollout/                |             |
|    ep_len_mean          | 654         |
|    ep_rew_mean          | 49.1        |
| time/                   |             |
|    fps                  | 36          |
|    iterations           | 335         |
|    time_elapsed         | 18934       |
|    total_timesteps      | 996080      |
| train/                  |             |
|    approx_kl            | 0.010980481 |
|    clip_fraction        | 0.102       |
|    clip_range           | 0.2         |
|    entropy_loss         | -9.04       |
|    explained_variance   | 0.815       |
|    learning_rate        | 0.0003      |
|    loss                 | 0.523       |
|    n_updates            | 4850        |
|    policy_gradient_loss | -0.0134     |
|    std                  | 5.72        |
|    value_loss           | 1.93        |
-----------------------------------------
------------------------------------------
| rollout/                |              |
|    ep_len_mean          | 645          |
|    ep_rew_mean          | 49           |
| time/                   |              |
|    fps                  | 36           |
|    iterations           | 336          |
|    time_elapsed         | 18990        |
|    total_timesteps      | 998128       |
| train/                  |              |
|    approx_kl            | 0.0069028568 |
|    clip_fraction        | 0.0739       |
|    clip_range           | 0.2          |
|    entropy_loss         | -9.07        |
|    explained_variance   | 0.704        |
|    learning_rate        | 0.0003       |
|    loss                 | 0.646        |
|    n_updates            | 4860         |
|    policy_gradient_loss | -0.0105      |
|    std                  | 5.78         |
|    value_loss           | 2.1          |
------------------------------------------
-----------------------------------------
| rollout/                |             |
|    ep_len_mean          | 654         |
|    ep_rew_mean          | 50.1        |
| time/                   |             |
|    fps                  | 36          |
|    iterations           | 337         |
|    time_elapsed         | 19047       |
|    total_timesteps      | 1000176     |
| train/                  |             |
|    approx_kl            | 0.008408655 |
|    clip_fraction        | 0.104       |
|    clip_range           | 0.2         |
|    entropy_loss         | -9.09       |
|    explained_variance   | 0.806       |
|    learning_rate        | 0.0003      |
|    loss                 | 0.41        |
|    n_updates            | 4870        |
|    policy_gradient_loss | -0.0138     |
|    std                  | 5.82        |
|    value_loss           | 1.76        |
-----------------------------------------
-----------------------------------------
| rollout/                |             |
|    ep_len_mean          | 656         |
|    ep_rew_mean          | 52.7        |
| time/                   |             |
|    fps                  | 36          |
|    iterations           | 338         |
|    time_elapsed         | 19103       |
|    total_timesteps      | 1002224     |
| train/                  |             |
|    approx_kl            | 0.009855808 |
|    clip_fraction        | 0.0882      |
|    clip_range           | 0.2         |
|    entropy_loss         | -9.11       |
|    explained_variance   | 0.739       |
|    learning_rate        | 0.0003      |
|    loss                 | 0.627       |
|    n_updates            | 4880        |
|    policy_gradient_loss | -0.00854    |
|    std                  | 5.88        |
|    value_loss           | 2.48        |
-----------------------------------------
-----------------------------------------
| rollout/                |             |
|    ep_len_mean          | 660         |
|    ep_rew_mean          | 53.5        |
| time/                   |             |
|    fps                  | 36          |
|    iterations           | 339         |
|    time_elapsed         | 19160       |
|    total_timesteps      | 1004272     |
| train/                  |             |
|    approx_kl            | 0.010604633 |
|    clip_fraction        | 0.0876      |
|    clip_range           | 0.2         |
|    entropy_loss         | -9.11       |
|    explained_variance   | 0.522       |
|    learning_rate        | 0.0003      |
|    loss                 | 0.206       |
|    n_updates            | 4890        |
|    policy_gradient_loss | -0.00766    |
|    std                  | 5.84        |
|    value_loss           | 27.2        |
-----------------------------------------
-----------------------------------------
| rollout/                |             |
|    ep_len_mean          | 650         |
|    ep_rew_mean          | 54.1        |
| time/                   |             |
|    fps                  | 36          |
|    iterations           | 340         |
|    time_elapsed         | 19216       |
|    total_timesteps      | 1006320     |
| train/                  |             |
|    approx_kl            | 0.012621553 |
|    clip_fraction        | 0.135       |
|    clip_range           | 0.2         |
|    entropy_loss         | -9.1        |
|    explained_variance   | 0.876       |
|    learning_rate        | 0.0003      |
|    loss                 | 0.335       |
|    n_updates            | 4900        |
|    policy_gradient_loss | -0.0132     |
|    std                  | 5.88        |
|    value_loss           | 1.38        |
-----------------------------------------
------------------------------------------
| rollout/                |              |
|    ep_len_mean          | 662          |
|    ep_rew_mean          | 58.4         |
| time/                   |              |
|    fps                  | 36           |
|    iterations           | 341          |
|    time_elapsed         | 19273        |
|    total_timesteps      | 1008368      |
| train/                  |              |
|    approx_kl            | 0.0051845694 |
|    clip_fraction        | 0.0432       |
|    clip_range           | 0.2          |
|    entropy_loss         | -9.11        |
|    explained_variance   | 0.173        |
|    learning_rate        | 0.0003       |
|    loss                 | 34.7         |
|    n_updates            | 4910         |
|    policy_gradient_loss | -0.00316     |
|    std                  | 5.89         |
|    value_loss           | 175          |
------------------------------------------
-----------------------------------------
| rollout/                |             |
|    ep_len_mean          | 672         |
|    ep_rew_mean          | 60.2        |
| time/                   |             |
|    fps                  | 36          |
|    iterations           | 342         |
|    time_elapsed         | 19329       |
|    total_timesteps      | 1010416     |
| train/                  |             |
|    approx_kl            | 0.003832021 |
|    clip_fraction        | 0.00908     |
|    clip_range           | 0.2         |
|    entropy_loss         | -9.12       |
|    explained_variance   | 0.596       |
|    learning_rate        | 0.0003      |
|    loss                 | 5.16        |
|    n_updates            | 4920        |
|    policy_gradient_loss | -0.00209    |
|    std                  | 5.9         |
|    value_loss           | 118         |
-----------------------------------------
-----------------------------------------
| rollout/                |             |
|    ep_len_mean          | 682         |
|    ep_rew_mean          | 59.2        |
| time/                   |             |
|    fps                  | 36          |
|    iterations           | 343         |
|    time_elapsed         | 19386       |
|    total_timesteps      | 1012464     |
| train/                  |             |
|    approx_kl            | 0.008976009 |
|    clip_fraction        | 0.09        |
|    clip_range           | 0.2         |
|    entropy_loss         | -9.12       |
|    explained_variance   | 0.779       |
|    learning_rate        | 0.0003      |
|    loss                 | 0.89        |
|    n_updates            | 4930        |
|    policy_gradient_loss | -0.00834    |
|    std                  | 5.89        |
|    value_loss           | 2.77        |
-----------------------------------------
------------------------------------------
| rollout/                |              |
|    ep_len_mean          | 686          |
|    ep_rew_mean          | 58.3         |
| time/                   |              |
|    fps                  | 36           |
|    iterations           | 344          |
|    time_elapsed         | 19442        |
|    total_timesteps      | 1014512      |
| train/                  |              |
|    approx_kl            | 0.0071623605 |
|    clip_fraction        | 0.0663       |
|    clip_range           | 0.2          |
|    entropy_loss         | -9.12        |
|    explained_variance   | 0.771        |
|    learning_rate        | 0.0003       |
|    loss                 | 0.129        |
|    n_updates            | 4940         |
|    policy_gradient_loss | -0.007       |
|    std                  | 5.91         |
|    value_loss           | 3.52         |
------------------------------------------
-----------------------------------------
| rollout/                |             |
|    ep_len_mean          | 669         |
|    ep_rew_mean          | 57.7        |
| time/                   |             |
|    fps                  | 36          |
|    iterations           | 345         |
|    time_elapsed         | 19498       |
|    total_timesteps      | 1016560     |
| train/                  |             |
|    approx_kl            | 0.008206152 |
|    clip_fraction        | 0.087       |
|    clip_range           | 0.2         |
|    entropy_loss         | -9.13       |
|    explained_variance   | 0.881       |
|    learning_rate        | 0.0003      |
|    loss                 | 0.748       |
|    n_updates            | 4950        |
|    policy_gradient_loss | -0.0109     |
|    std                  | 5.92        |
|    value_loss           | 2.29        |
-----------------------------------------
-----------------------------------------
| rollout/                |             |
|    ep_len_mean          | 667         |
|    ep_rew_mean          | 58.7        |
| time/                   |             |
|    fps                  | 36          |
|    iterations           | 346         |
|    time_elapsed         | 19555       |
|    total_timesteps      | 1018608     |
| train/                  |             |
|    approx_kl            | 0.013393148 |
|    clip_fraction        | 0.106       |
|    clip_range           | 0.2         |
|    entropy_loss         | -9.15       |
|    explained_variance   | 0.725       |
|    learning_rate        | 0.0003      |
|    loss                 | 0.987       |
|    n_updates            | 4960        |
|    policy_gradient_loss | -0.00908    |
|    std                  | 5.94        |
|    value_loss           | 4.07        |
-----------------------------------------
-----------------------------------------
| rollout/                |             |
|    ep_len_mean          | 683         |
|    ep_rew_mean          | 59.1        |
| time/                   |             |
|    fps                  | 36          |
|    iterations           | 347         |
|    time_elapsed         | 19611       |
|    total_timesteps      | 1020656     |
| train/                  |             |
|    approx_kl            | 0.008054105 |
|    clip_fraction        | 0.0825      |
|    clip_range           | 0.2         |
|    entropy_loss         | -9.18       |
|    explained_variance   | 0.745       |
|    learning_rate        | 0.0003      |
|    loss                 | 0.49        |
|    n_updates            | 4970        |
|    policy_gradient_loss | -0.0118     |
|    std                  | 6.04        |
|    value_loss           | 2.4         |
-----------------------------------------
-----------------------------------------
| rollout/                |             |
|    ep_len_mean          | 690         |
|    ep_rew_mean          | 61.4        |
| time/                   |             |
|    fps                  | 36          |
|    iterations           | 348         |
|    time_elapsed         | 19667       |
|    total_timesteps      | 1022704     |
| train/                  |             |
|    approx_kl            | 0.008143749 |
|    clip_fraction        | 0.0946      |
|    clip_range           | 0.2         |
|    entropy_loss         | -9.2        |
|    explained_variance   | 0.935       |
|    learning_rate        | 0.0003      |
|    loss                 | 0.457       |
|    n_updates            | 4980        |
|    policy_gradient_loss | -0.00782    |
|    std                  | 6.08        |
|    value_loss           | 1.94        |
-----------------------------------------
-----------------------------------------
| rollout/                |             |
|    ep_len_mean          | 687         |
|    ep_rew_mean          | 64.1        |
| time/                   |             |
|    fps                  | 36          |
|    iterations           | 349         |
|    time_elapsed         | 19723       |
|    total_timesteps      | 1024752     |
| train/                  |             |
|    approx_kl            | 0.008188784 |
|    clip_fraction        | 0.0884      |
|    clip_range           | 0.2         |
|    entropy_loss         | -9.19       |
|    explained_variance   | 0.889       |
|    learning_rate        | 0.0003      |
|    loss                 | 0.389       |
|    n_updates            | 4990        |
|    policy_gradient_loss | -0.0117     |
|    std                  | 6.03        |
|    value_loss           | 1.22        |
-----------------------------------------
------------------------------------------
| rollout/                |              |
|    ep_len_mean          | 693          |
|    ep_rew_mean          | 64.4         |
| time/                   |              |
|    fps                  | 36           |
|    iterations           | 350          |
|    time_elapsed         | 19779        |
|    total_timesteps      | 1026800      |
| train/                  |              |
|    approx_kl            | 0.0092343185 |
|    clip_fraction        | 0.0945       |
|    clip_range           | 0.2          |
|    entropy_loss         | -9.19        |
|    explained_variance   | 0.54         |
|    learning_rate        | 0.0003       |
|    loss                 | 0.366        |
|    n_updates            | 5000         |
|    policy_gradient_loss | -0.00764     |
|    std                  | 6.11         |
|    value_loss           | 26.8         |
------------------------------------------
-----------------------------------------
| rollout/                |             |
|    ep_len_mean          | 695         |
|    ep_rew_mean          | 66.7        |
| time/                   |             |
|    fps                  | 36          |
|    iterations           | 351         |
|    time_elapsed         | 19835       |
|    total_timesteps      | 1028848     |
| train/                  |             |
|    approx_kl            | 0.008295647 |
|    clip_fraction        | 0.0939      |
|    clip_range           | 0.2         |
|    entropy_loss         | -9.24       |
|    explained_variance   | 0.864       |
|    learning_rate        | 0.0003      |
|    loss                 | 0.489       |
|    n_updates            | 5010        |
|    policy_gradient_loss | -0.013      |
|    std                  | 6.22        |
|    value_loss           | 1.61        |
-----------------------------------------
------------------------------------------
| rollout/                |              |
|    ep_len_mean          | 703          |
|    ep_rew_mean          | 70.6         |
| time/                   |              |
|    fps                  | 36           |
|    iterations           | 352          |
|    time_elapsed         | 19891        |
|    total_timesteps      | 1030896      |
| train/                  |              |
|    approx_kl            | 0.0063301604 |
|    clip_fraction        | 0.083        |
|    clip_range           | 0.2          |
|    entropy_loss         | -9.27        |
|    explained_variance   | 0.924        |
|    learning_rate        | 0.0003       |
|    loss                 | 0.37         |
|    n_updates            | 5020         |
|    policy_gradient_loss | -0.0059      |
|    std                  | 6.24         |
|    value_loss           | 1.23         |
------------------------------------------
-----------------------------------------
| rollout/                |             |
|    ep_len_mean          | 715         |
|    ep_rew_mean          | 68.7        |
| time/                   |             |
|    fps                  | 36          |
|    iterations           | 353         |
|    time_elapsed         | 19947       |
|    total_timesteps      | 1032944     |
| train/                  |             |
|    approx_kl            | 0.007986403 |
|    clip_fraction        | 0.0623      |
|    clip_range           | 0.2         |
|    entropy_loss         | -9.26       |
|    explained_variance   | 0.691       |
|    learning_rate        | 0.0003      |
|    loss                 | 0.311       |
|    n_updates            | 5030        |
|    policy_gradient_loss | -0.00809    |
|    std                  | 6.24        |
|    value_loss           | 28.1        |
-----------------------------------------
------------------------------------------
| rollout/                |              |
|    ep_len_mean          | 716          |
|    ep_rew_mean          | 68.3         |
| time/                   |              |
|    fps                  | 36           |
|    iterations           | 354          |
|    time_elapsed         | 20003        |
|    total_timesteps      | 1034992      |
| train/                  |              |
|    approx_kl            | 0.0062233023 |
|    clip_fraction        | 0.0818       |
|    clip_range           | 0.2          |
|    entropy_loss         | -9.27        |
|    explained_variance   | 0.922        |
|    learning_rate        | 0.0003       |
|    loss                 | 0.373        |
|    n_updates            | 5040         |
|    policy_gradient_loss | -0.00632     |
|    std                  | 6.33         |
|    value_loss           | 2.01         |
------------------------------------------
-----------------------------------------
| rollout/                |             |
|    ep_len_mean          | 690         |
|    ep_rew_mean          | 67          |
| time/                   |             |
|    fps                  | 36          |
|    iterations           | 355         |
|    time_elapsed         | 20062       |
|    total_timesteps      | 1037040     |
| train/                  |             |
|    approx_kl            | 0.009447761 |
|    clip_fraction        | 0.0921      |
|    clip_range           | 0.2         |
|    entropy_loss         | -9.29       |
|    explained_variance   | 0.791       |
|    learning_rate        | 0.0003      |
|    loss                 | 0.502       |
|    n_updates            | 5050        |
|    policy_gradient_loss | -0.012      |
|    std                  | 6.37        |
|    value_loss           | 1.84        |
-----------------------------------------
-----------------------------------------
| rollout/                |             |
|    ep_len_mean          | 696         |
|    ep_rew_mean          | 68.1        |
| time/                   |             |
|    fps                  | 36          |
|    iterations           | 356         |
|    time_elapsed         | 20118       |
|    total_timesteps      | 1039088     |
| train/                  |             |
|    approx_kl            | 0.004317864 |
|    clip_fraction        | 0.037       |
|    clip_range           | 0.2         |
|    entropy_loss         | -9.3        |
|    explained_variance   | 0.167       |
|    learning_rate        | 0.0003      |
|    loss                 | 279         |
|    n_updates            | 5060        |
|    policy_gradient_loss | -0.00431    |
|    std                  | 6.39        |
|    value_loss           | 175         |
-----------------------------------------
-----------------------------------------
| rollout/                |             |
|    ep_len_mean          | 687         |
|    ep_rew_mean          | 67.9        |
| time/                   |             |
|    fps                  | 36          |
|    iterations           | 357         |
|    time_elapsed         | 20175       |
|    total_timesteps      | 1041136     |
| train/                  |             |
|    approx_kl            | 0.009006279 |
|    clip_fraction        | 0.0831      |
|    clip_range           | 0.2         |
|    entropy_loss         | -9.28       |
|    explained_variance   | 0.858       |
|    learning_rate        | 0.0003      |
|    loss                 | 0.249       |
|    n_updates            | 5070        |
|    policy_gradient_loss | -0.0101     |
|    std                  | 6.33        |
|    value_loss           | 1.7         |
-----------------------------------------
-----------------------------------------
| rollout/                |             |
|    ep_len_mean          | 678         |
|    ep_rew_mean          | 65.3        |
| time/                   |             |
|    fps                  | 36          |
|    iterations           | 358         |
|    time_elapsed         | 20232       |
|    total_timesteps      | 1043184     |
| train/                  |             |
|    approx_kl            | 0.011256075 |
|    clip_fraction        | 0.0958      |
|    clip_range           | 0.2         |
|    entropy_loss         | -9.28       |
|    explained_variance   | 0.761       |
|    learning_rate        | 0.0003      |
|    loss                 | 0.536       |
|    n_updates            | 5080        |
|    policy_gradient_loss | -0.0111     |
|    std                  | 6.36        |
|    value_loss           | 2.08        |
-----------------------------------------
-----------------------------------------
| rollout/                |             |
|    ep_len_mean          | 686         |
|    ep_rew_mean          | 66.1        |
| time/                   |             |
|    fps                  | 36          |
|    iterations           | 359         |
|    time_elapsed         | 20288       |
|    total_timesteps      | 1045232     |
| train/                  |             |
|    approx_kl            | 0.009893376 |
|    clip_fraction        | 0.0901      |
|    clip_range           | 0.2         |
|    entropy_loss         | -9.29       |
|    explained_variance   | 0.874       |
|    learning_rate        | 0.0003      |
|    loss                 | 0.684       |
|    n_updates            | 5090        |
|    policy_gradient_loss | -0.0131     |
|    std                  | 6.39        |
|    value_loss           | 2.4         |
-----------------------------------------
-----------------------------------------
| rollout/                |             |
|    ep_len_mean          | 686         |
|    ep_rew_mean          | 63          |
| time/                   |             |
|    fps                  | 36          |
|    iterations           | 360         |
|    time_elapsed         | 20344       |
|    total_timesteps      | 1047280     |
| train/                  |             |
|    approx_kl            | 0.016699078 |
|    clip_fraction        | 0.119       |
|    clip_range           | 0.2         |
|    entropy_loss         | -9.31       |
|    explained_variance   | 0.871       |
|    learning_rate        | 0.0003      |
|    loss                 | 0.44        |
|    n_updates            | 5100        |
|    policy_gradient_loss | -0.012      |
|    std                  | 6.46        |
|    value_loss           | 1.69        |
-----------------------------------------
----------------------------------------
| rollout/                |            |
|    ep_len_mean          | 675        |
|    ep_rew_mean          | 63         |
| time/                   |            |
|    fps                  | 36         |
|    iterations           | 361        |
|    time_elapsed         | 20401      |
|    total_timesteps      | 1049328    |
| train/                  |            |
|    approx_kl            | 0.00921473 |
|    clip_fraction        | 0.104      |
|    clip_range           | 0.2        |
|    entropy_loss         | -9.33      |
|    explained_variance   | 0.888      |
|    learning_rate        | 0.0003     |
|    loss                 | 0.562      |
|    n_updates            | 5110       |
|    policy_gradient_loss | -0.00756   |
|    std                  | 6.44       |
|    value_loss           | 2.3        |
----------------------------------------
-----------------------------------------
| rollout/                |             |
|    ep_len_mean          | 676         |
|    ep_rew_mean          | 61.5        |
| time/                   |             |
|    fps                  | 36          |
|    iterations           | 362         |
|    time_elapsed         | 20457       |
|    total_timesteps      | 1051376     |
| train/                  |             |
|    approx_kl            | 0.008522052 |
|    clip_fraction        | 0.0712      |
|    clip_range           | 0.2         |
|    entropy_loss         | -9.32       |
|    explained_variance   | 0.783       |
|    learning_rate        | 0.0003      |
|    loss                 | 0.298       |
|    n_updates            | 5120        |
|    policy_gradient_loss | -0.00536    |
|    std                  | 6.42        |
|    value_loss           | 3.2         |
-----------------------------------------
-----------------------------------------
| rollout/                |             |
|    ep_len_mean          | 682         |
|    ep_rew_mean          | 61.4        |
| time/                   |             |
|    fps                  | 36          |
|    iterations           | 363         |
|    time_elapsed         | 20513       |
|    total_timesteps      | 1053424     |
| train/                  |             |
|    approx_kl            | 0.010416175 |
|    clip_fraction        | 0.0958      |
|    clip_range           | 0.2         |
|    entropy_loss         | -9.33       |
|    explained_variance   | 0.7         |
|    learning_rate        | 0.0003      |
|    loss                 | 0.316       |
|    n_updates            | 5130        |
|    policy_gradient_loss | -0.00964    |
|    std                  | 6.43        |
|    value_loss           | 1.2         |
-----------------------------------------
-----------------------------------------
| rollout/                |             |
|    ep_len_mean          | 666         |
|    ep_rew_mean          | 57.7        |
| time/                   |             |
|    fps                  | 36          |
|    iterations           | 364         |
|    time_elapsed         | 20569       |
|    total_timesteps      | 1055472     |
| train/                  |             |
|    approx_kl            | 0.009258561 |
|    clip_fraction        | 0.0919      |
|    clip_range           | 0.2         |
|    entropy_loss         | -9.35       |
|    explained_variance   | 0.82        |
|    learning_rate        | 0.0003      |
|    loss                 | 0.0865      |
|    n_updates            | 5140        |
|    policy_gradient_loss | -0.00867    |
|    std                  | 6.48        |
|    value_loss           | 0.829       |
-----------------------------------------
-----------------------------------------
| rollout/                |             |
|    ep_len_mean          | 682         |
|    ep_rew_mean          | 59.5        |
| time/                   |             |
|    fps                  | 36          |
|    iterations           | 365         |
|    time_elapsed         | 20625       |
|    total_timesteps      | 1057520     |
| train/                  |             |
|    approx_kl            | 0.007812577 |
|    clip_fraction        | 0.0803      |
|    clip_range           | 0.2         |
|    entropy_loss         | -9.35       |
|    explained_variance   | 0.837       |
|    learning_rate        | 0.0003      |
|    loss                 | 0.905       |
|    n_updates            | 5150        |
|    policy_gradient_loss | -0.0111     |
|    std                  | 6.47        |
|    value_loss           | 3.26        |
-----------------------------------------
----------------------------------------
| rollout/                |            |
|    ep_len_mean          | 679        |
|    ep_rew_mean          | 63.7       |
| time/                   |            |
|    fps                  | 36         |
|    iterations           | 366        |
|    time_elapsed         | 20681      |
|    total_timesteps      | 1059568    |
| train/                  |            |
|    approx_kl            | 0.01125868 |
|    clip_fraction        | 0.105      |
|    clip_range           | 0.2        |
|    entropy_loss         | -9.35      |
|    explained_variance   | 0.888      |
|    learning_rate        | 0.0003     |
|    loss                 | 0.153      |
|    n_updates            | 5160       |
|    policy_gradient_loss | -0.0107    |
|    std                  | 6.43       |
|    value_loss           | 1.24       |
----------------------------------------
-----------------------------------------
| rollout/                |             |
|    ep_len_mean          | 680         |
|    ep_rew_mean          | 63.4        |
| time/                   |             |
|    fps                  | 36          |
|    iterations           | 367         |
|    time_elapsed         | 20738       |
|    total_timesteps      | 1061616     |
| train/                  |             |
|    approx_kl            | 0.002544515 |
|    clip_fraction        | 0.0103      |
|    clip_range           | 0.2         |
|    entropy_loss         | -9.35       |
|    explained_variance   | 0.4         |
|    learning_rate        | 0.0003      |
|    loss                 | 2.96        |
|    n_updates            | 5170        |
|    policy_gradient_loss | -0.00186    |
|    std                  | 6.45        |
|    value_loss           | 126         |
-----------------------------------------
-----------------------------------------
| rollout/                |             |
|    ep_len_mean          | 689         |
|    ep_rew_mean          | 63.6        |
| time/                   |             |
|    fps                  | 36          |
|    iterations           | 368         |
|    time_elapsed         | 20794       |
|    total_timesteps      | 1063664     |
| train/                  |             |
|    approx_kl            | 0.003998339 |
|    clip_fraction        | 0.0245      |
|    clip_range           | 0.2         |
|    entropy_loss         | -9.36       |
|    explained_variance   | 0.698       |
|    learning_rate        | 0.0003      |
|    loss                 | 1.3         |
|    n_updates            | 5180        |
|    policy_gradient_loss | -0.00283    |
|    std                  | 6.49        |
|    value_loss           | 14.6        |
-----------------------------------------
-----------------------------------------
| rollout/                |             |
|    ep_len_mean          | 669         |
|    ep_rew_mean          | 63.2        |
| time/                   |             |
|    fps                  | 36          |
|    iterations           | 369         |
|    time_elapsed         | 20852       |
|    total_timesteps      | 1065712     |
| train/                  |             |
|    approx_kl            | 0.006517401 |
|    clip_fraction        | 0.0565      |
|    clip_range           | 0.2         |
|    entropy_loss         | -9.38       |
|    explained_variance   | 0.388       |
|    learning_rate        | 0.0003      |
|    loss                 | 1.24        |
|    n_updates            | 5190        |
|    policy_gradient_loss | -0.00944    |
|    std                  | 6.54        |
|    value_loss           | 4.94        |
-----------------------------------------
-----------------------------------------
| rollout/                |             |
|    ep_len_mean          | 660         |
|    ep_rew_mean          | 59.8        |
| time/                   |             |
|    fps                  | 36          |
|    iterations           | 370         |
|    time_elapsed         | 20909       |
|    total_timesteps      | 1067760     |
| train/                  |             |
|    approx_kl            | 0.006052253 |
|    clip_fraction        | 0.0388      |
|    clip_range           | 0.2         |
|    entropy_loss         | -9.41       |
|    explained_variance   | 0.63        |
|    learning_rate        | 0.0003      |
|    loss                 | 1.15        |
|    n_updates            | 5200        |
|    policy_gradient_loss | -0.00572    |
|    std                  | 6.62        |
|    value_loss           | 7.1         |
-----------------------------------------
-----------------------------------------
| rollout/                |             |
|    ep_len_mean          | 665         |
|    ep_rew_mean          | 60.5        |
| time/                   |             |
|    fps                  | 36          |
|    iterations           | 371         |
|    time_elapsed         | 20966       |
|    total_timesteps      | 1069808     |
| train/                  |             |
|    approx_kl            | 0.009231219 |
|    clip_fraction        | 0.0725      |
|    clip_range           | 0.2         |
|    entropy_loss         | -9.44       |
|    explained_variance   | 0.847       |
|    learning_rate        | 0.0003      |
|    loss                 | 2.11        |
|    n_updates            | 5210        |
|    policy_gradient_loss | -0.00782    |
|    std                  | 6.62        |
|    value_loss           | 3.76        |
-----------------------------------------
-----------------------------------------
| rollout/                |             |
|    ep_len_mean          | 670         |
|    ep_rew_mean          | 59.5        |
| time/                   |             |
|    fps                  | 36          |
|    iterations           | 372         |
|    time_elapsed         | 21022       |
|    total_timesteps      | 1071856     |
| train/                  |             |
|    approx_kl            | 0.011402242 |
|    clip_fraction        | 0.111       |
|    clip_range           | 0.2         |
|    entropy_loss         | -9.44       |
|    explained_variance   | 0.764       |
|    learning_rate        | 0.0003      |
|    loss                 | 0.199       |
|    n_updates            | 5220        |
|    policy_gradient_loss | -0.0118     |
|    std                  | 6.64        |
|    value_loss           | 1.53        |
-----------------------------------------
-----------------------------------------
| rollout/                |             |
|    ep_len_mean          | 666         |
|    ep_rew_mean          | 59.1        |
| time/                   |             |
|    fps                  | 36          |
|    iterations           | 373         |
|    time_elapsed         | 21078       |
|    total_timesteps      | 1073904     |
| train/                  |             |
|    approx_kl            | 0.008439088 |
|    clip_fraction        | 0.0796      |
|    clip_range           | 0.2         |
|    entropy_loss         | -9.45       |
|    explained_variance   | 0.919       |
|    learning_rate        | 0.0003      |
|    loss                 | 0.359       |
|    n_updates            | 5230        |
|    policy_gradient_loss | -0.0121     |
|    std                  | 6.66        |
|    value_loss           | 1.31        |
-----------------------------------------
-----------------------------------------
| rollout/                |             |
|    ep_len_mean          | 659         |
|    ep_rew_mean          | 55.2        |
| time/                   |             |
|    fps                  | 36          |
|    iterations           | 374         |
|    time_elapsed         | 21134       |
|    total_timesteps      | 1075952     |
| train/                  |             |
|    approx_kl            | 0.008173392 |
|    clip_fraction        | 0.0789      |
|    clip_range           | 0.2         |
|    entropy_loss         | -9.45       |
|    explained_variance   | 0.904       |
|    learning_rate        | 0.0003      |
|    loss                 | 0.684       |
|    n_updates            | 5240        |
|    policy_gradient_loss | -0.0116     |
|    std                  | 6.64        |
|    value_loss           | 1.73        |
-----------------------------------------
-----------------------------------------
| rollout/                |             |
|    ep_len_mean          | 666         |
|    ep_rew_mean          | 60.4        |
| time/                   |             |
|    fps                  | 36          |
|    iterations           | 375         |
|    time_elapsed         | 21191       |
|    total_timesteps      | 1078000     |
| train/                  |             |
|    approx_kl            | 0.010295292 |
|    clip_fraction        | 0.107       |
|    clip_range           | 0.2         |
|    entropy_loss         | -9.46       |
|    explained_variance   | 0.788       |
|    learning_rate        | 0.0003      |
|    loss                 | 0.289       |
|    n_updates            | 5250        |
|    policy_gradient_loss | -0.0132     |
|    std                  | 6.66        |
|    value_loss           | 1.63        |
-----------------------------------------
------------------------------------------
| rollout/                |              |
|    ep_len_mean          | 665          |
|    ep_rew_mean          | 61           |
| time/                   |              |
|    fps                  | 36           |
|    iterations           | 376          |
|    time_elapsed         | 21247        |
|    total_timesteps      | 1080048      |
| train/                  |              |
|    approx_kl            | 0.0070534595 |
|    clip_fraction        | 0.0434       |
|    clip_range           | 0.2          |
|    entropy_loss         | -9.47        |
|    explained_variance   | 0.373        |
|    learning_rate        | 0.0003       |
|    loss                 | 2.83         |
|    n_updates            | 5260         |
|    policy_gradient_loss | -0.00392     |
|    std                  | 6.66         |
|    value_loss           | 121          |
------------------------------------------
-----------------------------------------
| rollout/                |             |
|    ep_len_mean          | 661         |
|    ep_rew_mean          | 59.9        |
| time/                   |             |
|    fps                  | 36          |
|    iterations           | 377         |
|    time_elapsed         | 21304       |
|    total_timesteps      | 1082096     |
| train/                  |             |
|    approx_kl            | 0.007873292 |
|    clip_fraction        | 0.0671      |
|    clip_range           | 0.2         |
|    entropy_loss         | -9.48       |
|    explained_variance   | 0.709       |
|    learning_rate        | 0.0003      |
|    loss                 | 1.66        |
|    n_updates            | 5270        |
|    policy_gradient_loss | -0.00935    |
|    std                  | 6.69        |
|    value_loss           | 11.6        |
-----------------------------------------
------------------------------------------
| rollout/                |              |
|    ep_len_mean          | 652          |
|    ep_rew_mean          | 58.3         |
| time/                   |              |
|    fps                  | 36           |
|    iterations           | 378          |
|    time_elapsed         | 21361        |
|    total_timesteps      | 1084144      |
| train/                  |              |
|    approx_kl            | 0.0054192403 |
|    clip_fraction        | 0.0255       |
|    clip_range           | 0.2          |
|    entropy_loss         | -9.5         |
|    explained_variance   | 0.653        |
|    learning_rate        | 0.0003       |
|    loss                 | 3.3          |
|    n_updates            | 5280         |
|    policy_gradient_loss | -0.00609     |
|    std                  | 6.72         |
|    value_loss           | 12.1         |
------------------------------------------
-----------------------------------------
| rollout/                |             |
|    ep_len_mean          | 646         |
|    ep_rew_mean          | 57.4        |
| time/                   |             |
|    fps                  | 36          |
|    iterations           | 379         |
|    time_elapsed         | 21416       |
|    total_timesteps      | 1086192     |
| train/                  |             |
|    approx_kl            | 0.008468116 |
|    clip_fraction        | 0.0665      |
|    clip_range           | 0.2         |
|    entropy_loss         | -9.51       |
|    explained_variance   | 0.885       |
|    learning_rate        | 0.0003      |
|    loss                 | 0.502       |
|    n_updates            | 5290        |
|    policy_gradient_loss | -0.00861    |
|    std                  | 6.79        |
|    value_loss           | 4.05        |
-----------------------------------------
-----------------------------------------
| rollout/                |             |
|    ep_len_mean          | 648         |
|    ep_rew_mean          | 54.4        |
| time/                   |             |
|    fps                  | 36          |
|    iterations           | 380         |
|    time_elapsed         | 21472       |
|    total_timesteps      | 1088240     |
| train/                  |             |
|    approx_kl            | 0.010304628 |
|    clip_fraction        | 0.117       |
|    clip_range           | 0.2         |
|    entropy_loss         | -9.52       |
|    explained_variance   | 0.752       |
|    learning_rate        | 0.0003      |
|    loss                 | 0.294       |
|    n_updates            | 5300        |
|    policy_gradient_loss | -0.0124     |
|    std                  | 6.84        |
|    value_loss           | 2.44        |
-----------------------------------------
-----------------------------------------
| rollout/                |             |
|    ep_len_mean          | 641         |
|    ep_rew_mean          | 53.6        |
| time/                   |             |
|    fps                  | 36          |
|    iterations           | 381         |
|    time_elapsed         | 21528       |
|    total_timesteps      | 1090288     |
| train/                  |             |
|    approx_kl            | 0.008628094 |
|    clip_fraction        | 0.0943      |
|    clip_range           | 0.2         |
|    entropy_loss         | -9.52       |
|    explained_variance   | 0.791       |
|    learning_rate        | 0.0003      |
|    loss                 | 0.334       |
|    n_updates            | 5310        |
|    policy_gradient_loss | -0.00743    |
|    std                  | 6.81        |
|    value_loss           | 1.7         |
-----------------------------------------
-----------------------------------------
| rollout/                |             |
|    ep_len_mean          | 635         |
|    ep_rew_mean          | 53.5        |
| time/                   |             |
|    fps                  | 36          |
|    iterations           | 382         |
|    time_elapsed         | 21585       |
|    total_timesteps      | 1092336     |
| train/                  |             |
|    approx_kl            | 0.011285376 |
|    clip_fraction        | 0.0972      |
|    clip_range           | 0.2         |
|    entropy_loss         | -9.52       |
|    explained_variance   | 0.84        |
|    learning_rate        | 0.0003      |
|    loss                 | 0.765       |
|    n_updates            | 5320        |
|    policy_gradient_loss | -0.00685    |
|    std                  | 6.83        |
|    value_loss           | 2.75        |
-----------------------------------------
-----------------------------------------
| rollout/                |             |
|    ep_len_mean          | 625         |
|    ep_rew_mean          | 52.8        |
| time/                   |             |
|    fps                  | 36          |
|    iterations           | 383         |
|    time_elapsed         | 21642       |
|    total_timesteps      | 1094384     |
| train/                  |             |
|    approx_kl            | 0.007703347 |
|    clip_fraction        | 0.106       |
|    clip_range           | 0.2         |
|    entropy_loss         | -9.51       |
|    explained_variance   | 0.86        |
|    learning_rate        | 0.0003      |
|    loss                 | 0.426       |
|    n_updates            | 5330        |
|    policy_gradient_loss | -0.0107     |
|    std                  | 6.79        |
|    value_loss           | 2.61        |
-----------------------------------------
-----------------------------------------
| rollout/                |             |
|    ep_len_mean          | 634         |
|    ep_rew_mean          | 51.2        |
| time/                   |             |
|    fps                  | 36          |
|    iterations           | 384         |
|    time_elapsed         | 21698       |
|    total_timesteps      | 1096432     |
| train/                  |             |
|    approx_kl            | 0.008794611 |
|    clip_fraction        | 0.0831      |
|    clip_range           | 0.2         |
|    entropy_loss         | -9.52       |
|    explained_variance   | 0.93        |
|    learning_rate        | 0.0003      |
|    loss                 | 0.339       |
|    n_updates            | 5340        |
|    policy_gradient_loss | -0.00852    |
|    std                  | 6.82        |
|    value_loss           | 1.51        |
-----------------------------------------
-----------------------------------------
| rollout/                |             |
|    ep_len_mean          | 633         |
|    ep_rew_mean          | 51.4        |
| time/                   |             |
|    fps                  | 36          |
|    iterations           | 385         |
|    time_elapsed         | 21754       |
|    total_timesteps      | 1098480     |
| train/                  |             |
|    approx_kl            | 0.008872692 |
|    clip_fraction        | 0.0884      |
|    clip_range           | 0.2         |
|    entropy_loss         | -9.55       |
|    explained_variance   | 0.877       |
|    learning_rate        | 0.0003      |
|    loss                 | 0.581       |
|    n_updates            | 5350        |
|    policy_gradient_loss | -0.00845    |
|    std                  | 6.94        |
|    value_loss           | 1.87        |
-----------------------------------------
-----------------------------------------
| rollout/                |             |
|    ep_len_mean          | 643         |
|    ep_rew_mean          | 50.7        |
| time/                   |             |
|    fps                  | 36          |
|    iterations           | 386         |
|    time_elapsed         | 21810       |
|    total_timesteps      | 1100528     |
| train/                  |             |
|    approx_kl            | 0.008791437 |
|    clip_fraction        | 0.077       |
|    clip_range           | 0.2         |
|    entropy_loss         | -9.59       |
|    explained_variance   | 0.888       |
|    learning_rate        | 0.0003      |
|    loss                 | 0.672       |
|    n_updates            | 5360        |
|    policy_gradient_loss | -0.00949    |
|    std                  | 7.04        |
|    value_loss           | 1.66        |
-----------------------------------------
------------------------------------------
| rollout/                |              |
|    ep_len_mean          | 637          |
|    ep_rew_mean          | 47.1         |
| time/                   |              |
|    fps                  | 36           |
|    iterations           | 387          |
|    time_elapsed         | 21867        |
|    total_timesteps      | 1102576      |
| train/                  |              |
|    approx_kl            | 0.0069311415 |
|    clip_fraction        | 0.0777       |
|    clip_range           | 0.2          |
|    entropy_loss         | -9.61        |
|    explained_variance   | 0.911        |
|    learning_rate        | 0.0003       |
|    loss                 | 0.279        |
|    n_updates            | 5370         |
|    policy_gradient_loss | -0.0105      |
|    std                  | 7.13         |
|    value_loss           | 1.21         |
------------------------------------------
-----------------------------------------
| rollout/                |             |
|    ep_len_mean          | 646         |
|    ep_rew_mean          | 47.8        |
| time/                   |             |
|    fps                  | 36          |
|    iterations           | 388         |
|    time_elapsed         | 21923       |
|    total_timesteps      | 1104624     |
| train/                  |             |
|    approx_kl            | 0.007431415 |
|    clip_fraction        | 0.084       |
|    clip_range           | 0.2         |
|    entropy_loss         | -9.63       |
|    explained_variance   | 0.75        |
|    learning_rate        | 0.0003      |
|    loss                 | 0.427       |
|    n_updates            | 5380        |
|    policy_gradient_loss | -0.0126     |
|    std                  | 7.14        |
|    value_loss           | 1.67        |
-----------------------------------------
-----------------------------------------
| rollout/                |             |
|    ep_len_mean          | 655         |
|    ep_rew_mean          | 51.6        |
| time/                   |             |
|    fps                  | 36          |
|    iterations           | 389         |
|    time_elapsed         | 21979       |
|    total_timesteps      | 1106672     |
| train/                  |             |
|    approx_kl            | 0.004310322 |
|    clip_fraction        | 0.0339      |
|    clip_range           | 0.2         |
|    entropy_loss         | -9.63       |
|    explained_variance   | 0.267       |
|    learning_rate        | 0.0003      |
|    loss                 | 10          |
|    n_updates            | 5390        |
|    policy_gradient_loss | -0.00238    |
|    std                  | 7.15        |
|    value_loss           | 98.2        |
-----------------------------------------
-----------------------------------------
| rollout/                |             |
|    ep_len_mean          | 662         |
|    ep_rew_mean          | 51.9        |
| time/                   |             |
|    fps                  | 36          |
|    iterations           | 390         |
|    time_elapsed         | 22035       |
|    total_timesteps      | 1108720     |
| train/                  |             |
|    approx_kl            | 0.006967983 |
|    clip_fraction        | 0.0692      |
|    clip_range           | 0.2         |
|    entropy_loss         | -9.65       |
|    explained_variance   | 0.881       |
|    learning_rate        | 0.0003      |
|    loss                 | 2.62        |
|    n_updates            | 5400        |
|    policy_gradient_loss | -0.00807    |
|    std                  | 7.2         |
|    value_loss           | 8.13        |
-----------------------------------------
-----------------------------------------
| rollout/                |             |
|    ep_len_mean          | 672         |
|    ep_rew_mean          | 52.1        |
| time/                   |             |
|    fps                  | 36          |
|    iterations           | 391         |
|    time_elapsed         | 22090       |
|    total_timesteps      | 1110768     |
| train/                  |             |
|    approx_kl            | 0.007129887 |
|    clip_fraction        | 0.0498      |
|    clip_range           | 0.2         |
|    entropy_loss         | -9.66       |
|    explained_variance   | 0.895       |
|    learning_rate        | 0.0003      |
|    loss                 | 1.06        |
|    n_updates            | 5410        |
|    policy_gradient_loss | -0.00844    |
|    std                  | 7.24        |
|    value_loss           | 4.45        |
-----------------------------------------
----------------------------------------
| rollout/                |            |
|    ep_len_mean          | 675        |
|    ep_rew_mean          | 54.9       |
| time/                   |            |
|    fps                  | 36         |
|    iterations           | 392        |
|    time_elapsed         | 22147      |
|    total_timesteps      | 1112816    |
| train/                  |            |
|    approx_kl            | 0.01134468 |
|    clip_fraction        | 0.12       |
|    clip_range           | 0.2        |
|    entropy_loss         | -9.68      |
|    explained_variance   | 0.884      |
|    learning_rate        | 0.0003     |
|    loss                 | 0.258      |
|    n_updates            | 5420       |
|    policy_gradient_loss | -0.0122    |
|    std                  | 7.26       |
|    value_loss           | 1.27       |
----------------------------------------
-----------------------------------------
| rollout/                |             |
|    ep_len_mean          | 668         |
|    ep_rew_mean          | 56.4        |
| time/                   |             |
|    fps                  | 36          |
|    iterations           | 393         |
|    time_elapsed         | 22203       |
|    total_timesteps      | 1114864     |
| train/                  |             |
|    approx_kl            | 0.009719449 |
|    clip_fraction        | 0.0958      |
|    clip_range           | 0.2         |
|    entropy_loss         | -9.67       |
|    explained_variance   | 0.294       |
|    learning_rate        | 0.0003      |
|    loss                 | 0.256       |
|    n_updates            | 5430        |
|    policy_gradient_loss | -0.0097     |
|    std                  | 7.19        |
|    value_loss           | 26.9        |
-----------------------------------------
------------------------------------------
| rollout/                |              |
|    ep_len_mean          | 675          |
|    ep_rew_mean          | 56.7         |
| time/                   |              |
|    fps                  | 36           |
|    iterations           | 394          |
|    time_elapsed         | 22259        |
|    total_timesteps      | 1116912      |
| train/                  |              |
|    approx_kl            | 0.0071473224 |
|    clip_fraction        | 0.0794       |
|    clip_range           | 0.2          |
|    entropy_loss         | -9.67        |
|    explained_variance   | 0.864        |
|    learning_rate        | 0.0003       |
|    loss                 | 0.48         |
|    n_updates            | 5440         |
|    policy_gradient_loss | -0.0112      |
|    std                  | 7.25         |
|    value_loss           | 2.98         |
------------------------------------------
------------------------------------------
| rollout/                |              |
|    ep_len_mean          | 657          |
|    ep_rew_mean          | 57.9         |
| time/                   |              |
|    fps                  | 36           |
|    iterations           | 395          |
|    time_elapsed         | 22316        |
|    total_timesteps      | 1118960      |
| train/                  |              |
|    approx_kl            | 0.0067547765 |
|    clip_fraction        | 0.0631       |
|    clip_range           | 0.2          |
|    entropy_loss         | -9.69        |
|    explained_variance   | 0.899        |
|    learning_rate        | 0.0003       |
|    loss                 | 0.519        |
|    n_updates            | 5450         |
|    policy_gradient_loss | -0.00926     |
|    std                  | 7.28         |
|    value_loss           | 2.03         |
------------------------------------------
-----------------------------------------
| rollout/                |             |
|    ep_len_mean          | 665         |
|    ep_rew_mean          | 58.7        |
| time/                   |             |
|    fps                  | 36          |
|    iterations           | 396         |
|    time_elapsed         | 22372       |
|    total_timesteps      | 1121008     |
| train/                  |             |
|    approx_kl            | 0.009232343 |
|    clip_fraction        | 0.0829      |
|    clip_range           | 0.2         |
|    entropy_loss         | -9.7        |
|    explained_variance   | 0.802       |
|    learning_rate        | 0.0003      |
|    loss                 | 0.549       |
|    n_updates            | 5460        |
|    policy_gradient_loss | -0.014      |
|    std                  | 7.32        |
|    value_loss           | 3.66        |
-----------------------------------------
-----------------------------------------
| rollout/                |             |
|    ep_len_mean          | 658         |
|    ep_rew_mean          | 60.1        |
| time/                   |             |
|    fps                  | 36          |
|    iterations           | 397         |
|    time_elapsed         | 22428       |
|    total_timesteps      | 1123056     |
| train/                  |             |
|    approx_kl            | 0.008720628 |
|    clip_fraction        | 0.109       |
|    clip_range           | 0.2         |
|    entropy_loss         | -9.71       |
|    explained_variance   | 0.859       |
|    learning_rate        | 0.0003      |
|    loss                 | 0.271       |
|    n_updates            | 5470        |
|    policy_gradient_loss | -0.00903    |
|    std                  | 7.3         |
|    value_loss           | 1.19        |
-----------------------------------------
------------------------------------------
| rollout/                |              |
|    ep_len_mean          | 668          |
|    ep_rew_mean          | 60.7         |
| time/                   |              |
|    fps                  | 36           |
|    iterations           | 398          |
|    time_elapsed         | 22484        |
|    total_timesteps      | 1125104      |
| train/                  |              |
|    approx_kl            | 0.0054779844 |
|    clip_fraction        | 0.0228       |
|    clip_range           | 0.2          |
|    entropy_loss         | -9.71        |
|    explained_variance   | 0.494        |
|    learning_rate        | 0.0003       |
|    loss                 | 51.2         |
|    n_updates            | 5480         |
|    policy_gradient_loss | -0.00358     |
|    std                  | 7.31         |
|    value_loss           | 95.8         |
------------------------------------------
-----------------------------------------
| rollout/                |             |
|    ep_len_mean          | 664         |
|    ep_rew_mean          | 57.6        |
| time/                   |             |
|    fps                  | 36          |
|    iterations           | 399         |
|    time_elapsed         | 22539       |
|    total_timesteps      | 1127152     |
| train/                  |             |
|    approx_kl            | 0.008600023 |
|    clip_fraction        | 0.0813      |
|    clip_range           | 0.2         |
|    entropy_loss         | -9.72       |
|    explained_variance   | 0.488       |
|    learning_rate        | 0.0003      |
|    loss                 | 0.465       |
|    n_updates            | 5490        |
|    policy_gradient_loss | -0.0101     |
|    std                  | 7.36        |
|    value_loss           | 5.77        |
-----------------------------------------
-----------------------------------------
| rollout/                |             |
|    ep_len_mean          | 661         |
|    ep_rew_mean          | 59          |
| time/                   |             |
|    fps                  | 36          |
|    iterations           | 400         |
|    time_elapsed         | 22597       |
|    total_timesteps      | 1129200     |
| train/                  |             |
|    approx_kl            | 0.009525359 |
|    clip_fraction        | 0.103       |
|    clip_range           | 0.2         |
|    entropy_loss         | -9.75       |
|    explained_variance   | 0.771       |
|    learning_rate        | 0.0003      |
|    loss                 | 0.32        |
|    n_updates            | 5500        |
|    policy_gradient_loss | -0.0097     |
|    std                  | 7.4         |
|    value_loss           | 1.6         |
-----------------------------------------
-----------------------------------------
| rollout/                |             |
|    ep_len_mean          | 673         |
|    ep_rew_mean          | 60          |
| time/                   |             |
|    fps                  | 36          |
|    iterations           | 401         |
|    time_elapsed         | 22653       |
|    total_timesteps      | 1131248     |
| train/                  |             |
|    approx_kl            | 0.006842331 |
|    clip_fraction        | 0.0776      |
|    clip_range           | 0.2         |
|    entropy_loss         | -9.75       |
|    explained_variance   | 0.787       |
|    learning_rate        | 0.0003      |
|    loss                 | 0.353       |
|    n_updates            | 5510        |
|    policy_gradient_loss | -0.00892    |
|    std                  | 7.4         |
|    value_loss           | 4.36        |
-----------------------------------------
-----------------------------------------
| rollout/                |             |
|    ep_len_mean          | 672         |
|    ep_rew_mean          | 59.5        |
| time/                   |             |
|    fps                  | 36          |
|    iterations           | 402         |
|    time_elapsed         | 22710       |
|    total_timesteps      | 1133296     |
| train/                  |             |
|    approx_kl            | 0.008420555 |
|    clip_fraction        | 0.0821      |
|    clip_range           | 0.2         |
|    entropy_loss         | -9.76       |
|    explained_variance   | 0.883       |
|    learning_rate        | 0.0003      |
|    loss                 | 0.333       |
|    n_updates            | 5520        |
|    policy_gradient_loss | -0.0112     |
|    std                  | 7.44        |
|    value_loss           | 1.43        |
-----------------------------------------
----------------------------------------
| rollout/                |            |
|    ep_len_mean          | 681        |
|    ep_rew_mean          | 60.3       |
| time/                   |            |
|    fps                  | 36         |
|    iterations           | 403        |
|    time_elapsed         | 22766      |
|    total_timesteps      | 1135344    |
| train/                  |            |
|    approx_kl            | 0.00976578 |
|    clip_fraction        | 0.0854     |
|    clip_range           | 0.2        |
|    entropy_loss         | -9.77      |
|    explained_variance   | 0.757      |
|    learning_rate        | 0.0003     |
|    loss                 | 0.757      |
|    n_updates            | 5530       |
|    policy_gradient_loss | -0.0107    |
|    std                  | 7.49       |
|    value_loss           | 4.44       |
----------------------------------------
-----------------------------------------
| rollout/                |             |
|    ep_len_mean          | 676         |
|    ep_rew_mean          | 59.4        |
| time/                   |             |
|    fps                  | 36          |
|    iterations           | 404         |
|    time_elapsed         | 22822       |
|    total_timesteps      | 1137392     |
| train/                  |             |
|    approx_kl            | 0.009004407 |
|    clip_fraction        | 0.0892      |
|    clip_range           | 0.2         |
|    entropy_loss         | -9.78       |
|    explained_variance   | 0.869       |
|    learning_rate        | 0.0003      |
|    loss                 | 0.479       |
|    n_updates            | 5540        |
|    policy_gradient_loss | -0.0101     |
|    std                  | 7.54        |
|    value_loss           | 1.64        |
-----------------------------------------
-----------------------------------------
| rollout/                |             |
|    ep_len_mean          | 686         |
|    ep_rew_mean          | 58.4        |
| time/                   |             |
|    fps                  | 36          |
|    iterations           | 405         |
|    time_elapsed         | 22878       |
|    total_timesteps      | 1139440     |
| train/                  |             |
|    approx_kl            | 0.011717401 |
|    clip_fraction        | 0.135       |
|    clip_range           | 0.2         |
|    entropy_loss         | -9.81       |
|    explained_variance   | 0.748       |
|    learning_rate        | 0.0003      |
|    loss                 | 0.303       |
|    n_updates            | 5550        |
|    policy_gradient_loss | -0.0136     |
|    std                  | 7.63        |
|    value_loss           | 1.8         |
-----------------------------------------
------------------------------------------
| rollout/                |              |
|    ep_len_mean          | 686          |
|    ep_rew_mean          | 58.4         |
| time/                   |              |
|    fps                  | 36           |
|    iterations           | 406          |
|    time_elapsed         | 22934        |
|    total_timesteps      | 1141488      |
| train/                  |              |
|    approx_kl            | 0.0082538705 |
|    clip_fraction        | 0.0798       |
|    clip_range           | 0.2          |
|    entropy_loss         | -9.84        |
|    explained_variance   | 0.502        |
|    learning_rate        | 0.0003       |
|    loss                 | 0.032        |
|    n_updates            | 5560         |
|    policy_gradient_loss | -0.00814     |
|    std                  | 7.72         |
|    value_loss           | 0.863        |
------------------------------------------
-----------------------------------------
| rollout/                |             |
|    ep_len_mean          | 695         |
|    ep_rew_mean          | 59.4        |
| time/                   |             |
|    fps                  | 36          |
|    iterations           | 407         |
|    time_elapsed         | 22990       |
|    total_timesteps      | 1143536     |
| train/                  |             |
|    approx_kl            | 0.009172076 |
|    clip_fraction        | 0.0815      |
|    clip_range           | 0.2         |
|    entropy_loss         | -9.85       |
|    explained_variance   | 0.808       |
|    learning_rate        | 0.0003      |
|    loss                 | 0.881       |
|    n_updates            | 5570        |
|    policy_gradient_loss | -0.012      |
|    std                  | 7.71        |
|    value_loss           | 1.87        |
-----------------------------------------
-----------------------------------------
| rollout/                |             |
|    ep_len_mean          | 696         |
|    ep_rew_mean          | 59.7        |
| time/                   |             |
|    fps                  | 36          |
|    iterations           | 408         |
|    time_elapsed         | 23047       |
|    total_timesteps      | 1145584     |
| train/                  |             |
|    approx_kl            | 0.007755769 |
|    clip_fraction        | 0.0727      |
|    clip_range           | 0.2         |
|    entropy_loss         | -9.85       |
|    explained_variance   | 0.848       |
|    learning_rate        | 0.0003      |
|    loss                 | 0.344       |
|    n_updates            | 5580        |
|    policy_gradient_loss | -0.0111     |
|    std                  | 7.76        |
|    value_loss           | 1.3         |
-----------------------------------------
-----------------------------------------
| rollout/                |             |
|    ep_len_mean          | 696         |
|    ep_rew_mean          | 59.5        |
| time/                   |             |
|    fps                  | 36          |
|    iterations           | 409         |
|    time_elapsed         | 23103       |
|    total_timesteps      | 1147632     |
| train/                  |             |
|    approx_kl            | 0.007662088 |
|    clip_fraction        | 0.0802      |
|    clip_range           | 0.2         |
|    entropy_loss         | -9.86       |
|    explained_variance   | 0.889       |
|    learning_rate        | 0.0003      |
|    loss                 | 0.374       |
|    n_updates            | 5590        |
|    policy_gradient_loss | -0.00846    |
|    std                  | 7.79        |
|    value_loss           | 1.6         |
-----------------------------------------
------------------------------------------
| rollout/                |              |
|    ep_len_mean          | 691          |
|    ep_rew_mean          | 58.7         |
| time/                   |              |
|    fps                  | 36           |
|    iterations           | 410          |
|    time_elapsed         | 23159        |
|    total_timesteps      | 1149680      |
| train/                  |              |
|    approx_kl            | 0.0067378613 |
|    clip_fraction        | 0.0635       |
|    clip_range           | 0.2          |
|    entropy_loss         | -9.86        |
|    explained_variance   | 0.383        |
|    learning_rate        | 0.0003       |
|    loss                 | 0.399        |
|    n_updates            | 5600         |
|    policy_gradient_loss | -0.00943     |
|    std                  | 7.82         |
|    value_loss           | 28.5         |
------------------------------------------
-----------------------------------------
| rollout/                |             |
|    ep_len_mean          | 690         |
|    ep_rew_mean          | 59.9        |
| time/                   |             |
|    fps                  | 36          |
|    iterations           | 411         |
|    time_elapsed         | 23216       |
|    total_timesteps      | 1151728     |
| train/                  |             |
|    approx_kl            | 0.008537063 |
|    clip_fraction        | 0.0695      |
|    clip_range           | 0.2         |
|    entropy_loss         | -9.87       |
|    explained_variance   | 0.716       |
|    learning_rate        | 0.0003      |
|    loss                 | 0.65        |
|    n_updates            | 5610        |
|    policy_gradient_loss | -0.0125     |
|    std                  | 7.9         |
|    value_loss           | 2.49        |
-----------------------------------------
-----------------------------------------
| rollout/                |             |
|    ep_len_mean          | 697         |
|    ep_rew_mean          | 61.2        |
| time/                   |             |
|    fps                  | 36          |
|    iterations           | 412         |
|    time_elapsed         | 23272       |
|    total_timesteps      | 1153776     |
| train/                  |             |
|    approx_kl            | 0.008130364 |
|    clip_fraction        | 0.0779      |
|    clip_range           | 0.2         |
|    entropy_loss         | -9.89       |
|    explained_variance   | 0.816       |
|    learning_rate        | 0.0003      |
|    loss                 | 0.52        |
|    n_updates            | 5620        |
|    policy_gradient_loss | -0.0108     |
|    std                  | 7.93        |
|    value_loss           | 2.62        |
-----------------------------------------
-----------------------------------------
| rollout/                |             |
|    ep_len_mean          | 695         |
|    ep_rew_mean          | 61.2        |
| time/                   |             |
|    fps                  | 36          |
|    iterations           | 413         |
|    time_elapsed         | 23328       |
|    total_timesteps      | 1155824     |
| train/                  |             |
|    approx_kl            | 0.009311572 |
|    clip_fraction        | 0.0821      |
|    clip_range           | 0.2         |
|    entropy_loss         | -9.89       |
|    explained_variance   | 0.831       |
|    learning_rate        | 0.0003      |
|    loss                 | 0.224       |
|    n_updates            | 5630        |
|    policy_gradient_loss | -0.00972    |
|    std                  | 7.85        |
|    value_loss           | 1.41        |
-----------------------------------------
------------------------------------------
| rollout/                |              |
|    ep_len_mean          | 693          |
|    ep_rew_mean          | 62           |
| time/                   |              |
|    fps                  | 36           |
|    iterations           | 414          |
|    time_elapsed         | 23384        |
|    total_timesteps      | 1157872      |
| train/                  |              |
|    approx_kl            | 0.0074595404 |
|    clip_fraction        | 0.0679       |
|    clip_range           | 0.2          |
|    entropy_loss         | -9.89        |
|    explained_variance   | 0.702        |
|    learning_rate        | 0.0003       |
|    loss                 | 0.271        |
|    n_updates            | 5640         |
|    policy_gradient_loss | -0.0116      |
|    std                  | 7.9          |
|    value_loss           | 1.62         |
------------------------------------------
-----------------------------------------
| rollout/                |             |
|    ep_len_mean          | 703         |
|    ep_rew_mean          | 62.4        |
| time/                   |             |
|    fps                  | 36          |
|    iterations           | 415         |
|    time_elapsed         | 23440       |
|    total_timesteps      | 1159920     |
| train/                  |             |
|    approx_kl            | 0.010419285 |
|    clip_fraction        | 0.076       |
|    clip_range           | 0.2         |
|    entropy_loss         | -9.9        |
|    explained_variance   | 0.827       |
|    learning_rate        | 0.0003      |
|    loss                 | 0.304       |
|    n_updates            | 5650        |
|    policy_gradient_loss | -0.00966    |
|    std                  | 7.91        |
|    value_loss           | 1.6         |
-----------------------------------------
-----------------------------------------
| rollout/                |             |
|    ep_len_mean          | 696         |
|    ep_rew_mean          | 60.6        |
| time/                   |             |
|    fps                  | 36          |
|    iterations           | 416         |
|    time_elapsed         | 23496       |
|    total_timesteps      | 1161968     |
| train/                  |             |
|    approx_kl            | 0.010733975 |
|    clip_fraction        | 0.105       |
|    clip_range           | 0.2         |
|    entropy_loss         | -9.92       |
|    explained_variance   | 0.795       |
|    learning_rate        | 0.0003      |
|    loss                 | 0.567       |
|    n_updates            | 5660        |
|    policy_gradient_loss | -0.0151     |
|    std                  | 8.01        |
|    value_loss           | 1.56        |
-----------------------------------------
-----------------------------------------
| rollout/                |             |
|    ep_len_mean          | 700         |
|    ep_rew_mean          | 60.2        |
| time/                   |             |
|    fps                  | 36          |
|    iterations           | 417         |
|    time_elapsed         | 23553       |
|    total_timesteps      | 1164016     |
| train/                  |             |
|    approx_kl            | 0.010554276 |
|    clip_fraction        | 0.104       |
|    clip_range           | 0.2         |
|    entropy_loss         | -9.94       |
|    explained_variance   | 0.9         |
|    learning_rate        | 0.0003      |
|    loss                 | 0.0869      |
|    n_updates            | 5670        |
|    policy_gradient_loss | -0.0129     |
|    std                  | 8.07        |
|    value_loss           | 1.85        |
-----------------------------------------
-----------------------------------------
| rollout/                |             |
|    ep_len_mean          | 689         |
|    ep_rew_mean          | 62.5        |
| time/                   |             |
|    fps                  | 36          |
|    iterations           | 418         |
|    time_elapsed         | 23609       |
|    total_timesteps      | 1166064     |
| train/                  |             |
|    approx_kl            | 0.009359439 |
|    clip_fraction        | 0.0895      |
|    clip_range           | 0.2         |
|    entropy_loss         | -9.95       |
|    explained_variance   | 0.771       |
|    learning_rate        | 0.0003      |
|    loss                 | 0.152       |
|    n_updates            | 5680        |
|    policy_gradient_loss | -0.0125     |
|    std                  | 8.14        |
|    value_loss           | 1.93        |
-----------------------------------------
-----------------------------------------
| rollout/                |             |
|    ep_len_mean          | 696         |
|    ep_rew_mean          | 63.1        |
| time/                   |             |
|    fps                  | 36          |
|    iterations           | 419         |
|    time_elapsed         | 23665       |
|    total_timesteps      | 1168112     |
| train/                  |             |
|    approx_kl            | 0.007200177 |
|    clip_fraction        | 0.0789      |
|    clip_range           | 0.2         |
|    entropy_loss         | -9.96       |
|    explained_variance   | 0.677       |
|    learning_rate        | 0.0003      |
|    loss                 | 0.691       |
|    n_updates            | 5690        |
|    policy_gradient_loss | -0.00771    |
|    std                  | 8.12        |
|    value_loss           | 7.57        |
-----------------------------------------
------------------------------------------
| rollout/                |              |
|    ep_len_mean          | 694          |
|    ep_rew_mean          | 65.5         |
| time/                   |              |
|    fps                  | 36           |
|    iterations           | 420          |
|    time_elapsed         | 23722        |
|    total_timesteps      | 1170160      |
| train/                  |              |
|    approx_kl            | 0.0060954373 |
|    clip_fraction        | 0.0766       |
|    clip_range           | 0.2          |
|    entropy_loss         | -9.96        |
|    explained_variance   | 0.879        |
|    learning_rate        | 0.0003       |
|    loss                 | 0.49         |
|    n_updates            | 5700         |
|    policy_gradient_loss | -0.0103      |
|    std                  | 8.11         |
|    value_loss           | 1.42         |
------------------------------------------
-----------------------------------------
| rollout/                |             |
|    ep_len_mean          | 695         |
|    ep_rew_mean          | 69.5        |
| time/                   |             |
|    fps                  | 36          |
|    iterations           | 421         |
|    time_elapsed         | 23779       |
|    total_timesteps      | 1172208     |
| train/                  |             |
|    approx_kl            | 0.011780152 |
|    clip_fraction        | 0.129       |
|    clip_range           | 0.2         |
|    entropy_loss         | -9.97       |
|    explained_variance   | 0.805       |
|    learning_rate        | 0.0003      |
|    loss                 | 0.419       |
|    n_updates            | 5710        |
|    policy_gradient_loss | -0.0161     |
|    std                  | 8.2         |
|    value_loss           | 2.53        |
-----------------------------------------
------------------------------------------
| rollout/                |              |
|    ep_len_mean          | 695          |
|    ep_rew_mean          | 65.1         |
| time/                   |              |
|    fps                  | 36           |
|    iterations           | 422          |
|    time_elapsed         | 23835        |
|    total_timesteps      | 1174256      |
| train/                  |              |
|    approx_kl            | 0.0074065384 |
|    clip_fraction        | 0.0888       |
|    clip_range           | 0.2          |
|    entropy_loss         | -10          |
|    explained_variance   | 0.326        |
|    learning_rate        | 0.0003       |
|    loss                 | 0.298        |
|    n_updates            | 5720         |
|    policy_gradient_loss | -0.00989     |
|    std                  | 8.26         |
|    value_loss           | 26.3         |
------------------------------------------
-----------------------------------------
| rollout/                |             |
|    ep_len_mean          | 687         |
|    ep_rew_mean          | 64.5        |
| time/                   |             |
|    fps                  | 36          |
|    iterations           | 423         |
|    time_elapsed         | 23891       |
|    total_timesteps      | 1176304     |
| train/                  |             |
|    approx_kl            | 0.009871781 |
|    clip_fraction        | 0.11        |
|    clip_range           | 0.2         |
|    entropy_loss         | -10         |
|    explained_variance   | 0.948       |
|    learning_rate        | 0.0003      |
|    loss                 | 0.0205      |
|    n_updates            | 5730        |
|    policy_gradient_loss | -0.014      |
|    std                  | 8.19        |
|    value_loss           | 0.756       |
-----------------------------------------
-----------------------------------------
| rollout/                |             |
|    ep_len_mean          | 689         |
|    ep_rew_mean          | 67.1        |
| time/                   |             |
|    fps                  | 36          |
|    iterations           | 424         |
|    time_elapsed         | 23947       |
|    total_timesteps      | 1178352     |
| train/                  |             |
|    approx_kl            | 0.006423591 |
|    clip_fraction        | 0.0812      |
|    clip_range           | 0.2         |
|    entropy_loss         | -10         |
|    explained_variance   | 0.841       |
|    learning_rate        | 0.0003      |
|    loss                 | 0.13        |
|    n_updates            | 5740        |
|    policy_gradient_loss | -0.008      |
|    std                  | 8.23        |
|    value_loss           | 1.41        |
-----------------------------------------
------------------------------------------
| rollout/                |              |
|    ep_len_mean          | 686          |
|    ep_rew_mean          | 64.4         |
| time/                   |              |
|    fps                  | 36           |
|    iterations           | 425          |
|    time_elapsed         | 24003        |
|    total_timesteps      | 1180400      |
| train/                  |              |
|    approx_kl            | 0.0067858333 |
|    clip_fraction        | 0.0492       |
|    clip_range           | 0.2          |
|    entropy_loss         | -10          |
|    explained_variance   | 0.848        |
|    learning_rate        | 0.0003       |
|    loss                 | 0.168        |
|    n_updates            | 5750         |
|    policy_gradient_loss | -0.00712     |
|    std                  | 8.34         |
|    value_loss           | 1.2          |
------------------------------------------
-----------------------------------------
| rollout/                |             |
|    ep_len_mean          | 676         |
|    ep_rew_mean          | 63.5        |
| time/                   |             |
|    fps                  | 36          |
|    iterations           | 426         |
|    time_elapsed         | 24059       |
|    total_timesteps      | 1182448     |
| train/                  |             |
|    approx_kl            | 0.011557811 |
|    clip_fraction        | 0.109       |
|    clip_range           | 0.2         |
|    entropy_loss         | -10         |
|    explained_variance   | 0.863       |
|    learning_rate        | 0.0003      |
|    loss                 | 0.468       |
|    n_updates            | 5760        |
|    policy_gradient_loss | -0.0152     |
|    std                  | 8.46        |
|    value_loss           | 1.47        |
-----------------------------------------
----------------------------------------
| rollout/                |            |
|    ep_len_mean          | 677        |
|    ep_rew_mean          | 63.8       |
| time/                   |            |
|    fps                  | 36         |
|    iterations           | 427        |
|    time_elapsed         | 24115      |
|    total_timesteps      | 1184496    |
| train/                  |            |
|    approx_kl            | 0.00733686 |
|    clip_fraction        | 0.0597     |
|    clip_range           | 0.2        |
|    entropy_loss         | -10.1      |
|    explained_variance   | 0.619      |
|    learning_rate        | 0.0003     |
|    loss                 | 0.416      |
|    n_updates            | 5770       |
|    policy_gradient_loss | -0.00706   |
|    std                  | 8.53       |
|    value_loss           | 2.3        |
----------------------------------------
------------------------------------------
| rollout/                |              |
|    ep_len_mean          | 666          |
|    ep_rew_mean          | 63.9         |
| time/                   |              |
|    fps                  | 36           |
|    iterations           | 428          |
|    time_elapsed         | 24173        |
|    total_timesteps      | 1186544      |
| train/                  |              |
|    approx_kl            | 0.0072726854 |
|    clip_fraction        | 0.0631       |
|    clip_range           | 0.2          |
|    entropy_loss         | -10.1        |
|    explained_variance   | 0.807        |
|    learning_rate        | 0.0003       |
|    loss                 | 0.321        |
|    n_updates            | 5780         |
|    policy_gradient_loss | -0.0122      |
|    std                  | 8.58         |
|    value_loss           | 1.32         |
------------------------------------------
-----------------------------------------
| rollout/                |             |
|    ep_len_mean          | 666         |
|    ep_rew_mean          | 64          |
| time/                   |             |
|    fps                  | 36          |
|    iterations           | 429         |
|    time_elapsed         | 24228       |
|    total_timesteps      | 1188592     |
| train/                  |             |
|    approx_kl            | 0.006435547 |
|    clip_fraction        | 0.0799      |
|    clip_range           | 0.2         |
|    entropy_loss         | -10.1       |
|    explained_variance   | 0.62        |
|    learning_rate        | 0.0003      |
|    loss                 | 0.224       |
|    n_updates            | 5790        |
|    policy_gradient_loss | -0.0112     |
|    std                  | 8.6         |
|    value_loss           | 4.06        |
-----------------------------------------
-----------------------------------------
| rollout/                |             |
|    ep_len_mean          | 673         |
|    ep_rew_mean          | 62.5        |
| time/                   |             |
|    fps                  | 36          |
|    iterations           | 430         |
|    time_elapsed         | 24286       |
|    total_timesteps      | 1190640     |
| train/                  |             |
|    approx_kl            | 0.007975052 |
|    clip_fraction        | 0.0751      |
|    clip_range           | 0.2         |
|    entropy_loss         | -10.1       |
|    explained_variance   | 0.898       |
|    learning_rate        | 0.0003      |
|    loss                 | 0.307       |
|    n_updates            | 5800        |
|    policy_gradient_loss | -0.0124     |
|    std                  | 8.59        |
|    value_loss           | 1.29        |
-----------------------------------------
-----------------------------------------
| rollout/                |             |
|    ep_len_mean          | 674         |
|    ep_rew_mean          | 62.7        |
| time/                   |             |
|    fps                  | 36          |
|    iterations           | 431         |
|    time_elapsed         | 24342       |
|    total_timesteps      | 1192688     |
| train/                  |             |
|    approx_kl            | 0.008428562 |
|    clip_fraction        | 0.0906      |
|    clip_range           | 0.2         |
|    entropy_loss         | -10.1       |
|    explained_variance   | 0.835       |
|    learning_rate        | 0.0003      |
|    loss                 | 1.18        |
|    n_updates            | 5810        |
|    policy_gradient_loss | -0.0133     |
|    std                  | 8.77        |
|    value_loss           | 3.41        |
-----------------------------------------
----------------------------------------
| rollout/                |            |
|    ep_len_mean          | 675        |
|    ep_rew_mean          | 61.3       |
| time/                   |            |
|    fps                  | 36         |
|    iterations           | 432        |
|    time_elapsed         | 24397      |
|    total_timesteps      | 1194736    |
| train/                  |            |
|    approx_kl            | 0.00962439 |
|    clip_fraction        | 0.11       |
|    clip_range           | 0.2        |
|    entropy_loss         | -10.1      |
|    explained_variance   | 0.798      |
|    learning_rate        | 0.0003     |
|    loss                 | 0.302      |
|    n_updates            | 5820       |
|    policy_gradient_loss | -0.013     |
|    std                  | 8.8        |
|    value_loss           | 1.46       |
----------------------------------------
-----------------------------------------
| rollout/                |             |
|    ep_len_mean          | 676         |
|    ep_rew_mean          | 61          |
| time/                   |             |
|    fps                  | 36          |
|    iterations           | 433         |
|    time_elapsed         | 24454       |
|    total_timesteps      | 1196784     |
| train/                  |             |
|    approx_kl            | 0.009217622 |
|    clip_fraction        | 0.0903      |
|    clip_range           | 0.2         |
|    entropy_loss         | -10.2       |
|    explained_variance   | 0.916       |
|    learning_rate        | 0.0003      |
|    loss                 | 0.0454      |
|    n_updates            | 5830        |
|    policy_gradient_loss | -0.0114     |
|    std                  | 8.98        |
|    value_loss           | 0.731       |
-----------------------------------------
------------------------------------------
| rollout/                |              |
|    ep_len_mean          | 686          |
|    ep_rew_mean          | 61.1         |
| time/                   |              |
|    fps                  | 36           |
|    iterations           | 434          |
|    time_elapsed         | 24510        |
|    total_timesteps      | 1198832      |
| train/                  |              |
|    approx_kl            | 0.0079986565 |
|    clip_fraction        | 0.0847       |
|    clip_range           | 0.2          |
|    entropy_loss         | -10.2        |
|    explained_variance   | 0.877        |
|    learning_rate        | 0.0003       |
|    loss                 | 0.321        |
|    n_updates            | 5840         |
|    policy_gradient_loss | -0.011       |
|    std                  | 9.05         |
|    value_loss           | 1.37         |
------------------------------------------
------------------------------------------
| rollout/                |              |
|    ep_len_mean          | 686          |
|    ep_rew_mean          | 61.1         |
| time/                   |              |
|    fps                  | 36           |
|    iterations           | 435          |
|    time_elapsed         | 24566        |
|    total_timesteps      | 1200880      |
| train/                  |              |
|    approx_kl            | 0.0075844526 |
|    clip_fraction        | 0.0956       |
|    clip_range           | 0.2          |
|    entropy_loss         | -10.2        |
|    explained_variance   | 0.855        |
|    learning_rate        | 0.0003       |
|    loss                 | 3.7          |
|    n_updates            | 5850         |
|    policy_gradient_loss | -0.0121      |
|    std                  | 9.04         |
|    value_loss           | 1.8          |
------------------------------------------
-----------------------------------------
| rollout/                |             |
|    ep_len_mean          | 688         |
|    ep_rew_mean          | 62.2        |
| time/                   |             |
|    fps                  | 36          |
|    iterations           | 436         |
|    time_elapsed         | 24622       |
|    total_timesteps      | 1202928     |
| train/                  |             |
|    approx_kl            | 0.007863626 |
|    clip_fraction        | 0.0847      |
|    clip_range           | 0.2         |
|    entropy_loss         | -10.2       |
|    explained_variance   | 0.897       |
|    learning_rate        | 0.0003      |
|    loss                 | 0.348       |
|    n_updates            | 5860        |
|    policy_gradient_loss | -0.0116     |
|    std                  | 9.02        |
|    value_loss           | 1.57        |
-----------------------------------------
------------------------------------------
| rollout/                |              |
|    ep_len_mean          | 696          |
|    ep_rew_mean          | 63.2         |
| time/                   |              |
|    fps                  | 36           |
|    iterations           | 437          |
|    time_elapsed         | 24678        |
|    total_timesteps      | 1204976      |
| train/                  |              |
|    approx_kl            | 0.0069402363 |
|    clip_fraction        | 0.0629       |
|    clip_range           | 0.2          |
|    entropy_loss         | -10.2        |
|    explained_variance   | 0.894        |
|    learning_rate        | 0.0003       |
|    loss                 | 0.368        |
|    n_updates            | 5870         |
|    policy_gradient_loss | -0.00854     |
|    std                  | 9.03         |
|    value_loss           | 1.43         |
------------------------------------------
-----------------------------------------
| rollout/                |             |
|    ep_len_mean          | 675         |
|    ep_rew_mean          | 62.8        |
| time/                   |             |
|    fps                  | 36          |
|    iterations           | 438         |
|    time_elapsed         | 24737       |
|    total_timesteps      | 1207024     |
| train/                  |             |
|    approx_kl            | 0.008838983 |
|    clip_fraction        | 0.093       |
|    clip_range           | 0.2         |
|    entropy_loss         | -10.2       |
|    explained_variance   | 0.837       |
|    learning_rate        | 0.0003      |
|    loss                 | 0.381       |
|    n_updates            | 5880        |
|    policy_gradient_loss | -0.0151     |
|    std                  | 9.03        |
|    value_loss           | 1.37        |
-----------------------------------------
-----------------------------------------
| rollout/                |             |
|    ep_len_mean          | 675         |
|    ep_rew_mean          | 62.8        |
| time/                   |             |
|    fps                  | 36          |
|    iterations           | 439         |
|    time_elapsed         | 24793       |
|    total_timesteps      | 1209072     |
| train/                  |             |
|    approx_kl            | 0.006451321 |
|    clip_fraction        | 0.0604      |
|    clip_range           | 0.2         |
|    entropy_loss         | -10.2       |
|    explained_variance   | 0.269       |
|    learning_rate        | 0.0003      |
|    loss                 | 2.05        |
|    n_updates            | 5890        |
|    policy_gradient_loss | -0.0111     |
|    std                  | 9.04        |
|    value_loss           | 5.45        |
-----------------------------------------
-----------------------------------------
| rollout/                |             |
|    ep_len_mean          | 656         |
|    ep_rew_mean          | 61.5        |
| time/                   |             |
|    fps                  | 36          |
|    iterations           | 440         |
|    time_elapsed         | 24851       |
|    total_timesteps      | 1211120     |
| train/                  |             |
|    approx_kl            | 0.009151118 |
|    clip_fraction        | 0.104       |
|    clip_range           | 0.2         |
|    entropy_loss         | -10.2       |
|    explained_variance   | 0.813       |
|    learning_rate        | 0.0003      |
|    loss                 | 0.408       |
|    n_updates            | 5900        |
|    policy_gradient_loss | -0.0115     |
|    std                  | 9.07        |
|    value_loss           | 1.71        |
-----------------------------------------
------------------------------------------
| rollout/                |              |
|    ep_len_mean          | 665          |
|    ep_rew_mean          | 60.6         |
| time/                   |              |
|    fps                  | 36           |
|    iterations           | 441          |
|    time_elapsed         | 24908        |
|    total_timesteps      | 1213168      |
| train/                  |              |
|    approx_kl            | 0.0059046946 |
|    clip_fraction        | 0.058        |
|    clip_range           | 0.2          |
|    entropy_loss         | -10.3        |
|    explained_variance   | 0.592        |
|    learning_rate        | 0.0003       |
|    loss                 | 0.4          |
|    n_updates            | 5910         |
|    policy_gradient_loss | -0.012       |
|    std                  | 9.14         |
|    value_loss           | 2.94         |
------------------------------------------
-----------------------------------------
| rollout/                |             |
|    ep_len_mean          | 667         |
|    ep_rew_mean          | 63.3        |
| time/                   |             |
|    fps                  | 36          |
|    iterations           | 442         |
|    time_elapsed         | 24964       |
|    total_timesteps      | 1215216     |
| train/                  |             |
|    approx_kl            | 0.010610148 |
|    clip_fraction        | 0.12        |
|    clip_range           | 0.2         |
|    entropy_loss         | -10.3       |
|    explained_variance   | 0.906       |
|    learning_rate        | 0.0003      |
|    loss                 | 0.655       |
|    n_updates            | 5920        |
|    policy_gradient_loss | -0.0152     |
|    std                  | 9.22        |
|    value_loss           | 1.19        |
-----------------------------------------
------------------------------------------
| rollout/                |              |
|    ep_len_mean          | 671          |
|    ep_rew_mean          | 60.3         |
| time/                   |              |
|    fps                  | 36           |
|    iterations           | 443          |
|    time_elapsed         | 25019        |
|    total_timesteps      | 1217264      |
| train/                  |              |
|    approx_kl            | 0.0072042346 |
|    clip_fraction        | 0.0519       |
|    clip_range           | 0.2          |
|    entropy_loss         | -10.3        |
|    explained_variance   | 0.679        |
|    learning_rate        | 0.0003       |
|    loss                 | 0.0943       |
|    n_updates            | 5930         |
|    policy_gradient_loss | -0.00519     |
|    std                  | 9.18         |
|    value_loss           | 28.9         |
------------------------------------------
-----------------------------------------
| rollout/                |             |
|    ep_len_mean          | 674         |
|    ep_rew_mean          | 60.7        |
| time/                   |             |
|    fps                  | 36          |
|    iterations           | 444         |
|    time_elapsed         | 25076       |
|    total_timesteps      | 1219312     |
| train/                  |             |
|    approx_kl            | 0.008324129 |
|    clip_fraction        | 0.0875      |
|    clip_range           | 0.2         |
|    entropy_loss         | -10.3       |
|    explained_variance   | 0.904       |
|    learning_rate        | 0.0003      |
|    loss                 | 0.192       |
|    n_updates            | 5940        |
|    policy_gradient_loss | -0.012      |
|    std                  | 9.17        |
|    value_loss           | 1.24        |
-----------------------------------------
-----------------------------------------
| rollout/                |             |
|    ep_len_mean          | 665         |
|    ep_rew_mean          | 61          |
| time/                   |             |
|    fps                  | 36          |
|    iterations           | 445         |
|    time_elapsed         | 25134       |
|    total_timesteps      | 1221360     |
| train/                  |             |
|    approx_kl            | 0.008818251 |
|    clip_fraction        | 0.0944      |
|    clip_range           | 0.2         |
|    entropy_loss         | -10.3       |
|    explained_variance   | 0.511       |
|    learning_rate        | 0.0003      |
|    loss                 | 1.92        |
|    n_updates            | 5950        |
|    policy_gradient_loss | -0.0135     |
|    std                  | 9.2         |
|    value_loss           | 2.61        |
-----------------------------------------
-----------------------------------------
| rollout/                |             |
|    ep_len_mean          | 665         |
|    ep_rew_mean          | 60.3        |
| time/                   |             |
|    fps                  | 36          |
|    iterations           | 446         |
|    time_elapsed         | 25190       |
|    total_timesteps      | 1223408     |
| train/                  |             |
|    approx_kl            | 0.006171706 |
|    clip_fraction        | 0.0675      |
|    clip_range           | 0.2         |
|    entropy_loss         | -10.3       |
|    explained_variance   | 0.798       |
|    learning_rate        | 0.0003      |
|    loss                 | 0.966       |
|    n_updates            | 5960        |
|    policy_gradient_loss | -0.0099     |
|    std                  | 9.19        |
|    value_loss           | 3.45        |
-----------------------------------------
-----------------------------------------
| rollout/                |             |
|    ep_len_mean          | 655         |
|    ep_rew_mean          | 60          |
| time/                   |             |
|    fps                  | 36          |
|    iterations           | 447         |
|    time_elapsed         | 25246       |
|    total_timesteps      | 1225456     |
| train/                  |             |
|    approx_kl            | 0.010155281 |
|    clip_fraction        | 0.0987      |
|    clip_range           | 0.2         |
|    entropy_loss         | -10.3       |
|    explained_variance   | 0.841       |
|    learning_rate        | 0.0003      |
|    loss                 | 0.266       |
|    n_updates            | 5970        |
|    policy_gradient_loss | -0.013      |
|    std                  | 9.2         |
|    value_loss           | 1.44        |
-----------------------------------------
-----------------------------------------
| rollout/                |             |
|    ep_len_mean          | 665         |
|    ep_rew_mean          | 60.6        |
| time/                   |             |
|    fps                  | 36          |
|    iterations           | 448         |
|    time_elapsed         | 25302       |
|    total_timesteps      | 1227504     |
| train/                  |             |
|    approx_kl            | 0.009220452 |
|    clip_fraction        | 0.0948      |
|    clip_range           | 0.2         |
|    entropy_loss         | -10.3       |
|    explained_variance   | 0.843       |
|    learning_rate        | 0.0003      |
|    loss                 | 0.31        |
|    n_updates            | 5980        |
|    policy_gradient_loss | -0.0126     |
|    std                  | 9.27        |
|    value_loss           | 1.3         |
-----------------------------------------
-----------------------------------------
| rollout/                |             |
|    ep_len_mean          | 665         |
|    ep_rew_mean          | 60.2        |
| time/                   |             |
|    fps                  | 36          |
|    iterations           | 449         |
|    time_elapsed         | 25358       |
|    total_timesteps      | 1229552     |
| train/                  |             |
|    approx_kl            | 0.008805717 |
|    clip_fraction        | 0.0943      |
|    clip_range           | 0.2         |
|    entropy_loss         | -10.3       |
|    explained_variance   | 0.981       |
|    learning_rate        | 0.0003      |
|    loss                 | 0.0158      |
|    n_updates            | 5990        |
|    policy_gradient_loss | -0.0111     |
|    std                  | 9.38        |
|    value_loss           | 0.88        |
-----------------------------------------
------------------------------------------
| rollout/                |              |
|    ep_len_mean          | 668          |
|    ep_rew_mean          | 59.4         |
| time/                   |              |
|    fps                  | 36           |
|    iterations           | 450          |
|    time_elapsed         | 25413        |
|    total_timesteps      | 1231600      |
| train/                  |              |
|    approx_kl            | 0.0087256925 |
|    clip_fraction        | 0.0719       |
|    clip_range           | 0.2          |
|    entropy_loss         | -10.4        |
|    explained_variance   | 0.879        |
|    learning_rate        | 0.0003       |
|    loss                 | 0.272        |
|    n_updates            | 6000         |
|    policy_gradient_loss | -0.0116      |
|    std                  | 9.39         |
|    value_loss           | 1.7          |
------------------------------------------
-----------------------------------------
| rollout/                |             |
|    ep_len_mean          | 675         |
|    ep_rew_mean          | 57.5        |
| time/                   |             |
|    fps                  | 36          |
|    iterations           | 451         |
|    time_elapsed         | 25470       |
|    total_timesteps      | 1233648     |
| train/                  |             |
|    approx_kl            | 0.008233177 |
|    clip_fraction        | 0.0661      |
|    clip_range           | 0.2         |
|    entropy_loss         | -10.4       |
|    explained_variance   | 0.97        |
|    learning_rate        | 0.0003      |
|    loss                 | 0.0933      |
|    n_updates            | 6010        |
|    policy_gradient_loss | -0.0113     |
|    std                  | 9.43        |
|    value_loss           | 1.11        |
-----------------------------------------
------------------------------------------
| rollout/                |              |
|    ep_len_mean          | 668          |
|    ep_rew_mean          | 57           |
| time/                   |              |
|    fps                  | 36           |
|    iterations           | 452          |
|    time_elapsed         | 25526        |
|    total_timesteps      | 1235696      |
| train/                  |              |
|    approx_kl            | 0.0066826106 |
|    clip_fraction        | 0.0508       |
|    clip_range           | 0.2          |
|    entropy_loss         | -10.4        |
|    explained_variance   | 0.954        |
|    learning_rate        | 0.0003       |
|    loss                 | 0.107        |
|    n_updates            | 6020         |
|    policy_gradient_loss | -0.00922     |
|    std                  | 9.56         |
|    value_loss           | 1.32         |
------------------------------------------
-----------------------------------------
| rollout/                |             |
|    ep_len_mean          | 676         |
|    ep_rew_mean          | 56.9        |
| time/                   |             |
|    fps                  | 36          |
|    iterations           | 453         |
|    time_elapsed         | 25583       |
|    total_timesteps      | 1237744     |
| train/                  |             |
|    approx_kl            | 0.009089352 |
|    clip_fraction        | 0.0806      |
|    clip_range           | 0.2         |
|    entropy_loss         | -10.4       |
|    explained_variance   | 0.8         |
|    learning_rate        | 0.0003      |
|    loss                 | 0.386       |
|    n_updates            | 6030        |
|    policy_gradient_loss | -0.0115     |
|    std                  | 9.58        |
|    value_loss           | 2.95        |
-----------------------------------------
------------------------------------------
| rollout/                |              |
|    ep_len_mean          | 667          |
|    ep_rew_mean          | 57.5         |
| time/                   |              |
|    fps                  | 36           |
|    iterations           | 454          |
|    time_elapsed         | 25639        |
|    total_timesteps      | 1239792      |
| train/                  |              |
|    approx_kl            | 0.0074613877 |
|    clip_fraction        | 0.065        |
|    clip_range           | 0.2          |
|    entropy_loss         | -10.4        |
|    explained_variance   | 0.492        |
|    learning_rate        | 0.0003       |
|    loss                 | 0.332        |
|    n_updates            | 6040         |
|    policy_gradient_loss | -0.00912     |
|    std                  | 9.63         |
|    value_loss           | 28.7         |
------------------------------------------
------------------------------------------
| rollout/                |              |
|    ep_len_mean          | 667          |
|    ep_rew_mean          | 58.3         |
| time/                   |              |
|    fps                  | 36           |
|    iterations           | 455          |
|    time_elapsed         | 25695        |
|    total_timesteps      | 1241840      |
| train/                  |              |
|    approx_kl            | 0.0053308387 |
|    clip_fraction        | 0.0446       |
|    clip_range           | 0.2          |
|    entropy_loss         | -10.5        |
|    explained_variance   | 0.206        |
|    learning_rate        | 0.0003       |
|    loss                 | 0.254        |
|    n_updates            | 6050         |
|    policy_gradient_loss | -0.00707     |
|    std                  | 9.67         |
|    value_loss           | 29.7         |
------------------------------------------
-----------------------------------------
| rollout/                |             |
|    ep_len_mean          | 675         |
|    ep_rew_mean          | 58.9        |
| time/                   |             |
|    fps                  | 36          |
|    iterations           | 456         |
|    time_elapsed         | 25751       |
|    total_timesteps      | 1243888     |
| train/                  |             |
|    approx_kl            | 0.009788623 |
|    clip_fraction        | 0.0909      |
|    clip_range           | 0.2         |
|    entropy_loss         | -10.5       |
|    explained_variance   | 0.888       |
|    learning_rate        | 0.0003      |
|    loss                 | 0.107       |
|    n_updates            | 6060        |
|    policy_gradient_loss | -0.0127     |
|    std                  | 9.68        |
|    value_loss           | 1.37        |
-----------------------------------------
----------------------------------------
| rollout/                |            |
|    ep_len_mean          | 675        |
|    ep_rew_mean          | 57.4       |
| time/                   |            |
|    fps                  | 36         |
|    iterations           | 457        |
|    time_elapsed         | 25807      |
|    total_timesteps      | 1245936    |
| train/                  |            |
|    approx_kl            | 0.00884157 |
|    clip_fraction        | 0.0948     |
|    clip_range           | 0.2        |
|    entropy_loss         | -10.5      |
|    explained_variance   | 0.872      |
|    learning_rate        | 0.0003     |
|    loss                 | 0.397      |
|    n_updates            | 6070       |
|    policy_gradient_loss | -0.0142    |
|    std                  | 9.72       |
|    value_loss           | 1.35       |
----------------------------------------
-----------------------------------------
| rollout/                |             |
|    ep_len_mean          | 675         |
|    ep_rew_mean          | 56.5        |
| time/                   |             |
|    fps                  | 36          |
|    iterations           | 458         |
|    time_elapsed         | 25863       |
|    total_timesteps      | 1247984     |
| train/                  |             |
|    approx_kl            | 0.008963212 |
|    clip_fraction        | 0.0971      |
|    clip_range           | 0.2         |
|    entropy_loss         | -10.5       |
|    explained_variance   | 0.929       |
|    learning_rate        | 0.0003      |
|    loss                 | 0.21        |
|    n_updates            | 6080        |
|    policy_gradient_loss | -0.0117     |
|    std                  | 9.73        |
|    value_loss           | 1.59        |
-----------------------------------------
-----------------------------------------
| rollout/                |             |
|    ep_len_mean          | 683         |
|    ep_rew_mean          | 56.5        |
| time/                   |             |
|    fps                  | 36          |
|    iterations           | 459         |
|    time_elapsed         | 25919       |
|    total_timesteps      | 1250032     |
| train/                  |             |
|    approx_kl            | 0.009748353 |
|    clip_fraction        | 0.104       |
|    clip_range           | 0.2         |
|    entropy_loss         | -10.5       |
|    explained_variance   | 0.959       |
|    learning_rate        | 0.0003      |
|    loss                 | 1.62        |
|    n_updates            | 6090        |
|    policy_gradient_loss | -0.00949    |
|    std                  | 9.78        |
|    value_loss           | 1.86        |
-----------------------------------------
------------------------------------------
| rollout/                |              |
|    ep_len_mean          | 684          |
|    ep_rew_mean          | 55.1         |
| time/                   |              |
|    fps                  | 36           |
|    iterations           | 460          |
|    time_elapsed         | 25975        |
|    total_timesteps      | 1252080      |
| train/                  |              |
|    approx_kl            | 0.0095858965 |
|    clip_fraction        | 0.111        |
|    clip_range           | 0.2          |
|    entropy_loss         | -10.5        |
|    explained_variance   | 0.979        |
|    learning_rate        | 0.0003       |
|    loss                 | 0.19         |
|    n_updates            | 6100         |
|    policy_gradient_loss | -0.0146      |
|    std                  | 9.78         |
|    value_loss           | 0.981        |
------------------------------------------
------------------------------------------
| rollout/                |              |
|    ep_len_mean          | 694          |
|    ep_rew_mean          | 54.9         |
| time/                   |              |
|    fps                  | 36           |
|    iterations           | 461          |
|    time_elapsed         | 26030        |
|    total_timesteps      | 1254128      |
| train/                  |              |
|    approx_kl            | 0.0070466436 |
|    clip_fraction        | 0.0986       |
|    clip_range           | 0.2          |
|    entropy_loss         | -10.5        |
|    explained_variance   | 0.957        |
|    learning_rate        | 0.0003       |
|    loss                 | 0.102        |
|    n_updates            | 6110         |
|    policy_gradient_loss | -0.0143      |
|    std                  | 9.89         |
|    value_loss           | 0.899        |
------------------------------------------
-----------------------------------------
| rollout/                |             |
|    ep_len_mean          | 705         |
|    ep_rew_mean          | 54.7        |
| time/                   |             |
|    fps                  | 36          |
|    iterations           | 462         |
|    time_elapsed         | 26088       |
|    total_timesteps      | 1256176     |
| train/                  |             |
|    approx_kl            | 0.009576682 |
|    clip_fraction        | 0.0805      |
|    clip_range           | 0.2         |
|    entropy_loss         | -10.5       |
|    explained_variance   | 0.945       |
|    learning_rate        | 0.0003      |
|    loss                 | 0.456       |
|    n_updates            | 6120        |
|    policy_gradient_loss | -0.0108     |
|    std                  | 9.93        |
|    value_loss           | 1.3         |
-----------------------------------------
-----------------------------------------
| rollout/                |             |
|    ep_len_mean          | 696         |
|    ep_rew_mean          | 53.1        |
| time/                   |             |
|    fps                  | 36          |
|    iterations           | 463         |
|    time_elapsed         | 26143       |
|    total_timesteps      | 1258224     |
| train/                  |             |
|    approx_kl            | 0.009153327 |
|    clip_fraction        | 0.0725      |
|    clip_range           | 0.2         |
|    entropy_loss         | -10.5       |
|    explained_variance   | 0.809       |
|    learning_rate        | 0.0003      |
|    loss                 | 0.619       |
|    n_updates            | 6130        |
|    policy_gradient_loss | -0.0127     |
|    std                  | 9.89        |
|    value_loss           | 2.51        |
-----------------------------------------
-----------------------------------------
| rollout/                |             |
|    ep_len_mean          | 696         |
|    ep_rew_mean          | 53.4        |
| time/                   |             |
|    fps                  | 36          |
|    iterations           | 464         |
|    time_elapsed         | 26199       |
|    total_timesteps      | 1260272     |
| train/                  |             |
|    approx_kl            | 0.007452204 |
|    clip_fraction        | 0.0776      |
|    clip_range           | 0.2         |
|    entropy_loss         | -10.5       |
|    explained_variance   | 0.857       |
|    learning_rate        | 0.0003      |
|    loss                 | 0.531       |
|    n_updates            | 6140        |
|    policy_gradient_loss | -0.0125     |
|    std                  | 9.98        |
|    value_loss           | 1.7         |
-----------------------------------------
------------------------------------------
| rollout/                |              |
|    ep_len_mean          | 706          |
|    ep_rew_mean          | 54.1         |
| time/                   |              |
|    fps                  | 36           |
|    iterations           | 465          |
|    time_elapsed         | 26255        |
|    total_timesteps      | 1262320      |
| train/                  |              |
|    approx_kl            | 0.0071315384 |
|    clip_fraction        | 0.075        |
|    clip_range           | 0.2          |
|    entropy_loss         | -10.5        |
|    explained_variance   | 0.891        |
|    learning_rate        | 0.0003       |
|    loss                 | 0.14         |
|    n_updates            | 6150         |
|    policy_gradient_loss | -0.0115      |
|    std                  | 9.98         |
|    value_loss           | 1.13         |
------------------------------------------
-----------------------------------------
| rollout/                |             |
|    ep_len_mean          | 696         |
|    ep_rew_mean          | 54.6        |
| time/                   |             |
|    fps                  | 36          |
|    iterations           | 466         |
|    time_elapsed         | 26312       |
|    total_timesteps      | 1264368     |
| train/                  |             |
|    approx_kl            | 0.008652377 |
|    clip_fraction        | 0.1         |
|    clip_range           | 0.2         |
|    entropy_loss         | -10.5       |
|    explained_variance   | 0.933       |
|    learning_rate        | 0.0003      |
|    loss                 | 0.264       |
|    n_updates            | 6160        |
|    policy_gradient_loss | -0.0118     |
|    std                  | 9.88        |
|    value_loss           | 1.31        |
-----------------------------------------
------------------------------------------
| rollout/                |              |
|    ep_len_mean          | 696          |
|    ep_rew_mean          | 53           |
| time/                   |              |
|    fps                  | 36           |
|    iterations           | 467          |
|    time_elapsed         | 26368        |
|    total_timesteps      | 1266416      |
| train/                  |              |
|    approx_kl            | 0.0059514707 |
|    clip_fraction        | 0.0694       |
|    clip_range           | 0.2          |
|    entropy_loss         | -10.5        |
|    explained_variance   | 0.894        |
|    learning_rate        | 0.0003       |
|    loss                 | 0.376        |
|    n_updates            | 6170         |
|    policy_gradient_loss | -0.00954     |
|    std                  | 9.92         |
|    value_loss           | 2.2          |
------------------------------------------
-----------------------------------------
| rollout/                |             |
|    ep_len_mean          | 688         |
|    ep_rew_mean          | 52.7        |
| time/                   |             |
|    fps                  | 36          |
|    iterations           | 468         |
|    time_elapsed         | 26424       |
|    total_timesteps      | 1268464     |
| train/                  |             |
|    approx_kl            | 0.008774655 |
|    clip_fraction        | 0.103       |
|    clip_range           | 0.2         |
|    entropy_loss         | -10.5       |
|    explained_variance   | 0.936       |
|    learning_rate        | 0.0003      |
|    loss                 | 0.15        |
|    n_updates            | 6180        |
|    policy_gradient_loss | -0.0136     |
|    std                  | 9.92        |
|    value_loss           | 0.887       |
-----------------------------------------
-----------------------------------------
| rollout/                |             |
|    ep_len_mean          | 698         |
|    ep_rew_mean          | 53.4        |
| time/                   |             |
|    fps                  | 36          |
|    iterations           | 469         |
|    time_elapsed         | 26479       |
|    total_timesteps      | 1270512     |
| train/                  |             |
|    approx_kl            | 0.006500233 |
|    clip_fraction        | 0.0586      |
|    clip_range           | 0.2         |
|    entropy_loss         | -10.5       |
|    explained_variance   | 0.922       |
|    learning_rate        | 0.0003      |
|    loss                 | 0.307       |
|    n_updates            | 6190        |
|    policy_gradient_loss | -0.0112     |
|    std                  | 9.94        |
|    value_loss           | 2.01        |
-----------------------------------------
------------------------------------------
| rollout/                |              |
|    ep_len_mean          | 706          |
|    ep_rew_mean          | 53.6         |
| time/                   |              |
|    fps                  | 36           |
|    iterations           | 470          |
|    time_elapsed         | 26536        |
|    total_timesteps      | 1272560      |
| train/                  |              |
|    approx_kl            | 0.0067858603 |
|    clip_fraction        | 0.0798       |
|    clip_range           | 0.2          |
|    entropy_loss         | -10.5        |
|    explained_variance   | 0.963        |
|    learning_rate        | 0.0003       |
|    loss                 | 0.201        |
|    n_updates            | 6200         |
|    policy_gradient_loss | -0.0114      |
|    std                  | 9.98         |
|    value_loss           | 1.13         |
------------------------------------------
-----------------------------------------
| rollout/                |             |
|    ep_len_mean          | 696         |
|    ep_rew_mean          | 52.5        |
| time/                   |             |
|    fps                  | 36          |
|    iterations           | 471         |
|    time_elapsed         | 26592       |
|    total_timesteps      | 1274608     |
| train/                  |             |
|    approx_kl            | 0.010443687 |
|    clip_fraction        | 0.109       |
|    clip_range           | 0.2         |
|    entropy_loss         | -10.5       |
|    explained_variance   | 0.942       |
|    learning_rate        | 0.0003      |
|    loss                 | 0.105       |
|    n_updates            | 6210        |
|    policy_gradient_loss | -0.0166     |
|    std                  | 9.99        |
|    value_loss           | 1.01        |
-----------------------------------------
-----------------------------------------
| rollout/                |             |
|    ep_len_mean          | 702         |
|    ep_rew_mean          | 53.4        |
| time/                   |             |
|    fps                  | 36          |
|    iterations           | 472         |
|    time_elapsed         | 26648       |
|    total_timesteps      | 1276656     |
| train/                  |             |
|    approx_kl            | 0.008861428 |
|    clip_fraction        | 0.0807      |
|    clip_range           | 0.2         |
|    entropy_loss         | -10.5       |
|    explained_variance   | 0.896       |
|    learning_rate        | 0.0003      |
|    loss                 | 0.346       |
|    n_updates            | 6220        |
|    policy_gradient_loss | -0.0119     |
|    std                  | 9.99        |
|    value_loss           | 1.51        |
-----------------------------------------
-----------------------------------------
| rollout/                |             |
|    ep_len_mean          | 717         |
|    ep_rew_mean          | 54.6        |
| time/                   |             |
|    fps                  | 36          |
|    iterations           | 473         |
|    time_elapsed         | 26705       |
|    total_timesteps      | 1278704     |
| train/                  |             |
|    approx_kl            | 0.007240226 |
|    clip_fraction        | 0.0875      |
|    clip_range           | 0.2         |
|    entropy_loss         | -10.6       |
|    explained_variance   | 0.891       |
|    learning_rate        | 0.0003      |
|    loss                 | 0.245       |
|    n_updates            | 6230        |
|    policy_gradient_loss | -0.0125     |
|    std                  | 10.1        |
|    value_loss           | 1.64        |
-----------------------------------------
-----------------------------------------
| rollout/                |             |
|    ep_len_mean          | 708         |
|    ep_rew_mean          | 53.3        |
| time/                   |             |
|    fps                  | 36          |
|    iterations           | 474         |
|    time_elapsed         | 26761       |
|    total_timesteps      | 1280752     |
| train/                  |             |
|    approx_kl            | 0.008195317 |
|    clip_fraction        | 0.0769      |
|    clip_range           | 0.2         |
|    entropy_loss         | -10.6       |
|    explained_variance   | 0.846       |
|    learning_rate        | 0.0003      |
|    loss                 | 0.597       |
|    n_updates            | 6240        |
|    policy_gradient_loss | -0.0132     |
|    std                  | 10.1        |
|    value_loss           | 1.77        |
-----------------------------------------
-----------------------------------------
| rollout/                |             |
|    ep_len_mean          | 736         |
|    ep_rew_mean          | 55.4        |
| time/                   |             |
|    fps                  | 36          |
|    iterations           | 475         |
|    time_elapsed         | 26817       |
|    total_timesteps      | 1282800     |
| train/                  |             |
|    approx_kl            | 0.010619458 |
|    clip_fraction        | 0.105       |
|    clip_range           | 0.2         |
|    entropy_loss         | -10.6       |
|    explained_variance   | 0.88        |
|    learning_rate        | 0.0003      |
|    loss                 | 0.291       |
|    n_updates            | 6250        |
|    policy_gradient_loss | -0.0165     |
|    std                  | 10.3        |
|    value_loss           | 1.37        |
-----------------------------------------
-----------------------------------------
| rollout/                |             |
|    ep_len_mean          | 730         |
|    ep_rew_mean          | 53.8        |
| time/                   |             |
|    fps                  | 36          |
|    iterations           | 476         |
|    time_elapsed         | 26873       |
|    total_timesteps      | 1284848     |
| train/                  |             |
|    approx_kl            | 0.009126319 |
|    clip_fraction        | 0.0792      |
|    clip_range           | 0.2         |
|    entropy_loss         | -10.6       |
|    explained_variance   | 0.913       |
|    learning_rate        | 0.0003      |
|    loss                 | 0.448       |
|    n_updates            | 6260        |
|    policy_gradient_loss | -0.0134     |
|    std                  | 10.4        |
|    value_loss           | 2.03        |
-----------------------------------------
-----------------------------------------
| rollout/                |             |
|    ep_len_mean          | 735         |
|    ep_rew_mean          | 51.4        |
| time/                   |             |
|    fps                  | 36          |
|    iterations           | 477         |
|    time_elapsed         | 26929       |
|    total_timesteps      | 1286896     |
| train/                  |             |
|    approx_kl            | 0.008699148 |
|    clip_fraction        | 0.0791      |
|    clip_range           | 0.2         |
|    entropy_loss         | -10.6       |
|    explained_variance   | 0.729       |
|    learning_rate        | 0.0003      |
|    loss                 | 0.728       |
|    n_updates            | 6270        |
|    policy_gradient_loss | -0.00911    |
|    std                  | 10.5        |
|    value_loss           | 1.5         |
-----------------------------------------
------------------------------------------
| rollout/                |              |
|    ep_len_mean          | 725          |
|    ep_rew_mean          | 54.1         |
| time/                   |              |
|    fps                  | 36           |
|    iterations           | 478          |
|    time_elapsed         | 26985        |
|    total_timesteps      | 1288944      |
| train/                  |              |
|    approx_kl            | 0.0073030004 |
|    clip_fraction        | 0.0809       |
|    clip_range           | 0.2          |
|    entropy_loss         | -10.7        |
|    explained_variance   | 0.87         |
|    learning_rate        | 0.0003       |
|    loss                 | 0.283        |
|    n_updates            | 6280         |
|    policy_gradient_loss | -0.00995     |
|    std                  | 10.5         |
|    value_loss           | 1.58         |
------------------------------------------
-----------------------------------------
| rollout/                |             |
|    ep_len_mean          | 711         |
|    ep_rew_mean          | 51.7        |
| time/                   |             |
|    fps                  | 36          |
|    iterations           | 479         |
|    time_elapsed         | 27041       |
|    total_timesteps      | 1290992     |
| train/                  |             |
|    approx_kl            | 0.008079229 |
|    clip_fraction        | 0.0621      |
|    clip_range           | 0.2         |
|    entropy_loss         | -10.7       |
|    explained_variance   | 0.88        |
|    learning_rate        | 0.0003      |
|    loss                 | 0.369       |
|    n_updates            | 6290        |
|    policy_gradient_loss | -0.0104     |
|    std                  | 10.6        |
|    value_loss           | 1.46        |
-----------------------------------------
-----------------------------------------
| rollout/                |             |
|    ep_len_mean          | 719         |
|    ep_rew_mean          | 52.7        |
| time/                   |             |
|    fps                  | 36          |
|    iterations           | 480         |
|    time_elapsed         | 27097       |
|    total_timesteps      | 1293040     |
| train/                  |             |
|    approx_kl            | 0.006612689 |
|    clip_fraction        | 0.0546      |
|    clip_range           | 0.2         |
|    entropy_loss         | -10.7       |
|    explained_variance   | 0.798       |
|    learning_rate        | 0.0003      |
|    loss                 | 3.36        |
|    n_updates            | 6300        |
|    policy_gradient_loss | -0.0114     |
|    std                  | 10.7        |
|    value_loss           | 1.87        |
-----------------------------------------
------------------------------------------
| rollout/                |              |
|    ep_len_mean          | 729          |
|    ep_rew_mean          | 51.6         |
| time/                   |              |
|    fps                  | 36           |
|    iterations           | 481          |
|    time_elapsed         | 27153        |
|    total_timesteps      | 1295088      |
| train/                  |              |
|    approx_kl            | 0.0060373237 |
|    clip_fraction        | 0.049        |
|    clip_range           | 0.2          |
|    entropy_loss         | -10.7        |
|    explained_variance   | 0.943        |
|    learning_rate        | 0.0003       |
|    loss                 | 0.446        |
|    n_updates            | 6310         |
|    policy_gradient_loss | -0.00841     |
|    std                  | 10.7         |
|    value_loss           | 1.47         |
------------------------------------------
-----------------------------------------
| rollout/                |             |
|    ep_len_mean          | 737         |
|    ep_rew_mean          | 52.5        |
| time/                   |             |
|    fps                  | 36          |
|    iterations           | 482         |
|    time_elapsed         | 27209       |
|    total_timesteps      | 1297136     |
| train/                  |             |
|    approx_kl            | 0.006886636 |
|    clip_fraction        | 0.054       |
|    clip_range           | 0.2         |
|    entropy_loss         | -10.7       |
|    explained_variance   | 0.885       |
|    learning_rate        | 0.0003      |
|    loss                 | 0.953       |
|    n_updates            | 6320        |
|    policy_gradient_loss | -0.00927    |
|    std                  | 10.8        |
|    value_loss           | 1.94        |
-----------------------------------------
-----------------------------------------
| rollout/                |             |
|    ep_len_mean          | 740         |
|    ep_rew_mean          | 51.2        |
| time/                   |             |
|    fps                  | 36          |
|    iterations           | 483         |
|    time_elapsed         | 27265       |
|    total_timesteps      | 1299184     |
| train/                  |             |
|    approx_kl            | 0.008361835 |
|    clip_fraction        | 0.0871      |
|    clip_range           | 0.2         |
|    entropy_loss         | -10.7       |
|    explained_variance   | 0.871       |
|    learning_rate        | 0.0003      |
|    loss                 | 0.238       |
|    n_updates            | 6330        |
|    policy_gradient_loss | -0.0162     |
|    std                  | 10.8        |
|    value_loss           | 1.28        |
-----------------------------------------
-----------------------------------------
| rollout/                |             |
|    ep_len_mean          | 728         |
|    ep_rew_mean          | 51.9        |
| time/                   |             |
|    fps                  | 36          |
|    iterations           | 484         |
|    time_elapsed         | 27321       |
|    total_timesteps      | 1301232     |
| train/                  |             |
|    approx_kl            | 0.006237814 |
|    clip_fraction        | 0.0634      |
|    clip_range           | 0.2         |
|    entropy_loss         | -10.7       |
|    explained_variance   | 0.969       |
|    learning_rate        | 0.0003      |
|    loss                 | 0.554       |
|    n_updates            | 6340        |
|    policy_gradient_loss | -0.00878    |
|    std                  | 10.8        |
|    value_loss           | 1.92        |
-----------------------------------------
------------------------------------------
| rollout/                |              |
|    ep_len_mean          | 730          |
|    ep_rew_mean          | 51.5         |
| time/                   |              |
|    fps                  | 36           |
|    iterations           | 485          |
|    time_elapsed         | 27377        |
|    total_timesteps      | 1303280      |
| train/                  |              |
|    approx_kl            | 0.0073256213 |
|    clip_fraction        | 0.0575       |
|    clip_range           | 0.2          |
|    entropy_loss         | -10.7        |
|    explained_variance   | 0.827        |
|    learning_rate        | 0.0003       |
|    loss                 | 0.262        |
|    n_updates            | 6350         |
|    policy_gradient_loss | -0.0116      |
|    std                  | 10.8         |
|    value_loss           | 3.01         |
------------------------------------------
------------------------------------------
| rollout/                |              |
|    ep_len_mean          | 734          |
|    ep_rew_mean          | 52.7         |
| time/                   |              |
|    fps                  | 36           |
|    iterations           | 486          |
|    time_elapsed         | 27433        |
|    total_timesteps      | 1305328      |
| train/                  |              |
|    approx_kl            | 0.0067482847 |
|    clip_fraction        | 0.065        |
|    clip_range           | 0.2          |
|    entropy_loss         | -10.7        |
|    explained_variance   | 0.853        |
|    learning_rate        | 0.0003       |
|    loss                 | 0.23         |
|    n_updates            | 6360         |
|    policy_gradient_loss | -0.0108      |
|    std                  | 10.8         |
|    value_loss           | 1.51         |
------------------------------------------
------------------------------------------
| rollout/                |              |
|    ep_len_mean          | 731          |
|    ep_rew_mean          | 53.9         |
| time/                   |              |
|    fps                  | 36           |
|    iterations           | 487          |
|    time_elapsed         | 27489        |
|    total_timesteps      | 1307376      |
| train/                  |              |
|    approx_kl            | 0.0077602346 |
|    clip_fraction        | 0.0805       |
|    clip_range           | 0.2          |
|    entropy_loss         | -10.7        |
|    explained_variance   | 0.942        |
|    learning_rate        | 0.0003       |
|    loss                 | 0.219        |
|    n_updates            | 6370         |
|    policy_gradient_loss | -0.0127      |
|    std                  | 10.9         |
|    value_loss           | 1.38         |
------------------------------------------
------------------------------------------
| rollout/                |              |
|    ep_len_mean          | 744          |
|    ep_rew_mean          | 55.1         |
| time/                   |              |
|    fps                  | 36           |
|    iterations           | 488          |
|    time_elapsed         | 27545        |
|    total_timesteps      | 1309424      |
| train/                  |              |
|    approx_kl            | 0.0066701183 |
|    clip_fraction        | 0.0624       |
|    clip_range           | 0.2          |
|    entropy_loss         | -10.8        |
|    explained_variance   | 0.824        |
|    learning_rate        | 0.0003       |
|    loss                 | 0.436        |
|    n_updates            | 6380         |
|    policy_gradient_loss | -0.0123      |
|    std                  | 11           |
|    value_loss           | 1.89         |
------------------------------------------
-----------------------------------------
| rollout/                |             |
|    ep_len_mean          | 748         |
|    ep_rew_mean          | 52.9        |
| time/                   |             |
|    fps                  | 36          |
|    iterations           | 489         |
|    time_elapsed         | 27601       |
|    total_timesteps      | 1311472     |
| train/                  |             |
|    approx_kl            | 0.006142424 |
|    clip_fraction        | 0.066       |
|    clip_range           | 0.2         |
|    entropy_loss         | -10.8       |
|    explained_variance   | 0.921       |
|    learning_rate        | 0.0003      |
|    loss                 | 0.684       |
|    n_updates            | 6390        |
|    policy_gradient_loss | -0.0113     |
|    std                  | 11          |
|    value_loss           | 1.8         |
-----------------------------------------
-----------------------------------------
| rollout/                |             |
|    ep_len_mean          | 747         |
|    ep_rew_mean          | 52.5        |
| time/                   |             |
|    fps                  | 36          |
|    iterations           | 490         |
|    time_elapsed         | 27658       |
|    total_timesteps      | 1313520     |
| train/                  |             |
|    approx_kl            | 0.008868212 |
|    clip_fraction        | 0.0738      |
|    clip_range           | 0.2         |
|    entropy_loss         | -10.8       |
|    explained_variance   | 0.869       |
|    learning_rate        | 0.0003      |
|    loss                 | 0.326       |
|    n_updates            | 6400        |
|    policy_gradient_loss | -0.0123     |
|    std                  | 11          |
|    value_loss           | 1.61        |
-----------------------------------------
-----------------------------------------
| rollout/                |             |
|    ep_len_mean          | 740         |
|    ep_rew_mean          | 51.5        |
| time/                   |             |
|    fps                  | 36          |
|    iterations           | 491         |
|    time_elapsed         | 27714       |
|    total_timesteps      | 1315568     |
| train/                  |             |
|    approx_kl            | 0.009137329 |
|    clip_fraction        | 0.104       |
|    clip_range           | 0.2         |
|    entropy_loss         | -10.8       |
|    explained_variance   | 0.491       |
|    learning_rate        | 0.0003      |
|    loss                 | 0.281       |
|    n_updates            | 6410        |
|    policy_gradient_loss | -0.0126     |
|    std                  | 11.1        |
|    value_loss           | 28          |
-----------------------------------------
-----------------------------------------
| rollout/                |             |
|    ep_len_mean          | 737         |
|    ep_rew_mean          | 52          |
| time/                   |             |
|    fps                  | 36          |
|    iterations           | 492         |
|    time_elapsed         | 27770       |
|    total_timesteps      | 1317616     |
| train/                  |             |
|    approx_kl            | 0.007757625 |
|    clip_fraction        | 0.0849      |
|    clip_range           | 0.2         |
|    entropy_loss         | -10.9       |
|    explained_variance   | 0.916       |
|    learning_rate        | 0.0003      |
|    loss                 | 0.0988      |
|    n_updates            | 6420        |
|    policy_gradient_loss | -0.0147     |
|    std                  | 11.2        |
|    value_loss           | 1.65        |
-----------------------------------------
-----------------------------------------
| rollout/                |             |
|    ep_len_mean          | 747         |
|    ep_rew_mean          | 53          |
| time/                   |             |
|    fps                  | 36          |
|    iterations           | 493         |
|    time_elapsed         | 27826       |
|    total_timesteps      | 1319664     |
| train/                  |             |
|    approx_kl            | 0.010143354 |
|    clip_fraction        | 0.0938      |
|    clip_range           | 0.2         |
|    entropy_loss         | -10.9       |
|    explained_variance   | 0.901       |
|    learning_rate        | 0.0003      |
|    loss                 | 0.428       |
|    n_updates            | 6430        |
|    policy_gradient_loss | -0.0141     |
|    std                  | 11.1        |
|    value_loss           | 1.27        |
-----------------------------------------
-----------------------------------------
| rollout/                |             |
|    ep_len_mean          | 739         |
|    ep_rew_mean          | 53.7        |
| time/                   |             |
|    fps                  | 36          |
|    iterations           | 494         |
|    time_elapsed         | 27881       |
|    total_timesteps      | 1321712     |
| train/                  |             |
|    approx_kl            | 0.008740582 |
|    clip_fraction        | 0.0877      |
|    clip_range           | 0.2         |
|    entropy_loss         | -10.8       |
|    explained_variance   | 0.978       |
|    learning_rate        | 0.0003      |
|    loss                 | 0.194       |
|    n_updates            | 6440        |
|    policy_gradient_loss | -0.0115     |
|    std                  | 11          |
|    value_loss           | 1.07        |
-----------------------------------------
-----------------------------------------
| rollout/                |             |
|    ep_len_mean          | 749         |
|    ep_rew_mean          | 54          |
| time/                   |             |
|    fps                  | 36          |
|    iterations           | 495         |
|    time_elapsed         | 27937       |
|    total_timesteps      | 1323760     |
| train/                  |             |
|    approx_kl            | 0.008665235 |
|    clip_fraction        | 0.0723      |
|    clip_range           | 0.2         |
|    entropy_loss         | -10.9       |
|    explained_variance   | 0.918       |
|    learning_rate        | 0.0003      |
|    loss                 | 0.327       |
|    n_updates            | 6450        |
|    policy_gradient_loss | -0.0132     |
|    std                  | 11.2        |
|    value_loss           | 1.4         |
-----------------------------------------
-----------------------------------------
| rollout/                |             |
|    ep_len_mean          | 749         |
|    ep_rew_mean          | 57.1        |
| time/                   |             |
|    fps                  | 36          |
|    iterations           | 496         |
|    time_elapsed         | 27993       |
|    total_timesteps      | 1325808     |
| train/                  |             |
|    approx_kl            | 0.008871712 |
|    clip_fraction        | 0.0933      |
|    clip_range           | 0.2         |
|    entropy_loss         | -10.9       |
|    explained_variance   | 0.894       |
|    learning_rate        | 0.0003      |
|    loss                 | 0.302       |
|    n_updates            | 6460        |
|    policy_gradient_loss | -0.0124     |
|    std                  | 11.1        |
|    value_loss           | 1.12        |
-----------------------------------------
-----------------------------------------
| rollout/                |             |
|    ep_len_mean          | 735         |
|    ep_rew_mean          | 56.1        |
| time/                   |             |
|    fps                  | 36          |
|    iterations           | 497         |
|    time_elapsed         | 28051       |
|    total_timesteps      | 1327856     |
| train/                  |             |
|    approx_kl            | 0.007964377 |
|    clip_fraction        | 0.0895      |
|    clip_range           | 0.2         |
|    entropy_loss         | -10.9       |
|    explained_variance   | 0.903       |
|    learning_rate        | 0.0003      |
|    loss                 | 0.238       |
|    n_updates            | 6470        |
|    policy_gradient_loss | -0.0137     |
|    std                  | 11.3        |
|    value_loss           | 1           |
-----------------------------------------
-----------------------------------------
| rollout/                |             |
|    ep_len_mean          | 717         |
|    ep_rew_mean          | 56.1        |
| time/                   |             |
|    fps                  | 36          |
|    iterations           | 498         |
|    time_elapsed         | 28108       |
|    total_timesteps      | 1329904     |
| train/                  |             |
|    approx_kl            | 0.007743534 |
|    clip_fraction        | 0.0727      |
|    clip_range           | 0.2         |
|    entropy_loss         | -10.9       |
|    explained_variance   | 0.815       |
|    learning_rate        | 0.0003      |
|    loss                 | 0.16        |
|    n_updates            | 6480        |
|    policy_gradient_loss | -0.011      |
|    std                  | 11.3        |
|    value_loss           | 3.02        |
-----------------------------------------
-----------------------------------------
| rollout/                |             |
|    ep_len_mean          | 717         |
|    ep_rew_mean          | 56.2        |
| time/                   |             |
|    fps                  | 36          |
|    iterations           | 499         |
|    time_elapsed         | 28165       |
|    total_timesteps      | 1331952     |
| train/                  |             |
|    approx_kl            | 0.009442772 |
|    clip_fraction        | 0.0696      |
|    clip_range           | 0.2         |
|    entropy_loss         | -10.9       |
|    explained_variance   | 0.801       |
|    learning_rate        | 0.0003      |
|    loss                 | 4.96        |
|    n_updates            | 6490        |
|    policy_gradient_loss | -0.011      |
|    std                  | 11.3        |
|    value_loss           | 4.78        |
-----------------------------------------
-----------------------------------------
| rollout/                |             |
|    ep_len_mean          | 717         |
|    ep_rew_mean          | 56          |
| time/                   |             |
|    fps                  | 36          |
|    iterations           | 500         |
|    time_elapsed         | 28220       |
|    total_timesteps      | 1334000     |
| train/                  |             |
|    approx_kl            | 0.008354369 |
|    clip_fraction        | 0.0867      |
|    clip_range           | 0.2         |
|    entropy_loss         | -10.9       |
|    explained_variance   | 0.943       |
|    learning_rate        | 0.0003      |
|    loss                 | 0.154       |
|    n_updates            | 6500        |
|    policy_gradient_loss | -0.0129     |
|    std                  | 11.3        |
|    value_loss           | 1.01        |
-----------------------------------------
-----------------------------------------
| rollout/                |             |
|    ep_len_mean          | 711         |
|    ep_rew_mean          | 54.6        |
| time/                   |             |
|    fps                  | 36          |
|    iterations           | 501         |
|    time_elapsed         | 28277       |
|    total_timesteps      | 1336048     |
| train/                  |             |
|    approx_kl            | 0.008111872 |
|    clip_fraction        | 0.0864      |
|    clip_range           | 0.2         |
|    entropy_loss         | -10.9       |
|    explained_variance   | 0.905       |
|    learning_rate        | 0.0003      |
|    loss                 | 0.229       |
|    n_updates            | 6510        |
|    policy_gradient_loss | -0.0112     |
|    std                  | 11.3        |
|    value_loss           | 1.35        |
-----------------------------------------
-----------------------------------------
| rollout/                |             |
|    ep_len_mean          | 715         |
|    ep_rew_mean          | 57.2        |
| time/                   |             |
|    fps                  | 36          |
|    iterations           | 502         |
|    time_elapsed         | 28334       |
|    total_timesteps      | 1338096     |
| train/                  |             |
|    approx_kl            | 0.009880112 |
|    clip_fraction        | 0.0873      |
|    clip_range           | 0.2         |
|    entropy_loss         | -10.9       |
|    explained_variance   | 0.875       |
|    learning_rate        | 0.0003      |
|    loss                 | 0.29        |
|    n_updates            | 6520        |
|    policy_gradient_loss | -0.0134     |
|    std                  | 11.4        |
|    value_loss           | 1.81        |
-----------------------------------------
-----------------------------------------
| rollout/                |             |
|    ep_len_mean          | 713         |
|    ep_rew_mean          | 56.7        |
| time/                   |             |
|    fps                  | 36          |
|    iterations           | 503         |
|    time_elapsed         | 28390       |
|    total_timesteps      | 1340144     |
| train/                  |             |
|    approx_kl            | 0.008568421 |
|    clip_fraction        | 0.0837      |
|    clip_range           | 0.2         |
|    entropy_loss         | -10.9       |
|    explained_variance   | 0.9         |
|    learning_rate        | 0.0003      |
|    loss                 | 0.228       |
|    n_updates            | 6530        |
|    policy_gradient_loss | -0.0119     |
|    std                  | 11.3        |
|    value_loss           | 1.19        |
-----------------------------------------
-----------------------------------------
| rollout/                |             |
|    ep_len_mean          | 709         |
|    ep_rew_mean          | 55.7        |
| time/                   |             |
|    fps                  | 36          |
|    iterations           | 504         |
|    time_elapsed         | 28445       |
|    total_timesteps      | 1342192     |
| train/                  |             |
|    approx_kl            | 0.010752568 |
|    clip_fraction        | 0.119       |
|    clip_range           | 0.2         |
|    entropy_loss         | -10.9       |
|    explained_variance   | 0.92        |
|    learning_rate        | 0.0003      |
|    loss                 | 1.63        |
|    n_updates            | 6540        |
|    policy_gradient_loss | -0.0142     |
|    std                  | 11.5        |
|    value_loss           | 1.16        |
-----------------------------------------
-----------------------------------------
| rollout/                |             |
|    ep_len_mean          | 709         |
|    ep_rew_mean          | 51.5        |
| time/                   |             |
|    fps                  | 36          |
|    iterations           | 505         |
|    time_elapsed         | 28501       |
|    total_timesteps      | 1344240     |
| train/                  |             |
|    approx_kl            | 0.008400265 |
|    clip_fraction        | 0.0611      |
|    clip_range           | 0.2         |
|    entropy_loss         | -10.9       |
|    explained_variance   | 0.815       |
|    learning_rate        | 0.0003      |
|    loss                 | 0.17        |
|    n_updates            | 6550        |
|    policy_gradient_loss | -0.00601    |
|    std                  | 11.5        |
|    value_loss           | 1.65        |
-----------------------------------------
------------------------------------------
| rollout/                |              |
|    ep_len_mean          | 717          |
|    ep_rew_mean          | 48.1         |
| time/                   |              |
|    fps                  | 36           |
|    iterations           | 506          |
|    time_elapsed         | 28557        |
|    total_timesteps      | 1346288      |
| train/                  |              |
|    approx_kl            | 0.0066803517 |
|    clip_fraction        | 0.0745       |
|    clip_range           | 0.2          |
|    entropy_loss         | -10.9        |
|    explained_variance   | 0.962        |
|    learning_rate        | 0.0003       |
|    loss                 | 0.189        |
|    n_updates            | 6560         |
|    policy_gradient_loss | -0.012       |
|    std                  | 11.5         |
|    value_loss           | 0.921        |
------------------------------------------
------------------------------------------
| rollout/                |              |
|    ep_len_mean          | 719          |
|    ep_rew_mean          | 50.8         |
| time/                   |              |
|    fps                  | 36           |
|    iterations           | 507          |
|    time_elapsed         | 28613        |
|    total_timesteps      | 1348336      |
| train/                  |              |
|    approx_kl            | 0.0074510816 |
|    clip_fraction        | 0.0611       |
|    clip_range           | 0.2          |
|    entropy_loss         | -10.9        |
|    explained_variance   | 0.936        |
|    learning_rate        | 0.0003       |
|    loss                 | 0.0227       |
|    n_updates            | 6570         |
|    policy_gradient_loss | -0.0079      |
|    std                  | 11.5         |
|    value_loss           | 1.01         |
------------------------------------------
-----------------------------------------
| rollout/                |             |
|    ep_len_mean          | 717         |
|    ep_rew_mean          | 50.2        |
| time/                   |             |
|    fps                  | 36          |
|    iterations           | 508         |
|    time_elapsed         | 28670       |
|    total_timesteps      | 1350384     |
| train/                  |             |
|    approx_kl            | 0.009788705 |
|    clip_fraction        | 0.0866      |
|    clip_range           | 0.2         |
|    entropy_loss         | -11         |
|    explained_variance   | 0.363       |
|    learning_rate        | 0.0003      |
|    loss                 | 0.132       |
|    n_updates            | 6580        |
|    policy_gradient_loss | -0.0134     |
|    std                  | 11.6        |
|    value_loss           | 25.8        |
-----------------------------------------
----------------------------------------
| rollout/                |            |
|    ep_len_mean          | 693        |
|    ep_rew_mean          | 49.1       |
| time/                   |            |
|    fps                  | 36         |
|    iterations           | 509        |
|    time_elapsed         | 28727      |
|    total_timesteps      | 1352432    |
| train/                  |            |
|    approx_kl            | 0.00697263 |
|    clip_fraction        | 0.0641     |
|    clip_range           | 0.2        |
|    entropy_loss         | -11        |
|    explained_variance   | 0.786      |
|    learning_rate        | 0.0003     |
|    loss                 | 0.188      |
|    n_updates            | 6590       |
|    policy_gradient_loss | -0.0133    |
|    std                  | 11.7       |
|    value_loss           | 1.51       |
----------------------------------------
-----------------------------------------
| rollout/                |             |
|    ep_len_mean          | 686         |
|    ep_rew_mean          | 49.6        |
| time/                   |             |
|    fps                  | 36          |
|    iterations           | 510         |
|    time_elapsed         | 28783       |
|    total_timesteps      | 1354480     |
| train/                  |             |
|    approx_kl            | 0.004930096 |
|    clip_fraction        | 0.0395      |
|    clip_range           | 0.2         |
|    entropy_loss         | -11         |
|    explained_variance   | 0.588       |
|    learning_rate        | 0.0003      |
|    loss                 | 1.8         |
|    n_updates            | 6600        |
|    policy_gradient_loss | -0.00782    |
|    std                  | 11.8        |
|    value_loss           | 6.8         |
-----------------------------------------
-----------------------------------------
| rollout/                |             |
|    ep_len_mean          | 696         |
|    ep_rew_mean          | 51          |
| time/                   |             |
|    fps                  | 36          |
|    iterations           | 511         |
|    time_elapsed         | 28839       |
|    total_timesteps      | 1356528     |
| train/                  |             |
|    approx_kl            | 0.008298152 |
|    clip_fraction        | 0.0701      |
|    clip_range           | 0.2         |
|    entropy_loss         | -11         |
|    explained_variance   | 0.898       |
|    learning_rate        | 0.0003      |
|    loss                 | 0.253       |
|    n_updates            | 6610        |
|    policy_gradient_loss | -0.0116     |
|    std                  | 11.8        |
|    value_loss           | 1.68        |
-----------------------------------------
-----------------------------------------
| rollout/                |             |
|    ep_len_mean          | 687         |
|    ep_rew_mean          | 50          |
| time/                   |             |
|    fps                  | 36          |
|    iterations           | 512         |
|    time_elapsed         | 28895       |
|    total_timesteps      | 1358576     |
| train/                  |             |
|    approx_kl            | 0.009025169 |
|    clip_fraction        | 0.0913      |
|    clip_range           | 0.2         |
|    entropy_loss         | -11         |
|    explained_variance   | 0.935       |
|    learning_rate        | 0.0003      |
|    loss                 | 0.034       |
|    n_updates            | 6620        |
|    policy_gradient_loss | -0.0138     |
|    std                  | 11.8        |
|    value_loss           | 1.09        |
-----------------------------------------
------------------------------------------
| rollout/                |              |
|    ep_len_mean          | 705          |
|    ep_rew_mean          | 51.7         |
| time/                   |              |
|    fps                  | 36           |
|    iterations           | 513          |
|    time_elapsed         | 28951        |
|    total_timesteps      | 1360624      |
| train/                  |              |
|    approx_kl            | 0.0077478257 |
|    clip_fraction        | 0.0678       |
|    clip_range           | 0.2          |
|    entropy_loss         | -11          |
|    explained_variance   | 0.866        |
|    learning_rate        | 0.0003       |
|    loss                 | 0.339        |
|    n_updates            | 6630         |
|    policy_gradient_loss | -0.012       |
|    std                  | 11.8         |
|    value_loss           | 1.25         |
------------------------------------------
-----------------------------------------
| rollout/                |             |
|    ep_len_mean          | 696         |
|    ep_rew_mean          | 50.8        |
| time/                   |             |
|    fps                  | 36          |
|    iterations           | 514         |
|    time_elapsed         | 29007       |
|    total_timesteps      | 1362672     |
| train/                  |             |
|    approx_kl            | 0.009484645 |
|    clip_fraction        | 0.0852      |
|    clip_range           | 0.2         |
|    entropy_loss         | -11         |
|    explained_variance   | 0.927       |
|    learning_rate        | 0.0003      |
|    loss                 | 0.415       |
|    n_updates            | 6640        |
|    policy_gradient_loss | -0.0148     |
|    std                  | 11.9        |
|    value_loss           | 1.15        |
-----------------------------------------
-----------------------------------------
| rollout/                |             |
|    ep_len_mean          | 705         |
|    ep_rew_mean          | 52.5        |
| time/                   |             |
|    fps                  | 36          |
|    iterations           | 515         |
|    time_elapsed         | 29063       |
|    total_timesteps      | 1364720     |
| train/                  |             |
|    approx_kl            | 0.008183861 |
|    clip_fraction        | 0.0901      |
|    clip_range           | 0.2         |
|    entropy_loss         | -11         |
|    explained_variance   | 0.784       |
|    learning_rate        | 0.0003      |
|    loss                 | 0.411       |
|    n_updates            | 6650        |
|    policy_gradient_loss | -0.0138     |
|    std                  | 11.9        |
|    value_loss           | 1.49        |
-----------------------------------------
-----------------------------------------
| rollout/                |             |
|    ep_len_mean          | 697         |
|    ep_rew_mean          | 51.2        |
| time/                   |             |
|    fps                  | 36          |
|    iterations           | 516         |
|    time_elapsed         | 29118       |
|    total_timesteps      | 1366768     |
| train/                  |             |
|    approx_kl            | 0.007595661 |
|    clip_fraction        | 0.0825      |
|    clip_range           | 0.2         |
|    entropy_loss         | -11.1       |
|    explained_variance   | 0.923       |
|    learning_rate        | 0.0003      |
|    loss                 | 0.192       |
|    n_updates            | 6660        |
|    policy_gradient_loss | -0.0113     |
|    std                  | 12          |
|    value_loss           | 1.21        |
-----------------------------------------
------------------------------------------
| rollout/                |              |
|    ep_len_mean          | 704          |
|    ep_rew_mean          | 53.3         |
| time/                   |              |
|    fps                  | 36           |
|    iterations           | 517          |
|    time_elapsed         | 29174        |
|    total_timesteps      | 1368816      |
| train/                  |              |
|    approx_kl            | 0.0071397866 |
|    clip_fraction        | 0.061        |
|    clip_range           | 0.2          |
|    entropy_loss         | -11.1        |
|    explained_variance   | 0.869        |
|    learning_rate        | 0.0003       |
|    loss                 | 0.232        |
|    n_updates            | 6670         |
|    policy_gradient_loss | -0.0117      |
|    std                  | 12.1         |
|    value_loss           | 1.47         |
------------------------------------------
-----------------------------------------
| rollout/                |             |
|    ep_len_mean          | 706         |
|    ep_rew_mean          | 52.7        |
| time/                   |             |
|    fps                  | 36          |
|    iterations           | 518         |
|    time_elapsed         | 29230       |
|    total_timesteps      | 1370864     |
| train/                  |             |
|    approx_kl            | 0.009716571 |
|    clip_fraction        | 0.0939      |
|    clip_range           | 0.2         |
|    entropy_loss         | -11.1       |
|    explained_variance   | 0.918       |
|    learning_rate        | 0.0003      |
|    loss                 | 0.414       |
|    n_updates            | 6680        |
|    policy_gradient_loss | -0.0129     |
|    std                  | 12.1        |
|    value_loss           | 1.1         |
-----------------------------------------
------------------------------------------
| rollout/                |              |
|    ep_len_mean          | 706          |
|    ep_rew_mean          | 51.4         |
| time/                   |              |
|    fps                  | 36           |
|    iterations           | 519          |
|    time_elapsed         | 29286        |
|    total_timesteps      | 1372912      |
| train/                  |              |
|    approx_kl            | 0.0068996213 |
|    clip_fraction        | 0.0587       |
|    clip_range           | 0.2          |
|    entropy_loss         | -11.1        |
|    explained_variance   | 0.913        |
|    learning_rate        | 0.0003       |
|    loss                 | 0.362        |
|    n_updates            | 6690         |
|    policy_gradient_loss | -0.00973     |
|    std                  | 12.2         |
|    value_loss           | 1.55         |
------------------------------------------
-----------------------------------------
| rollout/                |             |
|    ep_len_mean          | 709         |
|    ep_rew_mean          | 49.5        |
| time/                   |             |
|    fps                  | 36          |
|    iterations           | 520         |
|    time_elapsed         | 29341       |
|    total_timesteps      | 1374960     |
| train/                  |             |
|    approx_kl            | 0.009258024 |
|    clip_fraction        | 0.0724      |
|    clip_range           | 0.2         |
|    entropy_loss         | -11.1       |
|    explained_variance   | 0.766       |
|    learning_rate        | 0.0003      |
|    loss                 | 0.0576      |
|    n_updates            | 6700        |
|    policy_gradient_loss | -0.0104     |
|    std                  | 12.2        |
|    value_loss           | 1.52        |
-----------------------------------------
------------------------------------------
| rollout/                |              |
|    ep_len_mean          | 706          |
|    ep_rew_mean          | 49.7         |
| time/                   |              |
|    fps                  | 36           |
|    iterations           | 521          |
|    time_elapsed         | 29397        |
|    total_timesteps      | 1377008      |
| train/                  |              |
|    approx_kl            | 0.0074813226 |
|    clip_fraction        | 0.0729       |
|    clip_range           | 0.2          |
|    entropy_loss         | -11.2        |
|    explained_variance   | 0.972        |
|    learning_rate        | 0.0003       |
|    loss                 | 0.195        |
|    n_updates            | 6710         |
|    policy_gradient_loss | -0.0101      |
|    std                  | 12.4         |
|    value_loss           | 1.14         |
------------------------------------------
-----------------------------------------
| rollout/                |             |
|    ep_len_mean          | 707         |
|    ep_rew_mean          | 49.6        |
| time/                   |             |
|    fps                  | 36          |
|    iterations           | 522         |
|    time_elapsed         | 29453       |
|    total_timesteps      | 1379056     |
| train/                  |             |
|    approx_kl            | 0.011185687 |
|    clip_fraction        | 0.102       |
|    clip_range           | 0.2         |
|    entropy_loss         | -11.2       |
|    explained_variance   | 0.848       |
|    learning_rate        | 0.0003      |
|    loss                 | 0.18        |
|    n_updates            | 6720        |
|    policy_gradient_loss | -0.0158     |
|    std                  | 12.4        |
|    value_loss           | 1.24        |
-----------------------------------------
------------------------------------------
| rollout/                |              |
|    ep_len_mean          | 693          |
|    ep_rew_mean          | 46.5         |
| time/                   |              |
|    fps                  | 36           |
|    iterations           | 523          |
|    time_elapsed         | 29510        |
|    total_timesteps      | 1381104      |
| train/                  |              |
|    approx_kl            | 0.0072520226 |
|    clip_fraction        | 0.0798       |
|    clip_range           | 0.2          |
|    entropy_loss         | -11.2        |
|    explained_variance   | 0.916        |
|    learning_rate        | 0.0003       |
|    loss                 | 0.152        |
|    n_updates            | 6730         |
|    policy_gradient_loss | -0.0144      |
|    std                  | 12.4         |
|    value_loss           | 1.36         |
------------------------------------------
-----------------------------------------
| rollout/                |             |
|    ep_len_mean          | 687         |
|    ep_rew_mean          | 43.4        |
| time/                   |             |
|    fps                  | 36          |
|    iterations           | 524         |
|    time_elapsed         | 29567       |
|    total_timesteps      | 1383152     |
| train/                  |             |
|    approx_kl            | 0.007857686 |
|    clip_fraction        | 0.0661      |
|    clip_range           | 0.2         |
|    entropy_loss         | -11.2       |
|    explained_variance   | 0.938       |
|    learning_rate        | 0.0003      |
|    loss                 | 0.091       |
|    n_updates            | 6740        |
|    policy_gradient_loss | -0.0093     |
|    std                  | 12.5        |
|    value_loss           | 2.15        |
-----------------------------------------
------------------------------------------
| rollout/                |              |
|    ep_len_mean          | 695          |
|    ep_rew_mean          | 44.9         |
| time/                   |              |
|    fps                  | 36           |
|    iterations           | 525          |
|    time_elapsed         | 29622        |
|    total_timesteps      | 1385200      |
| train/                  |              |
|    approx_kl            | 0.0093866065 |
|    clip_fraction        | 0.0685       |
|    clip_range           | 0.2          |
|    entropy_loss         | -11.2        |
|    explained_variance   | 0.796        |
|    learning_rate        | 0.0003       |
|    loss                 | 0.222        |
|    n_updates            | 6750         |
|    policy_gradient_loss | -0.0117      |
|    std                  | 12.7         |
|    value_loss           | 2.33         |
------------------------------------------
-----------------------------------------
| rollout/                |             |
|    ep_len_mean          | 678         |
|    ep_rew_mean          | 46.9        |
| time/                   |             |
|    fps                  | 36          |
|    iterations           | 526         |
|    time_elapsed         | 29679       |
|    total_timesteps      | 1387248     |
| train/                  |             |
|    approx_kl            | 0.008271755 |
|    clip_fraction        | 0.0613      |
|    clip_range           | 0.2         |
|    entropy_loss         | -11.3       |
|    explained_variance   | 0.944       |
|    learning_rate        | 0.0003      |
|    loss                 | 0.449       |
|    n_updates            | 6760        |
|    policy_gradient_loss | -0.0114     |
|    std                  | 12.7        |
|    value_loss           | 1.46        |
-----------------------------------------
------------------------------------------
| rollout/                |              |
|    ep_len_mean          | 669          |
|    ep_rew_mean          | 45.3         |
| time/                   |              |
|    fps                  | 36           |
|    iterations           | 527          |
|    time_elapsed         | 29736        |
|    total_timesteps      | 1389296      |
| train/                  |              |
|    approx_kl            | 0.0031881067 |
|    clip_fraction        | 0.0245       |
|    clip_range           | 0.2          |
|    entropy_loss         | -11.3        |
|    explained_variance   | 0.36         |
|    learning_rate        | 0.0003       |
|    loss                 | 26.7         |
|    n_updates            | 6770         |
|    policy_gradient_loss | -0.00246     |
|    std                  | 12.8         |
|    value_loss           | 158          |
------------------------------------------
-----------------------------------------
| rollout/                |             |
|    ep_len_mean          | 653         |
|    ep_rew_mean          | 43.6        |
| time/                   |             |
|    fps                  | 36          |
|    iterations           | 528         |
|    time_elapsed         | 29793       |
|    total_timesteps      | 1391344     |
| train/                  |             |
|    approx_kl            | 0.007734134 |
|    clip_fraction        | 0.0504      |
|    clip_range           | 0.2         |
|    entropy_loss         | -11.3       |
|    explained_variance   | 0.569       |
|    learning_rate        | 0.0003      |
|    loss                 | 0.963       |
|    n_updates            | 6780        |
|    policy_gradient_loss | -0.0113     |
|    std                  | 12.8        |
|    value_loss           | 4.49        |
-----------------------------------------
-----------------------------------------
| rollout/                |             |
|    ep_len_mean          | 661         |
|    ep_rew_mean          | 44.7        |
| time/                   |             |
|    fps                  | 36          |
|    iterations           | 529         |
|    time_elapsed         | 29849       |
|    total_timesteps      | 1393392     |
| train/                  |             |
|    approx_kl            | 0.006079412 |
|    clip_fraction        | 0.0387      |
|    clip_range           | 0.2         |
|    entropy_loss         | -11.3       |
|    explained_variance   | 0.406       |
|    learning_rate        | 0.0003      |
|    loss                 | 0.509       |
|    n_updates            | 6790        |
|    policy_gradient_loss | -0.0056     |
|    std                  | 12.9        |
|    value_loss           | 8.68        |
-----------------------------------------
------------------------------------------
| rollout/                |              |
|    ep_len_mean          | 670          |
|    ep_rew_mean          | 45.5         |
| time/                   |              |
|    fps                  | 36           |
|    iterations           | 530          |
|    time_elapsed         | 29906        |
|    total_timesteps      | 1395440      |
| train/                  |              |
|    approx_kl            | 0.0074273553 |
|    clip_fraction        | 0.0886       |
|    clip_range           | 0.2          |
|    entropy_loss         | -11.3        |
|    explained_variance   | 0.817        |
|    learning_rate        | 0.0003       |
|    loss                 | 1.46         |
|    n_updates            | 6800         |
|    policy_gradient_loss | -0.0143      |
|    std                  | 12.9         |
|    value_loss           | 2.23         |
------------------------------------------
------------------------------------------
| rollout/                |              |
|    ep_len_mean          | 679          |
|    ep_rew_mean          | 43.8         |
| time/                   |              |
|    fps                  | 36           |
|    iterations           | 531          |
|    time_elapsed         | 29961        |
|    total_timesteps      | 1397488      |
| train/                  |              |
|    approx_kl            | 0.0074225897 |
|    clip_fraction        | 0.0504       |
|    clip_range           | 0.2          |
|    entropy_loss         | -11.3        |
|    explained_variance   | 0.739        |
|    learning_rate        | 0.0003       |
|    loss                 | 1.88         |
|    n_updates            | 6810         |
|    policy_gradient_loss | -0.00864     |
|    std                  | 12.9         |
|    value_loss           | 4.31         |
------------------------------------------
-----------------------------------------
| rollout/                |             |
|    ep_len_mean          | 680         |
|    ep_rew_mean          | 43.5        |
| time/                   |             |
|    fps                  | 36          |
|    iterations           | 532         |
|    time_elapsed         | 30017       |
|    total_timesteps      | 1399536     |
| train/                  |             |
|    approx_kl            | 0.010497205 |
|    clip_fraction        | 0.113       |
|    clip_range           | 0.2         |
|    entropy_loss         | -11.3       |
|    explained_variance   | 0.96        |
|    learning_rate        | 0.0003      |
|    loss                 | 0.2         |
|    n_updates            | 6820        |
|    policy_gradient_loss | -0.0156     |
|    std                  | 12.7        |
|    value_loss           | 1.03        |
-----------------------------------------
------------------------------------------
| rollout/                |              |
|    ep_len_mean          | 678          |
|    ep_rew_mean          | 42.6         |
| time/                   |              |
|    fps                  | 36           |
|    iterations           | 533          |
|    time_elapsed         | 30073        |
|    total_timesteps      | 1401584      |
| train/                  |              |
|    approx_kl            | 0.0064689033 |
|    clip_fraction        | 0.0564       |
|    clip_range           | 0.2          |
|    entropy_loss         | -11.3        |
|    explained_variance   | 0.839        |
|    learning_rate        | 0.0003       |
|    loss                 | 0.353        |
|    n_updates            | 6830         |
|    policy_gradient_loss | -0.012       |
|    std                  | 12.7         |
|    value_loss           | 1.99         |
------------------------------------------
-----------------------------------------
| rollout/                |             |
|    ep_len_mean          | 692         |
|    ep_rew_mean          | 43.8        |
| time/                   |             |
|    fps                  | 36          |
|    iterations           | 534         |
|    time_elapsed         | 30129       |
|    total_timesteps      | 1403632     |
| train/                  |             |
|    approx_kl            | 0.008692485 |
|    clip_fraction        | 0.0598      |
|    clip_range           | 0.2         |
|    entropy_loss         | -11.3       |
|    explained_variance   | 0.371       |
|    learning_rate        | 0.0003      |
|    loss                 | 0.909       |
|    n_updates            | 6840        |
|    policy_gradient_loss | -0.012      |
|    std                  | 12.7        |
|    value_loss           | 2.96        |
-----------------------------------------
-----------------------------------------
| rollout/                |             |
|    ep_len_mean          | 686         |
|    ep_rew_mean          | 43          |
| time/                   |             |
|    fps                  | 36          |
|    iterations           | 535         |
|    time_elapsed         | 30185       |
|    total_timesteps      | 1405680     |
| train/                  |             |
|    approx_kl            | 0.005939785 |
|    clip_fraction        | 0.0609      |
|    clip_range           | 0.2         |
|    entropy_loss         | -11.3       |
|    explained_variance   | 0.692       |
|    learning_rate        | 0.0003      |
|    loss                 | 0.359       |
|    n_updates            | 6850        |
|    policy_gradient_loss | -0.0123     |
|    std                  | 12.8        |
|    value_loss           | 3.25        |
-----------------------------------------
-----------------------------------------
| rollout/                |             |
|    ep_len_mean          | 696         |
|    ep_rew_mean          | 43.5        |
| time/                   |             |
|    fps                  | 36          |
|    iterations           | 536         |
|    time_elapsed         | 30241       |
|    total_timesteps      | 1407728     |
| train/                  |             |
|    approx_kl            | 0.008993465 |
|    clip_fraction        | 0.0893      |
|    clip_range           | 0.2         |
|    entropy_loss         | -11.3       |
|    explained_variance   | 0.766       |
|    learning_rate        | 0.0003      |
|    loss                 | 0.38        |
|    n_updates            | 6860        |
|    policy_gradient_loss | -0.0151     |
|    std                  | 12.9        |
|    value_loss           | 1.64        |
-----------------------------------------
------------------------------------------
| rollout/                |              |
|    ep_len_mean          | 690          |
|    ep_rew_mean          | 40.2         |
| time/                   |              |
|    fps                  | 36           |
|    iterations           | 537          |
|    time_elapsed         | 30296        |
|    total_timesteps      | 1409776      |
| train/                  |              |
|    approx_kl            | 0.0068089557 |
|    clip_fraction        | 0.0506       |
|    clip_range           | 0.2          |
|    entropy_loss         | -11.3        |
|    explained_variance   | 0.801        |
|    learning_rate        | 0.0003       |
|    loss                 | 0.475        |
|    n_updates            | 6870         |
|    policy_gradient_loss | -0.00978     |
|    std                  | 13           |
|    value_loss           | 1.47         |
------------------------------------------
-----------------------------------------
| rollout/                |             |
|    ep_len_mean          | 684         |
|    ep_rew_mean          | 42.5        |
| time/                   |             |
|    fps                  | 36          |
|    iterations           | 538         |
|    time_elapsed         | 30352       |
|    total_timesteps      | 1411824     |
| train/                  |             |
|    approx_kl            | 0.008521172 |
|    clip_fraction        | 0.071       |
|    clip_range           | 0.2         |
|    entropy_loss         | -11.3       |
|    explained_variance   | 0.947       |
|    learning_rate        | 0.0003      |
|    loss                 | 0.722       |
|    n_updates            | 6880        |
|    policy_gradient_loss | -0.012      |
|    std                  | 13.1        |
|    value_loss           | 1.37        |
-----------------------------------------
------------------------------------------
| rollout/                |              |
|    ep_len_mean          | 676          |
|    ep_rew_mean          | 45.7         |
| time/                   |              |
|    fps                  | 36           |
|    iterations           | 539          |
|    time_elapsed         | 30409        |
|    total_timesteps      | 1413872      |
| train/                  |              |
|    approx_kl            | 0.0068578105 |
|    clip_fraction        | 0.0668       |
|    clip_range           | 0.2          |
|    entropy_loss         | -11.3        |
|    explained_variance   | 0.89         |
|    learning_rate        | 0.0003       |
|    loss                 | 0.282        |
|    n_updates            | 6890         |
|    policy_gradient_loss | -0.00863     |
|    std                  | 13.1         |
|    value_loss           | 4.99         |
------------------------------------------
------------------------------------------
| rollout/                |              |
|    ep_len_mean          | 669          |
|    ep_rew_mean          | 41.9         |
| time/                   |              |
|    fps                  | 36           |
|    iterations           | 540          |
|    time_elapsed         | 30466        |
|    total_timesteps      | 1415920      |
| train/                  |              |
|    approx_kl            | 0.0062727267 |
|    clip_fraction        | 0.058        |
|    clip_range           | 0.2          |
|    entropy_loss         | -11.3        |
|    explained_variance   | 0.756        |
|    learning_rate        | 0.0003       |
|    loss                 | 4.82         |
|    n_updates            | 6900         |
|    policy_gradient_loss | -0.0106      |
|    std                  | 13.1         |
|    value_loss           | 3.3          |
------------------------------------------
------------------------------------------
| rollout/                |              |
|    ep_len_mean          | 670          |
|    ep_rew_mean          | 41.6         |
| time/                   |              |
|    fps                  | 36           |
|    iterations           | 541          |
|    time_elapsed         | 30522        |
|    total_timesteps      | 1417968      |
| train/                  |              |
|    approx_kl            | 0.0060377526 |
|    clip_fraction        | 0.0677       |
|    clip_range           | 0.2          |
|    entropy_loss         | -11.3        |
|    explained_variance   | 0.653        |
|    learning_rate        | 0.0003       |
|    loss                 | 0.39         |
|    n_updates            | 6910         |
|    policy_gradient_loss | -0.0118      |
|    std                  | 13.2         |
|    value_loss           | 2.04         |
------------------------------------------
-----------------------------------------
| rollout/                |             |
|    ep_len_mean          | 685         |
|    ep_rew_mean          | 42.2        |
| time/                   |             |
|    fps                  | 36          |
|    iterations           | 542         |
|    time_elapsed         | 30578       |
|    total_timesteps      | 1420016     |
| train/                  |             |
|    approx_kl            | 0.009391094 |
|    clip_fraction        | 0.0778      |
|    clip_range           | 0.2         |
|    entropy_loss         | -11.3       |
|    explained_variance   | 0.882       |
|    learning_rate        | 0.0003      |
|    loss                 | 0.607       |
|    n_updates            | 6920        |
|    policy_gradient_loss | -0.013      |
|    std                  | 13.2        |
|    value_loss           | 2.49        |
-----------------------------------------
-----------------------------------------
| rollout/                |             |
|    ep_len_mean          | 695         |
|    ep_rew_mean          | 43          |
| time/                   |             |
|    fps                  | 36          |
|    iterations           | 543         |
|    time_elapsed         | 30635       |
|    total_timesteps      | 1422064     |
| train/                  |             |
|    approx_kl            | 0.008169196 |
|    clip_fraction        | 0.0657      |
|    clip_range           | 0.2         |
|    entropy_loss         | -11.3       |
|    explained_variance   | 0.74        |
|    learning_rate        | 0.0003      |
|    loss                 | 0.587       |
|    n_updates            | 6930        |
|    policy_gradient_loss | -0.0118     |
|    std                  | 13.3        |
|    value_loss           | 2.17        |
-----------------------------------------
-----------------------------------------
| rollout/                |             |
|    ep_len_mean          | 696         |
|    ep_rew_mean          | 42          |
| time/                   |             |
|    fps                  | 36          |
|    iterations           | 544         |
|    time_elapsed         | 30690       |
|    total_timesteps      | 1424112     |
| train/                  |             |
|    approx_kl            | 0.006985014 |
|    clip_fraction        | 0.0821      |
|    clip_range           | 0.2         |
|    entropy_loss         | -11.4       |
|    explained_variance   | 0.932       |
|    learning_rate        | 0.0003      |
|    loss                 | 0.375       |
|    n_updates            | 6940        |
|    policy_gradient_loss | -0.0116     |
|    std                  | 13.3        |
|    value_loss           | 2.47        |
-----------------------------------------
-----------------------------------------
| rollout/                |             |
|    ep_len_mean          | 677         |
|    ep_rew_mean          | 38          |
| time/                   |             |
|    fps                  | 36          |
|    iterations           | 545         |
|    time_elapsed         | 30747       |
|    total_timesteps      | 1426160     |
| train/                  |             |
|    approx_kl            | 0.006853942 |
|    clip_fraction        | 0.075       |
|    clip_range           | 0.2         |
|    entropy_loss         | -11.4       |
|    explained_variance   | 0.788       |
|    learning_rate        | 0.0003      |
|    loss                 | 0.313       |
|    n_updates            | 6950        |
|    policy_gradient_loss | -0.0132     |
|    std                  | 13.3        |
|    value_loss           | 2.27        |
-----------------------------------------
-----------------------------------------
| rollout/                |             |
|    ep_len_mean          | 676         |
|    ep_rew_mean          | 36.9        |
| time/                   |             |
|    fps                  | 36          |
|    iterations           | 546         |
|    time_elapsed         | 30803       |
|    total_timesteps      | 1428208     |
| train/                  |             |
|    approx_kl            | 0.008604029 |
|    clip_fraction        | 0.0614      |
|    clip_range           | 0.2         |
|    entropy_loss         | -11.4       |
|    explained_variance   | 0.888       |
|    learning_rate        | 0.0003      |
|    loss                 | 0.49        |
|    n_updates            | 6960        |
|    policy_gradient_loss | -0.0116     |
|    std                  | 13.6        |
|    value_loss           | 1.59        |
-----------------------------------------
-----------------------------------------
| rollout/                |             |
|    ep_len_mean          | 685         |
|    ep_rew_mean          | 35.7        |
| time/                   |             |
|    fps                  | 36          |
|    iterations           | 547         |
|    time_elapsed         | 30859       |
|    total_timesteps      | 1430256     |
| train/                  |             |
|    approx_kl            | 0.007571668 |
|    clip_fraction        | 0.0746      |
|    clip_range           | 0.2         |
|    entropy_loss         | -11.4       |
|    explained_variance   | 0.375       |
|    learning_rate        | 0.0003      |
|    loss                 | 1.09        |
|    n_updates            | 6970        |
|    policy_gradient_loss | -0.0124     |
|    std                  | 13.6        |
|    value_loss           | 3.05        |
-----------------------------------------
-----------------------------------------
| rollout/                |             |
|    ep_len_mean          | 686         |
|    ep_rew_mean          | 35.7        |
| time/                   |             |
|    fps                  | 36          |
|    iterations           | 548         |
|    time_elapsed         | 30916       |
|    total_timesteps      | 1432304     |
| train/                  |             |
|    approx_kl            | 0.008498087 |
|    clip_fraction        | 0.0834      |
|    clip_range           | 0.2         |
|    entropy_loss         | -11.4       |
|    explained_variance   | 0.837       |
|    learning_rate        | 0.0003      |
|    loss                 | 0.344       |
|    n_updates            | 6980        |
|    policy_gradient_loss | -0.0102     |
|    std                  | 13.7        |
|    value_loss           | 1.46        |
-----------------------------------------
-----------------------------------------
| rollout/                |             |
|    ep_len_mean          | 685         |
|    ep_rew_mean          | 38.7        |
| time/                   |             |
|    fps                  | 36          |
|    iterations           | 549         |
|    time_elapsed         | 30972       |
|    total_timesteps      | 1434352     |
| train/                  |             |
|    approx_kl            | 0.009207128 |
|    clip_fraction        | 0.0887      |
|    clip_range           | 0.2         |
|    entropy_loss         | -11.4       |
|    explained_variance   | 0.92        |
|    learning_rate        | 0.0003      |
|    loss                 | 0.225       |
|    n_updates            | 6990        |
|    policy_gradient_loss | -0.0154     |
|    std                  | 13.6        |
|    value_loss           | 1.26        |
-----------------------------------------
-----------------------------------------
| rollout/                |             |
|    ep_len_mean          | 685         |
|    ep_rew_mean          | 37.2        |
| time/                   |             |
|    fps                  | 36          |
|    iterations           | 550         |
|    time_elapsed         | 31027       |
|    total_timesteps      | 1436400     |
| train/                  |             |
|    approx_kl            | 0.006592176 |
|    clip_fraction        | 0.0626      |
|    clip_range           | 0.2         |
|    entropy_loss         | -11.4       |
|    explained_variance   | 0.306       |
|    learning_rate        | 0.0003      |
|    loss                 | 0.628       |
|    n_updates            | 7000        |
|    policy_gradient_loss | -0.0108     |
|    std                  | 13.7        |
|    value_loss           | 30.7        |
-----------------------------------------
------------------------------------------
| rollout/                |              |
|    ep_len_mean          | 686          |
|    ep_rew_mean          | 37.3         |
| time/                   |              |
|    fps                  | 36           |
|    iterations           | 551          |
|    time_elapsed         | 31083        |
|    total_timesteps      | 1438448      |
| train/                  |              |
|    approx_kl            | 0.0094453255 |
|    clip_fraction        | 0.0912       |
|    clip_range           | 0.2          |
|    entropy_loss         | -11.5        |
|    explained_variance   | 0.664        |
|    learning_rate        | 0.0003       |
|    loss                 | 0.0929       |
|    n_updates            | 7010         |
|    policy_gradient_loss | -0.0135      |
|    std                  | 13.9         |
|    value_loss           | 0.786        |
------------------------------------------
-----------------------------------------
| rollout/                |             |
|    ep_len_mean          | 686         |
|    ep_rew_mean          | 37.3        |
| time/                   |             |
|    fps                  | 36          |
|    iterations           | 552         |
|    time_elapsed         | 31139       |
|    total_timesteps      | 1440496     |
| train/                  |             |
|    approx_kl            | 0.008934775 |
|    clip_fraction        | 0.0771      |
|    clip_range           | 0.2         |
|    entropy_loss         | -11.5       |
|    explained_variance   | 0.793       |
|    learning_rate        | 0.0003      |
|    loss                 | 0.596       |
|    n_updates            | 7020        |
|    policy_gradient_loss | -0.0155     |
|    std                  | 13.9        |
|    value_loss           | 1.8         |
-----------------------------------------
-----------------------------------------
| rollout/                |             |
|    ep_len_mean          | 691         |
|    ep_rew_mean          | 38.8        |
| time/                   |             |
|    fps                  | 36          |
|    iterations           | 553         |
|    time_elapsed         | 31194       |
|    total_timesteps      | 1442544     |
| train/                  |             |
|    approx_kl            | 0.010400658 |
|    clip_fraction        | 0.0949      |
|    clip_range           | 0.2         |
|    entropy_loss         | -11.5       |
|    explained_variance   | 0.658       |
|    learning_rate        | 0.0003      |
|    loss                 | -0.0325     |
|    n_updates            | 7030        |
|    policy_gradient_loss | -0.0127     |
|    std                  | 13.9        |
|    value_loss           | 0.726       |
-----------------------------------------
-----------------------------------------
| rollout/                |             |
|    ep_len_mean          | 686         |
|    ep_rew_mean          | 38.2        |
| time/                   |             |
|    fps                  | 36          |
|    iterations           | 554         |
|    time_elapsed         | 31250       |
|    total_timesteps      | 1444592     |
| train/                  |             |
|    approx_kl            | 0.007085748 |
|    clip_fraction        | 0.0595      |
|    clip_range           | 0.2         |
|    entropy_loss         | -11.5       |
|    explained_variance   | 0.824       |
|    learning_rate        | 0.0003      |
|    loss                 | 0.134       |
|    n_updates            | 7040        |
|    policy_gradient_loss | -0.00857    |
|    std                  | 14.1        |
|    value_loss           | 1.06        |
-----------------------------------------
----------------------------------------
| rollout/                |            |
|    ep_len_mean          | 685        |
|    ep_rew_mean          | 40.4       |
| time/                   |            |
|    fps                  | 36         |
|    iterations           | 555        |
|    time_elapsed         | 31307      |
|    total_timesteps      | 1446640    |
| train/                  |            |
|    approx_kl            | 0.00814304 |
|    clip_fraction        | 0.0761     |
|    clip_range           | 0.2        |
|    entropy_loss         | -11.5      |
|    explained_variance   | 0.847      |
|    learning_rate        | 0.0003     |
|    loss                 | 0.306      |
|    n_updates            | 7050       |
|    policy_gradient_loss | -0.0118    |
|    std                  | 14.1       |
|    value_loss           | 1.52       |
----------------------------------------
------------------------------------------
| rollout/                |              |
|    ep_len_mean          | 676          |
|    ep_rew_mean          | 39.8         |
| time/                   |              |
|    fps                  | 36           |
|    iterations           | 556          |
|    time_elapsed         | 31362        |
|    total_timesteps      | 1448688      |
| train/                  |              |
|    approx_kl            | 0.0063691996 |
|    clip_fraction        | 0.0656       |
|    clip_range           | 0.2          |
|    entropy_loss         | -11.5        |
|    explained_variance   | 0.29         |
|    learning_rate        | 0.0003       |
|    loss                 | 0.106        |
|    n_updates            | 7060         |
|    policy_gradient_loss | -0.0113      |
|    std                  | 14.1         |
|    value_loss           | 30.2         |
------------------------------------------
------------------------------------------
| rollout/                |              |
|    ep_len_mean          | 694          |
|    ep_rew_mean          | 39.8         |
| time/                   |              |
|    fps                  | 36           |
|    iterations           | 557          |
|    time_elapsed         | 31419        |
|    total_timesteps      | 1450736      |
| train/                  |              |
|    approx_kl            | 0.0072489586 |
|    clip_fraction        | 0.0758       |
|    clip_range           | 0.2          |
|    entropy_loss         | -11.5        |
|    explained_variance   | 0.865        |
|    learning_rate        | 0.0003       |
|    loss                 | 0.23         |
|    n_updates            | 7070         |
|    policy_gradient_loss | -0.0131      |
|    std                  | 13.9         |
|    value_loss           | 1.47         |
------------------------------------------
-----------------------------------------
| rollout/                |             |
|    ep_len_mean          | 696         |
|    ep_rew_mean          | 40.2        |
| time/                   |             |
|    fps                  | 36          |
|    iterations           | 558         |
|    time_elapsed         | 31474       |
|    total_timesteps      | 1452784     |
| train/                  |             |
|    approx_kl            | 0.008742444 |
|    clip_fraction        | 0.0744      |
|    clip_range           | 0.2         |
|    entropy_loss         | -11.5       |
|    explained_variance   | 0.88        |
|    learning_rate        | 0.0003      |
|    loss                 | 0.247       |
|    n_updates            | 7080        |
|    policy_gradient_loss | -0.0113     |
|    std                  | 14          |
|    value_loss           | 2.19        |
-----------------------------------------
------------------------------------------
| rollout/                |              |
|    ep_len_mean          | 702          |
|    ep_rew_mean          | 38.2         |
| time/                   |              |
|    fps                  | 36           |
|    iterations           | 559          |
|    time_elapsed         | 31531        |
|    total_timesteps      | 1454832      |
| train/                  |              |
|    approx_kl            | 0.0066253403 |
|    clip_fraction        | 0.058        |
|    clip_range           | 0.2          |
|    entropy_loss         | -11.5        |
|    explained_variance   | 0.915        |
|    learning_rate        | 0.0003       |
|    loss                 | 0.158        |
|    n_updates            | 7090         |
|    policy_gradient_loss | -0.0122      |
|    std                  | 14           |
|    value_loss           | 1.28         |
------------------------------------------
-----------------------------------------
| rollout/                |             |
|    ep_len_mean          | 706         |
|    ep_rew_mean          | 38.4        |
| time/                   |             |
|    fps                  | 36          |
|    iterations           | 560         |
|    time_elapsed         | 31587       |
|    total_timesteps      | 1456880     |
| train/                  |             |
|    approx_kl            | 0.006791668 |
|    clip_fraction        | 0.0583      |
|    clip_range           | 0.2         |
|    entropy_loss         | -11.5       |
|    explained_variance   | 0.927       |
|    learning_rate        | 0.0003      |
|    loss                 | 0.116       |
|    n_updates            | 7100        |
|    policy_gradient_loss | -0.00706    |
|    std                  | 14.1        |
|    value_loss           | 1.47        |
-----------------------------------------

[train_ppo] interrupted -> saving current policy to runs/ppo_v3_floors/checkpoints/ppo_drone_interrupted.zip
[train_ppo] saved model to runs/ppo_v3_floors/checkpoints/ppo_drone_interrupted.zip
  68% ━━━━━━━━━━━━━━        1,147,764/1,690,000  [ 8:46:53 < 4:25:36 , 34 it/s ]

[train.sh] cleanup...
